external,year,test_1,dropout,outside_interaction,first_sessions
0,3,1,1,0.49374713303552,33
0,3,5,0,0.9618582242538603,148
1,1,1,0,1.188603893756857,94
1,1,1,0,1.4355862568167705,12
1,1,1,0,1.6499432459287842,7
0,3,5,0,0.6233782564898915,154
1,2,1,0,1.1584271847146277,34
1,2,5,0,0.2592622469087431,94
1,3,3,0,1.1058915068362716,148
1,2,1,1,0.5185244938174862,66
1,1,5,0,0.4413202516993173,98
1,1,5,0,1.2293282900951517,111
1,3,5,0,0.9852631942496766,84
1,2,5,0,0.35849906823657846,101
1,2,5,0,0.5239238420777494,63
0,2,2,0,1.2031148494270503,15
1,1,5,0,0.5357351236178111,89
0,3,4,1,1.4479749372077535,36
1,1,5,0,0.4502142660249405,88
0,2,2,0,1.4767792554638333,18
0,1,2,0,1.7823828400554407,29
1,2,5,0,0.3492825613851663,61
1,3,3,0,1.515163783438611,102
1,3,2,0,0.21965143793079475,39
0,1,2,0,1.081691544905227,20
1,1,5,0,0.653554965532121,20
0,2,5,0,0.6554998103417466,120
1,2,2,0,1.911905166967659,24
1,1,2,0,0.21785165517737368,146
1,1,5,0,0.6241481216244537,54
1,2,5,0,0.24687356651776,104
1,1,2,0,1.5375227522747374,38
1,1,1,0,1.22662861596502,91
0,3,5,0,0.3350940982407621,7
0,3,1,0,0.2764728767090679,8
1,2,2,0,0.661980377548976,61
0,3,4,0,0.8329132961925636,162
0,3,1,1,1.1058915068362716,21
0,3,5,0,0.4900025054724733,70
0,3,3,0,0.44671959995958055,102
0,3,2,0,2.3269031814567214,13
0,1,3,0,2.2143738912605215,121
0,3,1,0,1.2995432000826006,15
0,3,5,0,1.1762152133658739,134
1,1,5,0,0.29781306663972035,123
1,3,1,0,0.6239556553408132,88
1,3,1,1,0.5185244938174862,55
0,2,1,0,1.8345921283073365,26
0,2,2,0,1.2974209248033906,115
1,3,3,0,0.17644106344600424,106
1,1,1,1,0.7998193199358958,24
0,2,1,0,0.29098383237926106,14
1,1,2,0,1.0355678003066693,106
1,1,2,0,0.17644106344600424,115
0,1,1,0,1.588982156033573,112
0,3,1,1,0.7777867407262293,23
1,3,1,0,0.5736510492838205,161
1,3,5,0,0.0,87
1,1,2,0,1.3624540796148832,34
1,2,1,0,0.7176843318662318,95
0,3,1,0,0.3098168144634224,97
0,1,4,0,1.622826016783301,128
0,2,5,0,0.13513926825678818,9
1,3,1,0,1.2059233200993353,102
0,3,5,0,0.29098383237926106,18
0,3,4,1,0.48251325034638004,61
0,3,4,0,1.0727975305796038,124
1,3,2,0,0.3999096599679479,89
1,3,1,0,0.8060136601313874,87
0,3,1,0,0.29098383237926106,15
1,2,5,0,0.3962375634330035,98
1,1,5,0,1.1294052733742412,113
1,2,1,0,1.3056287437359388,76
1,2,1,1,0.9294504433902673,42
1,3,4,0,0.17924953411828923,7
1,2,2,0,0.7523231845511882,75
0,3,5,0,0.44401992582944894,10
0,3,4,1,0.6121443738007516,44
0,3,1,0,0.34679658323867024,20
1,2,5,0,1.4588824302704333,138
0,3,5,0,0.13513926825678818,19
1,3,4,0,0.2261682706520753,14
0,3,1,0,0.7679889379232245,69
1,2,5,0,0.24687356651776,92
1,3,5,0,0.44682839650173395,50
0,2,2,0,1.3507515946169748,20
1,3,4,0,0.7853083642657026,51
1,2,2,0,0.12963112345437156,95
0,3,3,0,1.2327141596183582,142
1,1,4,0,0.4633103715089937,62
1,2,2,0,0.08822053172300212,83
1,1,4,0,0.3708877486275616,86
0,2,2,0,1.9442041512890984,28
1,2,4,0,1.09757489136157,150
0,2,1,0,0.2764728767090679,5
1,2,4,0,0.9355359870436055,144
0,2,5,0,0.21165731498188212,14
1,1,3,0,0.3971011892956629,96
1,2,4,0,0.8708292218585731,88
1,3,1,0,0.7853083642657026,79
1,3,5,0,0.5860397296748037,164
1,3,5,0,0.32058314257056897,9
1,3,2,0,0.06481556172718578,70
0,3,2,0,1.766968095907866,8
0,3,2,0,0.8080784401965513,53
0,3,1,0,0.8859175763796878,162
0,2,1,0,1.3787609209378262,39
1,1,5,0,0.932150117520399,71
0,3,1,0,1.765172210255116,20
1,3,2,0,0.4295089701592558,172
1,1,2,0,0.4350171149616724,76
1,1,2,0,0.21785165517737368,87
1,3,3,1,0.49374713303552,70
1,1,4,0,0.19444668518155733,58
1,3,5,0,0.2736644060367829,188
0,3,1,0,0.244065095845475,14
1,3,5,0,1.026673785981046,166
0,1,2,0,1.5877185617895766,15
1,3,4,0,0.40891247083572446,99
0,2,2,0,1.7120591335258382,24
0,1,2,0,2.0007030975415825,31
1,2,5,0,0.6356581403387213,108
0,2,5,0,0.44401992582944894,8
0,1,2,0,1.9201129859002073,23
0,3,1,0,0.21165731498188212,25
1,2,1,0,1.4354774602746172,105
1,2,2,0,1.5947078939202965,8
0,3,5,0,0.35579939410644684,20
1,3,2,1,0.6233782564898915,20
0,3,2,0,0.0,104
0,3,5,0,0.25576758084338314,12
0,3,5,0,0.6907846958050556,67
1,3,1,0,0.3233916132428539,19
1,1,1,0,1.0645897116470555,37
1,1,3,0,1.0672893857771872,146
0,1,2,0,0.9762603833819,141
1,2,2,0,0.6673584961092441,100
0,2,1,1,0.3528821268920085,24
1,3,3,0,0.9231473066526223,98
1,1,2,0,0.8679119546441347,129
1,3,5,0,1.0086681642454929,84
1,2,2,0,0.27027853651357636,103
0,1,1,0,1.3622364865305763,69
1,3,2,0,0.0,145
1,3,2,0,0.5221240593243284,113
0,3,1,0,1.9829150688903363,14
1,3,2,0,0.3915930444932463,112
0,1,4,0,0.979068854054185,59
0,1,1,0,1.156196112893264,160
0,1,1,0,0.98187732472647,135
0,2,5,0,0.3088806575726608,16
1,1,4,0,0.42009999702420314,105
1,3,1,0,0.5377273726548726,14
0,3,5,0,0.3999096599679479,8
1,3,3,0,1.0789918707750954,99
0,2,5,0,0.44401992582944894,9
0,2,5,0,1.4471799452725251,136
1,3,5,0,0.13513926825678818,5
1,3,5,0,0.7707974085955094,71
0,2,5,0,1.265121940481951,143
1,1,1,1,0.2592622469087431,21
1,3,4,0,1.2293282900951517,113
1,3,5,0,1.3064237356711672,57
0,3,5,0,0.367501879104355,15
1,1,1,0,0.6590631103345377,46
1,1,4,0,1.1407813687456891,67
1,1,3,0,0.06481556172718578,93
1,1,3,0,0.3350940982407621,91
0,2,5,0,0.9735607092517684,128
1,3,5,0,1.9117963704255057,99
0,3,4,0,0.612289435856956,79
0,3,5,0,0.27027853651357636,18
0,3,2,0,0.8232242899317121,141
1,2,1,0,0.600285688033254,118
0,3,2,0,0.42009999702420314,174
0,3,5,0,0.367501879104355,15
1,2,5,0,0.9673663690562768,118
1,2,4,0,1.1231021366365963,143
1,3,4,0,0.7059818468683237,96
0,3,1,0,1.0500787559768623,168
1,3,3,0,0.3350940982407621,114
0,1,5,0,1.5561057728612122,131
0,3,4,0,0.21165731498188212,18
1,2,4,0,0.3999096599679479,19
0,3,1,0,0.25576758084338314,15
1,1,1,0,1.2230251533575067,24
0,3,5,0,0.5887394038049352,118
1,3,1,0,1.22101167462045,176
1,3,5,0,0.859126736860665,46
0,1,2,0,1.387186332954681,14
0,2,5,0,1.0086681642454929,96
0,2,2,0,1.7407546552397646,90
1,2,2,0,0.4413202516993173,100
1,3,3,0,0.17644106344600421,86
1,3,5,0,1.5939129019850682,85
1,1,3,0,0.703282172738192,115
0,1,1,0,1.2941438518223374,18
1,3,4,0,0.7004737020659071,160
0,2,5,0,0.244065095845475,14
0,2,2,0,1.0349904014557476,15
1,3,3,0,1.0796780661681702,136
1,2,2,1,0.6233782564898915,18
1,3,1,0,1.4755156612198368,97
1,1,3,1,0.38889337036311467,56
1,3,2,0,0.8762285701188364,167
1,1,4,0,0.19444668518155733,68
0,2,3,0,1.1436986359601278,92
0,3,5,0,0.8970426625266745,148
1,2,3,0,0.6943881584125688,98
1,3,1,0,0.44401992582944894,20
1,3,5,0,1.1707070685634573,74
0,2,2,0,0.8590179403185116,104
0,1,1,0,0.9501557392559521,35
0,3,2,0,1.4147721644089324,107
1,3,5,0,0.6356581403387213,54
1,1,1,0,0.37650468997213155,63
1,3,5,0,0.5998644899519219,171
1,3,5,0,0.9445387979113821,133
0,3,5,0,2.246781672124114,142
1,1,4,0,0.3098168144634224,121
0,3,5,0,0.25857605151566815,16
1,1,1,0,0.2592622469087431,79
1,3,4,0,0.6880850216749239,186
1,1,2,1,0.3641160095811484,20
0,3,3,0,1.4903864226566446,107
1,3,5,0,1.2445254411584197,135
1,3,5,0,0.28817536170697605,7
1,3,5,0,0.7853083642657026,100
1,3,5,0,0.31777467189828396,90
0,3,1,1,0.3060721869003758,48
1,3,3,0,0.7880080383958342,132
1,1,2,0,2.2144826878026747,5
1,3,5,0,0.2943697019024676,126
0,3,2,0,0.5115351616867663,95
0,3,2,0,1.9381186076357602,24
1,3,5,0,1.0969974925106485,122
1,2,1,0,0.5205379725545429,146
1,3,4,0,0.3350940982407621,84
0,3,4,0,0.35299092343416183,9
1,2,5,0,0.5584538982205524,63
0,2,1,0,1.087308486249797,90
1,3,2,0,0.26747006584129135,22
1,3,3,0,1.9793116062828229,66
0,1,1,0,2.1379646410775806,16
0,3,5,0,0.25857605151566815,19
0,2,3,0,0.9732343196253083,165
1,3,3,0,1.623043609867608,113
1,2,2,0,0.353027188948213,88
0,2,1,0,2.162055806466472,17
1,2,1,0,0.31168912824494577,61
1,3,5,0,0.367501879104355,137
0,3,1,0,0.34476806868755755,117
0,3,2,0,1.8119821502467486,32
0,3,4,0,0.35299092343416183,25
1,1,5,0,0.697665231393622,111
1,3,1,0,1.0651671104979772,121
1,3,5,0,0.26477039171115974,19
0,2,4,0,0.12963112345437156,119
1,3,5,0,1.2941438518223374,115
1,1,2,1,0.3641160095811484,61
1,3,5,0,0.49432453188644154,117
0,2,4,1,0.7417754972551232,24
0,3,1,1,0.6701881964815242,25
1,3,3,0,1.5730988095772303,114
1,3,1,0,0.9879628683798082,137
0,3,3,0,0.24687356651776,134
1,2,4,0,0.9356447835857589,89
1,3,2,0,0.25025943604096657,125
1,2,5,0,0.5591400936136274,149
1,1,2,0,1.5327008028653957,19
0,1,2,0,2.1325652928173175,15
0,3,5,0,1.1651989237610407,98
1,3,1,0,1.1299826722251627,80
1,2,5,0,0.7936249797404042,131
0,3,2,0,1.3844866588245495,35
1,2,5,0,0.7969020527214574,162
1,2,3,0,0.34748277863174526,81
0,2,1,0,1.3754838479567728,24
0,3,5,0,0.6545848831509801,159
0,1,1,0,1.3939580720010942,11
0,3,5,0,0.27027853651357636,17
1,3,3,0,0.6278927491875003,72
1,1,2,1,0.5653344338091189,31
1,2,3,0,1.1914123644291421,162
0,3,1,0,0.412298340358931,146
1,1,5,0,0.24687356651776,98
0,1,5,0,1.391367194413116,114
0,3,2,0,2.09734904128144,40
0,3,5,0,0.35299092343416183,19
1,3,4,0,0.5708425786115355,165
0,1,3,0,2.0937455786739267,71
1,1,5,0,1.7319694374562946,56
1,1,2,0,1.2444166446162663,165
0,3,1,0,0.3143888023750774,18
1,3,5,0,0.3999096599679479,18
1,2,5,0,1.2003063787547652,183
0,2,1,0,0.25576758084338314,11
0,3,3,0,1.049969959434709,162
1,3,4,0,0.4080962492005011,132
1,3,5,0,0.22335979997979027,12
0,3,2,0,0.43570331035474735,91
0,2,1,0,1.3727841738266413,24
1,1,3,0,0.5295407834223195,60
0,3,1,0,0.3088806575726608,19
1,2,5,0,0.9149394877200742,66
0,2,4,1,0.6481556172718578,17
1,3,2,1,0.6949655572634905,24
1,1,2,1,0.9294504433902673,36
1,3,1,0,0.34679658323867024,16
1,2,3,0,0.8439295857973969,139
0,3,1,1,1.4947848771993861,20
1,2,1,1,0.6233782564898915,8
1,2,5,0,1.1265968027019562,150
0,3,1,0,1.4596774222056617,7
1,1,3,0,0.42331462996376423,80
0,2,5,0,0.34679658323867024,15
1,3,5,0,0.8797232361841962,143
1,3,5,0,0.9707522385794833,117
0,3,3,0,0.3641160095811484,124
0,3,4,0,0.27027853651357636,14
0,3,4,0,0.34679658323867024,11
0,2,2,0,1.084500015577512,34
0,3,5,0,0.22335979997979027,18
0,1,1,0,1.7731624361033576,31
1,1,5,0,0.4791273808231734,59
1,1,3,0,0.17644106344600424,73
0,2,2,0,1.0437756192392174,31
1,3,2,0,0.6239556553408132,22
1,1,1,0,0.2904688735698316,98
0,3,5,0,0.32058314257056897,9
1,3,1,0,0.9907713390520931,130
1,1,2,0,0.8555232742531517,97
1,3,5,0,1.132104947504373,130
0,2,1,0,1.8917772699528959,26
0,2,1,0,1.1941120385592736,25
0,3,5,0,0.2261682706520753,17
0,3,1,0,0.26477039171115974,11
1,3,3,0,0.5908616790841452,170
0,3,5,0,0.4116121449658561,20
1,3,5,0,0.3088806575726608,9
0,3,1,0,0.6446609512064978,115
0,3,5,0,0.3350940982407621,17
0,3,2,0,0.5608199411115101,100
0,3,4,0,0.7025959773451171,132
1,3,5,0,0.27027853651357636,77
1,3,1,0,1.2473339118307047,171
1,1,2,1,0.12963112345437156,21
0,3,5,0,0.22335979997979027,14
1,2,1,0,0.3060721869003758,78
1,1,1,1,0.3060721869003758,55
0,1,2,0,1.4820698071819431,58
0,2,2,0,1.538100151125659,21
0,2,4,0,0.9294504433902673,97
1,2,4,0,0.6122531703429049,152
1,2,2,0,0.46472522169513364,58
0,3,5,0,0.6411662851411379,134
0,3,4,0,0.35579939410644684,8
0,3,5,0,0.22335979997979027,17
1,3,1,0,1.011476634917778,90
0,3,5,0,1.5994210467874848,147
0,2,5,0,0.5763507234139521,110
1,1,2,1,0.2592622469087431,16
1,1,2,0,1.596721372657353,19
0,3,4,1,0.9762603833819,40
1,1,4,0,0.17644106344600424,105
1,3,4,0,0.6735740660047308,164
0,2,5,0,1.0410759451090859,188
1,2,4,0,0.3350940982407621,82
0,3,2,0,0.9342723927996089,80
1,3,5,0,0.7410893018620481,153
1,2,2,0,0.2826672169045594,86
1,1,2,0,0.7652892637930928,57
0,3,5,0,0.26477039171115974,8
1,2,2,0,0.9886490637728831,90
1,2,3,0,1.3594280158582912,154
0,3,3,0,0.7169981364731569,118
1,1,2,0,0.36188493775978503,60
1,2,5,0,0.9789600575120316,151
1,3,5,0,0.8383126444528268,107
0,3,4,0,0.367501879104355,5
0,2,1,0,1.7444669143894311,25
1,1,4,0,1.0148625044409845,86
0,3,1,0,0.25857605151566815,14
0,1,2,0,0.5997556934097685,134
0,2,2,0,1.4997156231508812,32
1,2,5,0,1.4152407667177005,60
0,2,1,0,1.1707070685634573,163
1,1,2,0,0.19444668518155733,89
0,3,5,0,0.25857605151566815,5
0,2,1,0,1.0253013951948962,108
1,1,1,1,0.12963112345437156,6
1,2,2,0,1.028796061260256,27
1,2,5,0,0.4116121449658561,140
1,1,4,1,0.9294504433902673,47
1,2,5,0,0.06481556172718578,83
0,1,1,0,0.9439613990604605,8
0,2,1,0,1.3769650352850762,28
1,1,1,0,0.4502142660249405,37
0,2,4,0,0.3088806575726608,6
0,2,5,0,1.1665262071050224,82
0,3,4,1,1.1419027503073778,18
1,3,5,0,1.22662861596502,109
1,1,5,0,1.4297517223878937,93
1,3,5,0,1.1824095535613655,100
1,2,2,0,0.5005188720819331,77
1,3,2,0,0.24687356651776,89
1,3,1,0,1.0293734601111777,99
1,1,5,0,0.6673584961092441,166
1,1,1,0,1.0321819307834628,75
1,2,3,0,0.42331462996376423,93
1,2,1,0,0.7590949235976013,117
0,3,4,0,0.35579939410644684,19
1,3,4,0,1.1355996135697328,69
1,3,5,0,0.5825450636094437,88
1,2,3,0,0.0,93
1,1,5,0,0.5970560192796368,112
1,3,4,0,0.5138649390636729,107
1,1,2,0,0.34748277863174526,76
0,3,1,1,0.6949655572634905,62
0,3,2,0,1.7470577919774095,31
1,2,1,0,1.0851862109705868,131
1,1,1,0,0.34568299587832413,62
1,2,1,1,0.49374713303552,13
1,2,4,0,1.5061609725708343,125
1,2,2,0,0.9887578603150365,156
0,1,1,0,1.806474005444332,18
0,3,4,0,0.9450537567208116,101
1,1,5,0,0.5446291379434341,121
0,2,1,0,0.13513926825678818,8
0,3,5,0,0.244065095845475,15
1,3,3,0,1.1031918327061399,130
1,2,4,0,0.3888933703631147,82
0,2,5,0,0.2764728767090679,24
0,2,2,0,1.1996201833616904,33
1,3,4,0,0.9824547235773916,113
1,2,1,0,0.1820580047905742,79
0,2,4,0,0.25576758084338314,12
1,1,2,0,0.5690790613721656,132
0,3,5,0,0.244065095845475,11
0,2,5,0,0.17644106344600424,102
1,3,1,0,1.114894317704048,115
1,1,2,0,0.8467380564696818,131
1,3,3,1,0.38889337036311467,14
1,1,1,1,0.9294504433902673,26
1,3,5,0,0.49713300255872656,107
0,1,2,0,0.9707522385794833,141
0,1,1,0,1.7207355547671548,31
0,1,2,0,1.3119318804735838,163
0,2,4,0,0.19995482998397396,17
1,2,1,1,0.9294504433902673,16
1,2,4,0,1.014285105590063,71
1,1,4,0,0.27027853651357636,82
1,3,5,0,0.9349585881926841,100
1,1,5,0,1.1093861729016314,146
1,1,2,1,0.0,9
1,3,5,0,0.7356899536017849,106
1,3,4,0,1.1769014087589489,111
1,2,5,0,0.07651804672509395,75
1,2,1,0,2.0972402447392864,18
0,2,5,0,0.28817536170697605,11
1,1,4,1,0.5405570730271527,34
1,1,5,0,0.897620061377596,138
1,1,4,0,0.4238446245872498,52
1,1,2,1,0.3641160095811484,24
0,1,5,0,0.3060721869003758,142
0,2,1,0,0.22335979997979027,11
0,3,1,0,0.34679658323867024,15
1,1,1,0,1.735572900063808,41
0,1,1,0,1.3967665426733793,21
1,2,4,0,0.3143888023750774,10
0,3,1,0,1.4023834840179492,32
1,1,5,0,0.06481556172718578,102
1,1,5,0,0.6517551827786999,45
0,3,1,1,0.7530093799442631,31
0,1,3,0,1.3441220682528698,102
1,3,1,0,1.2500335859608362,122
1,3,2,1,0.3528821268920085,67
1,3,1,0,0.8942341918543895,114
1,3,5,0,0.3888933703631147,36
0,2,1,0,0.658485711483616,41
0,3,2,0,2.035124357142232,104
1,1,1,0,2.167672747811042,27
1,2,1,0,0.31807593472407786,142
1,1,2,0,1.5669044693817387,123
1,2,5,0,0.7204928025385169,120
0,3,5,0,0.6590993758485887,42
1,1,5,0,0.8701430264654981,132
1,3,2,0,0.8177161451292955,136
0,2,4,0,0.4116121449658561,16
1,1,5,0,0.35849906823657846,88
1,3,2,0,0.8942341918543895,150
0,2,5,0,0.5763507234139521,134
0,1,2,0,0.8991649378058845,28
0,1,2,0,1.6436401091911392,73
1,3,1,0,0.979068854054185,136
1,2,5,0,0.3233916132428539,20
1,2,5,0,0.8625126063838715,156
1,3,4,0,0.16754704912038104,14
0,2,3,0,1.2353050372063363,141
0,2,4,0,0.9651352972349134,136
1,2,3,0,0.1530360934501879,116
1,3,2,0,0.043210374484790516,121
1,2,2,0,0.27027853651357636,78
1,2,2,0,0.8466292599275285,37
1,3,4,0,1.09969716664078,123
1,3,5,0,0.9617494277117069,95
1,2,4,0,1.0382674744368008,134
1,1,1,1,0.48251325034638004,31
1,3,4,0,1.45527896766292,49
0,2,1,0,0.25857605151566815,17
1,1,1,0,1.9615235776315765,31
1,1,1,1,0.2592622469087431,19
1,1,4,0,1.179709879431234,94
0,3,1,0,0.3350940982407621,18
1,2,3,0,0.6266553294709447,149
1,3,4,0,0.6158890013637982,79
0,3,4,0,1.0672893857771872,123
1,1,3,0,0.7967932561793041,108
0,1,1,0,0.8405437162741902,20
1,3,2,0,1.2410307750930598,107
1,2,2,0,0.8907395257890295,16
1,1,1,1,0.5405570730271527,17
1,3,5,0,0.8383126444528268,128
1,1,1,0,1.8525977500428898,27
1,1,1,0,0.8701430264654981,41
0,3,5,0,1.5000754289174962,125
1,3,4,0,0.6880850216749239,84
1,3,1,0,0.8149076744570105,80
1,3,5,0,1.138876686550786,80
0,2,4,1,1.2602999910726094,36
0,2,4,0,1.4322003872935638,94
1,2,1,0,1.0299508589620991,158
1,3,1,0,0.3962375634330035,150
1,2,1,0,2.032642276096407,37
0,3,1,0,0.741005632120561,99
1,3,2,0,0.12963112345437156,103
1,3,4,0,0.5529457534181358,74
1,3,1,0,0.732195287536425,92
1,2,5,0,0.8122080003268789,158
1,2,4,0,0.3350940982407621,107
1,2,3,0,1.22662861596502,158
0,1,3,0,1.8826656625429659,172
1,2,1,0,0.18844481126970627,53
0,3,5,0,0.48813019169095,100
0,3,1,1,1.2715338737617494,32
1,1,3,0,0.24125662517319002,80
0,1,2,0,1.0667119869262656,30
1,3,3,0,1.0969974925106485,129
1,3,4,0,1.1204024625064648,91
1,3,5,0,0.47372803256291024,128
1,1,2,0,0.42331462996376423,86
1,1,5,0,0.08822053172300212,83
1,3,2,1,0.43570331035474735,41
1,3,5,0,0.5929414949633652,76
0,2,5,0,1.0746848801751832,100
0,3,3,0,1.4084690276712875,118
1,2,4,0,1.0858724063636618,117
1,3,5,0,0.9349585881926841,147
1,1,5,0,0.9149394877200742,73
1,3,5,0,0.811521804933804,107
0,2,4,0,0.7757281545470045,85
1,1,4,0,0.6501690960089145,151
1,3,5,0,0.2160518724239526,31
0,3,5,0,1.117702788376333,149
1,2,3,0,0.6590631103345377,89
0,3,5,0,0.2764728767090679,13
0,3,5,0,0.16754704912038104,17
1,2,2,0,0.1530360934501879,96
0,3,1,1,1.3651537537450147,36
1,1,5,0,1.09757489136157,147
1,3,3,1,0.6233782564898915,19
1,1,2,0,0.35849906823657846,80
1,3,1,0,0.21165731498188212,15
1,3,5,0,0.16754704912038104,5
1,2,3,0,1.0706752553003938,152
0,2,5,0,1.511995506999711,50
1,2,5,0,1.314849147688022,115
0,2,1,0,1.9918090832159594,43
1,3,2,0,0.5294682523942172,139
1,3,4,0,0.8439295857973969,105
0,3,5,0,0.25857605151566815,18
1,1,1,0,0.38063425010245927,98
0,3,5,0,0.1530360934501879,136
1,3,1,0,1.0858724063636618,135
0,1,2,0,2.2090833395424117,11
1,1,2,0,0.7590949235976013,104
0,3,4,0,0.27027853651357636,24
0,1,1,0,1.6410492316031609,20
1,3,5,0,0.5473288120735658,119
1,1,5,0,0.7915027044611942,59
0,2,3,0,1.4560739595981484,154
1,3,5,0,0.4116121449658561,21
1,3,2,0,1.0672893857771872,123
1,3,5,0,0.6735740660047308,56
0,2,1,0,1.3265516326859303,110
0,1,1,0,1.6525341235167623,26
1,3,3,0,0.932150117520399,129
1,3,4,0,1.1590045835655491,113
1,1,5,0,0.6880850216749239,116
1,3,1,0,1.2059233200993353,70
1,1,3,0,1.9310204789628873,146
1,1,5,0,0.0,103
0,1,3,0,0.5674567090883289,76
1,3,4,0,1.0465840899115024,142
0,2,5,0,0.26477039171115974,2
0,1,5,0,1.1238971285718247,137
1,3,5,0,0.4413202516993173,58
1,1,5,0,1.4113862948857259,73
1,3,3,0,1.1327911428974478,117
1,3,2,0,0.9611720288607852,31
1,3,1,0,0.06481556172718578,142
1,1,4,0,0.8653210770561565,116
1,2,4,0,1.156196112893264,112
0,3,4,0,0.37650468997213155,90
1,3,4,0,0.17644106344600424,77
0,3,1,0,0.35299092343416183,9
0,3,1,0,1.7731624361033576,11
1,3,3,0,0.9438526025183072,74
0,3,1,0,0.3088806575726608,13
1,2,4,0,1.057709176058489,67
1,3,3,0,0.23165518575449684,66
0,1,1,0,1.3795559128730543,30
1,2,2,0,1.1377218888489429,28
1,2,1,0,0.2764728767090679,7
1,3,2,0,0.45921707689271707,73
1,3,4,0,1.4030696794110242,139
1,3,5,0,0.7500921127298248,89
1,2,3,0,1.760882552254528,52
1,1,1,0,2.182074906939082,31
0,3,5,0,0.4073263840659389,175
0,2,2,0,1.8945857406251807,24
0,3,5,0,0.367501879104355,13
1,3,2,0,0.2233960654938414,145
1,2,4,0,1.1443848313532028,50
1,1,5,0,0.9403579364529473,26
1,2,4,0,1.1294052733742412,81
0,2,2,0,1.3079686120994556,21
1,2,2,0,1.438285930946902,37
1,1,3,0,1.3223707712274952,132
1,3,5,0,0.6707655953324458,132
0,2,5,0,0.27027853651357636,8
1,2,2,0,1.4725983940053982,82
1,2,2,0,0.7589861270554479,172
1,1,3,1,0.7998193199358958,33
1,1,5,0,1.2638583462379545,39
0,2,2,0,0.9211338279155658,137
1,3,5,0,1.1086999775085566,65
1,2,2,0,0.3098168144634224,38
0,2,5,0,0.3999096599679479,107
1,2,2,0,1.3816781881522644,102
0,3,2,0,1.6794337595779387,32
1,2,5,0,1.8028705428368186,98
1,3,5,0,0.7467062432066182,100
1,2,1,0,1.491181414591873,51
0,3,1,0,0.25576758084338314,14
0,3,3,0,1.2174082120129366,76
0,3,1,0,1.0031600194430763,149
0,2,1,0,0.5529457534181358,165
0,2,5,0,0.7203840059963634,179
1,2,5,0,0.34679658323867024,15
1,3,3,0,0.9438526025183072,129
0,1,2,0,1.4616909009427184,27
1,2,1,0,1.885800522841711,45
1,3,4,0,1.1914123644291421,93
1,2,2,0,0.9528554133860836,150
0,3,5,0,0.32058314257056897,17
0,3,5,0,0.26477039171115974,21
0,2,2,0,1.820876164572372,35
1,3,4,0,0.9121310170477892,103
0,1,4,0,1.2079367988363918,150
0,2,1,0,1.6257432839977395,16
1,2,2,0,0.42009999702420314,103
0,1,2,0,1.5968301691995066,12
1,3,3,0,0.9211338279155658,148
1,2,1,0,1.4320915907514105,33
0,2,4,0,1.511995506999711,43
0,1,2,0,1.7091418663114,28
1,3,3,0,0.0,96
1,3,3,0,1.0824865368404553,121
1,3,4,0,0.5757733245630305,65
1,1,1,0,0.5902842802332237,92
1,2,3,1,0.6233782564898915,84
1,3,2,0,0.37920436410226316,45
0,3,1,0,0.34679658323867024,9
0,3,5,0,0.35299092343416183,22
1,3,2,0,1.1735155392357424,125
0,3,5,0,0.25857605151566815,23
0,2,1,0,2.0730402828082415,88
0,1,1,0,1.7526747333219794,37
1,1,3,0,0.4178064851613476,163
0,1,1,0,1.6174266685230378,19
1,2,3,0,0.17644106344600424,100
0,2,3,0,0.7859945596587776,131
1,3,2,0,0.4116121449658561,83
1,3,4,0,0.5536319488112107,56
0,2,2,0,1.608641450739568,9
1,3,5,0,0.7731271859724161,52
0,2,5,0,0.13513926825678818,20
0,2,1,0,1.614618197850753,19
0,1,2,0,1.1348046216345045,159
1,2,4,0,1.167103605955944,120
0,3,5,0,1.3677446313329928,63
1,1,2,0,0.1530360934501879,169
0,1,5,0,0.7086815209984553,143
1,1,5,0,0.5467514132226442,166
1,2,3,0,0.776991748791001,42
1,1,4,0,0.37650468997213155,83
1,2,4,0,1.011476634917778,137
1,3,3,0,1.0349904014557476,184
0,3,5,0,0.7169981364731569,136
1,2,4,0,0.5258686868873751,84
0,1,2,0,1.0935028264452884,22
1,3,5,0,0.30247262139353365,101
0,2,2,0,1.6436401091911392,30
0,1,5,0,0.8618264109907965,143
1,1,4,0,0.3350940982407621,89
0,2,4,1,0.9762603833819,29
1,2,3,0,0.8501239259928884,129
1,2,5,0,0.658485711483616,89
1,2,5,0,1.1762152133658739,112
0,2,5,0,0.7094765129336836,130
1,3,1,0,0.2764728767090679,7
0,2,5,0,1.2562279261563278,127
1,3,5,0,0.813644080213014,158
0,2,4,0,0.3143888023750774,14
1,2,5,0,1.296843525952469,156
0,1,5,0,0.9528554133860836,186
1,3,5,0,1.391367194413116,153
0,2,4,1,0.7777867407262293,16
0,3,4,0,0.32058314257056897,12
0,3,1,0,2.1882692471345733,48
1,2,2,0,0.6260779306200231,131
0,3,5,0,0.6040303155963006,95
1,3,5,0,0.8294186301272037,66
1,2,5,0,0.7880080383958342,95
1,3,2,0,0.20404812460025054,43
1,1,1,1,0.3060721869003758,17
0,3,4,1,0.7530093799442631,50
1,2,5,0,1.300338192017829,145
0,3,5,0,1.2617360709587444,133
0,1,2,0,1.7119503369836848,32
0,2,5,0,0.9852631942496766,152
0,2,5,0,0.45370893209030044,161
1,3,3,0,0.3350940982407621,73
1,2,1,0,0.47531411933269574,153
1,3,2,0,0.6434960625180445,22
0,2,5,0,0.682468080330354,126
1,2,5,0,0.8473154553206035,94
1,1,4,0,0.06481556172718578,102
1,3,1,0,0.13513926825678818,18
0,3,4,0,0.8178249416714489,117
1,1,5,0,0.5501372827458508,169
1,1,4,1,0.5405570730271527,32
0,3,3,0,1.7580740815822427,25
0,3,5,0,1.5988436479365633,140
1,1,5,0,0.8239104853247871,119
0,3,3,0,0.7998193199358958,147
1,2,5,0,0.690893492347209,131
0,2,4,0,0.25857605151566815,3
1,2,4,0,1.0003515487707912,127
1,2,3,0,0.9556638840583687,140
1,1,5,0,0.5414720002179193,79
1,3,5,0,0.8232242899317121,81
0,3,1,0,0.35299092343416183,17
1,3,3,0,1.2389084998138498,124
1,3,4,0,0.6149528444730366,74
1,3,4,0,1.8525977500428898,134
1,2,4,0,0.5138649390636729,65
1,2,1,0,0.5763507234139521,141
0,1,1,0,1.7974711945765554,23
0,1,1,0,0.9018646119360161,101
0,1,2,0,1.5944903008359899,90
1,1,5,0,1.6021207209176165,130
1,1,4,0,0.6322722708155147,60
0,3,3,0,1.0176709751132695,92
1,2,4,0,1.205596930472875,52
1,3,1,0,0.8032051894591024,95
1,2,3,0,0.9528554133860836,141
1,2,4,0,0.244065095845475,11
0,3,5,0,0.22335979997979027,9
1,2,3,0,0.8763373666609897,77
0,3,4,0,1.1209798613573863,186
0,3,1,0,1.4375997355538273,27
0,3,4,0,0.3233916132428539,14
0,1,2,0,1.9794204028249762,15
1,3,2,0,0.5929414949633652,84
1,3,2,0,0.5708425786115355,183
1,3,5,0,0.6797684062002223,68
0,3,1,0,0.35299092343416183,20
0,3,1,0,0.29098383237926106,11
1,3,2,0,1.0913805511660783,100
1,3,5,0,0.4771139020861168,92
1,3,1,0,0.9349585881926841,126
1,3,5,0,0.8383126444528268,132
1,1,3,0,0.1820580047905742,79
0,3,4,0,0.25857605151566815,22
1,3,4,0,0.37650468997213155,92
1,3,2,0,1.8200811726371435,75
1,2,4,1,0.7998193199358958,9
1,3,1,0,0.6241481216244537,36
0,3,5,0,0.32058314257056897,11
0,2,4,0,0.6813132826285108,125
1,3,1,0,0.1530360934501879,71
0,2,5,0,0.367501879104355,14
1,1,1,0,1.6885453669878685,4
1,2,3,0,1.059081566844639,177
0,3,5,0,1.6441087114999076,49
0,1,5,0,0.8583317449254366,162
0,2,4,0,0.23236261084756682,9
0,2,3,0,1.1879176983637822,117
1,2,5,0,0.6825768768725073,104
1,3,5,0,0.8852313809866129,119
1,2,3,0,2.084851564348303,89
1,1,1,0,1.1887126902990104,29
1,3,1,0,1.5492252372726456,67
1,2,4,0,1.6973305847713385,83
1,3,1,0,1.2410307750930598,96
0,3,4,0,0.441211455157164,191
0,2,1,0,2.085646556283532,4
0,3,1,0,0.35579939410644684,16
1,1,5,0,0.46472522169513364,98
0,3,3,0,1.061203842123849,67
1,1,3,0,0.4798135762162484,82
1,2,1,0,0.8639486862700065,32
0,1,2,0,1.7711489573663006,25
1,3,4,0,1.3265516326859303,116
0,2,2,0,1.0998059631829333,20
0,3,5,0,0.44401992582944894,17
1,1,5,0,0.39090684910017137,22
1,3,5,0,0.35662675445505515,73
1,2,1,0,1.314849147688022,108
0,3,5,0,0.19995482998397396,21
0,2,3,0,0.6088673008196984,91
1,3,3,0,0.48813019169095,167
1,3,1,0,1.2176258050972435,128
0,2,5,0,0.8791458373332748,101
1,3,4,0,0.9824547235773916,98
0,3,2,0,1.0639035162539805,107
1,2,2,0,1.443902872291472,26
1,1,3,0,0.6887712170679989,80
1,1,2,0,0.34748277863174526,98
1,3,4,0,0.3233916132428539,19
0,3,1,1,1.318343813753382,40
1,1,3,1,0.6701881964815242,16
0,2,4,0,0.7169981364731569,74
1,1,4,0,0.6825768768725073,81
1,2,3,0,0.06481556172718578,92
1,3,4,0,0.8790370407911213,125
1,3,1,0,1.638926956323951,19
1,3,3,0,1.8192861807019152,87
0,2,2,0,1.7139638157207415,165
1,1,2,0,1.678856360727017,21
1,2,5,0,0.6942793618704155,108
0,3,5,0,0.19995482998397396,6
0,1,4,0,0.7004737020659071,139
1,3,3,1,0.43570331035474735,55
1,1,1,0,1.1707070685634573,157
0,3,1,0,0.22335979997979027,15
1,2,4,1,0.17644106344600424,20
1,3,3,0,0.1820580047905742,91
1,3,3,0,1.2238201452927349,168
1,1,4,0,1.5799793451657966,106
0,2,2,0,0.5997556934097685,185
1,3,2,0,0.3798905594953381,50
1,3,1,0,0.8377352456019054,77
1,3,4,0,0.612289435856956,95
1,2,5,0,0.3350940982407621,91
1,3,2,0,0.8942341918543895,118
0,3,1,0,0.3026863173771692,15
0,2,3,0,0.9672575725141235,138
1,1,3,0,0.3350940982407621,75
1,1,1,0,0.42744419009409196,90
0,3,1,1,0.8826405033986346,20
0,1,1,0,1.5734251992036903,18
0,2,1,0,0.4502142660249405,180
1,3,5,0,0.6294638001432298,164
1,2,3,0,1.22101167462045,137
1,3,5,0,0.367501879104355,14
1,1,4,0,0.5570753135484635,87
1,3,5,0,0.4116121449658561,12
1,2,1,0,1.181832154710444,148
1,1,3,0,0.06481556172718578,82
1,3,1,1,0.48251325034638004,61
0,1,2,0,1.6519567246658409,110
0,1,1,0,0.8460518610766069,63
1,3,2,0,0.40449668369365893,146
1,3,3,1,0.6121443738007516,50
1,3,4,0,0.899742336656806,88
0,2,3,0,1.752565936779826,70
1,1,1,0,1.7505524580427694,28
1,3,1,0,1.053464625500069,123
1,3,2,1,0.3528821268920085,79
0,3,2,0,1.0349904014557476,21
1,2,1,0,1.766968095907866,15
0,1,3,0,2.110956208474251,95
1,2,1,0,0.5138649390636729,67
0,3,5,0,0.37920436410226316,10
0,2,3,0,1.0158711923598485,63
1,2,1,0,1.1224159412435215,134
1,3,4,0,1.2321367607674365,111
1,2,5,0,0.3842338156093014,95
1,3,5,0,0.35299092343416183,18
0,3,1,0,0.3026863173771692,7
0,1,2,0,1.656246382666429,24
0,2,2,0,1.5831142054645417,7
1,3,2,0,1.0500787559768623,109
1,1,1,0,1.3850640576754711,32
1,3,3,0,0.5929414949633652,146
1,3,2,1,0.7998193199358958,70
1,1,3,0,0.1530360934501879,91
1,2,1,0,0.2904688735698316,50
1,2,1,0,1.4469623521882184,152
0,3,3,0,0.8633712874190851,124
1,1,3,0,0.353027188948213,34
1,1,2,0,0.34748277863174526,70
1,2,3,0,1.7414408506328396,147
1,1,2,0,0.72938681686414,138
0,3,5,0,1.053464625500069,151
0,3,3,0,0.7266871427340084,122
1,1,4,0,0.7853083642657026,147
0,3,2,0,0.6818906814794323,175
1,3,1,1,0.2592622469087431,52
0,1,2,0,0.8265013629127653,34
1,3,5,0,0.5212241679476178,80
1,1,5,0,0.8583317449254366,93
0,3,5,0,0.13513926825678818,20
0,1,1,0,1.70003025890147,112
1,1,1,1,0.43570331035474735,9
0,2,5,0,0.9348497916505305,128
1,3,5,0,1.1969205092315587,74
1,3,3,0,0.1820580047905742,97
1,3,2,0,0.0,102
1,2,4,0,0.4116121449658561,20
0,3,4,0,0.22335979997979027,25
1,3,4,0,0.6260779306200231,110
1,3,1,0,0.12963112345437156,102
1,3,3,0,1.3265516326859303,119
1,3,5,0,0.6763825366770158,131
0,3,5,0,0.3999096599679479,23
1,3,5,0,0.2261682706520753,7
0,1,3,0,1.5960351772642782,134
0,3,5,0,0.3999096599679479,13
0,3,1,1,0.38889337036311467,60
1,1,5,0,0.5143436323590513,68
0,2,4,0,0.7473924385996931,161
1,1,2,0,0.4413202516993173,70
0,3,3,0,0.8880398516588979,78
0,1,1,0,0.5936701497564303,12
1,2,1,0,1.7767658987108708,13
1,3,2,0,1.156196112893264,86
1,2,5,0,0.3619937343019384,79
1,3,5,0,0.3501824527618769,60
1,3,2,0,0.34748277863174526,66
1,1,5,0,0.2904688735698316,122
1,3,4,0,0.9025508073290911,82
0,3,5,0,0.3350940982407621,19
1,2,4,0,0.37650468997213155,62
0,3,4,0,0.5065207459937842,106
1,1,2,0,0.13513926825678818,73
1,1,2,0,0.7094765129336836,146
0,3,5,0,0.21165731498188212,17
1,3,1,0,0.7529005834021097,96
0,2,2,0,0.3942927186233779,184
1,2,5,0,0.9149394877200742,141
0,3,5,0,0.21165731498188212,21
0,2,1,0,1.9712125838924281,11
1,2,1,0,0.3999096599679479,8
1,2,3,1,0.8714066207094947,28
0,2,2,0,1.1962343138384837,26
1,3,4,0,0.9383444577158906,129
0,3,5,0,0.35579939410644684,17
1,3,5,0,1.2734385559566526,93
0,2,5,0,0.34679658323867024,3
1,1,3,0,1.0299508589620991,123
1,3,4,0,1.2176258050972435,129
0,2,4,0,0.19995482998397396,6
1,3,2,0,1.3786521243956729,93
1,2,1,0,0.22335979997979027,16
1,1,1,1,0.5405570730271527,28
1,3,2,0,0.855632070795305,83
0,2,5,0,0.16754704912038104,25
1,1,5,0,0.13233079758450317,81
1,1,1,1,0.3641160095811484,8
0,3,5,0,0.25857605151566815,6
1,3,1,0,0.16754704912038104,8
1,3,4,1,0.0,32
0,2,5,0,0.5681641341813989,128
0,3,2,0,1.6681998768887987,144
1,3,5,0,0.17924953411828923,12
1,2,2,0,0.3350940982407621,112
1,3,5,0,0.6032503594751284,81
0,1,2,0,1.4670902492029816,85
1,3,3,0,0.0,72
1,3,1,0,0.8177161451292955,125
1,2,5,0,0.7908165090681192,130
1,1,2,1,0.38889337036311467,13
0,3,5,0,0.35299092343416183,13
1,3,1,0,0.9969656792475847,138
0,3,5,0,0.29098383237926106,21
0,3,5,0,0.37920436410226316,16
1,3,1,0,0.9852631942496766,112
1,2,5,0,0.35299092343416183,8
0,1,5,0,1.8413638673537496,23
0,3,3,0,0.7115987882128937,120
1,1,3,1,0.49374713303552,44
0,2,2,0,1.3106682862295873,23
1,3,5,0,0.7059818468683237,102
1,3,1,1,0.17644106344600424,32
1,2,1,0,0.8205246158015804,28
0,3,5,0,0.3233916132428539,12
0,2,5,0,0.9052504814592228,123
0,3,5,0,0.25576758084338314,9
1,2,2,0,1.3382541176838385,34
1,3,5,0,0.09722334259077867,46
1,3,5,0,0.9914575344451682,123
0,3,1,0,0.34679658323867024,15
1,2,3,0,1.776548305626564,67
1,3,1,0,0.12137200319371615,26
1,1,5,0,0.1452344367849158,19
1,3,1,0,0.9583635581885004,129
1,2,2,0,0.9025508073290911,185
1,2,3,0,1.0254101917370495,71
0,2,1,0,1.9678267143692216,27
1,3,5,0,0.05881368781533475,119
1,1,1,0,0.3492825613851663,108
1,2,5,0,0.23236261084756682,15
1,1,4,0,1.6437489057332926,93
0,1,2,0,0.7764143499400794,64
0,2,4,1,0.8826405033986346,25
0,1,2,0,1.0879946816428718,114
1,2,3,0,0.7611084023346579,75
1,2,2,0,0.6278927491875003,125
1,1,1,1,0.3641160095811484,16
1,2,1,1,0.7998193199358958,11
1,2,1,0,1.3852816507597778,35
1,3,3,0,1.2472251152885514,97
0,2,5,0,0.17924953411828923,19
1,2,5,0,0.20404812460025054,116
1,1,4,0,0.6554998103417466,47
0,1,5,0,0.940575529537254,106
1,1,3,0,0.4982616257331287,100
1,3,5,0,1.0472702853045774,105
1,2,1,0,0.5819676647585221,148
0,1,1,0,1.3078598155573022,25
1,3,2,0,1.96692292589184,137
0,2,2,0,0.831940873787751,66
0,3,2,0,0.3853987042977547,128
1,2,2,0,2.011828183688569,19
0,2,1,0,0.37920436410226316,15
0,3,1,0,0.776991748791001,103
1,3,1,0,1.0914893477082317,65
1,1,1,0,1.2877319185425389,33
1,1,5,0,0.7121761870638152,157
1,2,4,0,0.24125662517319002,94
1,2,1,0,2.1152458664748393,21
0,2,4,0,0.17924953411828923,11
1,1,3,0,0.0,95
1,3,1,0,0.9679437679071984,118
1,2,2,1,0.3060721869003758,58
0,3,5,0,0.9762603833819,115
0,2,1,0,2.3414141371269146,19
0,1,2,0,0.7260009473409335,34
1,1,4,0,0.48813019169095,54
1,3,4,1,0.43570331035474735,30
1,1,2,0,0.3971011892956629,90
1,1,2,0,0.1820580047905742,102
1,2,2,0,1.0645897116470555,166
1,1,5,0,0.485321721018665,90
1,3,5,0,0.7238786720617234,63
1,3,2,0,1.3466795297006935,35
0,1,1,0,2.2358741790614345,23
1,3,5,0,0.855632070795305,92
0,2,5,0,0.9383444577158906,145
1,1,1,0,0.8790370407911213,85
1,3,3,0,0.7673027425301495,133
1,2,1,0,1.241825767028288,17
1,3,4,0,0.18825234498606577,146
0,3,1,0,1.7878909848578575,143
1,3,5,0,0.367501879104355,3
0,3,5,0,0.25857605151566815,17
1,1,4,0,0.8790370407911213,97
0,3,5,0,0.25857605151566815,13
1,1,4,1,0.3641160095811484,25
0,2,5,0,0.5915478744772202,172
0,2,4,0,0.8859175763796878,156
1,2,2,1,0.43570331035474735,18
1,1,5,0,0.766725343679228,81
1,1,5,0,0.1452344367849158,40
1,3,5,0,2.0613377978103333,18
1,2,3,0,0.9087451475245826,116
1,3,2,0,0.35849906823657846,86
1,1,4,0,0.9059366768522976,98
0,3,5,0,0.6784473167421797,84
1,2,3,0,0.16458237767850667,140
0,3,5,0,0.17924953411828923,6
0,3,3,0,1.0314745056903927,120
0,2,4,0,0.8177161451292955,129
0,1,1,0,1.7090330697692466,14
1,3,1,0,1.1382992876998645,122
0,3,1,0,0.600285688033254,72
1,2,5,0,0.614375445622115,128
1,2,4,0,1.334650655076325,83
0,3,1,0,0.3026863173771692,20
1,3,3,0,0.1820580047905742,97
1,3,1,0,0.5295407834223195,60
0,2,3,0,0.8320095077151819,113
0,2,2,0,0.5411344718780743,151
0,3,5,0,0.5943563451495052,153
1,3,2,0,0.6149528444730366,140
1,2,1,0,0.7266871427340084,78
1,1,4,0,0.08822053172300212,73
0,2,2,0,0.8963564671335995,21
0,3,5,0,0.27027853651357636,7
0,3,5,0,1.0727975305796038,84
0,3,4,0,0.6411662851411379,100
0,3,2,0,0.9086363509824292,159
0,3,3,0,1.140998961829996,120
1,3,2,1,0.8466292599275285,31
0,2,2,0,0.2904688735698316,162
1,1,1,1,0.17644106344600424,15
1,1,2,0,1.5292061368000358,122
1,3,5,0,0.6969790360005471,154
1,1,1,0,0.8294186301272037,129
1,2,3,0,1.7213129536180765,132
0,1,2,0,0.8790370407911213,86
1,1,2,0,1.530001128735264,30
0,3,3,0,0.27027853651357636,125
1,2,1,1,0.43570331035474735,16
0,3,5,0,0.9528554133860836,145
1,3,4,0,1.3402675964208952,30
1,2,1,1,0.3528821268920085,67
0,3,1,0,0.3708877486275616,141
1,1,1,1,0.7530093799442631,14
1,1,2,1,0.6701881964815242,34
1,1,2,0,0.9850456011653699,104
1,1,2,0,0.12963112345437156,81
1,1,2,1,0.43570331035474735,11
1,3,5,0,0.8149076744570105,109
1,1,2,1,0.17644106344600424,56
1,3,5,0,1.1555099175001893,142
1,3,4,0,0.9500469427137987,127
0,2,3,0,1.1824095535613655,172
1,1,1,1,0.5405570730271527,14
1,3,5,0,0.7086815209984553,145
0,1,2,0,0.6644624585948009,140
1,1,2,0,0.3350940982407621,68
1,2,4,0,1.009354359638568,147
1,1,4,0,1.2824413668244292,67
0,2,5,0,0.32058314257056897,8
1,3,2,0,1.100383362033855,99
1,3,4,0,1.1058915068362716,104
1,3,3,0,0.5529457534181358,165
0,2,5,0,0.8862400689054768,115
1,1,2,1,0.49374713303552,11
1,1,3,1,0.7530093799442631,72
1,1,4,0,0.3962375634330035,50
0,3,4,0,0.3233916132428539,16
1,1,4,1,0.9294504433902673,23
1,3,3,0,0.08642074896958103,146
0,1,1,0,1.4493022205517352,26
1,2,5,0,0.8294186301272037,145
1,2,2,0,0.1530360934501879,103
0,1,2,0,1.7706803550575325,30
0,2,2,0,1.1121946435739165,30
1,3,5,0,0.44401992582944894,20
1,3,1,1,0.7530093799442631,42
1,1,1,0,1.0672893857771872,95
1,3,3,0,0.4771139020861168,91
1,3,3,0,0.6590631103345377,131
0,1,1,0,1.026673785981046,19
0,3,5,0,0.367501879104355,10
1,2,5,0,0.9411529283881755,123
1,3,3,0,1.83470092484949,60
0,2,1,0,2.0387278197497456,5
1,2,1,0,0.25576758084338314,75
1,1,2,0,0.2826672169045594,99
0,2,1,0,1.8235758387025034,29
1,1,4,0,0.8936567930034679,42
0,3,3,0,0.6287776047501548,171
1,3,5,0,0.9176391618502058,87
1,3,1,0,0.6081811054266235,98
0,2,2,0,1.267930411154236,34
1,1,2,0,0.8935479964613146,16
1,2,3,0,0.5143436323590513,47
1,3,4,0,0.853509795516095,154
1,3,4,0,0.1176273756306695,107
0,1,2,0,1.4141947655580107,7
0,3,5,0,0.4116121449658561,22
1,3,2,0,1.4796965226782715,16
0,3,5,0,0.367501879104355,14
1,3,1,1,0.6233782564898915,40
0,3,4,0,0.6053726347543384,109
1,2,4,1,1.2355226302906432,18
1,3,1,0,0.859126736860665,169
1,1,1,0,1.749757466107541,22
0,3,5,0,0.2261682706520753,16
0,3,5,0,0.33367924805462207,44
0,1,1,0,1.7678718843852474,34
1,3,3,0,0.6969790360005471,146
1,3,5,0,0.9976518746406596,120
0,3,5,0,0.13513926825678818,10
1,1,4,0,0.24687356651776,89
0,1,2,0,1.2355226302906432,152
1,1,3,0,0.5138649390636729,88
0,1,2,0,0.7473924385996931,141
1,3,2,0,0.3322856275684771,128
1,1,4,0,1.6257432839977395,178
1,3,5,0,0.7143134981570815,114
1,1,1,0,0.16458237767850667,74
1,2,2,0,0.4633103715089937,140
1,2,5,0,0.4116121449658561,16
1,3,5,0,0.6969790360005471,67
1,3,1,0,0.25857605151566815,12
1,2,1,1,0.5653344338091189,27
0,3,2,0,1.585018887659445,187
1,3,2,0,1.0141763090479095,41
1,2,3,0,1.0211656411786294,133
0,1,4,0,0.7203840059963634,158
1,3,5,0,0.35299092343416183,24
1,2,5,0,0.8968250694423677,104
1,3,1,0,0.9142532923269993,113
1,3,1,0,0.4413202516993173,64
1,3,1,0,1.1327911428974478,78
1,3,4,0,0.3999096599679479,8
0,3,1,0,2.0028253728207925,47
1,2,4,0,0.7455201248181699,87
0,2,5,0,0.22335979997979027,18
1,3,3,1,0.38889337036311467,25
1,2,1,0,0.37650468997213155,89
1,1,2,0,0.34748277863174526,76
0,3,4,0,0.3233916132428539,6
0,1,5,0,0.7383896277319166,111
0,3,2,0,1.181832154710444,21
0,3,5,0,0.13513926825678818,15
0,3,1,0,0.3143888023750774,18
0,1,2,0,0.8949203872474645,88
0,2,5,0,1.9587151069592916,37
0,2,4,0,0.17924953411828923,10
1,3,5,0,0.30247262139353365,90
1,1,2,0,1.3079686120994556,19
0,2,2,0,1.7642684217777342,23
0,1,2,0,1.8918860664950492,25
0,3,5,0,0.32058314257056897,20
1,1,5,0,0.3350940982407621,81
0,1,2,0,1.5713029239244802,20
1,3,5,0,0.7881168349379877,49
1,2,4,0,0.7880080383958342,143
1,2,5,0,1.0623586398256921,170
0,3,1,1,0.7417754972551232,47
1,3,2,0,1.1299826722251627,100
0,3,5,0,0.19995482998397396,8
1,3,4,0,0.6970878325427006,106
0,2,2,0,1.7228578300463648,30
1,1,1,0,0.5826538601515971,150
0,3,2,0,0.6301499955363047,107
1,1,5,0,0.8701430264654981,78
1,3,1,0,0.4798135762162484,46
1,1,1,0,1.463704379679775,27
1,1,3,0,0.08822053172300212,115
0,3,5,0,0.34679658323867024,13
0,3,3,0,0.9528554133860836,105
0,1,1,0,1.8559836195660964,33
1,2,1,0,1.1327911428974478,78
0,2,1,0,1.4789015307430433,9
1,3,5,0,1.2941438518223374,134
1,1,2,0,0.2666064399786319,41
0,1,1,0,1.6878591715947937,16
1,3,1,0,1.3781835220869045,183
1,2,1,0,0.811521804933804,119
1,2,1,0,0.0,73
1,2,1,0,1.4651855670080784,20
1,3,4,0,0.2160518724239526,124
1,3,4,0,0.29781306663972035,99
1,3,4,1,0.43570331035474735,33
1,1,3,1,0.8714066207094947,30
0,3,1,0,0.34679658323867024,7
1,3,4,0,0.3648858747157105,45
0,3,5,0,1.0410759451090859,88
1,3,5,0,1.1120858470317632,148
1,3,3,0,1.0879946816428718,74
0,1,1,0,1.5858138795946732,36
1,1,2,0,1.5789333440061069,19
1,2,4,0,0.8577543460745151,97
0,2,1,1,0.7417754972551232,22
1,2,5,0,0.5881620049540137,106
0,3,1,0,0.27027853651357636,3
0,3,5,0,0.35299092343416183,10
1,3,4,0,0.2233960654938414,64
1,3,2,0,0.3686305022787572,24
1,3,5,0,0.40610400016343945,90
1,3,1,0,0.25576758084338314,2
1,2,3,1,0.38889337036311467,48
1,3,4,0,0.1820580047905742,94
0,2,5,0,0.8122080003268789,100
1,1,4,0,0.9293416468481139,128
1,1,2,0,0.1530360934501879,67
1,1,1,0,0.1530360934501879,83
1,1,1,1,0.2592622469087431,76
0,1,3,0,0.21785165517737368,159
1,2,5,0,1.5932267065919932,44
1,2,5,0,0.0,105
1,1,5,0,0.8295274266693571,65
1,1,5,0,0.46541141708820866,3
0,2,2,0,1.011476634917778,28
0,3,5,0,1.356150942877238,158
1,3,5,0,0.3026863173771692,8
1,3,2,0,1.0852950075127403,191
0,2,5,0,0.29098383237926106,9
0,1,2,0,1.6883277739035618,3
1,2,1,1,0.12963112345437156,12
1,1,2,1,0.3641160095811484,18
1,2,1,0,1.1969205092315587,84
1,2,2,1,0.48251325034638004,18
1,3,3,1,0.49374713303552,73
1,3,5,0,0.46742489582526525,43
0,3,5,0,0.7097990054594726,85
0,3,5,0,0.13513926825678818,16
1,3,1,0,0.9348497916505305,9
1,2,2,0,0.0,97
1,3,5,0,0.761794597727733,98
1,1,5,0,0.6211471846685281,107
0,3,5,0,0.3088806575726608,3
1,1,5,0,0.9735607092517684,100
1,2,5,0,0.9148306911779208,161
1,2,4,0,0.9432752036673855,161
1,1,4,0,1.144493627895356,99
0,1,1,0,0.9935798097243782,12
1,1,5,0,1.250610984811758,126
1,1,5,0,0.43512591150382574,109
0,2,2,0,0.9115536181968676,169
1,3,2,1,0.6949655572634905,67
1,3,5,0,0.235254751261339,71
0,1,1,0,1.782165246971134,5
1,3,2,0,0.16754704912038104,133
0,3,4,0,1.5678082578591204,139
1,2,5,0,0.5267323127500345,139
1,1,1,0,1.6208125380462444,36
1,3,3,0,0.3254201277939667,100
1,2,2,0,0.6969790360005471,87
1,1,5,0,0.33367924805462207,128
0,3,4,0,0.23236261084756682,11
1,1,4,0,1.0141763090479095,86
0,3,5,0,0.32058314257056897,19
0,3,5,0,0.23236261084756682,17
1,1,5,0,0.2942135011328782,58
1,1,3,1,0.43570331035474735,46
1,3,5,0,1.0651671104979772,109
0,3,5,0,0.34679658323867024,19
1,3,5,0,0.600285688033254,96
1,1,3,0,0.3492825613851663,81
0,3,5,0,0.3060721869003758,139
0,2,1,0,1.0286872647181027,32
1,2,3,1,0.49374713303552,21
0,3,4,0,0.6935931664773405,117
1,1,2,1,0.38889337036311467,13
1,3,1,0,0.7853083642657026,140
1,1,2,0,1.5706167285314052,21
0,2,2,0,1.8498980759127581,19
1,2,1,0,0.16458237767850667,48
1,2,5,0,0.5501372827458508,141
1,3,3,0,1.0796780661681702,149
0,2,5,0,0.6349719449456463,137
1,2,4,0,0.779800219463286,165
1,1,4,0,0.33367924805462207,21
1,2,2,0,0.12963112345437156,82
1,3,2,0,0.5357351236178111,124
1,3,3,0,0.2784651257461295,76
1,2,2,0,0.6211471846685281,74
0,3,1,0,0.42331462996376423,140
0,1,2,0,0.3999096599679479,174
1,2,4,0,0.930027842241189,38
1,3,4,1,0.3528821268920085,78
0,3,5,0,0.37920436410226316,7
1,3,1,1,0.43570331035474735,26
1,3,4,0,0.1820580047905742,84
1,3,2,0,0.32167550023092,37
0,1,2,0,1.5031014926740878,14
0,1,2,0,1.0170935762623479,91
1,3,2,0,1.1265968027019562,160
1,1,5,0,0.44770705817844947,85
0,2,5,0,0.8646348816630816,135
1,3,2,0,0.9121310170477892,128
1,3,5,0,0.8887260470519729,111
0,2,1,1,1.2602999910726094,40
1,1,5,0,0.21965143793079475,22
1,2,1,0,0.9057190837679909,157
0,2,1,0,1.856201212650403,16
0,3,1,0,0.4116121449658561,6
0,1,5,0,0.8178249416714489,108
0,2,5,0,1.2176258050972435,126
1,3,5,0,1.2382223044207747,169
1,3,1,0,0.2666064399786319,94
0,2,2,0,1.8125595490976703,16
1,3,5,0,0.36188493775978503,74
1,3,1,0,1.6588372602544075,22
0,1,2,0,2.1096289251302696,38
0,1,2,0,1.5994210467874848,27
1,2,5,0,1.0472702853045774,182
1,3,5,0,0.899742336656806,127
1,1,1,0,0.3254201277939667,108
1,3,4,0,0.7853083642657026,86
1,3,5,0,1.0410759451090859,103
1,3,5,0,0.5825450636094437,111
0,1,4,0,0.8171387462783739,162
1,3,1,0,0.614375445622115,18
1,3,5,0,0.9121310170477892,126
1,2,1,1,0.6949655572634905,54
1,3,4,0,0.3088806575726608,18
1,2,5,0,0.4826583124025845,45
0,2,5,0,0.5970560192796368,134
0,3,2,0,1.2197480803764535,16
0,3,4,0,0.244065095845475,16
1,2,5,0,1.1031918327061399,117
1,3,4,0,0.8880398516588979,137
1,3,4,0,1.0417621405021606,132
1,3,1,0,0.9700660431864085,85
1,1,1,0,0.565334433809119,64
0,2,1,0,1.7319694374562946,38
1,3,3,0,1.0445706111744457,117
0,2,2,0,0.8907395257890295,8
0,3,1,0,1.3058463368202455,25
1,2,5,0,0.8293098335850503,136
0,1,1,0,1.261627274416591,24
0,1,1,0,2.006102445801846,14
1,3,1,0,1.161486664611374,59
1,1,3,0,0.6915796877402839,112
1,3,4,0,1.341171384898277,79
0,3,5,0,0.18844481126970627,145
0,3,1,1,0.6949655572634905,3
1,3,4,0,1.0851862109705868,169
1,3,1,1,0.9294504433902673,24
0,3,1,0,0.34679658323867024,6
1,1,4,0,0.20404812460025054,105
1,2,2,1,0.5653344338091189,78
1,1,5,0,0.565334433809119,140
0,1,2,0,1.4167856431459889,32
1,1,5,0,1.1500017726977725,115
1,3,2,1,0.8466292599275285,66
0,2,4,0,0.8695656276145766,51
0,1,3,0,1.284923447870254,115
1,2,1,1,0.43570331035474735,16
1,3,1,0,1.188603893756857,93
1,3,1,0,0.8501239259928884,106
1,1,3,0,1.1209798613573863,130
0,3,5,0,0.22335979997979027,12
1,2,2,0,0.21785165517737368,79
1,2,4,0,0.3033725127702442,82
0,2,5,0,0.2261682706520753,21
1,3,5,0,1.5518161148606238,100
0,3,2,0,0.9853719907918299,89
1,1,2,0,0.06481556172718578,83
1,2,1,0,0.244065095845475,19
1,3,5,0,0.3143888023750774,15
1,1,1,1,0.49374713303552,14
1,2,4,0,0.685276551002639,89
0,1,2,0,1.0699890599073187,5
1,2,5,0,2.0441271680100086,99
1,3,2,1,0.7998193199358958,17
0,2,2,0,1.2617360709587444,33
1,2,3,0,0.8589091437763583,58
1,1,4,1,0.7530093799442631,13
0,2,4,0,0.6734652694625775,127
1,3,2,0,0.8618264109907965,174
1,2,4,1,0.9294504433902673,3
1,3,5,0,0.7500921127298248,92
1,3,5,0,1.2500335859608362,139
0,2,5,0,1.3940668685432476,82
1,1,1,0,1.3849552611333176,156
1,3,4,0,0.7998193199358958,90
0,3,1,0,1.0678667846281087,72
0,3,1,0,1.8669999091709295,69
1,3,1,0,0.9555550875162153,84
0,1,1,0,1.528519941406961,29
0,3,1,0,0.3999096599679479,10
1,3,5,0,0.3233916132428539,24
1,2,3,0,0.24125662517319002,84
0,2,1,0,0.19995482998397396,18
1,3,3,0,1.3644675583519397,155
0,3,5,0,0.35299092343416183,21
1,1,2,0,1.0286872647181027,10
1,2,5,0,0.9417303272390971,129
1,1,3,1,0.0,19
0,2,3,0,0.3060721869003758,79
0,1,1,0,1.787782188315704,32
0,3,1,0,0.48474432216774344,185
1,3,5,0,0.9059366768522976,112
0,2,1,0,0.44401992582944894,9
0,1,2,0,2.1324564962751644,32
1,3,4,0,0.6770687320700908,60
1,1,1,1,0.43570331035474735,13
1,3,1,0,1.1618130542378342,68
0,1,5,0,0.9769465787749749,119
1,3,1,0,0.27027853651357636,10
1,2,1,0,0.5497311204785746,155
1,3,5,0,1.1796010828890806,136
1,2,1,0,1.1478794974185627,160
1,3,5,0,0.17644106344600421,115
1,2,2,0,1.0410759451090859,120
1,3,3,0,0.31168912824494577,70
1,3,1,1,0.3060721869003758,24
1,3,5,0,0.655677240811331,126
0,2,5,0,1.2003063787547652,164
1,1,4,0,0.2904688735698316,51
0,1,2,0,1.0343042060626726,21
0,2,1,0,2.1180543371471243,29
1,2,5,0,0.9355359870436055,125
1,1,3,0,0.4523365413041506,147
1,1,2,0,0.7266871427340084,103
1,2,1,0,1.4402994096839588,25
1,3,3,0,0.5150298277521264,23
1,3,1,0,1.002365027507848,101
0,2,5,0,0.244065095845475,18
1,3,5,0,0.8942341918543895,99
0,3,5,0,0.37920436410226316,10
1,3,5,0,0.8412299116672652,108
0,3,5,0,0.9005373285920344,42
0,2,2,0,1.6761566865968853,109
1,3,3,0,0.2529591101710982,133
0,3,2,0,0.19444668518155733,133
0,3,2,0,0.9935798097243782,17
1,3,2,0,0.2510031266480877,52
1,1,4,0,0.3060721869003758,163
0,1,5,0,1.303146662690114,151
0,3,5,0,0.17924953411828923,18
1,3,5,0,0.9562412829092903,83
0,3,1,0,0.2764728767090679,12
1,3,4,0,0.658485711483616,144
1,3,1,0,0.34748277863174526,76
0,2,4,0,0.244065095845475,17
1,3,2,1,0.7530093799442631,39
1,2,2,1,0.3060721869003758,68
1,3,4,0,0.367501879104355,5
1,1,2,1,0.7530093799442631,73
1,3,5,0,1.011476634917778,116
0,2,4,0,0.8701430264654981,114
1,1,3,0,0.1530360934501879,108
0,3,4,0,0.35849906823657846,104
1,3,2,0,1.0348816049135943,77
0,1,1,0,1.3210434878835136,20
1,1,3,0,0.1820580047905742,101
1,3,4,0,0.9347409951083772,81
0,3,1,0,0.7059818468683237,113
0,1,2,0,1.81468182437688,16
1,2,5,0,0.6618715810068226,109
0,3,1,0,1.3527650733540315,39
1,3,5,0,0.27027853651357636,16
1,1,3,0,1.1914123644291421,115
0,1,3,0,1.3844866588245495,43
1,1,3,1,0.7169981364731569,37
0,3,3,0,0.9942660051174531,109
1,2,5,0,0.25857605151566815,7
1,3,4,0,1.1852180242336505,114
0,3,5,0,1.1500017726977725,184
0,2,5,0,0.655677240811331,163
0,2,5,0,0.244065095845475,16
1,1,2,1,0.5405570730271527,44
0,3,5,0,0.3999096599679479,23
1,1,4,0,0.4502142660249405,157
1,3,2,0,0.6150616410151899,160
1,3,2,0,1.7089242732270933,79
0,3,1,1,0.6121443738007516,36
1,3,4,0,0.19995482998397396,12
1,2,2,0,0.8446157811904718,172
1,3,1,0,0.25857605151566815,8
1,1,1,0,1.4112774983435725,19
0,3,1,0,0.3233916132428539,15
0,1,2,0,1.2652307370241043,39
1,1,3,0,0.27027853651357636,87
1,3,3,0,0.1820580047905742,110
1,2,4,0,2.182074906939082,119
1,2,4,0,0.23899937882438563,124
1,1,1,0,1.2665580203680862,25
1,2,5,0,0.16754704912038104,5
0,1,2,0,1.9263073260956987,21
1,3,5,0,0.28817536170697605,164
0,2,1,0,1.538100151125659,39
0,3,4,0,0.7299168114876254,171
1,3,5,0,0.35299092343416183,19
1,2,2,0,0.6763825366770158,95
1,1,2,1,1.1058915068362716,21
0,2,2,0,1.2196392838343,27
0,3,4,0,0.947347268583667,129
0,2,2,0,1.599529843329638,23
0,3,5,0,0.7455201248181699,101
1,3,5,0,0.19714635931168895,150
1,3,4,0,0.1801856910090509,70
1,1,2,1,0.9294504433902673,26
1,2,5,0,0.947347268583667,150
1,3,1,0,1.1086999775085566,124
1,3,5,0,0.7500921127298248,80
1,3,1,0,0.6411662851411379,134
1,2,4,0,0.1820580047905742,102
1,3,5,0,1.147302098567641,139
0,3,5,0,0.3999096599679479,11
1,1,2,0,1.1204024625064648,11
0,3,4,0,0.3088806575726608,7
0,2,3,0,1.3790873105642862,147
0,1,2,0,1.4828647991171713,90
1,1,3,0,0.439447937917794,98
1,3,5,0,0.24687356651776,79
1,1,4,0,1.1210886578995396,151
1,1,4,0,0.34748277863174526,101
0,2,2,0,1.4589912268125866,38
0,1,1,0,2.2062748688701266,28
1,3,1,0,0.9031282061800125,118
1,2,1,0,0.2233960654938414,5
0,2,4,0,1.2932400633449557,43
0,1,1,0,1.0258787940458176,35
0,3,2,0,1.4466025464216037,75
1,2,2,0,0.2592622469087431,76
1,1,2,0,0.36128630920886834,58
1,3,5,0,1.0176709751132695,86
1,3,3,0,0.7052956514752488,118
0,3,1,0,0.44401992582944894,18
0,1,2,0,1.4175806350812175,41
1,3,1,0,0.9349585881926841,113
0,2,1,0,1.6518479281236873,38
0,3,4,0,0.5239238420777494,111
0,3,1,0,1.3354456470115534,184
1,2,5,0,2.1937773919369903,130
1,3,2,0,2.018022523884061,28
0,1,2,0,1.5996386398717917,7
0,1,5,0,0.73849842427407,101
0,3,4,0,1.7174584817861016,83
0,2,2,0,1.188603893756857,162
1,2,3,0,1.0735925225148322,114
1,3,4,0,0.1820580047905742,98
0,2,3,0,1.3677446313329928,32
1,1,5,0,0.2826672169045594,90
1,3,1,1,0.0,23
1,3,1,0,1.2148173344249584,110
1,3,1,0,0.35579939410644684,9
1,3,4,0,0.2261682706520753,15
0,3,5,0,0.367501879104355,14
0,3,5,0,0.19995482998397396,5
1,1,2,0,0.31168912824494577,76
1,1,2,0,0.2261682706520753,161
0,2,2,0,1.3562597394193916,22
0,3,5,0,1.8028705428368186,36
0,2,3,0,0.7796914229211327,137
1,3,4,0,1.2176258050972435,89
1,1,3,1,0.8466292599275285,20
1,3,3,0,0.9238335020456974,139
1,2,2,0,0.3350940982407621,76
1,1,1,0,1.6346372983233628,7
0,1,1,0,1.4256796574716122,42
0,3,4,0,1.1299826722251627,55
1,1,2,0,0.3350940982407621,104
1,1,1,0,1.0797868627103235,59
0,3,5,0,0.28817536170697605,9
0,1,2,0,1.8676861045640045,32
1,3,4,0,1.4110599052592658,105
1,3,5,0,1.0148625044409845,135
1,3,4,0,0.37369621929984653,81
0,3,1,0,0.5957711953356453,107
1,1,2,0,0.46472522169513364,76
0,3,2,0,0.8680207511862881,71
1,3,5,0,0.8825317068564813,84
1,2,3,0,0.7177931284083853,136
1,3,5,0,0.3999096599679479,20
1,1,3,0,1.4917588134427946,119
0,3,2,0,0.8122080003268789,70
1,3,1,0,0.7059818468683237,113
0,1,4,0,0.8239104853247871,72
0,3,5,0,1.1796010828890806,165
1,3,3,0,1.623043609867608,45
1,3,1,0,1.021056844636476,111
1,3,2,0,0.85282360012302,87
1,1,2,0,0.1820580047905742,77
1,1,3,0,0.17644106344600424,86
1,1,3,0,1.8380867943726966,102
0,2,2,0,1.2410307750930598,141
0,3,1,0,1.2444166446162663,100
1,1,2,1,0.5653344338091189,23
1,3,5,0,1.1237883320296713,71
0,3,1,0,1.9063970221652422,18
1,2,5,0,0.7915027044611942,151
1,3,5,0,0.244065095845475,14
1,2,3,0,0.8887260470519729,64
0,3,2,0,0.3350940982407621,117
1,2,3,0,0.08822053172300212,114
1,3,1,0,1.267930411154236,122
1,3,2,0,1.529674739108804,132
1,3,5,0,0.6278927491875003,63
1,2,2,0,0.8467380564696818,19
0,2,1,0,0.16754704912038104,14
1,1,5,0,0.43570331035474735,97
1,2,1,0,1.3768562387429228,128
0,2,5,0,0.5171521030313363,98
0,1,1,0,1.1142081223109732,30
0,3,5,0,0.37920436410226316,11
0,2,3,0,0.779114024070211,184
1,3,5,0,0.49091743266323995,48
0,1,4,0,1.6910274480336935,139
0,3,4,0,0.3233916132428539,9
1,3,5,0,0.3686305022787572,60
0,3,4,0,0.4413202516993173,100
0,2,2,0,1.508718434018658,17
1,3,2,0,0.7908165090681192,127
1,2,2,0,0.06481556172718578,94
0,3,5,0,0.899742336656806,165
1,3,4,0,0.9293416468481139,129
0,3,3,0,1.3665898336311497,172
1,3,1,0,1.4907128122831046,34
1,1,1,0,1.3324195832549617,162
1,3,1,1,0.7530093799442631,19
0,2,2,0,1.8003884617909938,37
0,3,2,0,0.9735607092517684,40
1,1,2,0,1.2673530123033143,89
1,3,3,0,1.1762152133658739,96
1,1,5,0,0.17644106344600424,90
0,3,5,0,0.25857605151566815,12
1,1,1,0,0.1530360934501879,78
1,1,5,0,0.5295407834223195,152
1,1,3,1,0.7998193199358958,18
1,2,4,0,0.4321037448479052,58
0,1,2,0,1.3051601414271705,81
0,3,5,0,0.9617494277117069,139
1,3,4,0,0.25576758084338314,15
1,1,1,0,0.85282360012302,97
1,2,2,1,0.8466292599275285,50
1,3,2,0,0.5570753135484635,91
0,1,4,0,1.1884950972147037,22
1,3,4,1,0.38889337036311467,18
0,2,5,0,0.3233916132428539,7
0,3,2,0,0.0,86
0,2,5,0,0.35299092343416183,20
0,3,4,0,0.27027853651357636,8
1,1,2,0,0.9149394877200742,110
1,1,2,0,1.197029305773712,31
1,1,2,1,1.2355226302906432,49
1,2,1,0,1.2493473905677615,31
1,3,4,0,0.5495598838949292,131
0,2,1,0,0.9499381461716454,88
1,1,4,1,0.5405570730271527,37
1,3,1,0,1.1118682539474563,79
0,3,5,0,0.3999096599679479,178
1,3,5,0,1.0465840899115024,90
1,1,4,0,0.0,72
0,3,4,0,1.0789918707750954,174
0,2,2,0,1.6824598233345305,16
1,3,2,0,0.5357351236178111,190
0,3,5,0,0.2764728767090679,9
1,2,5,0,0.367501879104355,17
0,2,1,0,0.367501879104355,10
0,3,1,0,1.4471799452725251,141
1,1,2,1,0.6233782564898915,20
1,1,1,0,0.2592622469087431,105
1,2,4,0,0.9645578983839919,171
1,1,3,0,0.27027853651357636,112
1,1,2,1,0.12963112345437156,66
1,1,2,0,1.0562730961723539,97
1,1,1,0,0.0,178
0,3,1,0,1.9318154708981152,8
0,1,5,0,0.9176391618502058,99
1,1,3,0,0.08822053172300212,102
1,3,2,0,0.8942341918543895,108
1,1,4,0,0.6439747558134229,59
1,2,5,0,0.6467832264857079,147
1,3,5,0,0.7383896277319166,120
0,1,1,0,1.7372599891744047,107
1,1,2,0,0.2160518724239526,138
1,1,5,0,0.3882071749700397,50
0,1,1,0,2.211783013672543,7
1,2,3,0,0.1820580047905742,80
0,3,2,0,1.427052048257762,100
1,3,2,0,0.6033591560172817,106
1,3,1,1,0.0,25
1,2,2,0,0.46472522169513364,61
0,1,2,0,1.908410500902299,24
1,2,2,1,1.1058915068362716,65
1,2,5,0,2.0785484276106585,96
0,2,2,0,1.636118485651666,25
1,1,5,0,0.4789136848395379,20
0,3,2,0,2.2503851347316273,6
1,3,5,0,0.3026863173771692,7
0,3,5,0,1.2824413668244292,194
1,1,5,0,0.5240326386199028,69
1,1,5,0,0.8411211151251119,110
0,1,1,0,1.8593694890893029,43
1,3,5,0,1.0762921966449637,131
1,3,5,0,0.5736510492838205,121
0,2,5,0,0.5798453894793121,152
1,1,5,0,0.5708425786115355,140
0,1,5,0,0.36469340843207,126
1,1,1,0,0.5295407834223195,122
1,2,2,0,0.46742489582526525,127
0,3,5,0,0.21165731498188212,8
1,3,2,0,0.06481556172718578,83
1,2,2,0,0.9210250313734123,161
1,3,4,0,1.2796328961521442,130
0,1,2,0,1.0998059631829333,37
1,3,1,0,0.44770705817844947,57
0,3,4,0,0.27027853651357636,9
1,3,4,0,0.29098383237926106,6
0,1,2,0,1.6201263426531696,33
0,2,2,0,1.685159497464662,15
0,3,5,0,0.26477039171115974,9
0,3,3,0,1.4285969246860506,96
1,3,5,0,1.5561057728612122,130
1,2,1,0,2.0532387754199384,37
1,3,4,0,0.5798453894793121,123
1,2,5,0,0.37920436410226316,63
0,3,2,0,0.9210250313734123,185
1,3,3,0,0.27027853651357636,81
1,3,2,0,0.29781306663972035,170
1,1,2,0,0.19714635931168895,94
0,1,1,0,0.690893492347209,17
1,1,4,0,1.0024738240500013,135
0,2,3,0,0.6770687320700908,157
0,1,2,0,1.5553107809259838,41
1,1,4,0,0.1176273756306695,125
1,3,4,0,1.261158672107823,109
1,1,1,1,0.2592622469087431,24
1,1,1,0,1.052778430106994,109
0,3,1,0,0.3143888023750774,17
1,3,2,0,0.9673663690562768,88
1,3,5,0,0.6915796877402839,154
1,2,3,0,1.0533558289579155,130
1,3,4,0,0.08822053172300212,78
0,3,4,0,0.2764728767090679,19
0,3,1,0,1.7325468363072163,15
1,2,2,0,1.373830174986331,122
0,1,1,0,1.958823903501445,32
0,3,5,0,0.32058314257056897,16
1,2,5,0,0.5329266529455261,132
1,3,2,1,0.49374713303552,22
1,2,2,0,0.6554998103417466,46
0,1,1,0,1.9565928316800816,24
1,3,5,0,0.5853535342817286,87
1,1,5,0,0.5065207459937842,71
1,1,2,0,0.9873854695288866,12
1,3,4,0,0.27027853651357636,12
1,1,3,0,1.0149713009831378,136
0,2,5,0,0.73500375820871,145
1,1,2,0,0.0,96
1,3,5,0,0.5221240593243284,41
1,3,4,0,1.0762921966449637,111
1,3,4,0,0.16754704912038104,14
0,2,1,0,0.25857605151566815,8
1,1,2,1,0.5185244938174862,62
1,2,1,0,1.7092506628535533,18
0,2,5,0,0.3026863173771692,13
1,3,3,1,0.5405570730271527,51
1,1,1,0,0.12963112345437156,30
0,2,2,0,1.8084874841813887,28
0,3,1,1,1.083858927626605,54
0,3,1,0,1.7354641035216547,28
0,2,1,0,0.3088806575726608,12
1,1,2,0,1.6644542015989774,5
1,2,5,0,0.7114899916707402,151
1,1,5,0,0.2261682706520753,127
1,3,3,0,0.27027853651357636,81
0,1,2,0,1.1680073944333258,74
0,3,3,0,0.2592622469087431,161
0,2,5,0,0.367501879104355,18
1,3,4,0,1.1762152133658739,93
1,3,3,0,0.27027853651357636,110
0,3,5,0,1.0746848801751832,126
1,3,5,0,0.8590179403185116,91
1,3,5,0,1.147302098567641,114
0,1,2,0,0.412298340358931,134
1,3,3,0,1.0177797716554229,163
1,3,5,0,0.7410893018620481,100
1,3,2,0,0.600285688033254,136
1,1,3,1,1.1058915068362716,47
1,1,4,1,0.6233782564898915,28
0,2,1,0,1.47000751641742,32
0,3,5,0,0.19995482998397396,12
1,3,5,0,0.4205061592914792,133
1,1,1,0,0.3999096599679479,81
1,3,5,0,1.2411395716352132,109
1,1,5,0,1.2293282900951517,108
1,3,1,0,1.0623586398256921,133
1,1,2,0,0.5798453894793121,65
0,2,1,0,1.734560315044273,141
1,3,5,0,1.0238653153087611,103
1,1,1,1,0.17644106344600424,23
1,3,5,0,0.13513926825678818,86
0,3,5,0,0.6554998103417466,152
1,3,5,0,0.690893492347209,183
1,2,5,0,0.5818588682163688,183
0,2,3,0,1.1226335343278282,65
0,2,5,0,0.21165731498188212,13
0,1,4,0,0.9729833104008468,157
0,2,1,0,1.21751700855509,125
0,2,2,0,1.7931815365759671,32
1,1,5,0,0.8232242899317121,145
1,1,4,1,0.0,15
0,3,1,1,0.38889337036311467,39
0,3,2,0,1.5823192135293134,31
0,1,1,0,1.7173496852439483,14
1,3,3,0,0.35849906823657846,107
1,2,2,0,0.2619619210388747,89
0,2,5,0,0.244065095845475,20
0,2,2,0,0.9605946300098638,91
0,2,4,0,1.6318288276510777,56
1,1,5,0,0.5971648158217902,181
0,3,1,0,1.3055199471937853,117
1,1,1,1,0.2592622469087431,27
1,3,2,0,0.4413202516993173,65
1,3,5,0,1.312040677015737,108
1,1,1,0,1.4560739595981484,17
1,2,2,0,0.22955414017528183,70
1,3,2,0,0.7563952494674697,126
1,3,5,0,0.6239556553408132,97
0,3,1,0,1.4800563284448864,39
0,2,5,0,0.9087451475245826,108
1,2,5,0,0.7266871427340084,165
0,1,2,0,1.2906491857569775,73
1,3,4,0,1.0383762709789541,129
1,1,1,0,1.799484673313612,23
1,1,5,0,0.6259691340778698,109
1,3,4,1,0.43570331035474735,85
1,2,4,0,0.0,86
1,2,1,0,0.5570753135484635,32
0,3,5,0,1.1707070685634573,149
1,2,1,0,1.502415297281013,19
1,2,4,0,0.5825450636094437,138
0,3,1,0,0.37920436410226316,7
1,3,3,1,0.3528821268920085,45
0,2,5,0,0.73500375820871,171
1,3,5,0,0.9411529283881755,90
0,3,5,0,0.34679658323867024,19
1,3,5,0,0.8942341918543895,143
0,2,1,0,1.5208895213253344,9
1,1,3,0,0.42331462996376423,109
1,2,1,0,1.132104947504373,19
1,2,2,0,0.34748277863174526,75
0,3,4,0,1.012162830310853,122
1,3,1,0,1.446711342963757,89
0,2,5,0,0.7115987882128937,183
1,3,1,0,1.0734837259726788,90
1,2,3,1,0.6949655572634905,59
1,3,4,0,0.9031282061800125,136
0,2,1,0,1.5562145694033656,11
0,3,5,0,0.17644106344600424,146
1,3,3,0,0.17644106344600424,98
0,3,5,0,0.3143888023750774,11
0,3,2,0,1.3023516707548857,14
0,3,4,0,0.22335979997979027,16
1,1,5,0,0.28536689103469104,111
1,1,5,0,0.4789136848395379,104
1,1,1,0,0.7970108492636108,88
1,3,5,0,0.4670549990720403,49
1,2,2,0,1.8242620340955784,16
1,3,5,0,1.2058145235571818,176
1,3,1,0,1.267930411154236,140
0,3,5,0,0.23236261084756682,12
1,2,5,0,0.4005958553610229,9
0,2,2,0,1.082377740298302,122
0,1,2,0,1.0444618146322924,131
0,1,1,0,1.3175488218181537,96
0,3,2,0,1.238331100962928,23
0,2,1,0,1.5699305331383302,32
1,1,4,0,0.8032051894591024,97
1,3,2,0,0.6790822108071474,81
1,2,5,0,0.3492825613851663,17
0,3,2,0,0.635236942257389,125
1,1,2,1,0.17644106344600424,8
1,3,1,0,0.36130753890886347,163
1,3,3,0,1.0789918707750954,98
1,3,4,0,0.47065456457888244,137
1,2,3,0,0.8942341918543895,140
1,2,3,0,0.24125662517319002,80
1,2,1,1,0.5405570730271527,65
1,3,2,0,1.267930411154236,138
1,1,3,0,0.0,104
1,1,4,0,1.8289751869627666,61
1,2,5,0,0.6529775666811994,192
1,1,5,0,1.1411077583721494,89
1,3,5,0,0.35579939410644684,12
1,3,3,1,1.059081566844639,74
0,3,5,0,0.3350940982407621,8
1,3,4,0,1.1355996135697328,173
0,2,1,1,0.3060721869003758,15
1,2,2,0,0.4295089701592558,63
0,1,2,0,1.426583445948994,16
1,3,5,0,0.979068854054185,99
0,2,1,1,0.7777867407262293,26
0,3,2,0,1.558228048140422,108
1,1,2,1,0.8466292599275285,37
1,3,5,0,0.9500469427137987,35
1,1,1,0,0.7556002575322414,92
0,2,1,0,1.1963431103806372,3
1,1,2,0,0.2904688735698316,115
1,3,5,0,0.244065095845475,17
0,2,1,0,0.44401992582944894,14
0,1,5,0,1.0382674744368008,147
1,3,1,0,0.8763373666609897,117
1,2,3,0,0.35849906823657846,86
1,3,1,0,1.0417621405021606,143
1,3,5,0,0.49363833649336664,140
1,2,1,0,1.740863451781918,12
0,3,1,1,0.38889337036311467,27
0,1,1,0,1.4967983559364428,86
1,3,5,0,0.28817536170697605,21
0,3,1,1,0.6121443738007516,15
1,1,2,0,0.2592622469087431,73
1,3,4,1,0.8826405033986346,85
0,3,4,0,0.28817536170697605,8
0,1,2,0,1.8174902950491651,13
1,1,1,0,1.285249837496714,24
1,1,5,0,0.4502142660249405,135
1,2,1,0,1.020370649243401,101
0,2,2,0,1.1611268588447592,21
1,2,1,0,1.411495091427879,84
1,3,5,0,0.6322722708155147,134
1,3,5,0,0.7886942337889091,153
0,1,3,0,1.438285930946902,121
1,3,4,0,0.7455201248181699,149
1,1,3,0,0.08642074896958103,88
0,1,5,0,0.9493607473207237,172
1,1,5,0,0.6085448082939094,47
1,1,1,0,0.1530360934501879,85
0,1,1,0,1.844498727652495,15
1,3,2,0,0.6294638001432298,125
1,3,5,0,0.97975504944726,119
1,2,5,0,0.9590497535815752,118
1,3,4,0,0.37688962253941255,144
1,1,1,0,0.43570331035474735,140
0,3,5,0,0.42331462996376423,164
0,2,2,0,1.2789467007590694,86
0,3,1,0,0.7499833161876713,107
0,2,1,0,0.6357669368808747,161
1,3,2,0,0.3171972730473624,117
0,2,2,0,1.5561057728612122,22
0,3,4,0,0.25576758084338314,12
1,2,4,0,1.0141763090479095,79
1,2,5,0,0.5412432684202276,160
0,3,5,0,0.6177613151453216,83
1,3,5,0,0.4789136848395379,99
0,2,2,0,1.991231684365038,18
1,1,5,0,0.8032051894591024,138
0,3,4,0,0.2764728767090679,10
1,1,2,1,0.5653344338091189,13
1,1,1,0,1.9057108267721672,15
0,3,3,0,0.9735607092517684,114
0,3,2,0,1.579728335941335,7
0,2,5,0,0.7942023785913258,144
1,2,5,0,0.9735607092517684,152
0,3,5,0,0.35579939410644684,21
1,2,3,0,1.012162830310853,97
1,1,1,0,1.4317652011249504,33
0,1,2,0,0.7025959773451171,28
1,3,1,0,1.100383362033855,92
0,3,5,0,0.37920436410226316,9
1,3,5,0,1.1740929380866638,96
0,2,5,0,0.6293550036010763,150
1,2,2,0,1.4790103272851964,35
1,1,4,0,0.9204476325224908,127
0,3,1,0,0.9294504433902674,115
1,3,3,0,1.0410759451090859,120
1,2,3,1,0.3060721869003758,30
0,3,4,0,0.6446609512064978,152
1,2,1,0,0.6969790360005471,95
0,3,2,0,1.6147269943929063,21
1,2,5,0,1.3768562387429228,172
1,3,5,0,0.21965143793079475,141
1,3,5,0,0.8087133342615189,112
0,3,2,0,0.658485711483616,10
0,2,2,0,1.5769198652690501,18
0,2,2,0,1.1260194038510347,30
1,1,1,0,0.4413202516993173,66
1,1,4,0,0.3143888023750774,111
1,3,1,1,1.059081566844639,45
1,1,3,0,0.60944469967062,63
1,3,5,0,0.2764728767090679,11
0,3,1,0,0.9349585881926841,18
1,3,2,0,0.6818906814794323,157
1,1,2,0,1.6878591715947937,38
1,1,5,0,0.9501557392559521,116
1,3,2,0,0.5221240593243284,45
1,3,5,0,0.4116121449658561,9
1,2,2,0,0.06481556172718578,89
0,2,5,0,0.26477039171115974,17
1,3,3,0,1.2086229942294668,114
0,2,5,0,0.23236261084756682,9
0,2,1,0,1.6147269943929063,169
1,3,2,0,1.1914123644291421,73
1,1,1,1,0.43570331035474735,6
1,1,2,1,0.3060721869003758,25
0,2,2,0,0.8853401775287663,141
1,3,3,0,0.45505125124833823,78
0,2,1,0,0.17924953411828923,4
1,1,5,0,0.5585626947627058,145
1,2,5,0,0.13513926825678818,21
1,1,5,0,1.1762152133658739,83
0,3,5,0,0.3088806575726608,12
0,3,4,0,1.3754838479567728,127
1,1,3,0,0.08822053172300212,79
1,1,4,0,1.5940216985272215,93
1,1,1,0,0.4633103715089937,112
0,1,2,0,1.347256928551615,66
1,2,5,0,0.6239556553408132,148
0,2,1,0,1.419594113818274,4
1,3,4,0,2.0524437834847102,151
1,2,1,1,0.8714066207094947,32
1,1,2,0,0.9735607092517684,130
0,2,1,1,1.4947848771993861,33
1,3,5,0,0.61156697494983,112
1,1,4,0,1.3918357967218842,82
0,3,5,0,0.4116121449658561,21
0,3,4,0,0.32058314257056897,8
1,3,5,0,0.0,87
1,1,4,1,0.6701881964815242,9
1,3,5,0,0.45505125124833823,100
1,3,5,0,0.27027853651357636,87
0,1,1,0,0.7328814829295,115
1,2,1,1,0.5405570730271527,49
1,2,5,0,0.06481556172718578,92
0,3,4,0,0.21165731498188212,19
0,3,5,0,0.13513926825678818,16
1,2,4,0,0.2942135011328782,76
1,2,5,0,0.7204928025385169,78
1,1,1,0,1.2017424586409002,101
1,2,2,0,1.2976385178876972,14
1,3,5,0,1.3616590876796548,134
1,2,5,0,2.210988021737315,140
0,3,2,0,0.6384666110110062,148
1,3,4,0,1.0382674744368008,54
0,3,3,0,0.43118881765713857,138
1,2,3,0,0.4982616257331287,98
1,3,5,0,0.5690790613721656,62
1,3,3,0,0.3033725127702442,103
1,3,4,0,0.8880398516588979,92
1,3,3,0,1.1914123644291421,154
0,3,5,0,0.25857605151566815,21
1,3,4,0,1.1618130542378342,140
1,3,5,0,1.1707070685634573,98
1,3,5,0,1.1969205092315587,133
1,1,4,0,0.17644106344600424,108
0,3,4,0,0.8178249416714489,74
1,1,5,0,0.706090643410477,143
1,2,1,0,0.5736510492838205,140
1,2,5,0,1.263749549695801,95
1,3,1,0,0.8590179403185116,119
0,3,5,0,0.244065095845475,16
1,2,2,0,1.0879946816428718,144
1,1,4,0,0.17284149793916206,98
0,2,3,0,2.358515970385086,148
0,1,2,0,2.162055806466472,43
0,2,1,0,1.979997801675898,32
0,2,3,0,0.653554965532121,188
0,3,2,0,1.4470711487303718,44
1,1,3,0,0.8880398516588979,120
1,3,5,0,0.9941572085752997,104
0,1,2,0,1.3175488218181537,12
0,3,5,0,0.21165731498188212,12
1,3,2,0,1.2328229561605115,12
0,3,1,0,0.3026863173771692,18
0,3,1,0,0.19995482998397396,19
1,3,2,0,0.40260933409807953,100
0,3,1,0,0.25857605151566815,20
1,1,4,0,0.17644106344600424,106
0,3,3,0,0.6377804156179313,118
1,3,2,0,0.6322722708155147,109
1,2,1,0,0.8356129703226952,100
1,1,4,0,0.20779275216329718,96
0,2,2,0,1.1210886578995396,132
0,1,1,0,1.526180073043444,107
1,3,4,0,0.7915027044611942,79
0,3,5,0,0.19995482998397396,13
1,1,4,0,0.3492825613851663,113
1,1,3,0,1.2236025522084282,105
1,3,4,0,0.7377034323388416,53
0,3,5,0,0.6060588301474135,145
1,2,2,0,0.26477039171115974,107
1,3,5,0,0.685276551002639,146
0,2,5,0,0.5267323127500345,104
1,2,5,0,0.9700660431864085,122
0,2,5,0,0.3999096599679479,13
1,2,4,0,0.7143134981570815,129
1,2,4,1,0.38889337036311467,34
1,1,1,0,1.3554647474841632,35
1,2,5,0,1.0065458889662828,144
1,3,1,0,1.4141947655580107,28
0,2,2,0,1.034772808371441,33
1,2,2,1,0.7998193199358958,18
0,1,1,0,0.3240778086359289,149
1,2,4,0,0.47361923602075684,75
0,3,4,0,0.8625126063838715,112
1,2,1,0,0.4116121449658561,19
1,3,2,0,1.1175939918341797,133
1,1,4,0,0.1413336084522797,61
1,3,4,0,0.9390306531089655,164
1,2,4,0,0.5138649390636729,71
1,3,3,0,1.5738938015124584,163
0,1,2,0,0.5887394038049352,149
0,1,1,0,1.5118867104575577,130
1,2,1,0,0.6673584961092441,159
1,3,2,0,0.1530360934501879,83
1,2,5,0,0.17644106344600424,93
1,3,2,0,1.1265968027019562,105
0,3,5,0,0.2261682706520753,17
1,2,2,0,0.19444668518155733,75
1,3,4,0,0.8942341918543895,76
1,3,2,1,0.49374713303552,18
1,3,5,0,0.9969656792475847,112
1,3,5,0,1.114894317704048,129
1,2,1,0,0.23236261084756682,17
0,3,1,0,0.19995482998397396,14
1,3,5,0,0.4826220468885334,108
1,1,5,0,0.2666064399786319,104
1,3,4,0,1.1355996135697328,93
1,2,3,0,1.9116875738833523,123
0,2,5,0,0.6711031236722907,93
1,2,2,1,0.9294504433902673,27
1,2,2,0,1.1348046216345045,166
1,3,1,0,1.222447754506585,28
0,3,2,0,1.9552204408939318,25
0,2,5,0,0.9293416468481139,153
1,3,4,0,0.8790370407911213,123
1,1,4,0,0.5115351616867663,109
0,2,2,0,0.6177613151453216,117
1,3,3,1,0.17644106344600424,75
0,3,5,0,0.35299092343416183,19
0,3,1,0,0.35579939410644684,17
1,1,3,0,0.27027853651357636,78
1,2,5,0,0.0,93
0,3,5,0,0.5239238420777494,82
0,1,5,0,1.1204024625064648,134
1,1,2,0,0.4413202516993173,102
1,2,5,0,0.5763507234139521,120
1,3,4,0,0.6770687320700908,120
1,1,5,0,0.27027853651357636,90
1,1,5,0,0.8846539821356914,118
1,3,4,0,0.9700660431864085,124
0,1,1,0,1.2790554973012225,15
1,2,3,0,0.24687356651776,105
0,1,5,0,0.7942023785913258,167
0,3,4,0,0.22335979997979027,15
1,1,5,0,0.5150298277521264,34
0,2,2,0,1.0300596555042527,139
0,2,2,0,2.0649412604178465,29
0,3,5,0,1.8440635414838813,142
1,3,1,0,1.2734385559566526,116
1,1,3,0,0.8383126444528268,146
0,2,2,0,1.9048070382947857,129
0,2,5,0,0.06481556172718578,109
1,2,5,0,0.6646800516791076,138
1,3,4,0,0.8211020146525021,85
1,3,4,0,0.3088806575726608,4
1,3,1,0,0.9170617629992842,27
1,2,2,0,1.0321819307834628,88
0,2,5,0,1.0623586398256921,155
0,3,1,0,0.8562094696462266,165
1,3,2,0,0.9466610731905922,125
1,2,5,0,0.42744419009409196,84
1,1,1,1,0.3060721869003758,7
0,2,3,0,1.0858724063636618,145
0,1,5,0,1.021056844636476,152
1,3,2,0,0.10892582758868684,162
0,3,1,1,1.012271626853006,30
0,2,5,0,1.5236979919976192,132
1,1,1,1,0.6233782564898915,16
1,3,4,0,1.0293734601111777,149
1,2,5,0,0.28817536170697605,6
1,2,2,1,0.38889337036311467,11
0,3,5,0,1.8779074022336095,92
0,3,5,0,0.22335979997979027,7
0,3,1,0,1.2004151752969188,12
0,1,1,0,1.7967849991834806,107
0,3,4,0,0.34679658323867024,4
0,3,5,0,0.37920436410226316,11
0,2,2,0,1.1856866265424186,173
1,1,5,0,0.6997875066728321,108
0,1,1,0,1.2880583081689991,32
0,3,5,0,0.37688962253941255,98
1,3,2,0,0.5591400936136274,85
0,2,1,0,2.332411326259138,18
0,1,1,0,1.7759709067756424,6
1,2,2,1,0.3528821268920085,24
0,1,5,0,1.2264110228807132,93
1,1,4,0,1.1761064168237205,61
1,3,2,0,1.1030830361639865,62
0,1,5,0,1.0003515487707912,166
1,2,5,0,1.2704124922000608,67
1,2,4,0,0.32058314257056897,15
1,1,3,1,0.38889337036311467,39
1,1,2,0,1.0236477222244544,125
0,2,2,0,1.2790554973012225,37
1,2,1,1,0.5653344338091189,19
1,3,4,0,0.9562412829092903,96
1,2,3,0,0.9914575344451682,118
1,3,2,0,0.7824998935934177,132
1,3,3,0,1.0941890218383634,130
1,3,4,0,0.7438977725343332,141
1,3,3,0,0.9238335020456974,150
0,3,4,0,0.3026863173771692,14
1,2,2,0,1.0706752553003938,138
1,2,5,0,0.29098383237926106,20
1,2,5,0,1.0320731342413092,121
1,1,2,0,0.5123301536219946,122
0,3,5,0,0.4116121449658561,20
1,1,1,1,0.6701881964815242,22
1,3,3,0,0.5860397296748037,129
0,2,5,0,0.5763507234139521,134
0,2,2,0,1.5932267065919932,22
1,3,1,0,0.32167550023092,124
0,1,1,0,1.8669999091709295,35
1,1,2,0,1.5968301691995066,46
1,2,5,0,1.1590045835655491,114
1,3,5,0,1.0617812409747704,132
0,2,4,0,0.25576758084338314,13
0,2,3,0,1.5403312229470223,41
1,1,2,1,0.49374713303552,82
1,2,1,0,0.8149076744570105,139
1,3,4,0,0.9707522385794833,117
1,3,1,0,0.9769465787749749,85
0,1,5,0,1.1231021366365963,160
1,2,1,0,2.0586381236802023,13
1,2,1,0,1.1824095535613655,104
0,2,2,0,1.4822874002662498,46
0,3,5,0,0.776991748791001,171
1,3,1,0,1.0293734601111777,142
1,2,4,0,0.8797232361841962,133
1,1,2,0,0.5295407834223195,144
1,3,5,0,0.9914575344451682,46
1,2,2,0,0.46472522169513364,69
0,2,1,0,0.6232694599477382,131
1,1,1,0,1.1031918327061399,109
1,1,1,0,1.2258336240297916,42
1,3,5,0,0.5529457534181358,106
1,3,4,0,0.9025508073290911,131
0,2,4,0,0.8032051894591024,135
1,3,5,0,0.7356899536017849,47
1,2,2,0,1.0003515487707912,91
1,2,5,0,0.17284149793916206,112
1,1,3,1,1.1058915068362716,34
0,2,1,0,1.0789918707750954,122
1,3,5,0,0.2510031266480877,121
0,3,5,0,0.3999096599679479,8
1,3,5,0,0.45921707689271707,48
0,2,1,0,1.6182216604582662,19
1,1,3,1,1.2355226302906432,51
1,2,5,0,0.18844481126970627,92
1,1,2,0,0.3999096599679479,61
0,3,5,0,0.2764728767090679,9
0,2,2,0,0.5439429425503592,178
1,3,5,0,0.43570331035474735,150
1,3,1,1,0.3528821268920085,61
0,3,5,0,1.4471799452725251,171
0,2,5,0,0.25857605151566815,13
1,2,2,0,1.100383362033855,127
0,2,5,0,1.1175939918341797,174
1,2,2,1,0.2592622469087431,33
1,2,4,0,1.3058463368202455,119
0,3,1,0,0.26477039171115974,10
1,1,2,0,0.8467380564696818,31
1,1,1,0,0.47372803256291024,83
1,1,4,0,0.6260779306200231,52
0,2,3,0,0.5405570730271527,163
0,3,2,0,0.9142532923269993,26
1,1,2,0,0.4670549990720403,44
0,3,4,0,0.23236261084756682,10
1,3,5,0,0.21165731498188212,6
1,3,4,0,2.052334986942557,110
1,3,5,0,0.6935931664773405,126
1,1,4,0,0.8232242899317121,94
1,1,2,0,1.653437911994144,31
1,2,2,0,0.8065910589823089,156
0,3,2,0,1.743454329369896,103
1,3,4,0,0.2592622469087431,20
0,3,4,0,0.7584087282045263,82
1,1,1,0,1.2050195316219536,117
1,2,5,0,0.16754704912038104,24
0,3,1,0,1.2823325702822759,19
1,1,5,0,0.9384532542580439,55
0,1,5,0,1.3388315165347602,85
1,1,3,0,0.9238335020456974,164
1,3,4,0,1.411854897194494,106
1,3,2,0,0.47065456457888244,147
1,2,5,0,0.9590497535815752,172
1,1,2,0,0.2233960654938414,84
1,2,1,0,0.367501879104355,6
1,2,5,0,1.3499566026817467,110
1,3,3,0,1.4077828322782124,67
0,1,1,0,2.2034663981978415,24
1,1,3,0,0.27027853651357636,112
0,2,5,0,0.8439295857973969,163
0,3,1,0,0.35579939410644684,8
1,3,4,0,1.6705397452523156,118
1,3,2,0,0.06481556172718578,96
0,3,4,0,0.8466292599275285,106
1,3,1,0,1.22662861596502,132
0,1,2,0,0.6446609512064978,150
0,1,2,0,1.9354189335056287,31
1,1,1,0,0.8887260470519729,171
1,3,5,0,0.8646348816630816,115
0,2,5,0,0.244065095845475,24
1,3,4,0,0.19995482998397396,24
1,2,2,0,0.7908165090681192,90
1,1,4,1,0.9294504433902673,17
1,1,5,0,0.9459748777975172,45
0,3,4,0,0.9563500794514436,164
1,2,2,0,0.9735607092517684,101
0,3,5,0,0.462395444318227,126
1,1,1,1,0.7998193199358958,21
1,3,5,0,0.8239104853247871,110
1,1,2,1,0.3528821268920085,24
0,1,4,0,1.3354456470115534,106
0,2,1,0,1.4790103272851964,30
1,1,5,0,1.1058915068362716,142
0,1,4,0,1.132104947504373,96
1,2,3,0,1.0265649894388926,71
0,2,3,0,0.17644106344600424,171
1,1,5,0,0.9851543977075232,54
0,2,5,0,0.8763373666609897,109
0,2,4,0,0.32058314257056897,20
1,2,5,0,0.17924953411828923,62
1,1,5,0,0.7763055533979261,103
0,1,2,0,1.4078916288203658,27
1,3,5,0,1.1299826722251627,116
1,1,3,0,0.2592622469087431,73
0,1,5,0,0.5411344718780743,150
1,1,3,0,0.6060588301474135,108
1,1,3,0,0.24687356651776,75
1,3,5,0,0.8501239259928884,98
1,3,4,1,0.0,13
0,3,2,0,1.3051601414271705,19
1,2,5,0,1.0024738240500013,109
0,2,4,0,0.34679658323867024,92
1,1,1,0,0.5149210312099729,139
1,1,2,0,0.5221240593243284,15
0,2,3,0,1.1735155392357424,71
1,1,1,0,0.4854305175608184,49
0,2,5,0,0.529431986880166,166
0,3,5,0,0.21165731498188212,13
0,2,1,0,1.0741699213657536,165
1,1,5,0,1.405551760456849,109
1,1,3,0,0.9375494657806622,98
1,3,3,0,1.4649679739237718,132
1,3,2,0,1.179709879431234,105
0,2,1,0,1.3251792418997805,68
1,1,5,0,0.7619033942698863,94
1,3,3,0,1.6236210087185294,40
0,3,5,0,0.3350940982407621,8
0,2,5,0,0.653554965532121,113
0,2,2,0,2.0470444352244472,7
0,2,5,0,1.2093091896225419,120
0,2,5,0,0.23236261084756682,15
1,1,1,0,1.2148173344249584,102
0,3,1,0,1.7620373499563708,99
0,2,2,0,1.140998961829996,25
0,2,1,1,1.4479749372077535,25
0,2,5,0,1.1556187140423426,132
0,3,5,0,0.37920436410226316,3
1,1,1,1,0.7530093799442631,36
0,3,5,0,0.4116121449658561,5
0,2,1,0,1.0624674363678455,113
0,3,2,0,0.5653344338091189,110
0,2,5,0,0.12963112345437156,105
0,2,1,0,1.8063652089021787,40
0,2,5,0,0.28817536170697605,10
1,2,5,0,0.2592622469087431,77
0,2,1,0,1.6995616565927019,24
0,3,3,0,0.7417754972551232,108
1,3,5,0,0.8853401775287663,73
0,3,4,0,0.6825768768725073,90
1,1,2,1,0.3641160095811484,58
0,3,5,0,1.0113678383756244,176
1,2,2,0,0.9149394877200742,81
1,1,5,0,0.6618715810068226,46
0,2,2,0,0.4771139020861168,127
1,1,5,0,0.33367924805462207,144
0,1,4,0,1.5700393296804838,114
1,2,1,0,1.57097653429802,70
1,3,4,0,0.0,76
1,3,2,0,0.7231924766686485,160
1,3,5,0,0.5102653735568309,112
0,1,2,0,0.9238335020456974,126
1,3,1,0,1.0913805511660783,76
0,2,2,0,1.2087317907716202,7
1,3,3,0,0.3888933703631147,86
0,1,2,0,2.2034663981978415,24
0,1,2,0,1.2437304492231913,16
0,2,2,0,1.4264746494068405,23
0,1,5,0,1.7001390554436233,86
1,2,2,0,1.370553102005278,31
1,1,1,0,1.6739256147755222,3
0,2,2,0,1.3147403511458686,95
1,3,3,1,0.38889337036311467,59
1,2,5,0,0.35849906823657846,98
1,3,5,0,1.1707070685634573,115
1,2,3,0,0.08822053172300212,62
1,3,2,1,0.9294504433902673,28
0,3,1,1,1.1887126902990104,56
1,2,5,0,1.0947664206892849,94
0,1,3,0,1.2587100072021526,128
1,1,4,1,0.7998193199358958,19
0,3,2,0,2.0855377597413782,20
1,2,2,0,1.8471984017826264,21
1,3,5,0,0.23236261084756682,21
0,2,5,0,0.3143888023750774,14
1,2,1,0,0.9824547235773916,94
1,3,5,0,0.22335979997979027,4
1,2,5,0,0.48625787790942665,101
1,1,1,0,1.8352783237004116,46
0,2,4,0,0.35662675445505515,8
0,2,1,0,1.0258787940458176,191
0,3,4,0,0.23236261084756682,17
1,3,5,0,0.826718955997072,43
1,3,4,1,0.5185244938174862,63
1,2,2,0,1.3616590876796548,135
1,2,5,0,1.0059684901153614,77
1,2,5,0,0.8032051894591024,113
1,3,5,0,0.9942660051174531,114
0,2,2,0,1.326442836143777,78
1,3,1,0,0.9617494277117069,81
1,1,5,0,0.8653210770561565,122
1,1,5,0,0.34102344112451083,107
1,2,5,0,1.7020437376385267,94
0,3,1,0,0.35579939410644684,9
0,2,2,0,1.7173496852439483,36
0,3,5,0,1.1674299955824041,128
1,2,5,0,0.8377352456019054,116
1,3,1,0,1.2238201452927349,101
1,2,2,0,2.1973808545445035,26
0,2,2,0,1.8442811345681882,34
1,3,2,0,0.35849906823657846,83
0,3,3,0,2.237887657798491,114
0,2,2,0,0.7707974085955094,159
1,2,3,0,0.4178064851613476,125
1,3,2,0,0.3350940982407621,85
1,3,5,0,1.2581326083512312,51
1,2,5,0,0.4116121449658561,11
1,3,3,0,1.7427681339768213,164
0,3,5,0,0.4413202516993173,181
1,1,1,0,1.046475293369349,128
1,1,3,0,0.4982616257331287,92
1,1,3,0,0.0,94
1,3,1,0,0.28220975330917614,26
1,1,2,0,0.41184087676354775,85
0,1,2,0,1.565217380271142,37
1,1,3,0,0.34748277863174526,66
1,1,2,0,2.002934169362946,16
1,2,4,0,1.09969716664078,77
0,2,3,0,1.71655469330872,27
1,2,4,0,0.31168912824494577,90
1,1,2,1,0.6701881964815242,54
0,2,5,0,0.25576758084338314,16
1,3,5,0,0.37688962253941255,165
1,3,2,0,0.5065207459937842,98
1,1,5,0,0.4619167510228487,142
1,3,1,0,0.9679437679071984,116
1,1,5,0,0.20404812460025054,49
0,2,1,0,1.0968886959684951,32
0,1,2,0,0.6383578144688529,46
0,1,2,0,1.514803977671996,137
0,2,5,0,0.32167550023092,98
1,1,3,0,0.42331462996376423,89
1,2,5,0,0.7004737020659071,123
1,2,1,0,1.3093410028856054,13
0,2,5,0,0.7742920746608694,132
1,3,1,0,0.2261682706520753,21
0,2,2,0,1.6023383140019232,23
0,2,5,0,0.3350940982407621,17
0,1,4,0,1.2265198194228666,169
1,3,5,0,0.24687356651776,94
0,3,5,0,0.8860263729218413,131
1,3,5,0,0.5088354875566348,134
0,1,3,0,0.5936701497564303,109
0,1,1,0,1.636118485651666,24
0,2,1,0,1.5671220624660454,40
1,1,5,0,1.2911177880657456,5
1,2,4,0,0.7943111751334792,57
0,2,1,0,1.8766889154317812,25
1,2,4,1,0.8826405033986346,48
1,2,4,0,0.6590631103345377,150
0,3,2,0,1.34307606709318,39
1,1,2,0,0.4413202516993173,70
0,2,3,0,0.9238335020456974,93
0,3,1,0,0.5837674475119431,181
1,1,2,1,0.7530093799442631,5
1,1,3,1,0.3060721869003758,19
0,2,1,0,1.1623904530887557,146
1,1,4,0,1.5146951811298426,126
0,2,2,0,0.1452344367849158,62
1,3,4,0,1.2472251152885514,135
0,3,5,0,0.3999096599679479,13
0,2,5,0,0.3233916132428539,16
1,1,1,0,0.38063425010245927,145
1,1,4,0,0.7881168349379877,185
0,2,2,0,1.0258787940458176,26
0,3,4,0,0.26477039171115974,10
0,3,5,0,0.3143888023750774,18
1,1,5,0,0.29987784670488427,94
0,2,1,0,1.0472702853045774,148
1,3,5,0,0.244065095845475,10
1,2,5,0,0.9645578983839919,99
1,1,3,0,1.5699305331383302,107
1,1,1,0,0.7880080383958342,89
1,3,5,0,0.8618264109907965,161
0,3,1,0,0.32058314257056897,12
0,2,5,0,1.1820831639349054,186
1,2,1,0,1.4264746494068405,186
0,3,3,0,1.0852950075127403,196
1,2,1,0,0.4764277066930418,56
1,1,5,0,0.9355359870436055,118
0,2,1,1,0.6121443738007516,19
1,2,2,0,0.3999096599679479,57
1,2,4,0,1.0645897116470555,77
0,1,1,0,0.8508101213859633,83
0,2,3,0,1.2905403892148242,39
1,3,4,0,0.42009999702420314,49
0,3,5,0,0.13513926825678818,14
1,3,2,0,0.2904688735698316,99
1,3,2,0,1.0176709751132695,150
0,2,5,0,1.1058915068362716,153
1,1,4,0,0.06481556172718578,81
0,3,2,0,1.7207355547671548,36
0,2,2,0,1.0998059631829333,37
0,3,2,0,0.9887578603150365,144
1,1,5,0,0.08822053172300212,95
1,1,1,1,0.49374713303552,23
1,3,3,0,1.4820698071819431,76
1,1,1,1,0.6233782564898915,20
0,3,4,0,0.17924953411828923,4
1,2,5,0,0.6970878325427006,135
1,1,5,0,1.806147615817872,165
1,3,2,0,0.2748655602392873,17
1,3,5,0,0.8177161451292955,121
0,3,2,0,0.8590179403185116,101
1,3,5,0,0.9735607092517684,126
1,2,4,0,0.34748277863174526,64
0,3,1,0,0.05881368781533475,96
1,3,2,0,0.7149846577361003,105
1,2,5,0,0.4206149558336326,93
1,2,5,0,1.0913805511660783,176
0,1,1,0,1.499606826608728,38
1,1,2,0,0.1820580047905742,103
1,3,4,0,1.1265968027019562,68
0,2,1,0,1.0460066910605808,31
1,3,1,0,0.2510031266480877,98
0,1,3,0,0.9970744757897381,51
1,2,4,0,0.5929414949633652,108
0,3,5,0,0.4116121449658561,6
0,3,5,0,0.3350940982407621,18
1,1,1,0,0.21785165517737368,129
1,3,5,0,1.053464625500069,109
1,3,1,1,0.17644106344600424,55
0,3,5,0,0.28817536170697605,9
1,2,4,0,0.27027853651357636,84
0,3,5,0,0.23236261084756682,24
1,1,4,0,0.23899937882438563,58
1,1,1,0,2.012514379081644,20
0,3,5,0,0.2261682706520753,12
1,3,1,0,0.7707974085955094,112
1,2,1,0,1.7297383656349314,43
0,2,3,0,1.1824095535613655,136
1,3,5,0,0.2904688735698316,76
1,3,5,0,1.0113678383756244,171
0,2,1,0,1.5390039396030406,20
1,2,3,1,0.6701881964815242,70
0,3,5,0,0.47065456457888244,112
0,1,2,0,2.0476218340753687,32
1,1,3,0,0.12963112345437156,76
0,1,1,0,1.5146951811298426,31
1,1,1,0,0.4205061592914792,93
1,1,5,0,1.637914371304416,108
0,3,5,0,0.3088806575726608,14
0,3,5,0,1.147302098567641,147
1,3,5,0,0.3492825613851663,103
0,1,1,0,1.8449673299612632,39
1,2,5,0,1.0913805511660783,88
1,3,4,0,0.8645260851209282,152
1,3,1,0,0.7383896277319166,136
1,2,5,0,0.23899937882438563,97
1,2,1,1,0.2592622469087431,21
1,3,3,0,1.0355678003066693,107
1,2,3,0,1.1120858470317632,91
1,2,5,0,0.6266553294709447,173
0,1,3,0,1.902107364164654,75
1,3,2,0,0.7198066071454419,116
1,3,2,0,0.7059818468683237,86
0,3,5,0,1.2941438518223374,116
0,1,3,0,0.8410123185829584,160
0,2,5,0,0.7612171988768114,128
1,3,5,0,0.23236261084756682,89
1,3,5,0,1.0734837259726788,90
0,3,2,0,0.7231924766686485,159
1,3,2,0,0.5584538982205524,174
1,3,3,0,1.0148625044409845,102
0,3,4,1,1.4947848771993861,63
1,2,1,0,0.2826672169045594,105
0,1,1,0,1.0671805892350337,18
0,1,2,0,0.8142214790639356,110
1,3,1,0,0.8411211151251119,126
0,2,2,0,1.122993340094443,5
0,3,1,0,0.17924953411828923,6
1,3,1,0,1.4354774602746172,32
0,3,1,0,1.1471933020254876,181
0,3,5,0,1.6820246371659169,41
0,2,3,0,0.7818136982003427,109
0,3,5,0,0.7355811570596316,77
0,1,2,0,0.899742336656806,34
0,2,1,0,1.5608189257284004,28
1,2,4,0,0.9059366768522976,129
1,1,5,0,0.8292010370428969,63
0,3,4,0,0.35299092343416183,18
0,1,1,0,2.1324564962751644,13
1,3,4,0,0.39249293586995676,74
0,2,5,0,0.244065095845475,12
0,3,5,0,0.7648680657117607,177
1,2,5,0,0.9735607092517684,63
0,3,1,0,1.241825767028288,19
1,2,5,0,0.5322404575524511,111
0,2,2,0,0.98187732472647,23
0,2,5,0,0.32058314257056897,19
0,3,2,0,1.34095379181397,96
1,1,2,0,0.4982616257331287,95
0,1,1,0,1.3320597774883467,160
1,1,1,0,0.7853083642657026,76
0,3,4,0,0.19995482998397396,17
0,3,1,0,1.314849147688022,33
1,2,4,0,0.7851995677235493,167
1,2,3,0,0.46472522169513364,98
0,1,2,0,1.5753298813985936,10
1,3,4,0,0.37369621929984653,64
1,2,4,0,0.47372803256291024,65
1,3,5,0,0.776991748791001,152
1,3,4,0,1.1438074325022811,115
1,3,1,0,0.5908616790841452,9
0,2,2,0,1.9587151069592916,34
0,3,5,0,0.8149076744570105,152
0,3,4,0,0.2764728767090679,11
0,1,1,0,1.4553877642050734,31
1,3,4,0,0.42331462996376423,91
1,3,5,0,0.5474376086157191,153
1,3,3,1,0.5653344338091189,23
1,3,5,0,0.9879628683798082,137
1,3,2,0,0.31168912824494577,85
1,3,5,0,0.5853535342817286,37
1,1,2,0,1.3907897955621944,30
0,3,4,0,0.3708877486275616,101
1,3,4,0,0.42744419009409196,147
1,2,1,0,1.3706618985474313,19
1,2,5,0,0.9824547235773916,109
1,2,2,0,0.4413202516993173,73
0,2,5,0,1.5753298813985936,132
1,1,1,0,0.9031282061800125,81
0,3,2,0,1.33184218440404,147
1,3,1,0,0.28220975330917614,101
1,2,2,0,0.5212241679476178,87
1,1,3,0,0.16458237767850667,93
0,3,5,0,1.0148625044409845,123
0,3,5,0,0.2764728767090679,13
1,3,1,0,1.2355226302906432,123
1,3,3,0,0.23899937882438563,59
1,2,2,0,1.1121946435739165,175
0,2,5,0,0.7114899916707402,137
1,3,3,0,0.3054947880494542,130
0,1,2,0,1.9241850508164886,32
1,3,4,0,0.9700660431864085,86
1,3,3,0,1.3787609209378262,95
1,2,5,0,0.49162485775631,179
1,2,5,0,0.1452344367849158,75
0,3,1,1,0.3528821268920085,11
1,3,2,0,0.08822053172300212,77
1,2,3,0,0.3254201277939667,121
0,3,1,0,1.6967531859204168,66
0,3,5,0,1.1678985978911722,155
0,2,5,0,0.44401992582944894,15
1,3,1,0,0.9059366768522976,78
1,2,1,0,1.9290070002258304,21
0,1,2,0,1.599529843329638,17
1,1,1,0,0.5295407834223195,88
1,3,1,0,0.28547568757684444,77
1,3,5,0,0.8474242518627568,112
1,2,1,1,0.5405570730271527,60
1,3,5,0,0.17924953411828923,17
0,2,4,0,0.8949203872474645,147
1,1,1,0,0.12963112345437156,78
1,2,2,0,0.7438977725343332,136
1,2,2,0,2.2791894529877075,132
0,2,3,0,1.252047064697893,145
1,1,3,0,1.0238653153087611,94
0,1,2,0,2.1532705886830024,34
1,3,3,0,1.188603893756857,74
1,1,5,0,0.9398893341441791,36
0,3,5,0,0.982563520119545,129
1,3,2,0,0.34748277863174526,87
1,2,1,0,1.4644993716150034,63
1,2,4,0,1.4969071524785962,102
0,2,5,0,0.7097990054594726,64
1,3,3,0,1.253419455484043,158
0,3,3,0,1.7166634898508732,105
0,2,5,0,0.5529457534181358,122
0,2,3,0,0.5763507234139521,117
1,3,1,0,1.0672893857771872,107
0,1,4,0,1.3636725664167113,96
1,1,3,0,0.3686305022787572,26
1,3,3,0,0.9238335020456974,104
1,1,2,0,1.7463715965843345,43
1,1,2,0,0.3619937343019384,129
1,2,1,1,0.6949655572634905,59
0,2,5,0,0.4116121449658561,4
1,1,1,0,0.18844481126970627,69
0,2,2,0,1.9407094852237385,46
0,1,1,0,0.5178382984244113,167
1,3,1,0,0.6867064370028352,56
1,2,4,0,1.0886808770359466,101
1,3,1,0,1.0053910912644397,67
0,2,1,0,0.21165731498188212,18
0,2,5,0,1.1590045835655491,119
1,1,2,1,0.48251325034638004,67
1,1,1,0,1.7352465104373478,38
1,3,5,0,0.805904863589234,94
1,2,1,0,0.04411026586150106,63
1,1,5,0,1.297529721345544,111
1,3,4,0,0.9535416087791586,124
1,3,1,0,1.0176709751132695,118
1,2,2,0,1.6560287895821224,9
1,3,2,0,0.24687356651776,64
1,3,4,0,0.9735607092517684,95
1,3,4,0,0.899742336656806,75
1,2,4,0,1.8207673680302185,72
1,2,1,0,1.7475263942861776,61
1,1,1,1,0.12963112345437156,44
0,3,2,0,1.0706752553003938,133
1,1,1,1,0.2592622469087431,24
1,3,4,0,1.57097653429802,81
1,3,4,0,0.8501239259928884,111
1,2,2,0,1.3224795677696488,107
1,3,2,0,0.9590497535815752,178
1,3,5,0,0.29098383237926106,6
1,1,1,0,1.6713347371875438,22
1,3,1,0,2.0345469582913105,86
1,3,1,0,0.2826672169045594,61
0,2,5,0,1.1505791715486942,43
1,2,5,0,0.3350940982407621,22
0,2,2,0,0.7231924766686485,140
1,1,3,1,0.5653344338091189,58
1,3,1,0,0.6266553294709447,123
1,3,4,1,0.6701881964815242,39
0,2,1,1,0.49374713303552,35
0,1,1,0,1.1611268588447592,12
0,3,1,1,0.8826405033986346,49
0,3,3,0,0.6825768768725073,97
0,3,1,0,1.9290070002258304,22
1,2,2,0,0.25857605151566815,26
1,2,2,0,1.1590045835655491,176
0,3,4,0,0.32058314257056897,14
1,1,2,1,0.6121443738007516,53
1,2,3,0,0.6033591560172817,65
0,2,2,0,1.6975481778556452,33
1,3,3,0,0.3350940982407621,100
1,3,4,1,0.6121443738007516,64
1,1,2,0,0.5473288120735658,179
1,1,1,1,0.5653344338091189,34
1,2,3,0,0.1530360934501879,103
1,3,1,0,0.7266871427340084,94
1,2,1,1,0.7998193199358958,19
0,2,1,1,0.2592622469087431,43
0,2,1,1,1.2602999910726094,37
1,3,5,0,1.0550095019283574,72
1,3,5,0,1.8235758387025034,179
1,1,3,0,1.693258519855057,149
1,1,1,0,0.7529005834021097,128
0,1,1,0,1.249924789418683,71
1,1,3,1,0.3060721869003758,20
1,3,1,0,0.35299092343416183,5
1,3,1,0,1.156196112893264,111
0,3,2,0,0.6053726347543384,142
0,3,1,0,1.500293022001803,16
1,3,3,0,1.188603893756857,128
1,1,1,1,0.49374713303552,12
1,3,1,0,0.3888933703631147,97
1,1,5,0,0.7121761870638152,41
0,3,5,0,0.1820580047905742,150
1,1,2,0,1.8793885895619127,172
1,1,5,0,0.41184087676354775,124
0,2,2,0,1.8324698530281267,37
0,2,1,0,1.7883595871666256,15
1,3,5,0,0.20779275216329718,88
1,3,4,0,0.8680207511862881,134
1,1,2,0,1.1471933020254876,151
0,3,5,0,0.8122080003268789,101
1,3,1,0,0.13513926825678818,10
1,1,3,0,0.7764143499400794,114
1,1,1,0,0.900428532049881,101
1,3,2,0,0.06481556172718578,107
1,3,1,0,0.235254751261339,177
1,1,1,0,0.8645260851209282,93
1,1,2,0,0.7356899536017849,12
1,1,1,0,0.9645578983839919,128
1,2,4,0,1.2238201452927349,118
0,3,1,1,0.3528821268920085,47
1,1,1,0,0.5501372827458508,107
1,2,4,0,1.2017424586409002,118
1,3,4,0,0.1176273756306695,44
1,1,1,1,0.6233782564898915,35
0,3,5,0,0.13513926825678818,13
1,3,4,0,0.2510031266480877,69
1,2,4,0,0.4413202516993173,75
1,1,1,0,0.8887260470519729,79
0,1,2,0,1.128610281439013,27
0,1,2,0,1.1500017726977725,100
0,3,5,0,0.21165731498188212,17
1,3,5,0,0.25576758084338314,72
0,1,2,0,1.1377218888489429,31
1,3,4,0,1.1848916346071905,75
0,2,5,0,0.41442061563814103,111
1,3,5,0,0.7680977344653779,165
1,2,4,0,1.2883093173934606,83
1,3,2,0,1.0355678003066693,118
0,3,1,0,0.8653210770561565,128
0,3,2,0,0.3998371289398457,163
0,1,1,0,1.452470496990635,116
1,2,5,0,0.3233916132428539,178
0,3,5,0,0.32058314257056897,16
0,3,5,0,0.22335979997979027,10
1,2,5,0,0.732195287536425,191
1,3,2,0,0.31168912824494577,161
0,2,5,0,0.882422910314328,143
1,3,4,0,1.3355544435537068,171
1,2,1,0,1.3988888179525893,7
1,1,5,0,0.25025943604096657,150
0,2,5,0,0.3088806575726608,13
0,1,2,0,1.7506612545849227,27
0,1,5,0,0.3240778086359289,151
1,2,2,0,2.31721417519587,100
1,3,5,0,0.805904863589234,110
1,3,5,0,0.8377352456019054,96
1,2,2,0,0.9611720288607852,18
1,1,4,1,0.6233782564898915,23
1,1,1,1,0.17644106344600424,80
0,2,5,0,0.25857605151566815,15
0,3,1,0,1.3672760290242247,25
0,3,2,0,1.806147615817872,161
1,3,5,0,0.8618264109907965,105
1,2,4,0,1.358959413549523,146
1,1,2,0,1.3609728922865798,9
0,3,5,0,0.3026863173771692,21
0,1,1,0,1.9505072880267433,18
1,1,1,0,0.8852313809866129,122
0,3,5,0,0.5102653735568309,71
0,1,3,0,1.349379203830825,34
0,3,3,0,0.9789600575120316,175
0,2,4,0,1.3706618985474313,133
1,2,4,0,0.41184087676354775,57
1,1,1,1,0.17644106344600424,13
1,2,2,1,0.6701881964815242,76
0,1,1,0,1.5645311848780672,37
1,3,2,0,0.7590949235976013,105
1,1,2,0,0.9852631942496766,21
1,2,4,0,0.34128843843625367,97
1,1,3,1,0.7998193199358958,44
0,2,2,0,2.084851564348303,36
1,3,5,0,0.28817536170697605,11
1,2,1,0,1.6821334337080704,22
1,2,2,0,1.1265968027019562,90
1,2,4,0,0.23899937882438563,39
1,1,3,1,0.38889337036311467,68
1,2,2,0,0.1530360934501879,109
1,3,1,0,1.0024738240500013,117
1,1,4,0,2.1261533595375193,110
0,3,5,0,0.35579939410644684,10
0,2,5,0,1.4429990838140903,16
1,1,2,0,0.3888933703631147,109
1,1,2,0,1.2526244635488144,90
0,3,1,0,0.7764143499400794,160
0,3,4,0,1.5644223883359136,86
1,1,5,0,0.8149076744570105,90
0,3,2,0,1.646339783321271,20
1,2,2,0,0.9679437679071984,115
1,2,5,0,1.490495219198798,132
1,1,5,0,0.9851543977075232,148
1,3,2,0,0.906045473394451,132
0,3,1,0,1.803665534772047,13
1,3,4,0,0.3233916132428539,11
0,3,5,0,0.3233916132428539,21
1,3,5,0,0.7231924766686485,126
1,2,5,0,1.0886808770359466,152
1,3,5,0,0.7176843318662318,122
1,1,2,1,0.12963112345437156,36
1,2,5,0,1.1852180242336505,94
0,2,1,0,0.8411211151251119,142
0,3,3,0,0.21965143793079475,64
0,1,2,0,1.5760160767916684,40
0,2,2,0,0.4826220468885334,142
0,3,1,0,0.2261682706520753,4
1,1,3,0,0.6474694218787829,90
0,2,5,0,0.16754704912038104,5
1,1,1,0,1.864300235040798,27
1,3,3,0,0.12137200319371615,57
1,1,2,0,0.37650468997213155,70
1,3,5,0,0.28220975330917614,105
1,3,5,0,0.6590631103345377,55
1,1,5,0,0.5584538982205524,119
0,3,5,0,0.16754704912038104,22
1,3,3,0,0.08822053172300212,95
0,2,4,0,1.5089694432431193,106
1,3,3,0,0.0,112
1,3,5,0,0.2261682706520753,17
1,3,5,0,0.40329552949115444,59
1,1,3,0,1.0003515487707912,135
0,1,3,0,1.1226335343278282,143
1,1,2,1,0.8466292599275285,31
0,3,5,0,0.23236261084756682,19
1,2,2,0,0.4413202516993173,74
1,3,4,0,0.20779275216329718,119
1,1,1,1,0.12963112345437156,37
0,3,4,0,0.5997556934097685,95
0,3,5,0,0.2764728767090679,21
1,1,1,0,0.9466610731905922,29
1,1,1,0,1.5230117966045442,125
1,3,5,0,0.26477039171115974,23
0,3,4,0,0.25576758084338314,21
1,2,5,0,0.36128630920886834,90
0,3,5,0,0.23236261084756682,12
0,2,3,0,0.8329132961925636,114
0,2,4,0,1.053464625500069,168
0,1,2,0,0.5005188720819331,139
0,2,1,0,1.0824865368404553,13
1,3,1,0,1.4809150094800998,146
0,2,3,0,2.222690506735223,89
1,3,5,0,0.32058314257056897,15
0,3,4,0,0.5419294638133025,125
1,3,5,0,0.22335979997979027,14
1,3,1,0,0.9087451475245826,103
1,2,1,0,0.9114448216547142,92
1,3,5,0,0.4502142660249405,123
0,1,4,0,0.758299931662373,116
1,2,5,0,1.2389084998138498,20
1,1,5,0,1.999439503297586,139
1,3,5,0,0.44401992582944894,4
1,2,3,0,0.439447937917794,107
1,2,2,0,0.5943563451495052,139
1,1,3,1,0.6701881964815242,71
0,2,1,0,1.3201396994061319,41
0,3,4,1,1.1887126902990104,28
1,1,1,0,0.29098383237926106,56
0,2,2,0,1.296843525952469,149
0,3,5,0,0.28817536170697605,12
1,3,5,0,0.21165731498188212,4
1,1,5,0,0.7467062432066182,175
0,3,5,0,0.5763507234139521,154
1,3,2,0,0.44304750342463617,107
0,1,5,0,1.055586900779279,120
0,2,2,0,0.48813019169095,137
1,2,2,1,0.2592622469087431,67
0,3,5,0,0.3143888023750774,12
1,1,5,0,0.3999096599679479,105
1,2,1,0,1.3347594516184784,35
1,1,1,0,0.8879310551167445,108
1,2,3,0,0.6005506853449968,125
0,2,2,0,1.285249837496714,27
0,3,4,0,0.2764728767090679,17
1,1,3,0,0.3098168144634224,78
0,3,5,0,0.3233916132428539,23
0,2,5,0,0.35299092343416183,11
1,3,5,0,0.46742489582526525,126
0,1,3,0,2.228993643472868,106
1,1,5,0,0.36128630920886834,63
0,1,1,0,1.5753298813985936,23
1,1,5,0,1.5200945293901058,82
1,3,3,0,0.35849906823657846,117
1,3,1,0,0.7467062432066182,111
0,2,2,0,1.3651537537450147,20
1,3,5,0,0.5818588682163688,164
1,1,5,0,0.7612171988768114,111
0,3,5,0,0.4116121449658561,15
0,2,5,0,1.0410759451090859,119
1,1,5,0,0.8328044996504103,113
0,2,2,0,1.8827744590851192,41
1,2,5,0,0.73500375820871,100
1,2,1,0,0.5322404575524511,64
1,3,3,0,1.1411077583721494,115
0,3,4,0,0.367501879104355,18
1,1,3,1,0.8826405033986346,25
1,2,2,0,1.4967983559364428,23
1,1,3,0,0.9287642479971924,147
0,2,2,0,0.9466610731905922,29
0,1,1,0,1.5401136298627156,103
0,3,1,0,0.9768377822328216,92
1,1,2,0,0.6867064370028352,32
0,3,5,0,0.16754704912038104,11
1,3,2,0,1.4491934240095818,41
0,3,5,0,0.898243816729179,156
0,2,2,0,2.117259345211896,28
0,3,3,0,0.6260779306200231,135
1,2,5,0,1.2734385559566526,64
0,3,1,0,0.3350940982407621,15
1,1,1,1,0.38889337036311467,4
0,3,1,0,1.3379277280573783,143
1,3,5,0,1.1154717165549697,181
1,3,5,0,1.053464625500069,78
1,1,4,0,1.4710535175771098,67
1,2,1,0,0.7590949235976013,124
1,1,3,0,0.3350940982407621,89
1,3,2,0,0.9969656792475847,78
1,1,2,0,0.6501690960089145,50
0,3,5,0,0.32058314257056897,20
1,2,1,0,0.1530360934501879,164
0,2,5,0,0.32058314257056897,9
1,1,1,1,0.5653344338091189,17
0,3,4,0,0.2261682706520753,9
1,3,4,0,0.6653662470721826,151
0,3,1,0,1.8209849611145252,43
1,1,3,0,0.6232694599477382,131
0,3,1,0,0.23899937882438563,53
1,2,3,0,1.0321819307834628,160
0,3,2,0,0.729001884296859,104
1,3,1,0,0.3233916132428539,7
0,3,5,0,0.3143888023750774,9
0,2,2,0,2.064255065024772,23
1,2,1,1,0.2592622469087431,29
1,3,2,1,0.3641160095811484,52
0,1,2,0,1.5994210467874848,18
0,3,5,0,0.3026863173771692,14
1,3,4,0,0.9031282061800125,113
0,1,1,0,2.276598575399729,20
0,2,1,0,1.4553877642050734,22
1,3,3,0,0.19444668518155733,119
1,1,1,1,0.7530093799442631,36
1,1,2,0,0.5123301536219946,64
1,3,2,0,0.9915663309873215,66
0,3,4,0,0.3999096599679479,8
1,3,3,0,0.27027853651357636,105
1,1,4,1,1.1058915068362716,36
1,3,4,0,1.0762921966449637,142
1,1,1,0,1.2796328961521442,92
0,3,5,0,0.3999096599679479,13
0,3,2,0,2.281997923659992,174
1,1,3,0,0.19995482998397396,115
0,2,1,0,1.9290070002258304,7
1,1,2,0,0.6384666110110062,162
1,3,2,0,0.34128843843625367,51
1,3,1,0,1.1204024625064648,121
1,1,3,0,0.979068854054185,73
1,2,1,0,1.856201212650403,43
1,3,4,0,0.21965143793079475,63
1,3,4,0,0.3853987042977547,90
1,2,1,1,0.9294504433902673,33
0,2,5,0,0.8791458373332748,105
0,3,1,1,1.1306688676182377,17
0,2,2,0,2.134469975012221,163
1,1,2,0,0.8942341918543895,98
1,2,4,0,0.06481556172718578,85
1,3,3,0,2.008910916474131,142
1,2,3,0,0.900428532049881,170
0,3,4,0,0.506135813426503,129
1,3,2,0,0.9617494277117069,84
1,3,2,0,0.1452344367849158,110
0,2,1,0,1.0824865368404553,110
1,1,1,1,0.7530093799442631,72
1,3,2,0,0.27027853651357636,98
1,1,5,0,0.9204476325224908,112
0,2,4,0,0.5433655436994377,71
0,1,2,0,1.4444802711423936,30
1,3,5,0,0.9293416468481139,141
0,2,2,0,1.6824598233345305,17
0,3,4,0,0.8529323966651734,133
1,1,4,0,0.8003967187868174,125
0,3,3,0,0.8944991891661322,76
1,1,5,0,0.2904688735698316,64
0,1,1,0,1.3679622244172998,15
1,3,5,0,0.367501879104355,9
0,3,5,0,0.9762603833819,112
1,1,4,0,0.37688962253941255,22
1,1,5,0,0.9501557392559521,139
0,3,4,0,0.3233916132428539,16
1,3,5,0,0.35299092343416183,11
1,2,5,0,1.0411847416512392,183
1,3,5,0,0.805904863589234,134
0,3,5,0,0.3999096599679479,10
1,1,5,0,0.43220864428938743,77
1,3,1,0,0.7176843318662318,90
1,3,4,0,1.270738881826521,94
0,3,1,0,1.405083158148081,133
1,1,2,0,0.5970560192796368,82
1,3,4,0,1.2176258050972435,87
0,1,5,0,1.3030378661479605,172
1,3,5,0,0.859126736860665,158
1,1,4,0,0.8093995296545939,143
0,2,3,0,1.6996704531348552,93
1,3,5,0,0.2261682706520753,9
0,2,4,0,0.3026863173771692,15
0,3,5,0,0.367501879104355,22
0,1,4,0,1.2932400633449557,127
1,3,2,0,1.9621009764824981,32
0,3,5,0,0.32058314257056897,23
1,1,1,1,0.5405570730271527,37
1,2,2,1,0.5653344338091189,21
1,3,5,0,0.7529005834021097,192
1,3,1,0,1.238331100962928,137
0,3,5,0,0.45370893209030044,156
1,2,4,0,0.0,71
1,3,2,0,0.21785165517737368,92
1,1,3,1,0.2592622469087431,44
0,3,3,0,0.42009999702420314,132
0,3,1,1,0.2592622469087431,38
1,1,1,0,0.4178064851613476,45
0,1,1,0,1.4140859690158574,34
1,3,2,1,0.7169981364731569,67
0,2,1,0,2.0235306686864774,27
1,1,2,0,0.06481556172718578,101
1,2,1,0,0.44401992582944894,9
1,2,5,0,1.6381319643887227,105
1,3,3,0,2.0585293271380483,113
0,2,2,0,0.48813019169095,112
1,2,3,0,0.27027853651357636,88
1,3,5,0,0.3350940982407621,7
0,3,1,0,0.21165731498188212,17
0,3,1,0,1.5241665943063873,22
1,3,5,0,0.1452344367849158,155
1,3,4,0,0.8797232361841962,155
1,3,3,0,1.2176258050972435,129
1,1,3,0,0.1820580047905742,89
0,2,2,0,1.6752528981195038,86
0,1,5,0,0.7970108492636108,163
1,3,1,0,0.3962375634330035,115
0,2,5,0,1.0238653153087611,129
0,2,5,0,1.2622046732675127,154
0,3,3,0,0.43570331035474735,119
0,2,1,0,1.2168308131620151,31
0,1,3,0,1.0410759451090859,155
1,3,3,0,0.7880080383958342,116
1,1,5,0,1.3443396613371765,57
0,2,1,0,1.3141629522949472,22
1,2,1,0,0.7859945596587776,126
1,3,5,0,0.12963112345437156,50
1,3,3,0,1.1086999775085566,65
1,3,1,0,0.2826672169045594,92
1,2,4,0,0.16754704912038104,15
0,3,4,0,2.134469975012221,196
1,3,5,0,0.27027853651357636,73
1,3,5,0,0.506135813426503,144
0,3,1,0,1.81468182437688,19
1,3,5,0,0.9583635581885004,94
1,1,5,0,0.6418524805342128,80
0,3,5,0,0.33367924805462207,106
1,3,5,0,0.9769465787749749,129
0,3,4,0,0.4826220468885334,175
1,2,2,0,1.5534060987310805,10
1,1,2,0,0.7267959392761618,145
1,3,3,0,0.565334433809119,65
1,2,1,0,0.9355359870436055,111
1,3,3,0,1.1590045835655491,119
1,3,4,0,0.43851178102703237,112
0,1,4,0,1.3525474802697248,93
0,1,2,0,1.3706618985474313,19
0,2,1,1,0.48251325034638004,12
1,1,1,0,1.3290337137317552,84
1,2,5,0,0.5653344338091189,80
1,3,2,0,0.1530360934501879,78
0,2,3,0,0.6026729606242068,104
0,1,2,0,1.6472435717986527,11
0,2,3,0,1.0589727703024856,118
0,3,5,0,0.3026863173771692,5
0,2,1,0,1.6884365704457152,22
1,2,5,0,0.6122531703429049,164
1,3,1,0,1.0417621405021606,92
1,2,5,0,0.5467514132226442,99
1,1,4,1,0.43570331035474735,32
1,2,1,0,0.9858405931005981,120
1,3,2,0,0.16473857844809606,76
1,1,4,0,0.43782558563395735,121
0,3,4,0,0.29098383237926106,16
1,2,4,0,0.08642074896958103,31
0,2,4,0,0.32058314257056897,147
1,1,5,0,0.5033273427542181,60
1,2,2,0,2.094540570609155,28
0,2,2,0,1.0237565187666076,154
0,2,1,0,2.17937523280895,37
1,3,2,0,0.8349267749296203,124
1,1,2,0,0.4413202516993173,79
1,1,5,0,1.4022746874757959,131
1,3,3,0,1.0211656411786294,135
0,3,5,0,0.3350940982407621,22
0,3,5,0,0.7998193199358958,104
1,1,1,0,0.31168912824494577,86
1,3,3,0,0.1530360934501879,111
1,1,5,0,0.5087266910144814,21
0,3,5,0,0.932150117520399,122
0,3,5,0,1.1500017726977725,133
1,1,2,0,1.4814924083310215,34
1,2,4,1,0.6701881964815242,57
1,3,1,1,0.49374713303552,8
0,3,5,0,0.3088806575726608,11
0,3,4,0,0.25576758084338314,22
0,2,2,0,1.3086548074925304,25
1,3,5,0,1.2238201452927349,110
0,2,1,0,0.13513926825678818,13
1,3,2,0,1.2962661271015474,58
1,3,2,1,0.9294504433902673,31
0,1,2,0,1.996631032625301,14
1,1,2,0,1.0645897116470555,40
0,3,5,0,0.22335979997979027,12
1,1,2,0,0.3350940982407621,109
0,3,2,0,1.7442493213051244,21
1,3,3,0,0.42331462996376423,110
1,1,3,0,1.670430948710162,175
0,2,5,0,1.2617360709587444,151
0,1,3,0,1.5761248733338218,88
0,3,5,0,0.367501879104355,6
1,2,5,0,0.6701881964815242,131
0,2,3,0,0.5341278071480305,105
0,2,4,0,0.9501557392559521,140
0,3,1,1,1.012271626853006,39
0,2,3,0,0.5005188720819331,83
0,2,5,0,0.9376582623228156,159
1,3,1,0,0.8060136601313874,82
0,2,1,0,0.8617176144486431,153
1,3,2,0,1.9022161607068075,118
1,2,2,0,1.1107134562456134,127
1,2,5,0,0.1820580047905742,109
1,2,5,0,1.129296476832088,91
0,1,1,0,1.3843778622823961,37
1,2,1,0,0.779114024070211,106
0,3,4,0,0.0,101
1,2,3,0,0.1530360934501879,102
1,1,1,1,0.17644106344600424,25
1,1,2,0,1.1914123644291421,134
1,1,1,0,0.4670549990720403,4
1,2,5,0,0.900428532049881,121
0,3,5,0,0.23236261084756682,7
1,3,1,0,1.0886808770359466,99
1,2,5,0,0.855632070795305,82
1,3,4,0,1.2644357450888761,107
0,2,2,0,1.326442836143777,22
0,3,1,0,0.4116121449658561,18
1,2,1,0,1.2170484062463218,33
0,3,5,0,0.25857605151566815,24
0,3,4,0,0.28817536170697605,9
1,3,2,0,1.1735155392357424,109
1,3,2,0,0.5239238420777494,155
1,3,3,0,0.9142532923269993,149
0,2,2,0,1.740863451781918,51
1,2,5,0,0.35299092343416183,15
1,3,5,0,0.37650468997213155,147
1,2,1,0,1.1527014468279042,24
1,3,2,0,1.164512728367966,84
0,2,5,0,0.33367924805462207,74
0,3,5,0,0.19995482998397396,14
0,3,1,0,1.1140993257688199,28
0,2,2,0,1.1052053114431966,26
1,3,1,1,0.6121443738007516,57
0,2,5,0,0.7527917868599563,147
1,1,1,0,0.7763055533979261,96
0,2,2,0,1.3374591257486101,33
0,2,4,0,1.782165246971134,85
0,2,4,0,0.6935931664773405,87
1,3,5,0,0.9528554133860836,120
1,3,5,0,0.1820580047905742,102
1,3,2,0,0.08822053172300212,109
1,3,4,0,0.7438977725343332,119
1,1,2,0,1.6023383140019232,94
1,3,4,0,0.47065456457888244,93
1,2,5,0,1.0445706111744457,91
1,2,2,0,2.0476218340753687,34
1,1,1,1,0.3528821268920085,56
0,2,4,0,0.37920436410226316,11
0,3,4,0,0.27027853651357636,18
1,1,5,0,0.655677240811331,106
1,1,3,1,0.0,19
0,1,3,0,1.0382674744368008,132
1,3,5,0,0.9383444577158906,92
1,3,3,0,1.1528102433700576,116
0,2,3,0,0.6294638001432298,103
1,2,1,0,1.7517709448445977,155
1,2,1,0,1.2438392457653447,21
1,3,1,1,0.2592622469087431,20
1,2,4,0,1.9586063104171383,75
0,3,1,0,0.7461288443556966,184
1,3,5,0,0.17924953411828923,3
0,2,1,0,0.8053274647383124,36
1,2,5,0,1.0761834001028103,149
0,1,2,0,1.2404533762421381,23
1,3,5,0,0.2666064399786319,90
0,3,5,0,0.2261682706520753,15
1,1,1,0,0.7266871427340084,115
1,1,4,0,0.5102653735568309,116
1,2,1,0,1.2022110609496686,94
1,1,5,0,1.3058463368202455,103
1,3,5,0,0.8742150913817797,145
1,3,2,0,0.8322271007994887,72
0,2,3,0,0.6405888862902164,164
0,3,2,0,1.8261667162904818,130
1,3,3,0,1.1618130542378342,120
0,1,1,0,2.1442677778152257,20
0,2,2,0,1.1618130542378342,156
1,3,1,0,0.7943111751334792,128
0,3,1,0,1.3445572544214834,27
0,3,5,0,0.5920265677725985,118
1,3,1,0,1.5436082959280757,102
1,1,1,0,1.6885453669878685,15
1,2,1,0,1.0176709751132695,80
0,3,5,0,0.7445839679274081,136
0,2,2,0,1.8264931059169418,39
0,2,4,0,0.5525608208508547,56
0,3,5,0,0.0,141
1,1,2,1,0.17644106344600424,38
1,3,5,0,0.6735740660047308,92
0,3,1,0,0.27027853651357636,14
1,2,1,0,1.0734837259726788,112
0,3,5,0,0.5997556934097685,139
1,3,5,0,1.0059684901153614,88
1,1,4,0,0.33367924805462207,106
0,1,5,0,1.5027751030476277,79
1,2,2,0,1.8345921283073365,25
1,1,5,0,0.2748655602392873,109
1,3,2,0,0.6762737401348624,149
1,2,3,0,1.0059684901153614,162
0,3,4,0,0.32058314257056897,10
1,3,1,1,0.12963112345437156,6
0,3,5,0,0.13513926825678818,18
1,3,5,0,0.7445839679274081,138
1,2,4,0,0.15584456412247288,52
1,3,5,0,0.25857605151566815,24
0,3,2,0,1.5293149333421892,26
0,3,1,0,0.3999096599679479,11
1,3,1,0,0.3999096599679479,6
1,2,5,0,0.5557542240904207,95
1,3,1,0,0.3233916132428539,3
0,3,5,0,0.35579939410644684,10
1,3,4,0,0.9762603833819,84
0,2,2,0,1.620235139195323,31
1,3,2,0,1.358959413549523,95
1,1,1,1,0.43570331035474735,40
0,3,1,0,0.9618582242538603,83
1,3,5,0,0.8473154553206035,93
0,3,1,0,1.597625161134735,26
0,3,1,0,2.0386190232075925,17
1,3,5,0,1.037581279043726,126
0,2,5,0,0.2764728767090679,11
1,1,3,1,0.5185244938174862,37
1,1,2,1,1.2355226302906432,50
0,2,3,0,0.3240778086359289,146
1,3,4,0,0.7529005834021097,87
1,3,5,0,0.3233916132428539,13
1,2,5,0,1.384595455366703,90
1,2,5,0,0.42009999702420314,100
0,1,1,0,1.4856732697894561,42
0,3,1,0,0.44401992582944894,9
1,2,4,0,1.2441990515319594,177
1,2,3,0,0.08822053172300212,114
0,3,1,0,0.2592622469087431,62
1,3,5,0,0.43840298448487897,43
1,2,5,0,0.2748655602392873,132
1,3,1,0,1.222447754506585,9
1,1,1,0,1.8165865065717834,127
1,1,1,1,0.2592622469087431,18
0,3,4,0,0.23899937882438563,53
1,1,5,0,0.27027853651357636,75
0,1,2,0,1.2969523224946222,32
1,1,2,0,0.3350940982407621,80
0,3,2,0,1.0963112971175735,25
1,3,4,0,0.3026863173771692,11
1,1,2,1,0.17644106344600424,33
0,2,2,0,1.09969716664078,42
1,2,3,0,0.24687356651776,117
0,1,2,0,2.105556860213988,22
1,3,4,0,0.46541141708820866,107
0,2,4,0,1.502415297281013,35
0,3,1,1,0.5185244938174862,51
0,3,1,0,0.13513926825678818,16
0,2,1,0,0.7059818468683237,160
1,3,1,0,1.0438844157813707,128
0,3,1,0,0.7679889379232245,185
1,3,4,0,0.6915796877402839,129
1,2,3,0,0.1820580047905742,78
0,2,5,0,0.85282360012302,178
0,2,2,0,1.9092054928375273,18
1,2,1,0,0.564648238416044,157
1,2,4,0,1.8635052431055699,62
1,1,4,1,0.8466292599275285,48
0,3,5,0,0.44401992582944894,14
0,3,4,0,0.37920436410226316,7
1,3,4,0,0.565334433809119,44
0,3,2,0,1.4258972505559189,25
1,2,1,0,1.0645897116470555,110
1,3,4,0,0.9438526025183072,92
1,3,3,0,1.1769014087589489,119
1,2,1,0,1.9704175919571998,11
1,3,5,0,0.3999096599679479,15
0,3,4,1,0.12963112345437156,27
0,3,5,0,0.2261682706520753,24
0,3,1,0,0.8674433523353666,128
0,2,3,0,1.341639987207045,105
0,2,2,0,1.156196112893264,162
1,1,3,0,1.9022161607068075,80
1,2,3,0,1.2498159928765296,77
1,2,2,1,0.5653344338091189,72
1,3,5,0,0.3088806575726608,8
0,3,5,0,0.8942341918543895,158
1,2,1,0,2.044235964552162,41
1,2,4,0,1.0609862490395423,82
1,1,2,1,0.8466292599275285,37
1,2,5,0,0.7734970827256411,94
0,3,5,0,0.4206149558336326,23
1,1,1,1,0.38889337036311467,23
0,1,1,0,1.3140541557527938,36
0,3,5,0,0.3233916132428539,11
0,3,4,0,0.3240778086359289,85
1,1,5,0,0.6467832264857079,37
1,1,3,0,1.4197029103604275,67
0,3,1,0,1.9029023560998823,24
1,3,5,0,0.367501879104355,18
1,3,4,0,0.776991748791001,98
1,3,2,0,0.37650468997213155,77
0,2,2,0,1.285249837496714,6
0,3,3,0,0.9266419727179823,121
0,3,4,0,0.8646348816630816,118
1,2,5,0,0.42331462996376423,87
1,1,3,0,0.7970108492636108,109
1,3,3,0,1.1113996516386881,150
0,3,1,0,0.29098383237926106,10
0,1,1,0,1.5561057728612122,117
1,3,4,0,0.6418524805342128,107
0,2,5,0,0.8886172505098195,157
0,2,1,0,1.5562145694033656,10
1,3,5,0,0.9417303272390971,165
0,3,1,0,1.5058011668042195,3
0,2,1,0,1.5064873621972943,37
1,2,5,0,0.06481556172718578,78
1,1,5,0,0.538543594290096,64
0,1,1,0,1.8531751488938113,43
1,3,4,0,0.39371531977245633,142
0,3,1,0,0.16754704912038104,8
1,2,1,0,0.23899937882438563,122
0,3,4,0,0.37920436410226316,10
1,1,5,0,1.2086229942294668,80
0,1,1,0,1.9326104628333436,19
0,3,1,0,1.5058011668042195,28
1,3,4,0,0.353027188948213,85
1,3,1,0,1.067975581170262,81
1,1,3,0,0.06481556172718578,73
0,1,2,0,0.8797232361841962,89
0,3,5,0,0.659171906876691,177
0,2,3,0,1.0120540337686994,91
0,2,1,0,1.0964200936597268,126
1,2,2,1,0.12963112345437156,29
1,1,1,1,0.2592622469087431,24
1,3,2,0,0.5474376086157191,153
1,2,1,0,0.2261682706520753,4
1,3,5,0,0.9383444577158906,168
0,3,1,0,0.37920436410226316,14
0,1,5,0,0.5005188720819331,163
0,1,5,0,0.72938681686414,122
0,2,1,0,1.3849552611333176,6
1,1,1,1,0.7530093799442631,16
0,2,5,0,1.2556505273054062,133
0,3,3,0,1.3415311906648917,25
1,1,2,0,1.3644675583519397,36
1,2,2,0,0.35849906823657846,95
1,1,2,0,0.46472522169513364,85
1,3,3,0,0.291670027772336,62
0,2,5,0,0.3999096599679479,21
0,3,1,0,1.6320464207353844,38
0,2,5,0,1.0438844157813707,157
1,3,5,0,0.37920436410226316,15
0,2,3,0,0.6467832264857079,162
1,3,5,0,0.34679658323867024,10
0,2,5,0,0.8025189940660273,142
1,3,3,0,1.5457305712072857,108
0,3,2,0,1.9814338815620332,88
1,3,2,0,0.2592622469087431,101
1,2,1,0,0.17644106344600421,96
1,3,3,0,1.2796328961521442,93
1,3,5,0,0.8880398516588979,190
1,3,5,0,0.26477039171115974,6
1,1,2,0,1.559274049300112,56
1,1,2,0,0.20404812460025054,12
1,3,1,0,0.9031282061800125,141
1,3,4,0,0.3962375634330035,93
1,1,2,0,0.2385569510430584,158
0,2,2,0,2.211783013672543,31
1,2,5,0,1.0445706111744457,128
1,1,3,1,0.6233782564898915,75
1,3,4,0,0.441211455157164,48
1,2,2,0,1.2086229942294668,119
1,1,2,0,1.8416902569802098,33
1,2,1,0,1.8593694890893029,25
1,1,4,1,0.6121443738007516,22
0,3,1,1,1.083858927626605,35
1,2,2,0,0.2592622469087431,82
1,2,1,0,1.5905270324618617,99
0,3,5,0,0.3233916132428539,16
1,3,2,1,0.3528821268920085,27
1,2,1,0,1.8374005989796216,167
1,3,1,0,0.16754704912038104,6
1,1,3,1,0.5405570730271527,84
0,1,2,0,1.6264294793908145,22
1,3,5,0,0.06481556172718578,109
1,2,1,0,0.7328814829295,105
1,2,1,0,0.6293550036010763,127
1,2,5,0,0.9583635581885004,149
0,2,2,0,0.6617627844646692,185
1,2,1,0,1.8083786876392354,12
0,2,1,0,2.1910777178068583,33
1,3,3,0,1.3058463368202455,100
0,2,4,0,0.9852631942496766,97
1,1,1,1,0.17644106344600424,30
0,2,2,0,1.909096696295374,17
0,3,5,0,0.16754704912038104,4
1,1,2,1,0.9294504433902673,30
0,1,1,0,0.7674115390723029,12
0,2,4,0,0.19995482998397396,16
1,2,5,0,0.8356129703226952,129
1,3,3,0,1.1237883320296713,95
1,3,4,0,0.9583635581885004,111
1,3,3,0,0.31168912824494577,106
1,3,1,0,0.10202406230012527,111
1,3,4,0,0.24687356651776,73
1,2,5,0,0.7680977344653779,115
0,3,5,0,1.0321819307834628,121
1,2,4,0,0.26286181241558526,177
1,3,1,1,0.6949655572634905,79
1,1,2,1,0.2592622469087431,59
1,3,5,0,1.0321819307834628,86
0,1,1,0,1.2886357070199208,16
0,3,5,0,0.17924953411828923,8
1,2,3,0,0.3853987042977547,136
1,1,3,0,0.9142532923269993,129
1,2,4,0,1.2320279642252832,149
1,2,4,0,0.47361923602075684,113
0,3,5,0,0.3350940982407621,22
1,3,1,0,1.012162830310853,90
1,1,1,1,0.49374713303552,14
0,2,4,0,1.4317652011249504,108
1,1,2,0,0.37650468997213155,65
1,3,4,0,0.0910290023952871,98
1,1,3,0,0.43570331035474735,102
0,3,5,0,0.25857605151566815,10
1,3,3,0,0.8914257211821045,100
0,3,1,0,0.40880367429357106,110
1,1,3,1,0.7530093799442631,17
1,1,2,0,0.9438526025183072,90
0,2,5,0,0.2764728767090679,10
1,3,5,0,0.9411529283881755,83
1,1,2,1,0.49374713303552,27
0,1,5,0,0.12963112345437156,117
1,2,5,0,0.2764728767090679,17
1,1,4,1,0.3641160095811484,30
0,3,1,0,1.5354004769955274,20
1,2,5,0,0.13513926825678818,18
0,1,4,0,1.569135541203102,97
0,1,1,0,1.7587602769753174,31
1,2,2,0,1.4030696794110242,150
0,3,2,0,0.19444668518155733,130
1,1,2,1,0.17644106344600424,19
0,3,5,0,0.367501879104355,18
1,1,2,0,0.5267323127500345,118
1,3,5,0,0.9583635581885004,128
0,1,1,0,1.6497256528444775,8
1,3,4,0,0.5726786268790077,67
1,3,1,0,0.9003197355077277,112
0,3,2,0,1.6994528600505485,17
1,1,4,0,0.6618715810068226,69
1,1,1,1,0.6701881964815242,29
1,1,5,0,1.3678534278751462,106
1,3,2,0,1.5230117966045442,13
1,1,4,0,1.0762921966449637,143
1,2,2,0,0.24125662517319002,103
0,1,1,0,1.5676994613169668,23
0,1,1,0,1.8566698149591714,29
1,1,2,0,0.3888933703631147,80
0,1,2,0,1.608641450739568,129
1,1,1,1,0.7530093799442631,9
1,3,5,0,0.47023336649755026,100
1,1,2,0,0.6867064370028352,102
0,1,5,0,0.5763507234139521,129
0,2,5,0,0.703282172738192,189
0,2,1,0,0.4191850698334365,85
0,2,5,0,1.3527650733540315,20
0,3,4,0,2.038510226665439,81
1,1,4,0,0.9438526025183072,112
1,3,1,0,1.067975581170262,134
1,3,3,0,1.367058435939918,112
1,1,1,1,0.38889337036311467,17
1,3,5,0,0.24125662517319002,50
1,2,2,0,1.358959413549523,154
0,3,2,0,1.2850322444124074,34
1,2,2,0,0.2748655602392873,37
0,2,1,0,1.037581279043726,10
0,2,4,0,2.0552522541569953,92
1,2,4,0,0.13513926825678818,90
0,2,1,0,0.5936701497564303,21
0,3,4,0,0.06481556172718578,96
0,3,5,0,0.866892128011886,77
1,3,1,0,0.42009999702420314,34
1,2,5,0,1.059081566844639,174
1,2,5,0,0.8769147655119113,180
0,1,5,0,0.37650468997213155,133
1,2,5,0,0.29098383237926106,18
1,1,4,0,1.3911496013288092,43
0,1,2,0,1.9089878997532206,32
0,3,5,0,0.3143888023750774,12
1,1,4,0,0.5846823747027098,78
0,1,1,0,2.429634668849917,32
1,2,2,0,0.6177613151453216,35
1,3,3,0,0.9624356231047818,159
0,2,3,0,1.0729063271217572,171
0,3,2,0,1.8650952269760264,14
1,1,3,0,1.1438074325022811,141
0,1,1,0,1.72566630071865,29
1,2,5,0,1.1672124024980974,150
1,3,1,0,1.3588506170073698,30
1,3,3,0,0.3944015151655313,115
1,2,1,0,2.1710586173342485,36
0,3,4,0,0.9094313429176575,129
0,3,1,0,0.13513926825678818,17
0,3,1,0,1.844498727652495,31
0,1,1,0,1.7381637776517864,24
1,3,3,0,0.08822053172300212,104
1,2,3,0,0.17644106344600424,101
1,3,4,0,0.3233916132428539,90
0,2,2,0,1.2196392838343,38
0,2,5,0,1.2914441776922059,140
0,1,5,0,1.6203439357374763,114
1,2,5,0,0.9976518746406596,156
1,1,5,0,0.7880080383958342,131
1,3,5,0,0.2764728767090679,125
1,2,1,0,1.4057693535411557,118
1,2,1,0,0.28817536170697605,67
1,1,4,1,0.6949655572634905,52
1,1,5,0,0.776991748791001,136
1,2,4,0,0.6887712170679989,137
1,2,4,0,0.23236261084756682,7
1,3,2,0,0.4826220468885334,110
1,3,2,0,1.4683538434469783,44
1,2,4,0,0.4633103715089937,72
1,3,5,0,0.5998644899519219,76
1,2,4,1,1.059081566844639,57
0,2,1,0,1.3417487837491984,45
1,2,3,0,0.6680659212023142,154
0,3,4,0,0.26477039171115974,8
1,2,2,0,0.31168912824494577,102
1,1,5,0,0.7266871427340084,87
1,3,2,0,0.47023336649755026,95
1,1,2,0,0.17644106344600421,128
0,3,2,0,1.3526562768118782,31
0,3,1,1,0.8714066207094947,57
0,1,1,0,1.6830372221854522,14
1,3,4,0,0.21785165517737368,86
0,2,2,0,1.1707070685634573,32
0,2,5,0,1.1914123644291421,132
0,3,1,1,0.43570331035474735,12
0,3,4,0,0.13513926825678818,11
1,3,1,0,0.34679658323867024,12
1,1,3,1,0.9294504433902673,17
1,2,5,0,0.903237002722166,163
0,1,4,0,1.2382223044207747,120
1,1,2,0,0.8825317068564813,96
1,2,5,0,0.5467514132226442,131
0,2,5,0,1.0769783920380387,173
1,3,1,0,1.7958812107060989,139
1,1,5,0,0.5474376086157191,65
0,2,3,0,0.8232242899317121,149
1,3,1,0,2.0007030975415825,27
1,2,1,0,1.8787023941688377,17
1,1,5,0,0.8763373666609897,58
0,3,3,0,0.73500375820871,94
1,2,2,0,0.2666064399786319,31
0,3,2,0,1.8469808086983197,12
0,3,1,0,2.3964318960510957,75
1,3,5,0,0.899742336656806,111
1,3,3,0,0.24687356651776,104
1,2,1,0,0.9142532923269993,32
1,3,4,0,0.9031282061800125,68
1,3,5,0,0.8680207511862881,104
1,2,2,1,0.5653344338091189,34
1,1,1,0,0.26286181241558526,20
1,3,3,0,0.36128630920886834,104
1,2,5,0,0.5908616790841452,142
1,1,2,1,0.6701881964815242,15
1,3,5,0,1.1707070685634573,117
0,3,5,0,0.8466292599275285,163
0,3,2,0,1.5065961587394479,7
1,2,4,0,1.2734385559566526,129
1,1,2,1,0.9294504433902673,31
0,3,5,0,0.3648858747157105,110
0,1,5,0,1.1085911809664033,119
1,1,1,0,0.9115536181968676,113
1,3,1,0,1.3504252049905148,47
0,3,1,0,0.21165731498188212,13
1,2,3,0,0.24725849908504105,99
1,2,2,0,1.3079686120994556,28
1,1,5,0,1.0141763090479095,31
0,2,5,0,1.0561642996302005,111
0,3,5,0,0.9762603833819,121
0,2,2,0,1.0901169569220819,20
1,1,2,0,0.4413202516993173,75
1,2,2,0,0.9610632323186319,77
1,2,1,0,1.1382992876998645,152
1,2,4,1,0.6233782564898915,43
1,2,1,0,0.9852631942496766,120
1,2,3,0,0.9231473066526223,162
0,2,1,1,1.083858927626605,53
1,2,5,0,1.8648776338917195,122
1,3,5,0,0.9673663690562768,87
1,3,3,0,0.38201283477454817,178
0,3,5,0,0.5176095666267196,94
0,2,1,1,0.8466292599275285,46
1,1,2,1,0.43570331035474735,27
0,3,1,0,0.23236261084756682,19
1,1,1,0,0.6763825366770158,127
0,1,2,0,1.1322137440465263,30
1,3,5,0,0.36188493775978503,73
1,3,4,0,1.1852180242336505,139
0,1,5,0,1.6996704531348552,120
0,3,3,0,0.8466292599275285,100
1,3,5,0,1.114894317704048,87
0,1,1,0,1.3444484578793299,77
1,1,1,0,0.9769465787749749,144
0,2,5,0,0.19444668518155733,135
0,1,1,0,1.812090946788902,18
0,2,5,0,1.141685157223071,151
0,1,2,0,1.8379779978305433,45
1,3,1,1,0.5653344338091189,52
0,1,4,0,1.319779893639517,44
1,3,1,1,0.8826405033986346,53
1,1,2,0,0.3350940982407621,81
1,2,1,0,1.053464625500069,135
0,2,3,0,1.7967849991834806,167
1,1,1,0,1.4051919546902343,15
0,3,5,0,1.0383762709789541,147
1,2,5,0,0.6529775666811994,112
1,1,5,0,0.27027853651357636,71
1,2,3,1,0.43570331035474735,71
1,1,2,0,0.2592622469087431,70
1,1,4,0,0.6797684062002223,92
1,3,5,0,0.7467062432066182,126
1,3,5,0,1.8904048791667458,117
0,3,5,0,0.25576758084338314,17
1,2,5,0,1.053464625500069,144
1,2,2,0,0.1530360934501879,72
0,2,1,0,2.3503081514525377,16
1,3,4,0,0.06481556172718578,94
1,2,2,0,0.21785165517737368,98
1,1,4,0,0.9266419727179823,113
1,3,1,0,0.37920436410226316,19
0,2,2,0,1.752565936779826,16
1,3,4,0,0.4945169981700821,107
0,2,3,0,0.5204291760123895,166
0,1,3,0,0.7355811570596316,190
1,1,2,1,0.6701881964815242,59
1,2,1,1,0.17644106344600424,43
1,1,1,0,0.8328044996504103,141
0,2,1,0,1.9002026819697508,28
1,3,5,0,0.5088354875566348,96
1,2,5,0,0.6763825366770158,171
1,3,4,0,0.8790370407911213,117
0,1,3,0,1.8737716482173425,165
0,3,3,0,0.7455201248181699,105
1,2,2,0,0.2592622469087431,84
1,3,5,0,0.7231924766686485,108
1,1,1,0,0.22066012584965866,152
0,1,3,0,0.3998008634257945,148
0,2,5,0,0.7115987882128937,183
1,1,2,1,0.17644106344600424,42
1,3,4,0,1.267930411154236,133
1,3,5,0,1.2086229942294668,135
1,3,4,0,1.5561057728612122,123
1,3,3,0,1.1288278745233198,56
0,3,5,0,0.6076298811031428,123
0,2,1,0,1.8620691632194344,73
1,3,4,0,1.3107770827717407,168
1,2,5,0,0.4826583124025845,64
1,3,2,1,0.7998193199358958,64
0,1,1,0,1.46089590900749,27
1,2,5,0,1.5263976661277507,76
1,3,1,0,0.7143134981570815,130
1,1,1,1,0.5653344338091189,25
1,3,4,0,0.7707974085955094,74
1,2,2,0,0.42331462996376423,97
1,1,1,1,0.49374713303552,28
1,3,3,0,0.1530360934501879,94
1,1,4,0,0.24687356651776,95
0,3,2,0,0.4771139020861168,85
1,3,5,0,1.3237431620136453,130
1,1,2,1,0.6701881964815242,2
1,3,5,0,1.1919897632800638,180
1,2,4,0,0.13513926825678818,10
1,3,4,0,0.8969338659845211,148
1,2,1,1,0.43570331035474735,8
1,2,1,0,0.6411662851411379,149
1,3,1,0,1.0672893857771872,115
1,3,5,0,1.6465573764055779,96
1,2,2,0,0.24687356651776,77
1,1,3,0,0.5088354875566348,84
1,3,2,1,0.3528821268920085,50
1,3,1,0,0.6122531703429049,94
1,1,5,0,0.5998644899519219,166
0,1,2,0,0.8418073105181868,76
1,1,4,0,0.37920436410226316,117
1,2,4,0,0.34568299587832413,101
1,3,4,0,1.1914123644291421,112
1,1,3,0,0.17644106344600424,97
0,2,5,0,1.9110013784902773,142
0,1,5,0,0.8412299116672652,137
1,1,5,0,0.21785165517737368,119
0,2,3,0,1.8413638673537496,96
1,3,5,0,0.9941572085752997,104
1,2,4,0,0.29781306663972035,66
1,1,2,0,0.20404812460025054,123
1,2,4,0,1.023179119915686,140
0,2,5,0,0.43570331035474735,96
1,3,1,0,0.19995482998397396,16
0,1,5,0,0.5384347977479427,161
1,3,1,0,2.332411326259138,17
1,1,2,0,0.12343678325888,100
0,1,2,0,1.7794655728410023,26
1,3,5,0,0.3999096599679479,21
1,1,5,0,1.1154717165549697,109
1,1,1,0,1.653437911994144,24
1,2,4,0,0.8680207511862881,107
1,3,5,0,0.2764728767090679,10
1,3,4,1,0.3641160095811484,63
1,3,5,0,0.23236261084756682,8
1,1,3,0,0.08822053172300212,106
1,1,5,0,0.25025943604096657,100
0,1,5,0,1.438285930946902,96
1,3,2,0,0.12062831258659501,88
1,2,4,0,0.7731271859724161,173
1,3,2,0,0.31168912824494577,91
1,3,5,0,0.9266419727179823,146
0,3,3,0,0.2942135011328782,121
0,3,5,0,0.7644942718578646,145
0,1,1,0,1.7237616185237465,39
1,1,1,0,1.188603893756857,158
1,1,4,0,0.803096392916949,152
0,3,4,0,0.4116121449658561,15
0,2,1,1,1.1887126902990104,31
1,3,4,0,0.7149846577361003,72
0,2,2,0,1.1700208731703823,30
1,3,5,0,0.43570331035474735,85
1,2,4,0,0.5529457534181358,44
0,1,4,0,1.3025692638391924,150
1,1,5,0,0.0,132
1,1,5,0,0.1530360934501879,80
1,3,5,0,0.5150298277521264,92
0,2,1,1,0.6121443738007516,31
0,3,4,0,0.17924953411828923,19
1,2,2,0,1.285936032889789,29
1,3,2,0,0.8087133342615189,135
1,1,2,0,0.44770705817844947,72
0,3,1,1,0.17644106344600424,21
1,1,1,0,0.19444668518155733,73
1,1,2,0,1.8972854147553122,28
1,3,2,0,1.6472435717986527,24
1,1,2,1,0.49374713303552,6
1,3,5,0,1.0824865368404553,157
1,2,4,0,0.5138649390636729,94
0,1,1,0,1.6940535117902853,17
1,1,1,0,0.3944015151655313,104
0,2,1,0,0.22335979997979027,5
0,2,3,0,2.0876600350205883,139
1,1,1,0,0.8653210770561565,140
0,2,5,0,1.1204024625064648,147
0,3,5,0,0.37920436410226316,16
0,3,1,0,0.3233916132428539,14
0,3,4,0,0.9651352972349134,132
1,2,1,0,1.723652821981593,14
1,1,5,0,0.5853535342817286,164
0,1,2,0,1.7594464723683925,24
1,1,1,0,1.5753298813985936,17
1,1,4,0,0.2942135011328782,100
0,3,2,0,0.2592622469087431,85
0,3,2,0,1.5527199033380055,143
1,2,3,0,0.4982616257331287,93
0,3,1,1,0.43570331035474735,39
1,3,1,0,1.1174851952920264,64
0,3,3,0,0.6122531703429049,151
0,2,2,0,1.2858272363476357,146
1,2,2,0,1.0472702853045774,132
1,3,3,0,1.297529721345544,146
1,3,5,0,0.26286181241558526,115
0,2,5,0,0.3999096599679479,13
0,3,5,0,0.5239238420777494,118
1,1,5,0,0.60944469967062,111
1,1,2,0,0.12062831258659501,51
1,1,5,0,0.2510031266480877,71
0,2,5,0,0.7169981364731569,119
1,3,4,0,0.9914575344451682,109
1,3,2,0,0.3060721869003758,78
1,1,2,0,0.24687356651776,106
0,3,2,0,2.1703724219411735,23
0,1,3,0,1.1791324805803123,179
1,1,5,0,0.08822053172300212,64
1,1,1,0,1.5788245474639535,35
1,2,4,0,0.29987784670488427,125
1,3,4,0,0.3999096599679479,13
0,3,1,1,0.38889337036311467,49
0,2,1,0,1.9111101750324306,42
0,2,1,0,1.4822874002662498,26
0,2,4,1,0.7530093799442631,10
1,2,5,0,0.26466159516900634,176
1,1,4,0,0.439447937917794,87
1,3,5,0,0.9907713390520931,131
1,1,2,0,0.08822053172300212,75
0,3,5,0,0.6472406900810912,130
0,2,4,0,0.6467832264857079,114
1,3,1,0,0.8590179403185116,90
1,1,5,0,1.0756060012518887,41
1,3,2,0,0.925846980782754,93
1,2,2,0,0.24687356651776,95
1,2,5,0,1.0796780661681702,129
1,1,5,0,0.7445839679274081,29
1,2,5,0,1.1618130542378342,182
0,1,3,0,2.178580240873722,110
1,2,3,0,0.45370893209030044,164
1,2,2,0,0.2205513293075053,135
0,3,4,1,0.5653344338091189,30
1,1,3,0,0.9824547235773916,98
0,3,3,0,0.44304750342463617,93
1,1,4,1,0.3528821268920085,56
0,2,2,0,1.2087317907716202,22
1,1,2,0,0.6915796877402839,128
1,1,1,0,1.5118867104575577,4
0,3,1,0,0.23236261084756682,7
1,2,4,0,0.25576758084338314,12
0,2,3,0,0.8238016887826337,182
1,3,3,1,0.0,72
0,3,5,0,0.17924953411828923,14
1,3,3,0,0.3998371289398457,67
1,1,3,1,0.5405570730271527,13
1,3,1,0,1.312040677015737,68
1,3,1,0,1.1411077583721494,143
1,3,5,0,0.7211789979315918,132
1,2,3,0,0.9555550875162153,97
1,3,1,0,1.0417621405021606,106
1,3,5,0,0.9528554133860836,107
1,2,1,0,0.9293416468481139,85
0,3,1,1,0.5185244938174862,42
0,2,1,1,0.6949655572634905,56
1,2,1,0,1.6681998768887987,31
0,3,3,0,0.9887578603150365,168
0,2,1,0,1.5686032497943485,43
1,3,5,0,0.47065456457888244,125
0,2,5,0,0.8735288959887048,108
1,2,5,0,0.8915345177242578,136
1,2,1,0,1.0148625044409845,103
1,3,4,0,0.7383896277319166,83
1,2,2,0,1.6272244713260429,11
1,3,5,0,0.7707974085955094,129
1,2,1,1,0.7530093799442631,69
1,3,1,0,0.7467062432066182,110
1,1,2,0,0.6005506853449968,178
1,3,5,0,0.932150117520399,76
1,3,3,0,1.100383362033855,143
1,3,5,0,1.270738881826521,82
0,2,4,0,1.140998961829996,122
0,3,4,1,1.2355226302906432,31
0,2,1,0,1.1756378145149524,40
1,3,1,0,0.12963112345437156,139
1,1,2,0,1.5430308970771542,34
1,1,4,0,0.42331462996376423,82
1,3,4,0,0.3842338156093014,63
0,1,1,0,1.9035885514929574,13
0,2,1,0,1.4497708228605035,20
0,2,1,0,1.6023383140019232,21
1,2,4,0,0.5529457534181358,102
0,3,4,0,0.5349401316825827,100
1,2,5,0,1.3466795297006935,102
0,1,5,0,0.9617494277117069,122
0,2,2,0,0.6357669368808747,93
1,2,5,0,1.5236979919976192,175
0,3,5,0,0.7473924385996931,99
1,3,1,0,0.21165731498188212,17
0,1,5,0,1.0706752553003938,155
0,2,1,0,1.21402234248973,25
1,2,2,1,0.3060721869003758,54
0,2,1,0,1.2252562251788701,121
0,3,5,0,0.3350940982407621,14
0,2,2,0,1.4466025464216037,29
1,3,3,0,0.20779275216329718,27
0,1,3,0,0.8178249416714489,156
1,1,3,0,1.0281098658671812,31
0,2,2,0,1.8387729897657714,16
0,3,5,0,0.8260327606039972,127
1,1,2,0,0.31168912824494577,101
0,3,1,0,0.25576758084338314,14
0,3,4,0,0.5212091321335618,135
1,1,5,0,1.3382541176838385,146
0,3,5,0,1.476310653155065,116
0,2,2,0,1.0969974925106485,110
1,2,3,0,0.3350940982407621,95
1,2,5,0,0.08822053172300212,83
1,1,4,1,0.6233782564898915,74
1,3,3,0,1.82346704216035,133
1,1,1,1,0.9294504433902673,29
0,3,2,0,1.4443714746002403,3
1,1,5,0,0.8239104853247871,111
1,1,3,0,0.6088673008196984,137
1,3,4,0,1.011476634917778,123
1,1,2,0,1.021056844636476,98
0,3,1,0,0.9294504433902673,181
1,3,2,0,0.9445387979113821,101
0,1,1,0,0.9390306531089655,106
0,3,1,1,1.1887126902990104,57
0,3,5,0,1.3968753392155326,36
1,2,2,0,1.0327593296343842,86
1,1,5,0,0.8060136601313874,41
1,2,3,0,1.0562730961723539,118
1,3,5,0,0.4619167510228487,79
1,2,2,0,1.2824413668244292,178
1,1,3,0,0.3098168144634224,111
0,3,3,0,0.6053726347543384,117
0,2,4,0,0.38201283477454817,125
1,1,5,0,1.2817551714313542,32
0,3,1,0,0.2261682706520753,9
1,2,2,1,1.059081566844639,35
1,1,2,0,0.9238335020456974,90
1,3,4,0,0.7590949235976013,103
0,3,5,0,0.22335979997979027,23
0,3,1,0,0.25857605151566815,15
1,3,5,0,0.4116121449658561,180
0,3,1,0,0.235254751261339,110
1,1,2,1,0.2592622469087431,58
0,2,1,1,1.2355226302906432,43
1,2,1,0,0.34748277863174526,100
0,3,5,0,0.7942023785913258,86
1,3,5,0,1.0941890218383634,105
0,3,4,0,0.367501879104355,16
0,3,5,0,0.5653344338091189,85
1,3,5,0,1.59873485139441,73
1,3,1,1,1.2355226302906432,54
1,3,5,0,1.1175939918341797,141
1,3,5,0,0.2160518724239526,29
1,1,1,0,0.9176391618502058,93
0,3,5,0,0.3143888023750774,21
0,3,1,0,0.8653210770561565,157
1,1,5,0,0.6294638001432298,142
1,1,2,1,0.5185244938174862,56
0,2,4,0,0.5640708395651224,69
0,2,2,0,1.5561057728612122,23
1,2,3,0,0.27027853651357636,94
0,3,5,0,0.32058314257056897,12
0,1,1,0,2.2027802028047665,22
0,3,3,0,0.741005632120561,134
0,3,5,0,1.0906943557730036,118
0,2,2,0,1.5996386398717917,22
1,2,2,0,1.8766889154317812,32
1,3,1,0,0.85282360012302,142
1,3,4,0,0.49702420601657316,72
1,2,3,0,1.0444618146322924,147
1,1,4,0,0.17644106344600421,100
0,3,5,0,1.9408182817658917,71
1,2,1,0,1.314849147688022,40
1,3,4,0,0.6673797258092392,167
0,3,1,0,0.3708877486275616,188
1,3,3,0,1.1382992876998645,105
1,3,5,0,0.43300363622461574,77
0,3,5,0,0.9762603833819,93
0,3,1,0,1.259036396828613,20
0,2,4,0,0.3026863173771692,11
1,2,1,0,1.9029023560998823,26
1,3,5,0,0.5060270168843497,93
1,1,5,0,0.27027853651357636,69
1,1,5,0,0.900428532049881,72
0,2,3,0,1.6944133175569,146
1,2,2,0,0.27027853651357636,94
0,3,2,0,1.1376130923067895,113
1,1,1,0,0.39249293586995676,79
1,1,3,0,1.573785004970305,102
1,3,2,0,0.9728745138586934,5
0,2,4,0,0.35299092343416183,17
1,3,1,0,0.7853083642657026,123
1,3,1,0,0.19995482998397396,21
0,2,2,0,1.7649546171708093,27
1,2,5,0,0.27027853651357636,3
0,2,1,0,1.9649094471547832,20
1,3,5,0,0.9886490637728831,106
1,1,5,0,0.5171521030313363,50
1,2,3,0,0.17644106344600424,109
1,3,1,0,0.16754704912038104,19
1,2,2,0,1.8030881359211253,14
1,2,2,0,0.44671959995958055,97
1,1,5,0,1.3852816507597778,55
1,1,2,0,0.8618264109907965,116
1,1,5,0,1.3755926444989264,110
1,2,5,0,0.6149528444730366,148
1,1,5,0,0.9941572085752997,113
1,2,5,0,0.653554965532121,95
1,3,1,0,0.8618264109907965,77
1,2,2,1,0.3060721869003758,17
1,3,5,0,0.3267774827660605,32
1,1,2,0,1.7064421921812682,10
1,1,4,0,0.7853083642657026,111
0,3,5,0,0.32058314257056897,18
1,3,5,0,1.0238653153087611,129
1,3,4,0,0.16083775011546,12
0,1,3,0,0.49374713303552,176
1,2,5,0,0.21785165517737368,84
1,1,2,0,0.1820580047905742,84
0,2,5,0,1.012162830310853,140
1,2,5,0,0.9879628683798082,156
0,3,5,0,0.3350940982407621,23
1,3,5,0,0.4474057953526555,63
1,2,4,0,0.3350940982407621,99
0,1,2,0,1.8497892793706046,19
0,3,3,0,0.3098168144634224,77
0,2,2,0,1.8416902569802098,25
0,2,2,0,0.9294504433902673,30
0,2,2,0,0.48813019169095,151
1,2,5,0,1.011476634917778,105
1,3,2,0,0.6267641260130982,114
1,3,3,0,0.8032051894591024,137
0,1,1,0,1.6183304570004196,29
1,2,3,0,2.2406961284707765,116
0,3,1,0,0.16754704912038104,13
1,2,4,0,0.565334433809119,57
0,3,2,0,0.6467832264857079,110
0,3,4,0,0.3999096599679479,21
1,3,2,0,0.5846823747027098,44
0,3,4,0,0.34679658323867024,10
0,3,4,0,0.5809377471396632,70
1,2,1,0,1.3093410028856054,10
1,3,4,0,0.8439295857973969,133
0,3,5,0,0.3143888023750774,20
1,1,4,0,0.06481556172718578,98
1,2,5,0,0.7211789979315918,137
1,3,2,0,0.9120222205056359,151
0,3,4,1,0.9762603833819,24
1,3,5,0,0.6033591560172817,109
1,1,2,0,1.3973439415243007,152
1,3,4,0,0.6887712170679989,54
0,1,2,0,1.4256796574716122,30
0,1,1,0,2.2558932795340443,43
1,2,4,0,1.1438074325022811,100
1,3,1,0,1.7589778700596244,26
1,2,1,1,0.7998193199358958,28
1,3,3,0,0.72938681686414,146
1,2,4,0,0.3999096599679479,66
0,3,5,0,0.16754704912038104,19
1,3,4,0,0.41184087676354775,130
1,1,2,0,0.0,65
0,3,1,0,0.13513926825678818,9
1,3,1,0,1.2375361090276997,45
1,3,5,0,0.3501824527618769,67
0,3,5,0,0.34679658323867024,16
0,3,5,0,0.3999096599679479,19
0,3,5,0,0.3999096599679479,22
1,1,4,1,0.49374713303552,54
0,3,5,0,0.4116121449658561,18
1,1,2,0,1.4912902111340263,153
0,2,1,0,1.5615051211214752,87
0,3,5,0,0.34679658323867024,12
0,1,1,0,1.6568237815173505,10
1,1,4,0,0.9114448216547142,136
1,3,1,0,0.9231473066526223,127
1,2,2,0,0.8645260851209282,80
1,3,4,1,0.38889337036311467,61
0,2,1,0,1.5609277222705538,73
0,1,1,0,0.9673663690562768,21
1,1,4,0,0.4670549990720403,130
0,3,5,0,0.4116121449658561,4
0,1,2,0,1.572630207268462,13
0,1,5,0,0.9852631942496766,106
0,2,5,0,0.4229296973964832,79
1,1,5,0,1.2500335859608362,99
1,1,3,0,1.0444618146322924,146
0,2,5,0,0.23236261084756682,4
0,2,5,0,0.4619167510228487,165
1,1,2,0,1.4670902492029816,25
0,1,5,0,0.23236261084756682,29
0,3,4,0,0.25576758084338314,17
1,1,2,1,0.3060721869003758,26
0,3,4,1,0.8826405033986346,20
1,3,4,0,0.9328363129134739,80
0,1,1,0,1.920799181293282,9
1,2,2,0,0.08822053172300212,77
1,2,2,0,1.7939765285111957,43
0,3,5,0,0.3350940982407621,19
0,3,5,0,0.8356129703226952,134
1,2,5,0,0.1820580047905742,98
1,3,3,0,0.8266101594549187,123
1,3,5,0,0.5943563451495052,109
0,1,2,0,0.9789600575120316,34
1,3,1,0,1.702370127264987,108
1,3,4,0,0.612289435856956,47
0,1,1,0,1.3651537537450147,30
1,2,4,0,0.5412432684202276,87
1,1,5,0,1.0410759451090859,109
0,1,3,0,0.9701748397285619,168
1,3,4,0,0.5065207459937842,53
0,3,4,0,0.5764232544420543,126
0,2,1,1,0.7417754972551232,58
1,1,1,1,0.3641160095811484,18
0,2,2,0,1.4498796194026569,14
0,3,2,0,0.3528821268920085,168
1,3,4,0,0.6411662851411379,85
1,3,4,0,1.3058463368202455,45
1,1,3,0,1.2500335859608362,136
0,1,1,0,1.1506879680908475,132
1,1,2,0,0.1530360934501879,99
0,2,3,0,0.4523365413041506,119
1,3,1,1,0.6949655572634905,32
0,2,1,0,1.476310653155065,20
1,3,4,0,0.9176391618502058,79
0,3,5,0,0.31168912824494577,111
1,2,5,0,0.8349267749296203,152
1,2,2,0,0.8991649378058845,30
0,2,5,0,1.2472251152885514,139
1,3,3,0,1.2646533381731828,9
1,2,5,0,0.782608690135571,107
1,2,5,0,0.42331462996376423,103
0,3,5,0,0.8907395257890295,132
1,3,2,0,1.4258972505559189,8
0,2,2,0,1.880183581497141,44
1,2,4,0,0.7087903175406087,21
1,1,4,0,0.9383444577158906,126
1,3,5,0,1.0762921966449637,105
1,3,5,0,0.5171521030313363,147
1,3,2,0,0.3853987042977547,123
0,1,1,0,0.8529323966651734,35
1,3,4,0,0.244065095845475,10
1,3,2,0,0.4116121449658561,45
0,2,2,0,1.1174851952920264,63
0,3,4,0,1.3823643835453394,117
1,3,3,0,1.0796780661681702,102
1,3,5,0,1.0176709751132695,38
1,3,1,0,0.6377804156179313,130
1,1,2,0,0.1820580047905742,82
1,2,5,0,0.8957790682826781,153
1,3,4,0,1.6200175461110162,108
1,2,2,0,0.600285688033254,80
0,2,1,0,1.365262550287168,27
0,3,3,0,0.5115351616867663,92
0,3,5,0,1.3265516326859303,128
1,3,2,0,1.2293282900951517,74
1,1,4,0,0.9590497535815752,161
1,3,1,0,0.3962375634330035,85
1,2,3,0,0.24125662517319002,103
0,3,5,0,0.49374713303552,92
0,3,3,0,0.5570753135484635,32
1,3,5,0,0.32058314257056897,78
1,3,3,0,0.8735288959887048,128
1,3,5,0,0.7266871427340084,119
1,2,2,0,0.46472522169513364,64
0,3,5,0,0.22335979997979027,8
0,2,2,0,1.3237431620136453,36
0,3,1,0,0.28817536170697605,6
1,1,5,0,0.16458237767850667,125
1,3,3,0,0.5474376086157191,101
1,3,4,0,0.9445387979113821,174
1,3,4,0,0.6446609512064978,111
0,3,4,0,0.34679658323867024,19
1,3,5,0,0.35579939410644684,16
1,3,5,0,1.0445706111744457,122
1,3,3,1,0.7417754972551232,88
1,2,3,0,0.24125662517319002,80
0,3,1,1,0.8826405033986346,42
1,1,4,1,0.7998193199358958,34
0,3,5,0,0.5239238420777494,100
1,2,1,0,0.3998371289398457,78
0,1,2,0,1.0727975305796038,22
0,3,5,0,0.3143888023750774,24
0,2,4,0,0.9886490637728831,148
0,3,1,0,0.706054377896426,148
1,3,4,0,0.8942341918543895,72
1,2,2,0,0.24125662517319002,76
1,3,1,0,0.6204609892754531,110
0,1,2,0,1.0645897116470555,4
1,3,1,0,1.1327911428974478,74
1,2,4,0,0.4826583124025845,90
0,2,4,0,0.44401992582944894,175
1,3,4,0,1.1852180242336505,122
0,3,2,0,2.243395802600908,45
0,2,3,0,0.6880850216749239,132
1,3,3,0,0.9349585881926841,92
0,2,5,0,0.367501879104355,14
1,2,1,0,0.35849906823657846,148
0,3,1,0,1.800857064099762,34
0,3,5,0,0.22335979997979027,12
1,1,5,0,0.5295407834223195,67
0,2,1,0,0.25857605151566815,12
0,1,1,0,0.9969656792475847,161
1,3,3,1,0.0,53
1,3,5,0,0.761794597727733,127
0,1,2,0,1.2665580203680862,22
0,3,2,0,1.220325479227375,33
1,1,5,0,0.9590497535815752,179
0,3,1,0,1.061203842123849,19
0,1,3,0,0.963871702990917,117
1,3,3,0,0.06481556172718578,98
1,3,4,0,0.6707655953324458,88
1,3,4,0,0.6770687320700908,84
0,3,2,0,0.7566089454511052,85
1,1,5,0,1.0727975305796038,40
1,2,1,0,0.35299092343416183,184
0,2,2,0,1.4030696794110242,143
0,3,5,0,0.27027853651357636,17
0,2,1,0,1.7766571021687174,34
0,1,1,0,1.9642232517617082,53
1,3,4,0,0.8205246158015804,98
1,1,3,0,0.24687356651776,82
1,3,4,0,0.8708292218585731,98
0,3,1,0,0.19995482998397396,12
1,2,4,0,0.6278927491875003,105
1,1,3,1,0.48251325034638004,68
1,2,4,0,0.16754704912038104,5
1,3,2,0,0.7105688705940348,130
0,3,5,0,0.7707974085955094,147
1,1,5,0,0.27027853651357636,93
1,3,4,0,0.5770369188070271,108
0,2,2,0,2.0532387754199384,33
1,1,3,0,0.8707204253164198,138
1,3,1,1,0.48251325034638004,68
0,3,5,0,0.5608199411115101,134
0,3,5,0,0.29098383237926106,16
0,3,5,0,0.481743385211818,146
1,3,3,0,0.24687356651776,113
1,2,4,0,0.0,98
1,3,4,0,1.2796328961521442,146
0,3,4,0,0.27027853651357636,17
1,1,3,1,0.6233782564898915,5
1,3,1,0,0.3060721869003758,47
1,3,5,0,0.4321037448479052,134
1,3,4,0,0.6554998103417466,146
1,1,5,0,0.4826583124025845,116
1,1,4,0,0.31168912824494577,82
1,2,3,0,1.2238201452927349,121
1,2,5,0,1.9083017043601456,126
1,1,3,0,0.8646348816630816,155
1,1,4,0,0.3240778086359289,107
0,1,1,0,1.2086229942294668,25
1,2,5,0,0.3233916132428539,2
1,3,4,0,0.35849906823657846,105
0,2,1,0,1.7436719224542028,35
1,3,5,0,0.8852313809866129,92
0,1,2,0,1.5375227522747374,20
1,3,5,0,0.9824547235773916,58
0,2,4,0,1.7710401608241473,92
1,2,2,0,1.1120858470317632,129
1,3,5,0,0.3233916132428539,20
0,2,5,0,0.35579939410644684,18
0,3,1,0,1.1438074325022811,33
1,1,4,0,0.6790822108071474,140
0,2,1,0,1.4416718004701086,14
1,3,2,0,1.8491030839775298,109
0,3,4,0,0.9969656792475847,191
1,2,5,0,0.5970560192796368,87
1,2,3,0,0.27027853651357636,83
1,3,1,0,0.9762603833819,102
1,3,4,0,0.3350940982407621,12
0,2,4,0,0.8562094696462266,158
0,2,1,1,1.083858927626605,47
1,3,4,0,1.22662861596502,98
1,1,2,0,0.3350940982407621,71
1,1,3,0,0.25025943604096657,184
0,3,5,0,1.564204795251607,92
1,1,5,0,0.27027853651357636,63
1,2,2,0,0.8949203872474645,127
1,1,3,0,0.3350940982407621,111
0,3,4,0,0.25857605151566815,11
0,3,5,0,0.7183705272593068,134
1,2,5,0,0.8087133342615189,132
1,2,1,0,1.5168174564090526,29
0,3,5,0,0.3233916132428539,16
0,2,2,0,0.7734970827256411,139
1,3,5,0,0.7467062432066182,102
1,2,4,0,0.811521804933804,158
1,3,3,1,0.5653344338091189,34
1,3,2,0,1.0941890218383634,121
1,3,3,0,1.1265968027019562,125
0,2,2,0,2.2179773538680347,11
1,3,3,0,0.9562412829092903,91
1,2,1,0,2.1379646410775806,32
0,2,4,0,1.3410625883561234,117
1,3,1,0,0.26286181241558526,84
0,2,3,0,1.7815878481202125,86
0,3,3,0,0.8122080003268789,83
1,3,1,1,0.3060721869003758,62
0,2,4,0,0.8176073485871421,71
1,3,2,0,0.8383126444528268,114
1,1,4,0,0.439447937917794,98
1,1,2,0,0.06481556172718578,115
1,1,2,1,0.48251325034638004,68
0,3,1,0,0.34679658323867024,21
1,1,2,0,0.24687356651776,68
1,1,4,0,0.12963112345437156,82
0,2,5,0,0.8260327606039972,151
1,3,3,0,0.9404667329951005,41
0,2,5,0,0.44401992582944894,11
1,2,2,0,1.0438844157813707,28
1,3,1,0,0.5966861225264118,96
0,3,2,0,1.4346824683393886,19
1,3,1,0,0.8204158192594271,130
1,2,3,0,1.3146315546037153,75
1,2,5,0,0.6149528444730366,99
1,3,1,0,1.1694434743194608,52
1,2,5,0,0.40449668369365893,185
0,3,2,0,0.4945169981700821,85
1,3,4,0,0.33367924805462207,147
1,1,2,0,1.114894317704048,110
0,2,1,0,1.83819559091485,7
1,2,3,0,0.17644106344600424,82
0,3,4,0,0.35849906823657846,104
1,1,5,0,0.6267641260130982,134
1,2,5,0,0.6968702394583938,129
1,1,5,0,1.238331100962928,104
0,3,5,0,0.6645712551369543,164
0,2,2,0,1.3707706950895846,29
1,3,1,0,1.314849147688022,71
0,3,1,0,1.9290070002258304,15
0,3,1,1,1.1058915068362716,8
1,3,1,0,0.12963112345437156,178
0,2,4,0,0.23236261084756682,5
1,1,2,0,0.2592622469087431,74
1,3,2,0,2.012514379081644,22
0,3,3,0,0.41769768861919426,168
1,1,5,0,0.24725849908504105,87
1,2,5,0,0.22685446604515022,35
1,2,1,1,0.3528821268920085,61
0,1,2,0,2.208974543000258,15
0,3,4,1,1.2715338737617494,17
1,3,3,1,0.3528821268920085,67
0,3,1,0,0.23236261084756682,18
0,2,1,0,1.8972854147553122,37
1,1,4,0,0.8405437162741902,95
1,3,4,0,0.61156697494983,62
0,2,4,0,1.6554513907312007,86
0,3,2,0,0.659171906876691,151
1,3,4,0,0.42331462996376423,91
1,2,4,0,0.61156697494983,89
0,3,5,0,0.6357669368808747,94
1,3,1,0,0.16754704912038104,21
0,1,1,0,2.3269031814567214,36
0,2,3,0,1.270738881826521,134
1,1,5,0,0.565334433809119,24
1,3,5,0,0.6294638001432298,141
1,2,5,0,0.690893492347209,184
1,3,5,0,0.38889337036311467,178
1,1,4,0,0.60944469967062,61
1,3,4,0,0.8590179403185116,63
1,2,5,0,1.276355823171091,121
0,3,4,0,0.6411662851411379,77
1,3,1,0,0.7590949235976013,151
0,3,4,0,0.97975504944726,118
0,3,4,0,0.7169981364731569,86
1,3,5,0,1.1735155392357424,86
1,2,5,0,0.21165731498188212,8
0,2,3,0,1.0437756192392174,112
1,3,5,0,0.16754704912038104,19
0,2,5,0,0.73500375820871,157
0,3,1,0,0.9796462529051067,166
0,3,2,0,1.9622097730246515,30
1,3,5,0,1.379664709415208,139
1,2,5,0,1.1023968407709117,150
1,3,5,0,0.35849906823657846,95
0,2,3,0,0.1530360934501879,96
0,3,5,0,0.3999096599679479,147
0,2,3,0,1.3287827045072937,79
1,3,3,0,1.2031148494270503,131
0,3,5,0,0.7097990054594726,83
0,1,2,0,1.3641411687254796,183
0,3,5,0,1.0176709751132695,177
0,3,4,0,0.37920436410226316,24
1,3,5,0,0.26477039171115974,7
1,3,2,1,1.1058915068362716,42
1,3,5,0,1.9436267524381772,83
0,2,1,0,1.1432300336513594,21
0,2,4,0,2.1937773919369903,118
1,3,2,0,0.9176391618502058,129
0,3,1,0,0.35299092343416183,102
1,3,5,0,0.6239556553408132,91
0,1,4,0,1.0354590037645157,105
1,3,5,0,0.3999096599679479,19
1,1,5,0,0.26477039171115974,121
0,2,5,0,0.34679658323867024,8
0,2,1,0,1.7615687476476027,10
0,3,4,0,1.6077376622621864,106
0,1,3,0,2.0144190612765476,85
0,2,1,0,0.6707655953324458,120
1,2,4,0,1.9379010145514535,143
1,1,1,0,0.16458237767850667,74
1,1,4,0,0.8943429883965428,125
1,2,2,0,0.12963112345437156,67
0,1,2,0,2.306197885591037,8
1,1,2,0,0.31168912824494577,70
1,1,4,0,0.9526378203017769,173
0,2,5,0,0.3088806575726608,8
1,1,1,0,0.3842338156093014,49
0,2,4,0,1.050656154827784,168
1,3,4,0,0.24125662517319002,80
1,2,2,0,0.7502009092719781,159
1,3,4,0,0.9383444577158906,109
1,3,3,0,0.47372803256291024,158
1,2,1,0,0.9948434039683747,114
0,1,2,0,1.9876282217575245,18
0,1,5,0,0.7183705272593068,185
1,3,4,0,0.26477039171115974,15
0,2,3,0,0.3088806575726608,75
0,2,1,0,0.932150117520399,166
1,3,2,0,1.1091685798173248,110
1,3,5,0,0.35579939410644684,16
0,1,4,0,0.5474376086157191,115
1,1,1,1,0.5653344338091189,27
0,1,2,0,1.6975481778556452,16
1,3,5,0,0.8495465271419669,67
0,3,1,1,0.6701881964815242,21
1,3,2,0,0.6711031236722907,97
1,3,4,0,0.8439295857973969,91
1,3,3,1,0.5185244938174862,44
1,2,2,1,0.17644106344600424,68
1,1,1,0,1.5037876880671628,33
0,2,1,0,0.4116121449658561,19
0,3,5,0,0.367501879104355,13
1,3,1,1,0.6949655572634905,27
1,3,3,0,0.6032503594751284,68
1,2,5,0,0.3143888023750774,9
1,3,3,0,0.9259557773249074,96
1,1,2,1,0.43570331035474735,36
1,3,1,0,1.188603893756857,96
0,2,4,0,0.37920436410226316,23
1,1,5,0,0.6969790360005471,94
1,3,5,0,0.22335979997979027,19
1,1,5,0,0.439447937917794,111
1,3,1,0,0.26477039171115974,18
1,2,5,0,0.6853853475447923,94
0,3,5,0,1.499606826608728,120
1,2,2,0,1.982806272348183,39
0,3,5,0,0.22335979997979027,24
0,1,2,0,1.8235758387025034,8
1,2,1,0,1.070784051842547,128
0,3,4,0,0.13513926825678818,18
0,2,3,0,0.6121443738007516,90
1,2,1,0,1.6506294413218592,15
0,2,4,0,0.19995482998397396,17
1,3,4,0,0.2904688735698316,98
0,3,4,0,0.45291394015507214,113
0,3,5,0,0.5887394038049352,125
0,2,5,0,1.1120858470317632,73
1,3,5,0,0.9651352972349134,125
0,3,5,0,0.244065095845475,14
1,1,1,1,0.43570331035474735,21
1,1,2,0,1.917304515227922,114
1,1,1,1,0.5405570730271527,18
1,2,2,0,1.5029926961319344,27
1,1,5,0,0.5936701497564303,112
0,2,3,0,0.7530093799442631,104
0,1,2,0,1.4022746874757959,39
1,3,3,0,1.270738881826521,123
0,3,1,1,0.2592622469087431,30
1,3,4,0,0.46742489582526525,164
1,3,1,0,1.1265968027019562,111
0,1,2,0,1.6581510648613325,15
1,3,1,0,1.2065007189502568,144
0,2,2,0,1.1755290179727989,14
1,1,2,0,0.1820580047905742,83
1,1,2,0,0.5295407834223195,77
0,2,2,0,1.3941756650854011,146
0,1,2,0,1.885582929757404,40
0,3,1,0,2.1317703008820894,108
1,2,2,0,1.1583183881724741,21
1,1,1,1,0.3641160095811484,25
1,2,3,0,1.4988118346734995,39
0,3,2,0,1.5491164407304923,32
1,3,1,0,0.8825317068564813,115
0,1,1,0,1.3237431620136453,161
1,1,1,0,1.3856414565263926,16
0,1,2,0,1.5769198652690501,12
0,3,3,0,0.5502460792880042,58
0,2,1,1,0.7169981364731569,47
1,2,5,0,0.5591400936136274,86
1,3,3,0,0.3350940982407621,69
1,1,1,1,0.3060721869003758,36
1,1,1,1,0.8466292599275285,26
0,3,3,0,0.7589861270554479,167
1,3,1,1,0.6701881964815242,20
1,3,5,0,0.7881168349379877,145
0,3,2,0,1.1202936659643115,12
1,1,1,0,2.332411326259138,20
1,2,2,0,0.5570753135484635,65
1,2,5,0,1.2734385559566526,109
1,2,1,0,0.4945169981700821,75
1,2,3,0,0.7673027425301495,113
0,3,4,0,0.21165731498188212,9
1,3,2,0,1.0148625044409845,90
1,2,3,0,1.0383762709789541,142
1,2,5,0,0.20404812460025054,99
0,2,1,0,1.2027884598005902,85
1,3,5,0,0.3350940982407621,20
1,1,3,0,0.3350940982407621,111
0,3,3,0,1.1796010828890806,46
1,1,4,0,0.5412432684202276,45
1,3,4,0,0.8970426625266745,63
1,3,1,0,1.0886808770359466,91
1,2,1,0,0.2160518724239526,106
0,3,1,1,0.0,31
1,3,5,0,0.779114024070211,103
1,1,2,0,0.06481556172718578,89
1,2,2,0,0.21785165517737368,74
1,2,3,0,0.3350940982407621,88
1,3,5,0,0.19995482998397396,14
1,2,2,0,1.1342272227835828,115
0,2,1,0,1.6959581939851884,20
1,3,5,0,0.3564855894995218,57
0,2,5,0,1.356150942877238,105
1,3,4,0,0.5384347977479427,95
1,3,4,0,1.1294052733742412,134
1,3,1,0,0.8266101594549187,65
0,3,5,0,0.4116121449658561,6
1,3,1,1,0.6233782564898915,52
0,3,5,0,0.2261682706520753,13
0,1,1,0,2.09385437521608,136
1,1,5,0,0.9052504814592228,70
1,3,4,0,0.9293416468481139,96
0,1,5,0,0.8652122805140032,136
1,1,2,0,1.45877363372828,34
1,1,4,1,0.8714066207094947,64
1,1,1,1,0.5185244938174862,22
1,3,1,0,0.7590949235976013,141
1,3,1,1,0.6233782564898915,4
0,3,1,0,0.9238335020456974,154
1,2,5,0,0.19995482998397396,17
0,3,5,0,1.1411077583721494,147
0,3,5,0,1.218203203948165,129
0,1,2,0,1.0791006673172487,23
1,3,5,0,0.8232242899317121,67
1,2,1,0,1.1113996516386881,171
0,3,1,1,0.12963112345437156,34
1,3,1,0,0.9142532923269993,135
1,1,4,1,0.6121443738007516,22
0,1,1,0,1.660850738991464,11
0,3,5,0,0.3143888023750774,15
1,3,2,0,1.325756640750702,82
1,2,2,0,0.7383896277319166,87
0,3,2,0,0.21785165517737368,88
1,1,5,0,1.6882189773614085,62
0,3,5,0,0.35299092343416183,14
1,1,2,0,0.6969790360005471,111
1,3,1,0,0.25576758084338314,18
0,2,1,0,0.37920436410226316,16
0,2,5,0,0.8211020146525021,177
1,1,1,1,0.7530093799442631,13
1,3,1,1,1.2355226302906432,67
0,2,1,0,1.5034612984407028,42
0,2,4,0,0.7142984623430253,168
1,2,5,0,0.43570331035474735,68
1,3,2,0,0.9528554133860836,58
1,1,5,0,0.29781306663972035,123
0,2,5,0,0.35579939410644684,7
0,3,1,0,0.37920436410226316,7
1,1,2,1,0.12963112345437156,4
1,2,5,0,1.3265516326859303,143
0,3,4,1,0.7530093799442631,43
1,3,2,0,0.8177161451292955,139
1,3,4,0,1.479587726136118,173
1,3,2,0,1.5781383520708787,98
0,3,4,0,0.3350940982407621,8
1,1,5,0,0.4619167510228487,124
1,1,1,0,0.45505125124833823,152
1,3,4,0,0.7211789979315918,138
0,1,4,0,1.3967665426733793,87
0,3,5,0,1.0176709751132695,160
0,1,5,0,1.082377740298302,87
0,3,5,0,0.34679658323867024,17
0,1,1,0,1.1766838156746422,131
0,2,4,0,1.8256981139817134,138
1,3,1,0,1.9829150688903363,37
1,3,2,0,1.1411077583721494,79
1,3,5,0,0.8149076744570105,163
0,2,1,0,0.4116121449658561,17
1,1,1,0,1.0086681642454929,87
0,1,1,0,1.5518161148606238,66
1,3,3,0,0.35849906823657846,80
0,1,5,0,1.1354908170275795,168
1,2,4,0,0.6770687320700908,149
0,3,4,0,1.0085593677033395,137
0,3,3,0,0.6389815698204357,113
1,3,5,0,0.29098383237926106,18
1,3,5,0,0.7680977344653779,137
1,2,5,0,1.0762921966449637,66
1,1,4,0,0.26286181241558526,65
1,1,1,1,0.6701881964815242,12
0,2,1,1,0.48251325034638004,11
1,3,2,0,0.6501690960089145,183
1,3,4,0,0.20779275216329718,135
1,1,2,0,0.20404812460025054,133
1,2,5,0,1.0031600194430763,121
1,3,3,0,0.24687356651776,77
0,2,5,0,0.792475126866007,132
1,1,2,0,0.28220975330917614,157
0,3,1,1,1.3651537537450147,44
1,3,5,0,0.17284149793916206,107
0,3,5,0,0.27027853651357636,12
1,1,2,1,0.6949655572634905,54
1,3,5,0,0.6528687701390461,118
1,1,2,0,0.42331462996376423,149
1,2,5,0,1.2417169704861348,169
1,1,1,0,0.3528821268920085,68
0,3,2,0,0.8880398516588979,157
1,3,4,0,1.4790103272851964,44
1,2,3,0,0.6915796877402839,153
1,2,1,0,0.9707522385794833,117
1,2,4,0,0.20779275216329718,128
1,3,2,0,1.1086999775085566,136
1,1,3,0,0.17644106344600424,108
1,1,2,0,0.855632070795305,138
1,3,2,0,1.358959413549523,124
0,2,5,0,0.44401992582944894,10
1,3,2,0,0.8232242899317121,126
1,1,3,0,0.3254201277939667,119
1,3,2,0,1.784973717643419,31
1,2,1,0,0.8735288959887048,88
0,3,1,0,1.3714568904826596,12
0,3,4,0,0.3350940982407621,16
1,2,4,0,0.16754704912038104,131
1,2,5,0,0.5674567090883289,64
1,3,2,0,0.7121761870638152,120
1,2,5,0,1.055586900779279,169
1,3,5,0,1.067975581170262,111
1,3,1,1,0.43570331035474735,66
1,3,4,0,0.61156697494983,165
0,2,1,0,1.5351828839112207,97
1,3,5,0,0.3999096599679479,74
0,3,2,0,2.123562481949541,19
1,2,4,0,0.44470612122252395,25
0,3,3,0,1.4843008790033063,124
0,3,5,0,0.9493607473207237,141
0,2,5,0,0.26477039171115974,14
0,2,1,0,0.7059818468683237,176
0,3,4,0,0.3888933703631147,91
1,1,1,0,1.614618197850753,11
0,3,5,0,0.16754704912038104,9
0,2,2,0,1.0300596555042527,149
0,2,5,0,0.35579939410644684,8
1,2,1,0,0.8583317449254366,23
1,2,1,0,0.7886942337889091,107
1,3,4,0,0.7233012732108018,73
0,3,4,0,0.244065095845475,16
0,2,2,0,1.6284429581278712,13
1,1,2,1,1.2355226302906432,66
0,3,1,0,0.7729196838747195,22
1,3,1,0,0.655677240811331,139
1,3,3,0,1.3408449952718167,152
0,3,5,0,0.22335979997979027,20
1,1,3,0,0.06481556172718578,109
0,3,1,1,1.4479749372077535,46
0,1,1,0,1.1436986359601278,42
1,1,1,0,0.39249293586995676,95
0,2,2,0,0.46472522169513364,178
1,3,5,0,0.20404812460025054,77
0,3,5,0,0.13513926825678818,20
1,3,2,1,0.8826405033986346,50
1,2,5,0,0.6673584961092441,62
1,1,1,1,0.7998193199358958,3
0,2,1,0,2.039946306551574,35
0,2,2,0,1.8181764904422402,13
1,3,5,0,0.608758504277545,102
1,2,3,0,0.1820580047905742,76
1,2,5,0,0.5852447377395753,192
1,3,4,0,0.9879628683798082,89
0,3,5,0,2.072354087415167,26
0,1,5,0,0.3708877486275616,146
0,1,2,0,1.5933355031341467,31
1,2,5,0,0.1530360934501879,91
1,2,4,0,0.7652892637930928,125
0,1,2,0,1.1577409893215527,168
1,1,2,0,0.12343678325888,165
0,3,2,0,0.9934710131822249,24
0,3,5,0,1.2528420566331213,139
1,1,2,1,0.2592622469087431,21
0,3,1,1,0.2592622469087431,29
1,1,4,0,1.2498159928765296,60
1,2,5,0,1.1852180242336505,105
1,3,4,1,0.5405570730271527,19
1,1,2,1,0.43570331035474735,44
0,3,1,1,1.012271626853006,56
0,3,1,0,0.13513926825678818,7
1,3,5,0,0.8384214409949802,95
0,3,5,0,0.19995482998397396,9
1,2,5,0,0.8467380564696818,141
0,2,1,0,0.2764728767090679,12
1,2,3,0,0.2764728767090679,80
1,1,1,1,0.7530093799442631,4
1,3,3,0,0.685276551002639,145
1,2,2,0,1.0148625044409845,149
0,2,5,0,0.44401992582944894,17
1,2,1,0,2.2288848469307148,66
1,3,5,0,1.1327911428974478,105
0,1,2,0,1.129296476832088,19
0,3,5,0,1.209091596538235,127
1,3,2,0,0.6088673008196984,110
1,2,1,0,1.2615184778744377,107
0,2,3,0,0.6232694599477382,158
0,3,5,0,0.29098383237926106,13
1,3,3,0,1.4496620263183502,112
1,1,5,0,0.776991748791001,150
0,1,1,0,1.5616139176636286,28
1,1,5,0,0.2510031266480877,71
1,3,5,0,1.0617812409747704,156
1,3,5,0,0.9238335020456974,80
1,1,2,0,0.37650468997213155,69
1,3,2,0,0.34748277863174526,97
0,2,1,0,1.443902872291472,31
0,3,1,1,0.7998193199358958,15
1,1,1,0,1.343762262486255,126
0,3,4,0,1.1058915068362716,100
1,2,2,1,0.7998193199358958,29
0,2,4,0,0.685276551002639,154
1,2,1,0,1.5879361548738833,34
1,2,5,0,0.6033591560172817,99
1,3,2,0,0.612289435856956,110
1,3,5,0,0.3088806575726608,5
1,3,5,0,0.5970560192796368,149
1,3,5,0,0.24687356651776,117
0,3,5,0,1.0411847416512392,149
0,1,3,0,1.728474771390935,77
1,3,5,0,1.1348046216345045,119
1,2,3,0,0.9796462529051067,165
0,3,2,0,0.8460518610766069,115
1,3,2,0,0.06481556172718578,189
0,1,5,0,1.7787793774479272,58
1,2,1,0,1.0204794457855544,182
0,2,2,0,1.1990427845107687,84
1,3,5,0,0.26477039171115974,13
0,3,5,0,0.367501879104355,11
1,3,4,0,0.46472522169513364,109
1,1,2,0,0.34568299587832413,73
1,3,5,0,0.24125662517319002,108
0,2,2,0,0.9769465787749749,142
1,1,3,1,1.2355226302906432,78
1,2,5,0,0.17924953411828923,15
1,3,5,0,0.1176273756306695,103
0,1,4,0,1.0851862109705868,135
1,1,4,0,0.38201283477454817,84
1,1,1,0,1.0472702853045774,136
0,3,4,0,0.17924953411828923,11
1,3,5,0,0.16458237767850667,34
1,2,5,0,1.1382992876998645,167
0,3,5,0,0.3088806575726608,17
1,3,4,0,0.244065095845475,7
1,3,3,0,1.0024738240500013,116
1,3,1,0,1.0031600194430763,125
0,3,5,0,0.29098383237926106,11
1,1,1,0,0.4670549990720403,27
1,3,5,0,0.31788346844043736,75
0,2,1,0,1.715445003049045,31
1,3,2,0,0.38063425010245927,21
0,2,2,0,0.8329132961925636,144
1,2,4,0,0.415106811031216,80
1,3,5,0,0.8887260470519729,126
0,3,5,0,0.2764728767090679,21
0,2,1,0,1.579728335941335,37
0,3,5,0,0.21165731498188212,24
0,3,5,0,0.235254751261339,89
1,2,1,0,0.6294638001432298,84
0,2,5,0,1.1879176983637822,152
1,1,5,0,1.052778430106994,99
0,2,2,0,1.2589276002864596,28
1,3,1,0,0.8239104853247871,125
0,2,4,0,1.9116875738833523,48
0,2,1,0,0.23236261084756682,9
1,2,5,0,1.358959413549523,126
0,3,2,0,1.5415948171910188,37
0,1,1,0,0.9762603833819,172
0,2,2,0,1.7388499730448612,40
0,2,3,0,1.4354774602746172,122
0,2,4,0,1.3609728922865798,79
1,1,1,1,0.7530093799442631,18
0,2,2,0,1.653437911994144,22
1,1,5,0,0.04411026586150106,136
1,3,5,0,0.2261682706520753,22
1,2,1,0,0.9383444577158906,145
1,3,5,0,0.658485711483616,63
0,3,1,0,0.4116121449658561,16
1,3,1,0,1.1707070685634573,168
1,2,5,0,1.3431848636353334,86
0,3,2,0,1.1439162290444345,46
0,2,3,0,1.4817100014153282,48
0,3,1,0,0.16754704912038104,11
0,3,5,0,0.7530093799442631,176
0,3,5,0,0.48813019169095,155
1,1,2,0,0.24725849908504105,82
1,1,5,0,0.4819358514954585,49
1,1,3,0,0.25576758084338314,118
0,3,5,0,0.3143888023750774,6
0,3,4,0,0.367501879104355,15
1,3,3,0,0.27027853651357636,106
1,3,1,0,0.6969790360005471,77
1,3,2,0,0.6287776047501548,172
0,3,1,0,1.0460066910605808,145
1,3,5,0,0.32058314257056897,107
0,1,1,0,1.7850825141855724,10
0,1,2,0,1.294035055280184,22
1,2,4,0,0.5880532084118603,136
1,2,5,0,0.7887304993029604,109
1,2,2,1,0.49374713303552,46
1,3,1,0,0.5233464432268279,93
1,1,3,1,0.43570331035474735,22
1,3,4,0,0.7266871427340084,121
1,1,5,0,0.5764595199561056,100
1,3,1,0,1.0348816049135943,138
0,3,5,0,0.19995482998397396,21
1,2,5,0,1.1976067046246337,191
1,2,5,0,0.24125662517319002,80
1,1,3,1,0.43570331035474735,13
0,3,5,0,0.13513926825678818,10
0,2,3,0,1.0852950075127403,162
1,1,5,0,0.8797232361841962,179
0,2,1,1,0.9074178641806009,23
0,2,2,0,1.6436401091911392,30
1,3,2,0,0.1820580047905742,70
1,2,1,0,1.693258519855057,31
1,3,5,0,0.6915796877402839,134
0,1,4,0,0.7881168349379877,153
0,2,5,0,0.49374713303552,156
1,1,3,1,0.7998193199358958,28
0,2,5,0,1.347256928551615,124
0,3,5,0,0.29098383237926106,14
1,3,3,0,0.8653210770561565,115
1,1,4,0,0.3915930444932463,106
1,1,2,1,0.43570331035474735,4
1,3,1,0,0.1530360934501879,73
0,3,2,0,1.1610180623026058,124
1,3,4,0,0.47065456457888244,123
1,3,5,0,0.8825317068564813,122
1,3,3,0,0.34568299587832413,94
1,3,4,0,0.932150117520399,145
1,1,2,0,0.24687356651776,97
0,2,1,0,0.8466292599275285,151
0,3,1,0,1.4409856050770338,17
1,2,1,1,0.12963112345437156,46
0,2,4,0,1.4002612087387392,160
0,3,4,0,0.28817536170697605,19
1,3,5,0,0.7824998935934177,85
1,3,2,0,0.49432453188644154,178
1,3,1,0,1.0734837259726788,92
0,3,3,0,0.5585626947627058,114
1,1,2,0,0.24687356651776,98
1,2,4,0,1.5725214107263086,92
1,2,4,0,0.21165731498188212,16
1,2,5,0,1.1209798613573863,171
0,2,1,1,0.17644106344600424,52
1,2,5,0,1.4024922805601026,156
1,2,5,0,1.1825183501035188,94
1,3,5,0,0.9273281681110573,156
1,2,4,0,0.13513926825678818,21
0,3,5,0,0.37920436410226316,3
1,2,1,1,0.38889337036311467,22
0,3,5,0,0.9293416468481139,149
0,2,5,0,0.244065095845475,20
1,1,5,0,1.2238201452927349,114
0,3,5,0,0.2764728767090679,11
1,1,4,0,0.8853401775287663,90
1,2,1,0,1.8675773080218512,50
1,2,1,0,0.3999096599679479,18
0,2,2,0,1.9767207286948445,44
0,3,4,0,0.17924953411828923,17
1,1,3,0,0.2666064399786319,23
0,3,2,0,1.469789923333113,30
1,1,2,0,0.4982616257331287,94
1,2,1,1,0.7530093799442631,21
1,3,3,0,1.0293734601111777,83
1,3,4,1,0.43570331035474735,21
1,3,5,0,1.0789918707750954,111
0,3,5,0,1.1763240099080274,94
0,2,2,0,1.4024922805601026,25
1,1,4,0,0.17284149793916206,74
0,3,3,0,1.3988888179525893,88
1,1,2,0,0.0,75
0,3,4,0,0.27027853651357636,14
0,2,4,0,0.17924953411828923,13
1,3,5,0,0.6149528444730366,148
1,1,2,0,0.17644106344600424,78
1,3,2,0,0.3350940982407621,82
1,3,5,0,0.44401992582944894,13
1,1,1,0,1.312040677015737,140
1,3,1,0,0.9886490637728831,104
0,3,4,0,0.25576758084338314,21
1,3,3,0,0.3350940982407621,97
1,2,3,0,0.8149076744570105,79
0,2,5,0,0.12137200319371615,111
1,2,1,0,0.5177295018822579,133
0,3,1,0,0.3143888023750774,20
1,1,4,0,1.0293734601111777,149
0,3,2,0,1.520420919016566,32
1,1,1,1,0.7530093799442631,25
0,1,3,0,1.2085141976873135,151
0,2,5,0,0.25576758084338314,16
1,1,1,0,1.756746798238261,41
1,3,4,0,0.2942135011328782,160
1,2,2,0,0.1801856910090509,23
1,2,5,0,0.5563316229413424,134
0,2,2,0,1.5705079319892519,36
1,1,3,1,0.0,15
1,2,4,0,0.46472522169513364,63
1,3,2,0,0.27027853651357636,98
0,3,1,0,1.1962343138384837,18
0,3,2,0,1.6182216604582662,34
0,3,1,1,0.0,39
1,1,1,0,1.0417621405021606,120
1,2,2,0,0.5570753135484635,44
0,2,5,0,0.32058314257056897,12
1,3,5,0,0.3233916132428539,20
1,3,1,0,0.244065095845475,15
0,2,1,0,1.7352465104373478,25
0,3,3,0,0.7216576912269702,71
0,2,5,0,0.44401992582944894,7
1,3,5,0,0.7908165090681192,127
1,1,5,0,0.5557542240904207,41
0,1,2,0,2.0649412604178465,3
0,3,4,0,1.2407043854665996,164
1,3,5,0,0.28817536170697605,6
0,3,4,0,0.5674567090883289,156
1,2,1,0,0.3143888023750774,18
0,3,1,0,0.35299092343416183,14
1,2,4,0,0.2160518724239526,46
0,3,2,0,1.0556956973214322,95
0,3,3,0,1.82558931743956,71
1,3,4,0,1.1500017726977725,143
1,3,1,0,1.6317200311089244,71
1,3,5,0,0.9852631942496766,124
1,3,1,0,1.2293282900951517,144
1,3,4,0,0.608758504277545,106
0,3,5,0,0.3842338156093014,99
1,3,5,0,0.5690790613721656,151
0,1,1,0,1.7589778700596244,7
1,1,2,0,0.4413202516993173,56
1,1,4,0,0.42331462996376423,109
0,3,1,0,0.27027853651357636,18
1,1,5,0,0.73500375820871,80
1,3,1,0,0.9769465787749749,96
1,1,3,0,0.4178064851613476,154
1,3,4,0,0.6942793618704155,107
1,3,4,0,0.9231473066526223,97
1,1,3,1,0.7169981364731569,18
1,1,5,0,1.9551116443517782,100
1,2,3,0,0.8680207511862881,103
1,3,5,0,0.6266553294709447,113
1,3,5,0,0.29098383237926106,10
0,3,1,0,2.164864277138757,43
0,2,5,0,1.0473790818467306,150
1,1,3,1,0.3060721869003758,30
0,3,1,0,0.21165731498188212,6
0,3,5,0,0.22335979997979027,11
0,3,4,0,0.38063425010245927,93
0,3,1,0,1.5960351772642782,26
1,3,5,0,0.25857605151566815,9
1,2,4,0,0.30247262139353365,149
1,1,3,1,0.3641160095811484,19
0,3,5,0,0.25857605151566815,14
1,3,4,0,0.9466610731905922,92
0,1,1,0,1.844498727652495,35
1,3,5,0,0.244065095845475,10
1,3,1,0,1.2677128180699293,145
0,1,2,0,0.37639589342997815,86
0,3,2,0,0.0,94
1,3,3,0,0.24687356651776,93
1,3,4,0,1.0410759451090859,108
1,3,5,0,0.3384799677639687,155
1,1,1,1,0.12963112345437156,51
0,2,2,0,1.4264746494068405,143
1,3,3,0,0.1530360934501879,78
1,2,2,0,1.1169077964411047,128
0,3,5,0,1.2906491857569775,80
0,3,3,0,0.9141444957848459,59
1,1,3,0,0.7025959773451171,59
1,1,1,0,1.458087438335205,56
1,3,4,0,1.1852180242336505,63
0,2,5,0,0.3999096599679479,21
1,1,2,0,0.4413202516993173,90
0,2,2,0,1.9587151069592916,27
0,1,1,0,1.430078112014354,20
1,3,2,0,0.3942927186233779,93
1,1,5,0,0.37369621929984653,126
1,1,5,0,0.4633103715089937,50
0,3,5,0,0.3026863173771692,13
0,3,1,0,0.3026863173771692,12
1,1,1,0,1.521107114409641,20
0,3,2,0,0.9382356611737371,153
1,1,3,0,1.141685157223071,113
1,3,5,0,0.3088806575726608,7
1,1,1,0,0.27027853651357636,62
1,3,4,0,0.4619167510228487,37
0,3,3,0,1.3050513448850172,7
0,2,4,0,0.3350940982407621,8
1,1,5,0,1.2430442538301163,61
1,3,4,0,0.5971648158217902,142
1,2,1,0,0.85282360012302,111
0,3,4,1,1.2602999910726094,65
1,1,4,0,0.9645578983839919,121
1,1,5,0,0.8797232361841962,67
0,2,1,0,1.6167404731299628,17
0,1,2,0,1.2086229942294668,17
1,2,4,0,0.9231473066526223,79
1,3,5,0,0.564648238416044,160
0,1,1,0,1.138408084242018,28
1,3,4,0,0.9231473066526223,115
0,3,5,0,0.3350940982407621,8
0,1,2,0,0.9432752036673855,132
1,2,5,0,0.244065095845475,8
0,1,1,0,1.5471029619934356,40
0,3,1,0,0.25576758084338314,3
0,1,2,0,1.82379343178681,35
0,1,4,0,0.7943111751334792,86
1,2,1,0,1.1678985978911722,162
1,2,5,0,0.9735607092517684,91
0,1,1,0,1.9209079778354354,27
1,3,1,0,0.73500375820871,114
0,1,4,0,1.0822689437561486,143
0,2,2,0,1.667153875729109,21
0,1,1,0,1.4822874002662498,39
0,3,5,0,0.3350940982407621,4
0,1,2,0,1.0824865368404553,148
0,3,1,1,1.1058915068362716,52
0,3,5,0,0.3026863173771692,7
1,3,4,0,0.7059818468683237,97
1,3,1,0,0.2160518724239526,66
0,2,1,0,0.16754704912038104,14
0,2,4,1,0.3528821268920085,40
1,3,2,0,0.7998193199358958,131
1,2,5,0,1.1382992876998645,103
1,2,1,0,0.9879628683798082,25
1,2,4,0,0.9528554133860836,87
1,2,3,0,1.2731121663301925,139
0,3,1,0,0.17924953411828923,17
1,3,5,0,0.8232242899317121,85
0,3,5,0,0.8430296944206863,27
1,1,2,0,0.24687356651776,103
1,2,5,0,1.259036396828613,177
0,1,2,0,1.2473339118307047,21
0,2,1,0,1.1549325186492676,34
0,3,3,0,0.5887394038049352,118
0,1,2,0,1.391367194413116,73
1,1,5,0,0.2160518724239526,96
0,3,1,0,1.9056020302300138,41
0,2,5,0,0.244065095845475,17
1,3,1,0,1.4022746874757959,126
0,3,5,0,0.4035817565028923,116
1,2,2,0,1.3996838098878177,87
0,2,3,0,0.8832179022495563,160
1,1,1,0,0.23899937882438563,121
0,3,5,0,0.9942660051174531,147
1,2,1,0,0.37650468997213155,139
1,2,2,0,1.2382223044207747,158
1,3,2,1,1.1058915068362716,52
1,1,5,0,0.27027853651357636,98
0,2,5,0,0.3294771568961921,98
0,2,1,0,0.13513926825678818,22
1,2,2,0,0.31507499776815234,117
1,1,5,0,0.37688962253941255,112
1,3,5,0,0.26477039171115974,21
1,1,2,0,0.3999096599679479,82
0,2,5,0,0.6997875066728321,109
0,3,5,0,0.44401992582944894,20
1,1,5,0,0.38889337036311467,92
0,3,5,0,0.27027853651357636,8
0,3,3,0,0.9528554133860836,125
1,2,2,0,0.3735874227576932,74
0,3,5,0,0.22335979997979027,23
1,3,4,0,0.13513926825678818,5
1,1,1,0,0.3999096599679479,84
0,2,2,0,1.2789467007590694,23
1,1,2,0,0.4764277066930418,149
1,2,4,0,0.043210374484790516,33
0,3,4,0,1.4200627161270423,79
0,3,4,0,0.244065095845475,8
1,2,3,0,1.535291680453374,109
1,3,5,0,0.7619033942698863,83
0,2,2,0,1.5705079319892519,64
1,3,4,0,1.2059233200993353,67
1,3,5,0,0.22335979997979027,10
0,2,5,0,1.283018765675351,129
1,2,4,0,0.8239104853247871,85
0,2,2,0,1.9738034614804063,33
0,3,3,0,0.5888482003470886,86
1,1,5,0,0.8797232361841962,140
1,3,5,0,0.9673663690562768,130
0,3,5,0,0.3026863173771692,8
1,2,2,1,0.5405570730271527,74
1,1,5,0,1.6051467846742082,78
0,2,4,0,0.3088806575726608,13
1,2,2,0,0.24725849908504105,157
0,3,1,0,1.8787023941688377,36
1,3,3,0,1.7498662626496946,13
0,2,5,0,0.3254201277939667,124
0,2,4,0,1.0258787940458176,179
1,1,3,1,0.38889337036311467,15
1,3,2,0,0.9673663690562768,91
0,2,5,0,0.7025959773451171,132
1,3,5,0,1.314849147688022,108
1,3,4,0,0.9734519127096151,159
0,2,4,0,0.44401992582944894,15
1,1,1,1,0.12963112345437156,37
0,2,2,0,1.4023834840179492,28
1,3,4,0,0.35579939410644684,13
1,3,5,0,1.0211656411786294,170
1,1,4,0,0.6377804156179313,127
0,2,2,0,1.5167086598668993,15
1,3,1,0,1.2238201452927349,121
1,2,4,0,0.4502142660249405,17
0,2,4,0,0.37920436410226316,8
1,2,5,0,1.297529721345544,146
0,2,5,0,0.2764728767090679,13
0,2,5,0,1.4168944396881424,114
1,2,4,0,0.16754704912038104,18
1,2,3,0,0.9093225463755041,154
1,3,3,0,0.12137200319371615,135
0,2,2,0,0.23165518575449684,71
1,3,5,0,0.43570331035474735,76
1,1,1,0,1.114894317704048,121
0,1,4,0,1.3320597774883467,50
0,3,5,0,0.3088806575726608,3
0,2,4,0,0.16754704912038104,4
1,3,4,0,0.3143888023750774,22
1,2,4,0,0.3888933703631147,134
1,3,4,0,0.8177161451292955,112
1,3,3,0,0.27027853651357636,103
0,3,5,0,1.1672124024980974,139
1,2,1,0,1.826275512832635,102
1,3,5,0,0.9411529283881755,84
1,1,2,0,0.3999096599679479,59
1,3,1,0,0.12963112345437156,63
1,2,2,0,0.47065456457888244,75
0,2,1,0,1.8938995452321057,13
0,2,5,0,1.9553292374360853,19
0,1,3,0,1.2148173344249584,129
1,1,5,0,0.855632070795305,120
1,1,4,0,0.42009999702420314,53
1,2,4,0,1.4910726180497196,143
1,2,2,0,0.24687356651776,96
1,1,5,0,0.0,139
1,2,5,0,0.8762285701188364,130
0,3,5,0,0.244065095845475,8
1,3,5,0,0.8887260470519729,149
1,2,3,0,1.5236979919976192,154
1,1,2,0,1.0756060012518887,28
1,3,1,0,0.39249293586995676,40
1,1,5,0,1.7437807189963563,162
1,3,1,0,1.147302098567641,104
0,2,4,0,1.695849397443035,89
0,1,2,0,1.365262550287168,21
0,3,5,0,0.44401992582944894,5
1,3,1,0,0.5295407834223195,93
0,3,1,1,1.012271626853006,48
0,3,4,0,1.5999984456384064,68
0,2,4,0,1.1666350036471758,76
1,2,5,0,0.5349401316825827,80
1,3,5,0,0.7584087282045263,137
0,3,5,0,0.4191850698334365,93
1,1,5,0,1.238331100962928,99
0,2,4,1,1.4479749372077535,34
1,3,4,0,0.9087451475245826,149
1,3,1,0,0.44401992582944894,24
0,3,1,1,1.3651537537450147,29
1,1,2,0,0.5123301536219946,119
0,3,1,0,0.28817536170697605,8
0,1,2,0,1.635432290258591,21
0,2,4,0,1.050656154827784,70
1,2,5,0,0.6294638001432298,119
0,1,2,0,1.2294370866373048,95
1,3,2,0,0.24687356651776,116
0,2,2,0,1.0796780661681702,68
0,1,2,0,1.5124641093084794,73
1,3,3,0,0.35299092343416183,133
1,3,4,0,0.8383126444528268,114
1,2,1,0,0.36128630920886834,32
1,3,1,0,2.0677497310901316,19
1,1,4,0,0.6867064370028352,18
1,2,2,0,1.5388951430608873,36
0,3,5,0,0.22335979997979027,14
1,1,5,0,1.1618130542378342,130
0,1,5,0,1.652425326974609,99
1,3,4,0,1.238331100962928,118
0,2,4,0,0.8232242899317121,194
0,3,5,0,0.32058314257056897,16
0,1,1,0,1.6525341235167623,18
1,1,2,0,1.4086866207555941,32
1,1,2,0,0.30247262139353365,76
1,2,4,0,0.08822053172300212,97
1,2,1,0,0.1820580047905742,85
1,2,1,0,1.2886357070199208,71
0,2,1,0,0.44401992582944894,20
0,1,1,0,1.4649679739237718,149
0,2,5,0,0.26477039171115974,21
0,2,1,0,1.0914893477082317,129
1,2,1,0,0.09722334259077867,113
0,3,2,0,0.6233782564898915,76
0,1,1,0,1.2638583462379545,34
1,2,5,0,0.42331462996376423,109
1,3,5,0,0.3944015151655313,148
1,2,4,0,0.0,79
0,3,1,1,0.7530093799442631,59
1,1,2,0,0.655677240811331,117
1,3,5,0,0.3233916132428539,12
1,2,5,0,0.9996653533777163,109
1,1,2,1,0.8714066207094947,42
0,3,2,0,1.8119821502467486,11
1,1,4,0,0.42331462996376423,99
1,2,1,0,1.8021843474437438,33
0,3,1,1,0.9074178641806009,12
1,1,5,0,0.3999096599679479,87
1,1,3,0,0.5735422527416671,170
0,3,4,0,0.3233916132428539,16
1,3,5,0,0.4116121449658561,21
1,1,2,0,0.2160518724239526,71
1,2,3,0,0.3999096599679479,90
0,3,4,0,0.4116121449658561,5
0,1,1,0,0.6053726347543384,154
1,3,1,0,0.7763055533979261,121
1,3,1,0,1.1327911428974478,98
1,3,3,0,1.238331100962928,80
0,2,5,0,1.0667119869262656,79
1,3,2,0,1.2059233200993353,123
1,3,5,0,0.3853987042977547,57
1,1,1,0,0.46472522169513364,71
0,2,1,0,1.5230117966045442,29
0,1,1,0,1.658728463712254,30
1,1,4,0,2.09385437521608,92
1,2,1,1,0.8714066207094947,13
1,3,2,0,0.47992237275840177,64
0,2,5,0,0.8025189940660273,155
1,1,1,0,1.8594782856314562,41
1,2,5,0,0.4321037448479052,91
1,2,1,0,0.2205513293075053,171
1,1,3,0,0.06481556172718578,73
0,3,5,0,0.35579939410644684,15
1,2,5,0,0.353027188948213,136
1,2,2,0,0.5529457534181358,144
1,1,5,0,1.1618130542378342,121
1,3,2,0,0.4413202516993173,79
0,3,4,0,0.32058314257056897,10
0,3,4,0,0.33367924805462207,109
0,2,2,0,1.3699757031543562,22
0,3,5,0,0.367501879104355,6
0,2,2,0,1.727147488046953,23
0,3,5,0,0.29098383237926106,13
1,3,5,0,0.4819358514954585,104
0,1,2,0,2.231693317603,119
1,3,3,0,0.35849906823657846,98
0,1,2,0,1.5351828839112207,104
1,2,5,0,0.8617176144486431,105
0,1,5,0,1.4525792935327886,76
0,1,4,0,0.6321634742733614,95
1,2,2,0,0.24687356651776,89
1,1,2,1,0.9762603833819,29
1,1,2,1,0.12963112345437156,13
0,2,2,0,1.7932903331181207,158
0,3,3,0,0.462395444318227,105
1,3,1,0,0.4502142660249405,52
0,3,5,0,0.37920436410226316,20
0,2,1,0,1.6732394193824471,6
1,3,3,0,0.34102344112451083,61
1,3,5,0,0.6473606253366295,71
0,2,4,0,0.34679658323867024,24
1,2,2,0,0.7204928025385169,130
0,3,5,0,0.3088806575726608,21
1,2,3,0,1.1154717165549697,130
0,1,1,0,1.6491482539935558,32
0,3,3,0,0.21785165517737368,117
1,1,2,0,1.2883093173934606,74
0,2,1,0,0.6942793618704155,113
0,3,1,0,0.9942660051174531,153
0,1,2,0,1.5023065007388596,34
0,2,1,0,0.6177613151453216,149
1,3,1,0,0.608758504277545,174
1,1,2,0,0.27027853651357636,81
1,3,5,0,1.1914123644291421,120
1,1,1,1,0.7998193199358958,70
1,1,2,0,0.6081811054266235,108
1,2,5,0,0.926533176175829,115
0,1,1,0,1.3615502911375015,81
0,2,1,0,0.7556002575322414,105
1,2,5,0,1.283018765675351,84
1,3,3,1,0.12963112345437156,41
1,2,3,0,0.24125662517319002,105
0,1,2,0,1.3941756650854011,35
1,3,5,0,0.35299092343416183,24
1,3,5,0,0.09722334259077867,96
0,3,2,0,1.6905588457249254,28
0,3,1,0,0.44401992582944894,15
1,1,2,0,0.9121310170477892,66
1,1,2,0,0.2826672169045594,89
1,2,5,0,0.7171069330153104,140
1,2,2,0,0.49713300255872656,150
1,2,4,0,0.6734652694625775,107
0,3,3,0,1.3575870227633733,60
0,1,1,0,2.1091603228215012,16
1,1,2,0,0.36818807449742996,93
1,1,2,0,2.131661504339936,44
1,3,5,0,0.03240778086359289,134
0,1,2,0,1.8263843093747885,39
1,1,2,0,1.331373582095272,21
1,3,4,0,0.9969656792475847,115
1,3,4,0,0.2510031266480877,85
1,1,2,0,0.0,4
0,2,4,0,1.2886357070199208,77
1,1,1,1,0.6233782564898915,18
0,3,5,0,0.29098383237926106,24
1,1,5,0,1.259036396828613,142
1,2,5,0,0.7418842937972765,162
0,2,2,0,1.4030696794110242,22
0,3,4,0,0.5005188720819331,109
0,2,5,0,0.35299092343416183,16
0,1,5,0,1.7530345390885942,161
1,3,5,0,1.3823643835453394,153
1,1,5,0,0.1530360934501879,78
0,2,5,0,0.7294956134062933,176
1,2,1,0,0.8149076744570105,125
1,1,1,0,1.1237883320296713,98
0,3,2,0,1.3208258947992069,117
0,2,2,0,1.6911362445758469,31
0,2,1,0,1.46788524113821,38
1,1,3,0,0.35849906823657846,106
1,3,1,0,1.2168308131620151,6
1,3,1,0,0.8707204253164198,136
0,1,2,0,1.1500017726977725,8
1,1,3,0,0.9438526025183072,84
0,3,2,0,0.7584087282045263,136
1,3,5,0,1.1623904530887557,170
1,1,1,0,1.2617360709587444,17
1,3,4,0,1.0438844157813707,135
1,3,1,0,1.2059233200993353,95
1,3,4,0,1.1299826722251627,100
0,2,5,0,0.4116121449658561,12
0,2,2,0,1.9381186076357602,31
1,2,2,0,0.37650468997213155,88
1,2,5,0,0.8321183042573352,66
0,2,1,0,1.34657073315854,83
0,1,4,0,1.1085911809664033,147
1,3,5,0,1.2238201452927349,126
1,3,2,0,0.6158890013637982,74
1,2,2,0,0.6770687320700908,111
1,1,2,0,1.300338192017829,15
1,3,2,0,0.19444668518155733,83
1,3,4,0,0.3619937343019384,156
1,3,4,0,0.17924953411828923,15
0,2,1,0,0.9763691799240535,180
1,2,5,0,0.608758504277545,92
0,3,5,0,0.3350940982407621,5
1,3,4,0,1.3352280539272465,91
1,3,1,0,1.4173630419969105,105
1,3,2,0,0.779800219463286,84
0,1,1,0,1.4844096755454599,30
1,2,3,0,1.8317836576350517,6
1,3,5,0,0.4321037448479052,178
0,3,1,1,0.48251325034638004,24
1,3,1,0,0.8266101594549187,90
1,1,1,0,1.0327593296343842,89
0,2,2,0,1.2149261309671118,139
1,2,5,0,0.9583635581885004,168
1,1,2,0,0.31168912824494577,77
1,3,4,0,1.114894317704048,132
1,3,5,0,0.26477039171115974,13
0,3,1,0,1.399792606429971,93
1,2,1,0,0.8086045377193656,124
0,2,5,0,0.659171906876691,142
1,3,2,0,0.6158890013637982,105
0,3,2,0,0.8700342299233448,53
1,3,4,0,0.932150117520399,144
1,2,5,0,1.0796780661681702,97
0,3,1,0,0.44401992582944894,20
0,3,4,0,0.34679658323867024,6
1,2,2,0,0.25025943604096657,113
1,3,1,0,0.5915478744772202,99
0,3,1,0,0.34679658323867024,15
1,3,2,0,1.7076606789830966,94
0,3,5,0,0.34476806868755755,135
1,3,5,0,0.73849842427407,100
1,3,4,0,1.3611904853708867,122
1,2,3,0,0.21785165517737368,72
1,3,5,0,0.28817536170697605,21
1,3,5,0,0.9445387979113821,119
0,1,2,0,1.2059233200993353,153
1,3,5,0,0.703282172738192,119
1,3,1,0,1.1265968027019562,80
0,3,4,0,0.9762603833819,91
1,3,5,0,0.8797232361841962,119
0,3,1,0,1.1789148874960056,34
1,2,2,0,0.17374138931587263,84
1,3,4,0,1.164512728367966,135
0,1,2,0,1.7090330697692466,47
0,3,1,1,0.8714066207094947,34
0,3,1,1,0.48251325034638004,39
1,3,5,0,0.0910290023952871,145
1,3,5,0,0.3143888023750774,10
0,1,5,0,0.5005188720819331,123
1,2,2,0,1.6380231678465693,34
1,1,4,1,0.3060721869003758,10
1,2,2,0,0.2826672169045594,78
1,2,3,0,0.6969790360005471,113
0,2,1,0,1.574111394596765,13
1,3,2,0,0.08822053172300212,81
1,3,1,0,0.9031282061800125,97
1,3,5,0,0.40880367429357106,99
0,3,2,0,0.72938681686414,103
1,1,4,0,1.0348816049135943,128
1,2,2,0,1.1583183881724741,20
0,3,2,0,0.8430296944206863,133
0,3,2,0,1.0794604730838635,88
1,3,3,0,0.24125662517319002,79
1,2,2,0,0.7500921127298248,65
0,3,1,0,1.8387729897657714,38
1,3,3,0,0.5819676647585221,105
1,1,1,1,0.7530093799442631,36
1,1,5,0,1.070784051842547,120
1,3,4,0,0.12963112345437156,63
0,2,5,0,0.29098383237926106,14
1,1,1,0,1.4698987198752667,80
1,3,5,0,0.7059818468683237,123
0,3,5,0,0.4035817565028923,106
0,3,5,0,0.35579939410644684,13
1,3,5,0,0.8377352456019054,121
1,3,2,0,0.4413202516993173,88
1,1,5,0,0.0,80
1,3,5,0,0.3143888023750774,7
0,2,2,0,1.8290839835049202,43
1,1,4,0,0.7942023785913258,140
0,3,4,0,0.3088806575726608,23
1,2,4,0,0.6969790360005471,114
0,3,1,0,0.4116121449658561,9
0,2,1,0,1.3466795297006935,12
1,2,2,0,0.1176273756306695,45
0,2,1,0,0.9238335020456974,176
1,1,2,1,0.38889337036311467,52
1,2,1,1,0.7998193199358958,26
1,2,5,0,1.190039973642992,136
0,1,1,0,1.5388951430608873,12
1,2,5,0,0.6177613151453216,60
1,3,5,0,0.855632070795305,142
0,3,5,0,0.34679658323867024,22
0,3,1,0,0.6040303155963006,196
1,2,1,0,0.22335979997979027,12
0,2,1,0,0.9913487379030148,121
1,3,3,0,1.267930411154236,79
0,1,4,0,1.864082641956491,137
1,2,1,0,0.2784651257461295,115
1,2,1,1,0.6233782564898915,17
1,2,1,0,1.3610816888287331,24
1,3,4,0,1.1969205092315587,149
0,2,1,1,0.7530093799442631,50
1,2,5,0,0.16754704912038104,15
1,3,5,0,0.08822053172300212,63
1,1,5,0,0.32058314257056897,62
0,1,2,0,1.0734837259726788,8
1,3,4,0,0.8680207511862881,70
0,3,4,0,0.25576758084338314,9
0,2,5,0,0.6349719449456463,151
1,3,2,0,1.6410492316031609,39
1,3,1,0,0.6769599355279374,131
1,2,2,1,0.7530093799442631,16
1,1,1,1,0.5653344338091189,11
1,3,4,0,1.0941890218383634,173
1,3,4,0,0.17644106344600424,85
0,3,5,0,0.7336614390506723,28
0,2,5,0,0.9886490637728831,154
0,3,5,0,0.22335979997979027,9
1,1,1,1,0.38889337036311467,45
0,3,5,0,0.37920436410226316,16
0,3,1,1,1.1058915068362716,50
1,2,5,0,1.1327911428974478,89
0,2,1,1,0.38889337036311467,24
0,3,1,0,1.5059099633463728,27
1,1,5,0,0.05881368781533475,129
0,2,5,0,0.25857605151566815,8
1,1,5,0,1.2410307750930598,136
0,2,2,0,1.132104947504373,15
1,3,1,0,1.2148173344249584,86
0,3,5,0,0.12137200319371615,69
1,3,1,0,1.4353686637324636,23
1,2,5,0,0.8093995296545939,130
1,2,4,0,1.1769014087589489,119
1,1,1,0,1.417471838539064,25
0,3,5,0,0.3999096599679479,13
0,3,5,0,0.29098383237926106,16
1,1,5,0,1.2766068323955524,88
1,3,1,0,0.35579939410644684,15
0,3,4,0,0.23236261084756682,21
1,3,3,0,0.1530360934501879,113
1,3,5,0,0.8673345557932132,121
1,2,1,0,1.3319509809461936,41
1,3,2,0,0.08822053172300212,83
1,2,5,0,1.1175939918341797,121
1,3,5,0,1.0176709751132695,146
1,3,1,0,2.17937523280895,36
0,2,3,0,1.260941079023516,119
1,2,5,0,0.8411211151251119,133
1,1,2,0,1.7623637395828309,17
1,3,1,0,1.924293847358642,41
1,3,5,0,0.5943563451495052,128
0,3,5,0,1.0149713009831378,187
0,2,3,0,1.3117142873892769,116
1,3,3,1,0.8714066207094947,26
0,2,2,0,0.7998193199358958,25
0,3,1,0,0.3088806575726608,7
0,3,2,0,0.6508402555879333,147
1,2,2,0,1.3787609209378262,30
1,3,1,0,0.27027853651357636,19
1,1,2,0,0.21785165517737368,86
1,1,1,1,0.5405570730271527,88
0,3,3,0,0.6935931664773405,93
0,2,5,0,1.132104947504373,101
1,2,5,0,0.5826538601515971,144
0,3,5,0,0.8120992037847254,164
1,3,4,0,0.8763373666609897,102
0,1,2,0,1.8886089935139958,29
0,3,4,0,0.35579939410644684,13
0,1,1,0,1.026673785981046,12
1,1,3,0,0.5150298277521264,56
1,2,4,0,0.9114448216547142,143
0,2,4,0,0.3088806575726608,18
1,2,3,0,0.24125662517319002,90
0,3,1,0,0.5970560192796368,33
1,3,1,0,0.7467062432066182,138
0,3,5,0,0.13513926825678818,16
1,2,3,1,0.5653344338091189,26
1,2,5,0,0.42331462996376423,111
0,2,1,0,0.27027853651357636,14
0,2,1,0,1.061890037516924,105
1,3,4,0,1.1271742015528778,7
1,3,4,0,0.9031282061800125,106
1,2,4,0,0.9886490637728831,136
0,3,4,1,0.0,22
1,3,3,1,0.5405570730271527,67
1,3,5,0,1.164512728367966,142
0,1,2,0,1.397670331150761,35
1,1,1,1,0.8826405033986346,60
0,3,5,0,0.35299092343416183,8
1,2,2,0,0.49432453188644154,134
0,1,1,0,1.3327459728814217,28
1,2,5,0,0.7294956134062933,132
1,3,1,0,0.6790822108071474,138
0,3,5,0,0.2261682706520753,12
1,3,3,0,1.0410759451090859,136
1,2,5,0,0.2385569510430584,121
0,3,5,0,0.8211020146525021,184
0,2,5,0,0.903237002722166,162
1,3,5,0,0.6887712170679989,148
1,2,1,0,0.4240008253568392,146
1,3,3,0,0.23236261084756682,87
0,3,5,0,0.5405570730271526,88
0,2,5,0,1.899985088885444,177
0,1,1,0,1.3700844996965098,37
1,1,2,1,0.12963112345437156,18
1,1,3,1,0.38889337036311467,45
1,1,5,0,0.6997875066728321,120
0,3,1,0,1.734560315044273,128
1,3,3,0,1.8462946133052447,53
1,2,3,0,0.49432453188644154,150
0,3,5,0,1.100383362033855,154
1,1,1,0,1.6525341235167623,21
0,3,1,0,0.37920436410226316,10
0,2,4,0,1.2407043854665996,49
1,3,1,1,0.38889337036311467,16
1,1,4,0,0.4982616257331287,123
1,1,3,1,0.3060721869003758,32
0,3,2,0,0.05881368781533475,94
1,1,3,0,1.0438844157813707,95
1,1,3,1,0.2592622469087431,19
1,1,4,0,0.1176273756306695,149
1,2,5,0,0.9912399413608615,187
1,3,5,0,0.2261682706520753,12
1,3,5,0,0.3087718610305074,144
0,2,1,0,0.9639804995330703,32
1,3,4,1,0.17644106344600424,44
0,3,5,0,0.35579939410644684,23
1,1,2,0,0.26477039171115974,73
1,3,2,0,1.2575552095003095,148
0,3,5,0,0.947347268583667,146
0,3,3,0,0.9817685281843167,145
1,3,3,0,0.9238335020456974,144
1,3,3,0,0.564648238416044,106
0,3,5,0,0.6232694599477382,134
1,3,2,0,0.46472522169513364,70
1,1,2,0,0.37650468997213155,100
0,3,4,0,0.32058314257056897,8
1,2,5,0,0.6501690960089145,157
1,3,5,0,0.9500469427137987,97
0,3,5,0,0.3026863173771692,11
0,3,1,0,0.17924953411828923,5
1,1,2,1,0.6233782564898915,14
1,2,5,0,0.6867064370028352,100
1,3,1,0,0.9293416468481139,113
1,2,3,0,0.0,92
0,3,3,0,0.8178249416714489,130
1,2,5,0,1.0472702853045774,153
1,3,1,0,0.9328363129134739,69
1,3,5,0,0.3708877486275616,96
1,2,1,0,0.2261682706520753,7
0,2,2,0,1.5319058109301673,19
1,3,2,1,1.059081566844639,75
0,3,5,0,0.45505125124833823,87
0,3,5,0,0.3060721869003758,113
1,2,2,0,2.1199590193420277,45
0,1,5,0,0.49374713303552,144
1,3,5,0,1.0465840899115024,83
1,1,3,0,1.2960485340172405,39
0,1,1,0,1.1825183501035188,26
1,1,4,0,0.06481556172718578,100
1,3,5,0,0.3686305022787572,120
0,2,2,0,1.5209983178674877,24
0,3,5,0,0.32058314257056897,11
0,3,4,1,1.2602999910726094,22
1,3,5,0,1.3438710590284084,56
0,3,5,0,0.8430296944206863,131
0,3,1,1,1.2715338737617494,37
1,2,1,0,0.4670549990720403,124
1,1,2,0,0.0,111
0,1,2,0,2.09385437521608,41
1,2,2,0,1.59132202439709,19
0,1,1,0,1.5730988095772303,164
1,3,5,0,0.27027853651357636,21
1,2,4,0,0.3350940982407621,15
1,1,4,0,0.6528687701390461,129
0,1,3,0,2.0813568982829436,40
0,2,1,0,1.129296476832088,28
0,2,2,0,1.685845692857737,30
1,1,1,0,1.1879176983637822,111
0,3,4,1,0.12963112345437156,57
1,1,3,0,0.10202406230012527,105
1,1,1,1,0.0,70
0,2,5,0,1.3940668685432476,65
0,1,4,0,1.2472251152885514,138
0,1,4,0,0.9342723927996089,85
1,3,1,0,0.37650468997213155,84
0,3,1,0,0.8142214790639356,20
1,3,5,0,0.85282360012302,107
1,1,3,0,0.4238446245872498,118
1,1,3,0,1.147302098567641,103
1,2,3,0,0.3350940982407621,75
1,1,2,0,1.014285105590063,24
1,2,4,0,0.43512591150382574,131
0,2,4,0,0.2764728767090679,13
0,3,5,0,0.35579939410644684,14
0,3,4,0,0.23899937882438563,41
0,3,3,0,0.7495147138789031,142
1,3,1,0,0.29781306663972035,78
0,2,1,0,0.9734519127096151,136
1,1,1,1,0.43570331035474735,33
1,2,5,0,0.3842338156093014,41
1,1,5,0,0.27096473190665127,105
0,3,5,0,0.37920436410226316,5
0,2,5,0,0.26477039171115974,16
0,2,5,0,0.6935931664773405,108
0,2,2,0,1.927102318030927,28
1,1,1,0,0.3842338156093014,101
0,3,5,0,1.6469171821721924,98
0,3,4,0,0.5288545880292445,115
0,1,2,0,2.155752669728827,117
1,1,4,0,0.4238446245872498,44
1,3,1,0,1.4105913029504975,41
0,1,1,0,1.6237298052606828,26
0,1,1,0,1.2024286540339753,31
1,3,2,0,0.2592622469087431,85
0,3,1,1,0.38889337036311467,23
0,3,5,0,0.3233916132428539,7
0,1,2,0,1.7037425180511367,21
1,3,4,0,0.9315727186694773,103
1,3,3,0,0.6880850216749239,157
1,3,1,0,1.2465389198954764,41
1,1,4,0,1.147302098567641,87
0,3,1,0,0.6472406900810912,94
0,2,2,0,1.9120139635098123,27
1,2,2,0,0.8259239640618437,172
1,3,1,0,0.8032051894591024,135
1,3,3,0,0.7500921127298248,97
1,3,2,0,0.7734970827256411,190
1,2,2,0,0.5258686868873751,77
1,3,4,0,0.97975504944726,89
0,2,2,0,1.3547785520910882,13
1,1,2,0,0.1530360934501879,68
1,3,2,0,1.798689681378384,156
1,3,3,0,0.06481556172718578,115
1,2,1,0,1.0913805511660783,77
1,3,3,0,0.24687356651776,88
1,3,5,0,1.100383362033855,119
1,3,4,0,2.117259345211896,135
1,3,5,0,0.7680977344653779,184
0,1,5,0,0.6881938182170773,104
1,3,1,0,0.9852631942496766,115
1,3,4,0,0.4513066236852916,117
0,2,2,0,1.5344966885181457,88
0,3,3,0,0.6977952576357705,63
1,1,2,0,1.9237164485077205,26
1,3,2,0,2.0002344952328146,33
0,2,4,0,2.493655238641874,108
1,1,1,0,2.012514379081644,24
1,3,4,0,0.21965143793079475,100
1,1,1,0,1.7022613307228336,72
1,3,5,0,0.3026863173771692,15
0,3,2,0,0.9410441318460221,133
1,1,3,0,0.24687356651776,98
0,3,5,0,0.29781306663972035,132
0,3,2,0,1.2562279261563278,109
1,2,2,0,0.15584456412247288,100
0,3,5,0,0.34679658323867024,15
1,2,5,0,0.6942793618704155,118
1,2,3,0,0.8859175763796878,186
0,3,5,0,0.3350940982407621,12
1,2,5,0,0.20884884430959713,99
0,2,1,0,1.5670132659238918,31
0,3,3,0,0.8466292599275285,99
1,2,5,0,0.8590179403185116,142
1,2,2,0,0.5205379725545429,63
0,2,1,0,1.7559518063030326,14
1,3,1,0,0.25857605151566815,12
0,3,4,0,0.7169981364731569,106
1,2,1,1,0.12963112345437156,19
0,3,5,0,0.6517551827786999,90
1,3,5,0,0.2510031266480877,134
0,1,1,0,1.013598910196988,25
1,2,2,0,0.2826672169045594,67
1,2,4,0,1.0852950075127403,179
1,3,3,0,1.0176709751132695,138
1,3,1,1,0.7169981364731569,66
1,3,4,0,0.34568299587832413,153
1,3,5,0,0.6474694218787829,24
1,3,1,0,1.0086681642454929,109
1,3,5,0,0.5529457534181358,78
1,2,4,0,0.353027188948213,107
0,1,5,0,0.5709513751536889,171
1,2,5,0,0.529431986880166,146
1,3,1,0,0.16473857844809606,150
0,3,1,0,0.29098383237926106,13
1,3,1,0,0.3962375634330035,1
1,3,4,0,0.8473154553206035,100
1,1,2,0,0.6612941821559011,180
1,1,1,0,1.9525207667638,72
1,2,1,0,0.4619167510228487,23
1,1,2,0,1.0176709751132695,19
1,3,5,0,0.22335979997979027,8
1,1,4,0,0.12137200319371615,100
1,2,1,0,0.9432752036673855,10
1,2,1,0,0.4646164251529803,100
0,2,3,0,0.485321721018665,79
1,2,3,0,0.8942341918543895,118
1,3,2,0,0.9328363129134739,125
1,3,2,0,0.8087133342615189,108
0,1,1,0,2.1007349108046465,18
0,2,5,0,0.367501879104355,16
1,3,5,0,1.1794922863469273,162
0,2,5,0,0.3999096599679479,2
1,2,5,0,1.367058435939918,116
1,2,4,0,0.899742336656806,125
0,1,4,0,1.695849397443035,105
1,3,1,0,0.9673663690562768,130
0,3,5,0,0.4116121449658561,17
1,3,4,0,0.367501879104355,8
1,3,5,0,0.7915027044611942,142
0,3,4,0,0.25857605151566815,12
1,1,2,1,0.3641160095811484,13
1,3,4,0,1.2584589979776912,47
1,3,5,0,0.9259557773249074,94
1,1,4,0,1.6841469124451272,30
0,2,5,0,1.0528872266491474,146
0,3,5,0,0.16754704912038104,14
0,2,5,0,0.34679658323867024,6
0,2,4,0,0.19995482998397396,24
0,3,1,0,1.4092640196065158,4
1,1,3,0,0.19444668518155733,90
1,3,5,0,0.26477039171115974,24
1,3,2,0,1.100383362033855,72
0,2,4,0,1.1651989237610407,113
1,1,3,0,0.3350940982407621,110
1,3,2,0,0.3098168144634224,145
1,3,5,0,0.60595003360526,134
0,3,3,0,0.6177613151453216,125
1,1,5,0,0.9673663690562768,91
1,1,1,0,0.3060721869003758,100
0,2,5,0,1.0258787940458176,166
1,2,5,0,1.5236979919976192,133
1,1,3,0,0.6867064370028352,92
1,2,2,0,1.1825183501035188,32
0,3,1,0,1.728474771390935,153
1,3,4,0,0.25857605151566815,14
1,1,5,0,0.43570331035474735,133
1,2,5,0,0.42331462996376423,95
1,3,2,0,0.40610400016343945,123
1,3,5,0,0.3374238756176687,118
1,2,4,0,0.3088806575726608,14
1,3,5,0,0.900428532049881,152
1,3,4,0,1.0059684901153614,79
0,3,2,0,1.0293734601111777,119
0,1,1,0,1.5505976280587954,37
0,2,5,0,0.8762285701188364,168
1,1,4,0,0.3350940982407621,81
0,1,2,0,1.4022746874757959,28
0,2,3,0,1.516599863324746,109
1,3,5,0,0.26477039171115974,9
1,2,5,0,1.0265649894388926,158
0,3,5,0,0.8977288579197494,95
1,1,3,0,0.85282360012302,94
1,2,2,0,0.20884884430959713,9
0,1,1,0,1.8498980759127581,19
1,2,4,0,0.26477039171115974,10
1,3,2,0,0.4116121449658561,7
1,1,4,0,0.1530360934501879,71
0,1,1,0,1.4899178203478765,27
1,2,1,0,0.3060721869003758,91
1,3,4,0,1.1084823844242497,103
1,3,4,0,0.3233916132428539,11
1,2,1,0,1.1673211990402508,59
1,1,1,1,0.3060721869003758,16
0,2,3,0,0.6472406900810912,181
0,2,1,0,2.102857186083856,17
0,2,5,0,0.35299092343416183,17
1,3,1,0,1.9386960064866818,10
1,3,4,0,0.5690790613721656,57
0,1,1,0,1.9144960445556372,181
1,1,1,0,1.0824865368404553,4
0,2,2,0,0.9617494277117069,107
0,2,2,0,1.3057375402780922,35
0,1,2,0,0.9501557392559521,32
0,2,2,0,0.993939615490993,141
1,2,2,0,0.3233916132428539,104
0,3,2,0,1.6905588457249254,29
1,3,5,0,0.17924953411828923,22
1,3,2,0,0.6673797258092392,133
1,1,3,0,0.6590631103345377,139
0,2,1,0,0.5115351616867663,160
0,1,1,0,1.465076770465925,24
1,3,5,0,0.05881368781533475,170
1,2,2,0,0.3143888023750774,96
0,2,5,0,0.506135813426503,122
0,2,5,0,0.8583317449254366,133
1,1,2,0,0.2592622469087431,56
1,1,5,0,0.43570331035474735,113
1,3,3,0,1.4080004253625193,105
1,2,2,0,0.42744419009409196,53
0,1,2,0,1.6442175080420607,27
0,3,2,0,0.6881938182170773,78
1,3,2,0,0.08822053172300212,97
0,2,2,0,0.5419294638133025,113
0,2,5,0,0.19995482998397396,10
0,2,2,0,1.3858590496106995,27
1,3,5,0,0.415106811031216,39
1,2,4,0,1.558914243533497,96
1,1,3,0,0.6149528444730366,143
1,1,2,0,0.27027853651357636,98
1,1,1,1,0.49374713303552,15
1,1,2,0,1.8235758387025034,82
0,3,4,0,0.28817536170697605,17
1,1,1,0,0.7942023785913258,122
1,1,4,0,0.5033273427542181,53
1,2,4,0,1.0796780661681702,95
1,1,2,0,0.6233782564898915,152
0,3,5,0,1.1058915068362716,89
0,2,1,0,1.0086681642454929,41
0,2,1,0,0.2261682706520753,6
0,2,4,0,0.244065095845475,15
0,3,1,0,0.4116121449658561,12
0,2,5,0,0.5736510492838205,124
1,2,1,0,1.6443263045842142,31
1,1,1,0,1.3699757031543562,83
1,3,2,1,0.6949655572634905,28
0,3,5,0,0.37920436410226316,9
1,3,4,0,0.1820580047905742,82
1,1,1,0,0.7967932561793041,88
1,2,5,0,1.1471933020254876,113
0,3,2,0,1.903479754950804,31
1,2,1,0,1.8003884617909938,11
1,1,4,1,0.6701881964815242,32
1,3,1,0,0.8003967187868174,104
1,3,2,0,0.661980377548976,115
0,1,5,0,1.5179722541108958,93
1,2,4,0,0.8377352456019054,175
1,2,1,0,0.16083775011546,12
1,1,4,0,0.17644106344600421,69
1,3,5,0,0.732195287536425,120
1,1,5,0,1.1113996516386881,91
1,1,1,1,0.12963112345437156,28
0,3,1,0,1.6884365704457152,25
0,3,5,0,0.37920436410226316,18
0,3,1,0,0.19995482998397396,13
0,3,2,0,1.5814154250519317,98
1,1,4,0,0.1530360934501879,84
0,1,1,0,1.147302098567641,28
1,3,5,0,0.3026863173771692,17
1,1,5,0,0.8735288959887048,158
1,1,5,0,0.5295407834223195,60
0,2,2,0,2.0669547391549035,132
1,3,3,0,0.8356129703226952,88
0,3,5,0,0.3088806575726608,17
0,3,5,0,0.22335979997979027,7
0,3,5,0,1.4326689896023321,110
0,3,5,0,0.97413810810269,143
1,2,3,0,0.9652440937770668,129
1,1,3,0,1.0148625044409845,135
1,3,5,0,0.9769465787749749,105
0,2,2,0,2.1703724219411735,17
0,3,4,0,0.4116121449658561,21
1,3,5,0,0.8590179403185116,125
1,2,5,0,0.0,83
1,3,2,0,0.7025959773451171,156
1,1,3,0,0.8887260470519729,121
1,3,2,0,0.9948434039683747,150
1,2,4,0,0.9851543977075232,165
1,3,3,0,0.244065095845475,84
1,3,2,0,1.052778430106994,102
0,3,1,0,1.2976385178876972,28
1,2,5,0,0.27027853651357636,66
0,2,4,0,0.4116121449658561,16
1,3,4,0,0.4027181306402329,59
1,3,4,0,0.6969790360005471,138
1,1,5,0,0.9121310170477892,124
1,3,1,0,0.956132486367137,84
1,2,2,0,1.1736243357778957,140
1,3,4,0,0.3088806575726608,3
1,1,4,0,0.6969790360005471,130
0,3,5,0,0.3350940982407621,20
1,3,1,1,0.12963112345437156,66
0,3,5,0,0.7133985709663148,166
1,2,1,1,0.49374713303552,18
1,3,2,0,0.5853535342817286,90
1,3,2,0,0.25576758084338314,65
1,3,4,0,0.7824998935934177,98
0,3,5,0,0.3088806575726608,5
0,3,1,0,1.658728463712254,40
0,3,4,0,0.5171521030313363,101
1,3,5,0,0.1820580047905742,92
0,1,1,0,1.5676994613169668,33
0,2,2,0,1.6506294413218592,38
1,3,4,0,1.2824413668244292,131
1,1,1,0,0.6474694218787829,44
0,2,5,0,0.16754704912038104,18
0,3,3,0,0.831940873787751,24
0,2,5,0,0.7529005834021097,125
1,2,2,0,1.2234937556662748,72
1,3,5,0,0.37031034977664,96
1,2,5,0,0.5708425786115355,163
1,1,4,0,0.18844481126970627,82
1,2,5,0,0.2592622469087431,121
0,3,5,0,1.0237565187666076,182
1,1,4,0,0.5997556934097685,145
1,3,3,0,1.5706167285314052,73
0,2,1,0,0.37920436410226316,6
0,2,5,0,0.244065095845475,5
1,2,2,0,0.42331462996376423,80
0,3,1,1,0.5653344338091189,34
1,3,3,0,0.34960505391095525,95
0,3,1,0,0.26477039171115974,17
0,2,4,1,1.1306688676182377,39
1,3,3,0,0.4670549990720403,126
1,3,2,0,1.0913805511660783,151
1,2,3,0,0.35849906823657846,105
1,3,2,0,2.023639465228631,28
1,3,5,0,0.28817536170697605,8
1,3,2,0,0.1530360934501879,90
0,3,5,0,0.44304750342463617,82
0,2,2,0,0.4116121449658561,116
1,3,5,0,0.35849906823657846,11
1,2,4,0,0.979068854054185,102
0,2,1,0,0.6887712170679989,185
1,2,5,0,0.3060721869003758,74
1,2,2,0,0.6278927491875003,61
0,3,1,0,0.21165731498188212,20
1,1,4,1,0.9762603833819,51
1,3,1,0,0.2942135011328782,122
1,1,3,0,0.5205379725545429,162
0,3,5,0,0.23236261084756682,8
0,3,1,1,1.3651537537450147,36
1,3,5,0,0.34679658323867024,14
0,3,4,0,1.1438074325022811,163
0,2,5,0,1.1678985978911722,71
1,2,5,0,0.17924953411828923,15
1,3,4,0,1.1294052733742412,118
0,2,2,0,1.120871064815233,35
1,3,5,0,0.8384214409949802,50
0,2,1,0,1.2032236459692036,35
1,3,5,0,0.7473924385996931,146
1,1,2,0,2.000125698690661,30
0,1,2,0,0.7557090540743947,113
1,3,5,0,0.6769599355279374,125
0,2,5,0,0.7438977725343332,148
0,2,4,0,1.1947982339523486,184
1,1,1,0,0.73500375820871,160
1,3,1,0,0.4116121449658561,22
1,3,2,0,0.34748277863174526,78
1,2,5,0,1.0321819307834628,64
1,2,2,1,0.7998193199358958,48
1,3,4,0,0.8150164709991639,145
0,3,1,1,1.3651537537450147,45
1,2,5,0,1.0265649894388926,119
1,1,4,0,1.2238201452927349,113
1,3,3,0,0.8887260470519729,149
1,2,1,0,1.1587869904812425,122
0,3,5,0,1.0472702853045774,130
1,3,1,0,0.85282360012302,92
1,3,1,0,0.4116121449658561,16
0,3,1,0,0.3143888023750774,10
1,3,3,0,0.8562094696462266,108
1,3,5,0,0.6032503594751284,104
0,2,5,0,0.22335979997979027,6
1,1,4,0,1.3050513448850172,87
1,2,5,0,0.17644106344600424,91
0,3,1,0,0.35299092343416183,12
1,3,1,0,1.0651671104979772,142
0,2,4,0,0.31807593472407786,111
1,1,5,0,0.5570753135484635,63
1,3,5,0,1.358959413549523,102
1,1,3,0,0.1820580047905742,93
1,3,4,0,0.21165731498188212,2
1,1,2,0,0.31168912824494577,84
1,3,5,0,1.7400684598466896,140
0,3,4,0,1.0969974925106485,120
0,2,5,0,1.1348046216345045,159
1,2,3,0,1.0087769607876462,148
0,2,5,0,1.2086229942294668,108
1,2,5,0,0.6321634742733614,25
0,2,2,0,0.43570331035474735,176
1,3,4,0,0.6867064370028352,137
1,1,3,1,0.48251325034638004,27
1,3,2,0,0.29987784670488427,96
0,3,2,0,1.4844096755454599,16
1,3,3,0,0.947347268583667,138
1,2,5,0,0.8177161451292955,148
1,1,5,0,1.1618130542378342,98
1,1,1,0,0.5977422146727118,94
1,2,4,0,0.932150117520399,95
1,1,4,0,1.1942208351014272,118
0,1,2,0,1.0554781042371255,45
0,3,2,0,1.2693664910403712,132
0,3,4,0,1.2575552095003095,118
1,1,5,0,0.2592622469087431,49
1,1,2,0,0.31168912824494577,86
0,2,5,0,1.331373582095272,102
1,3,2,0,0.40449668369365893,19
1,1,3,1,0.9294504433902673,11
1,3,2,0,0.947347268583667,84
1,3,2,0,0.2748655602392873,80
1,1,4,0,0.5116439582289197,33
0,3,1,1,1.1419027503073778,45
1,3,5,0,0.9411529283881755,68
1,1,5,0,0.48813019169095,114
1,1,4,0,0.12137200319371615,119
0,2,5,0,0.3143888023750774,12
1,3,5,0,0.19995482998397396,8
1,3,1,0,1.0789918707750954,118
0,3,1,0,0.16754704912038104,17
0,3,4,0,0.26477039171115974,12
1,2,3,0,0.27027853651357636,100
0,2,1,0,1.293348859887109,25
1,3,5,0,0.6294638001432298,131
0,3,3,0,0.9204476325224908,128
1,1,3,0,1.1769014087589489,132
0,2,5,0,1.0830639356913767,53
1,3,1,0,0.9976518746406596,130
1,1,1,0,0.8818455114634063,29
1,1,2,0,0.5221240593243284,88
1,2,3,0,0.08822053172300212,94
0,3,2,0,1.0824865368404553,132
1,1,5,0,0.8377352456019054,119
0,1,5,0,0.7535867787951847,178
0,1,5,0,0.5763507234139521,164
1,3,1,0,0.3026863173771692,20
0,3,3,0,0.5369575075203105,172
1,1,1,1,0.7417754972551232,44
0,2,5,0,0.35299092343416183,9
1,2,2,0,0.19444668518155733,89
1,3,1,0,1.5354004769955274,29
1,3,5,0,0.367501879104355,14
0,2,1,0,1.856201212650403,37
0,3,5,0,0.42331462996376423,166
1,2,3,0,1.0389536698298758,119
0,1,5,0,1.4024922805601026,77
1,3,5,0,0.4178064851613476,158
0,2,2,0,1.5994210467874848,27
0,3,3,0,1.4575100394842835,24
1,1,1,0,0.47065456457888244,93
0,3,2,0,2.17937523280895,6
0,3,4,1,0.5405570730271527,21
1,1,3,1,0.6233782564898915,37
1,2,5,0,0.7562864529253164,6
0,2,2,0,1.7235440254394396,20
1,1,1,0,0.5065207459937842,93
0,2,1,0,1.3993574202613575,44
1,3,1,0,1.1120858470317632,86
0,2,1,0,1.6194401472600946,117
1,1,1,0,1.100383362033855,116
0,3,5,0,0.22335979997979027,14
0,3,1,0,0.25576758084338314,11
1,3,3,0,1.132104947504373,127
0,2,3,0,1.1210886578995396,146
1,3,5,0,0.46811109121834027,76
0,1,5,0,1.9841335556921647,63
1,3,4,0,1.1120858470317632,89
1,3,1,0,0.6680659212023142,111
0,3,5,0,0.13513926825678818,11
0,2,4,0,1.414303562100164,185
1,1,2,0,1.9738034614804063,24
0,1,1,0,1.6051467846742082,118
0,2,1,0,0.28817536170697605,15
0,3,4,0,0.28817536170697605,22
1,2,2,1,0.6949655572634905,66
0,1,2,0,1.4201715126691956,14
1,1,5,0,0.27027853651357636,67
1,3,3,0,1.855188627630868,150
1,3,1,0,0.9328363129134739,84
0,2,5,0,0.27027853651357636,113
0,2,5,0,1.0969974925106485,126
1,2,5,0,0.5356263270756576,119
0,2,5,0,0.685276551002639,143
1,2,5,0,0.9086363509824292,185
1,3,5,0,0.35299092343416183,20
0,1,2,0,1.1879176983637822,24
0,3,5,0,0.26477039171115974,17
0,2,2,0,1.527192658062979,4
1,3,5,0,0.6060588301474135,124
0,3,5,0,0.3999096599679479,7
0,3,3,0,1.6347460948655161,64
0,3,5,0,0.32058314257056897,6
1,1,3,0,1.143121237109206,166
1,1,3,0,0.34748277863174526,92
0,3,5,0,0.855632070795305,104
0,3,1,0,0.8529323966651734,47
1,1,5,0,0.5341278071480305,85
1,1,2,0,0.5798453894793121,44
0,2,1,0,0.7886942337889091,185
1,2,4,0,0.3528821268920085,146
1,2,1,0,0.13513926825678818,18
1,2,1,1,0.3060721869003758,29
0,2,2,0,1.0155486998340595,158
0,3,5,0,0.6701881964815242,106
1,2,5,0,1.023179119915686,90
1,1,1,0,1.6816648313993023,33
0,3,2,0,0.4771139020861168,96
1,3,5,0,0.3350940982407621,18
1,1,2,1,0.5405570730271527,59
1,1,5,0,0.37688962253941255,40
0,2,1,0,1.8622867563037413,6
0,3,5,0,0.3143888023750774,10
1,2,5,0,1.3823643835453394,166
1,3,3,0,0.7204928025385169,124
0,1,3,0,0.6645712551369543,152
1,2,2,0,0.24125662517319002,90
0,1,4,0,2.117259345211896,149
0,2,1,0,1.3175488218181537,197
0,2,3,0,0.8445069846483184,148
0,1,1,0,1.4947848771993861,19
0,1,1,0,1.9152910364908655,32
0,2,2,0,1.1651989237610407,106
1,3,5,0,0.37920436410226316,10
1,1,1,0,0.5998644899519219,121
1,1,5,0,0.2943697019024676,116
1,1,4,0,0.3648858747157105,104
1,1,1,0,1.0824865368404553,104
1,3,3,0,0.9762603833819,125
1,3,5,0,0.5570753135484635,80
1,2,1,0,1.4285969246860506,108
1,3,4,0,0.6528687701390461,85
0,1,2,0,1.6642366085146705,42
1,3,5,0,1.2500335859608362,88
1,2,2,1,0.2592622469087431,17
1,1,2,0,0.3842338156093014,90
1,1,2,0,0.3350940982407621,79
1,2,4,0,0.8645260851209282,107
1,3,1,0,1.7119503369836848,36
0,2,5,0,0.5690790613721656,74
1,3,2,0,1.4228711867993273,38
0,3,2,0,1.631937624193231,17
0,3,5,0,1.0582865749094106,120
1,1,3,0,0.08822053172300212,84
1,2,3,1,0.5653344338091189,49
1,3,4,1,0.6121443738007516,47
1,2,2,0,0.7908165090681192,154
1,3,5,0,0.3350940982407621,19
1,1,1,0,0.9997741499198698,108
1,2,3,0,0.6377804156179313,145
1,1,4,0,0.4798135762162484,100
1,1,4,0,1.047161488762424,87
0,3,4,0,2.053021182335632,128
1,2,1,0,0.9115536181968676,89
0,3,2,0,1.1707070685634573,180
1,3,1,0,0.8204158192594271,92
1,2,4,0,0.3350940982407621,98
0,2,3,0,2.226185172800583,58
1,2,2,0,2.0622415862877155,35
0,3,5,0,0.2764728767090679,15
1,2,4,0,1.4462761567951434,58
0,3,5,0,0.23236261084756682,8
1,3,4,0,1.2824413668244292,70
1,3,3,0,0.8383126444528268,88
1,2,5,0,0.26477039171115974,17
1,1,1,0,0.9266419727179823,136
0,1,2,0,1.2727523605635778,9
0,3,5,0,0.13513926825678818,16
1,3,5,0,0.9535416087791586,116
1,1,5,0,1.257664006042463,87
0,2,3,0,0.8914257211821045,157
1,2,2,0,1.1093861729016314,93
0,2,2,0,1.2617360709587444,27
1,2,3,0,0.24125662517319002,80
1,2,1,0,1.1590045835655491,152
1,1,2,0,0.947347268583667,60
1,1,3,0,0.3708877486275616,106
1,3,3,0,0.5736510492838205,142
0,3,5,0,1.0183571705063446,128
0,2,2,0,1.285936032889789,26
1,3,1,0,1.1769014087589489,109
0,3,5,0,0.3088806575726608,3
1,3,3,0,1.0500787559768623,80
1,1,3,1,0.7530093799442631,60
0,2,1,0,0.9348497916505305,39
1,1,1,0,0.5809377471396632,179
1,3,2,0,0.9762603833819,124
0,2,1,0,0.9645578983839919,31
1,2,4,0,1.0645897116470555,96
1,2,4,0,0.5881620049540137,74
0,1,2,0,1.452796886617095,38
1,3,5,0,0.17924953411828923,14
1,1,3,0,1.7089242732270933,122
1,1,4,0,0.3350940982407621,91
1,1,4,0,0.34102344112451083,35
0,3,5,0,0.3098168144634224,179
0,2,1,1,1.1419027503073778,29
0,3,3,0,0.5115351616867663,146
1,3,5,0,0.235254751261339,66
1,1,5,0,0.7734970827256411,107
0,3,1,1,1.1419027503073778,38
1,1,3,1,0.2592622469087431,70
1,3,3,1,0.3060721869003758,13
0,1,2,0,0.7467062432066182,26
1,2,5,0,0.27027853651357636,74
0,3,1,0,0.8122080003268789,135
0,3,4,0,0.9238335020456974,100
0,3,5,0,0.6196336289268448,109
1,3,4,0,1.3706618985474313,89
0,1,1,0,0.8701430264654981,22
0,3,5,0,0.898243816729179,164
1,1,3,0,1.179709879431234,104
1,1,3,0,0.9735607092517684,117
1,1,3,0,0.3240778086359289,42
0,2,1,0,1.5734251992036903,25
1,2,5,0,0.6494829006158395,99
0,3,5,0,0.2261682706520753,9
1,1,2,0,0.0,86
1,3,2,0,0.9535416087791586,114
0,3,5,0,0.8294186301272037,132
0,3,2,0,0.7254023187900168,69
1,2,5,0,0.784730965414781,131
1,1,3,0,0.4268092960291242,48
0,3,2,0,1.179709879431234,124
0,3,5,0,0.29098383237926106,16
1,2,2,0,0.24687356651776,80
0,2,1,0,1.6712259406453904,30
1,3,4,0,0.16754704912038104,17
0,3,5,0,2.0200360026211177,124
1,1,5,0,0.6618715810068226,115
1,3,2,0,0.35299092343416183,122
1,3,5,0,0.49983267668885817,131
0,2,1,0,0.4116121449658561,18
0,2,5,0,0.8832179022495563,116
0,3,1,0,0.3088806575726608,24
0,1,2,0,1.9117963704255057,28
0,2,5,0,1.2148173344249584,181
1,3,2,0,0.564648238416044,72
1,1,1,1,0.3641160095811484,16
0,2,1,0,0.9555550875162153,113
0,3,5,0,0.34679658323867024,15
1,3,5,0,0.17644106344600421,74
1,3,5,0,0.485321721018665,65
0,2,5,0,1.1563049094354176,169
1,2,5,0,0.9500469427137987,99
0,2,5,0,0.19995482998397396,5
0,2,1,0,0.3350940982407621,11
0,3,2,0,1.2286420947020766,42
0,1,1,0,1.1755290179727989,39
0,3,4,0,0.16754704912038104,17
0,1,2,0,1.5059099633463728,27
1,1,4,0,0.537857398897021,82
0,3,5,0,0.3143888023750774,8
1,3,3,0,0.608758504277545,130
0,1,5,0,0.9948434039683747,151
0,1,1,0,1.4651855670080784,22
0,3,1,1,1.083858927626605,27
0,1,2,0,1.8235758387025034,5
0,3,1,1,1.2715338737617494,33
1,1,4,0,0.18844481126970627,81
1,2,4,0,0.10202406230012527,111
1,3,3,1,1.059081566844639,37
1,1,3,0,0.35849906823657846,97
0,2,2,0,0.9114448216547142,31
1,3,1,0,1.9586063104171383,67
0,2,5,0,0.7087903175406087,145
1,2,1,0,0.12137200319371615,140
1,3,5,0,0.5809377471396632,169
1,1,2,1,0.6121443738007516,22
1,3,5,0,0.7942023785913258,80
1,3,5,0,1.1327911428974478,136
1,1,1,0,0.6680659212023142,182
0,1,2,0,2.2799844449229356,14
1,3,1,0,0.7915027044611942,107
0,2,5,0,1.0852950075127403,181
1,3,4,0,0.3350940982407621,81
1,2,5,0,1.0879946816428718,133
1,1,3,0,0.34748277863174526,89
1,1,2,0,1.790373065903682,154
0,2,1,1,0.5405570730271527,32
1,1,4,1,0.8826405033986346,67
1,2,5,0,0.72938681686414,70
1,2,3,0,0.9024420107869376,151
1,2,5,0,0.882422910314328,176
0,2,1,0,1.5286287379491144,138
0,3,2,0,0.8122080003268789,148
0,3,3,0,0.2826672169045594,151
0,1,2,0,1.5464167666003605,29
1,3,5,0,1.479587726136118,128
1,3,1,0,1.188603893756857,76
1,3,4,0,0.21165731498188212,13
1,2,5,0,0.39371531977245633,27
1,3,3,0,0.6701881964815242,37
1,3,1,0,0.899742336656806,96
1,3,2,0,0.5825450636094437,100
1,3,2,0,1.249924789418683,84
0,2,2,0,1.749071270714466,15
1,3,4,0,0.779114024070211,154
1,3,2,0,1.2410307750930598,106
1,3,2,0,0.9438526025183072,124
0,3,5,0,0.3233916132428539,13
1,3,2,0,1.1755290179727989,18
1,3,5,0,0.1530360934501879,139
0,3,5,0,0.34679658323867024,8
1,3,1,1,0.43570331035474735,31
1,3,2,0,0.6434960625180445,73
0,3,2,0,0.8412299116672652,107
1,1,2,0,0.7143134981570815,109
0,3,5,0,0.26477039171115974,18
1,3,3,0,0.1820580047905742,90
1,1,4,0,0.1176273756306695,79
0,3,4,0,0.35579939410644684,18
1,2,3,0,0.46472522169513364,69
0,3,1,0,0.21165731498188212,9
0,1,4,0,1.0615636478904638,169
1,3,4,0,0.23899937882438563,138
1,3,1,0,0.2233960654938414,40
1,3,2,0,1.3293601033582152,24
1,3,5,0,1.1942208351014272,112
1,3,4,0,1.100383362033855,91
1,2,4,0,0.2510031266480877,106
1,3,1,0,0.6583769149414627,104
0,3,2,0,0.3998371289398457,118
1,1,1,1,0.17644106344600424,23
0,2,1,0,1.4092640196065158,18
1,3,2,1,0.43570331035474735,36
1,1,5,0,0.5763507234139521,188
0,3,2,0,1.140998961829996,105
1,3,3,1,0.7169981364731569,24
0,3,5,0,0.13513926825678818,12
1,3,5,0,0.97975504944726,126
1,1,5,0,0.25025943604096657,51
1,3,4,0,1.1707070685634573,124
1,2,3,0,1.371239297398353,52
1,3,5,0,0.9907713390520931,124
0,3,1,0,0.44401992582944894,6
1,3,5,0,0.853509795516095,101
1,2,5,0,0.25857605151566815,16
0,3,5,0,0.48813019169095,173
0,3,5,0,0.3233916132428539,20
0,2,4,0,0.5240326386199028,119
1,1,3,0,0.1820580047905742,94
0,1,2,0,1.259504999137381,104
1,2,3,0,0.900428532049881,119
0,2,1,0,2.319913849326002,41
0,3,1,0,1.059081566844639,48
0,2,5,0,0.25576758084338314,17
0,3,3,0,0.6278927491875003,150
1,2,3,0,0.6177613151453216,177
1,3,5,0,1.0148625044409845,102
0,2,5,0,1.270738881826521,122
0,2,3,0,1.1856866265424186,50
0,3,1,1,0.6481556172718578,22
1,1,4,0,1.1769014087589489,151
0,3,3,0,1.2265198194228666,146
0,3,5,0,0.17924953411828923,16
1,2,4,0,0.20404812460025054,18
1,2,1,0,1.4912902111340263,127
1,3,5,0,0.3350940982407621,16
1,3,4,0,0.3350940982407621,66
0,2,1,1,0.9294504433902673,36
1,1,1,0,0.2592622469087431,78
1,2,2,0,0.3350940982407621,97
1,1,2,0,1.935201340421322,15
1,2,5,0,0.4771139020861168,89
0,3,2,0,1.8270705047678633,35
1,3,3,0,0.08822053172300212,92
0,2,2,0,0.6389815698204357,105
1,3,5,0,0.19995482998397396,8
1,1,2,1,0.9294504433902673,18
0,3,5,0,0.3350940982407621,9
0,2,1,0,1.2472251152885514,28
1,1,5,0,0.813644080213014,34
1,3,2,0,0.42331462996376423,108
0,3,1,1,1.4479749372077535,41
0,3,5,0,0.2764728767090679,7
0,2,2,0,1.6293467466052527,18
0,2,4,0,1.0327593296343842,152
1,2,3,0,0.08822053172300212,104
1,1,1,0,0.8633712874190851,84
1,1,4,0,0.3842338156093014,107
0,3,5,0,0.7853083642657026,159
1,2,4,0,0.35299092343416183,21
1,2,5,0,0.2764728767090679,11
1,3,4,0,0.8177161451292955,136
1,1,5,0,0.26286181241558526,57
0,3,3,0,0.6411662851411379,161
0,2,4,0,0.3233916132428539,18
1,3,4,0,0.235254751261339,139
0,3,2,0,0.5819676647585221,153
0,1,2,0,1.3768562387429228,34
1,2,1,0,2.2531936054039123,22
1,3,1,0,0.24687356651776,86
1,3,4,0,0.5853535342817286,105
0,2,5,0,0.28817536170697605,3
1,3,3,0,0.7880080383958342,144
0,2,1,0,1.0671805892350337,12
0,3,5,0,0.9472384720415137,142
1,3,3,0,0.3999096599679479,100
1,3,1,0,1.4030696794110242,143
1,2,2,0,0.5763507234139521,155
1,3,1,0,1.1701296697125358,10
1,2,3,0,0.3686305022787572,55
1,1,2,0,0.3999096599679479,79
1,1,1,1,0.49374713303552,24
0,3,1,0,1.379664709415208,33
1,3,2,0,0.7204928025385169,102
1,3,2,0,0.4413202516993173,83
1,2,5,0,1.2003063787547652,140
1,3,4,0,0.7763055533979261,160
1,2,3,0,0.3999096599679479,70
0,1,2,0,1.0879946816428718,146
1,2,5,0,0.6818906814794323,101
0,3,4,1,1.318343813753382,37
0,3,4,0,2.3406191451916865,83
1,3,4,0,0.979068854054185,93
1,3,5,0,0.9617494277117069,111
0,3,5,0,0.3143888023750774,11
0,3,1,0,0.2261682706520753,20
1,3,5,0,0.244065095845475,18
0,3,2,0,1.0651671104979772,145
0,1,5,0,0.6797684062002223,105
0,3,1,0,1.502197704196706,33
1,2,2,0,0.31168912824494577,65
1,3,5,0,1.3767474422007695,135
0,2,1,0,0.3999096599679479,6
0,3,5,0,0.21165731498188212,15
1,3,5,0,0.7529005834021097,61
1,3,4,0,1.2410307750930598,151
1,2,4,0,1.1382992876998645,144
0,3,5,0,0.25857605151566815,21
1,3,5,0,1.1294052733742412,131
1,3,4,0,0.45640860622043206,42
0,3,3,0,0.81542263326644,44
1,3,5,0,1.0589727703024856,98
0,3,3,0,0.5880532084118603,161
0,1,3,0,1.0265649894388926,192
0,3,4,0,0.73500375820871,94
0,3,1,0,0.17924953411828923,11
1,1,2,0,1.021056844636476,172
1,1,1,1,0.17644106344600424,28
1,3,5,0,0.6446609512064978,166
1,3,5,0,0.5853535342817286,139
0,2,2,0,1.1880264949059356,40
0,2,4,1,1.6244160006537578,56
0,1,4,0,0.614375445622115,105
1,1,2,0,1.2410307750930598,143
1,2,2,1,0.9294504433902673,25
0,2,1,0,1.5966125761151997,71
0,3,1,0,0.7438977725343332,48
1,2,1,1,0.5405570730271527,31
1,1,5,0,0.5065207459937842,125
1,2,5,0,0.608758504277545,145
0,3,2,0,1.6435313126489859,21
1,1,3,0,0.761794597727733,97
1,1,3,0,0.784730965414781,133
0,2,3,0,0.8355041737805419,145
1,1,2,0,1.3258654372928553,20
0,3,3,0,1.0141763090479095,179
1,1,5,0,0.5295407834223195,90
0,3,5,0,0.3026863173771692,9
0,2,5,0,0.2261682706520753,12
1,2,5,0,0.49702420601657316,116
1,3,1,0,0.9355359870436055,126
1,1,4,0,0.9266419727179823,105
1,2,2,0,0.18825234498606577,85
0,2,1,0,1.5830054089223884,26
0,2,2,0,0.412298340358931,165
1,3,5,0,0.367501879104355,8
1,1,5,0,0.9238335020456974,83
0,3,1,0,1.4624858928779467,17
0,1,2,0,1.6002160387227131,37
0,3,5,0,0.5570753135484635,71
1,1,3,0,0.4791273808231734,80
1,3,4,1,0.7169981364731569,52
0,2,2,0,1.1762152133658739,130
0,3,4,1,0.9762603833819,13
1,3,5,0,0.42744419009409196,73
1,1,5,0,0.6295725966853831,114
1,1,1,1,0.6701881964815242,16
1,3,1,0,0.37920436410226316,13
1,3,2,0,1.1031918327061399,128
0,1,1,0,1.9642232517617082,15
0,2,2,0,1.0589727703024856,133
0,2,4,0,0.7023097503333794,11
0,3,2,0,1.4173630419969105,30
0,3,3,0,0.48251325034638004,126
0,3,4,0,1.1505791715486942,63
1,3,4,0,0.8942341918543895,116
1,1,5,0,0.291670027772336,115
1,2,3,0,0.16458237767850667,126
1,2,5,0,0.08822053172300212,96
0,2,5,0,0.26477039171115974,19
1,1,3,0,0.7998193199358958,34
0,3,1,0,0.6260779306200231,143
0,3,4,0,1.1147855211618949,124
0,2,5,0,1.605506590440823,114
1,1,1,1,0.2592622469087431,20
1,1,5,0,0.06481556172718578,87
1,1,4,0,0.2233960654938414,114
1,2,3,0,0.24125662517319002,78
0,1,2,0,0.7288094180132185,9
0,3,5,0,0.7169981364731569,124
0,2,1,0,0.34748277863174526,160
1,2,4,0,0.36469340843207,120
1,3,5,0,1.0879946816428718,147
1,2,5,0,0.6646800516791076,133
0,1,2,0,1.5532973021889271,20
0,3,3,0,0.4771139020861168,178
1,3,5,0,1.150110569239926,141
1,3,5,0,1.312040677015737,126
1,1,4,0,0.5412432684202276,147
0,3,2,0,1.2169396097041685,18
1,1,5,0,0.17644106344600424,97
0,1,2,0,2.003511568213868,25
0,1,2,0,1.46788524113821,120
1,2,4,0,0.28220975330917614,15
1,3,4,0,0.25857605151566815,17
0,1,5,0,1.0589727703024856,165
1,3,5,0,0.27027853651357636,14
1,1,5,0,0.3350940982407621,78
1,3,5,0,0.23236261084756682,18
1,1,1,1,0.3060721869003758,12
0,3,4,0,1.1769014087589489,109
1,3,2,0,0.6473606253366295,84
1,3,3,0,0.26747006584129135,46
1,3,4,0,0.35299092343416183,17
1,2,5,0,1.3499566026817467,97
0,3,4,0,1.1644039318258126,117
1,2,1,0,1.020370649243401,11
1,3,5,0,0.06481556172718578,67
1,2,5,0,0.9176391618502058,102
1,2,1,0,0.6680659212023142,125
1,1,4,0,0.2160518724239526,103
1,3,5,0,0.9914575344451682,159
0,1,4,0,1.2886357070199208,186
1,3,5,0,0.2592622469087431,97
1,2,5,0,0.8941253953122361,152
1,2,1,0,0.8791458373332748,13
1,2,5,0,0.16754704912038104,21
1,1,2,0,0.27027853651357636,98
1,3,1,0,0.8439295857973969,107
1,3,1,0,1.053464625500069,74
1,2,2,0,0.06481556172718578,78
1,1,1,1,0.5185244938174862,68
0,3,3,0,0.12963112345437156,130
0,2,5,0,0.23236261084756682,7
0,2,1,1,0.8826405033986346,36
1,1,4,0,0.38201283477454817,84
0,3,1,1,0.9294504433902673,22
0,2,4,0,0.35579939410644684,11
1,3,1,0,1.0645897116470555,138
1,3,1,0,1.1534964387631326,126
0,2,2,0,0.9438526025183072,138
0,2,3,0,0.8122080003268789,165
0,3,4,0,0.21165731498188212,22
1,3,1,0,2.0359193490774605,29
0,3,5,0,0.16754704912038104,11
1,1,5,0,1.646339783321271,90
0,3,1,0,0.9726608178750578,135
0,1,1,0,1.3485842118955969,91
1,3,3,0,0.24687356651776,97
0,2,1,0,1.9883144171505993,30
0,1,3,0,1.188603893756857,167
1,3,4,0,0.7438977725343332,76
0,3,5,0,0.2261682706520753,19
0,1,1,0,1.2211204711626034,24
1,1,5,0,1.46439057507285,137
0,2,4,0,0.9942660051174531,95
1,2,2,1,0.7530093799442631,67
1,3,2,0,0.9997741499198698,152
1,3,2,0,0.535048928224736,148
1,2,1,0,1.3547785520910882,38
1,1,2,1,0.2592622469087431,17
0,2,1,0,0.3233916132428539,18
1,3,2,0,0.7674115390723029,156
1,3,2,0,0.5322404575524511,30
1,2,5,0,0.23236261084756682,21
0,3,5,0,0.3853987042977547,150
1,3,3,0,0.13513926825678818,43
1,3,1,0,1.100383362033855,108
1,3,5,0,1.4436852792071653,144
1,2,2,0,1.4583050314195118,28
1,2,5,0,0.3143888023750774,14
1,3,2,1,0.3528821268920085,57
1,3,3,0,0.8880398516588979,141
1,3,4,0,0.6846991521517174,150
1,2,3,0,0.2592622469087431,79
0,3,4,0,0.16458237767850667,117
1,2,4,0,0.8412299116672652,53
1,1,2,0,0.5295407834223195,77
1,1,4,1,0.17644106344600424,40
0,3,4,0,1.253419455484043,121
1,3,5,0,0.6880850216749239,123
0,3,1,0,0.28817536170697605,14
1,3,1,0,0.9319325244360922,85
0,1,2,0,1.443902872291472,34
0,2,1,0,1.4754068646776832,22
1,3,5,0,0.5846823747027098,123
0,1,3,0,1.6178952708318062,116
1,3,5,0,1.0024738240500013,97
1,3,1,0,1.0645897116470555,127
1,3,5,0,1.0651671104979772,91
1,1,2,0,0.6434960625180445,53
0,1,1,0,1.1673211990402508,29
0,2,2,0,2.1889554425276483,26
1,3,3,0,0.8411211151251119,150
0,2,1,0,1.9580289115662168,139
0,1,5,0,0.9381268646315838,82
0,2,5,0,0.3233916132428539,7
0,1,2,0,0.8405437162741902,10
1,1,3,0,0.08822053172300212,101
0,3,5,0,0.8384214409949802,155
1,1,1,0,1.4203891057535023,138
1,2,2,0,0.1530360934501879,98
1,2,1,0,0.7763055533979261,141
1,3,5,0,0.761794597727733,67
0,1,5,0,0.8880398516588979,123
1,3,1,0,0.9645578983839919,80
1,3,3,0,0.900428532049881,72
1,3,3,0,1.0672893857771872,117
1,3,4,0,0.3999096599679479,140
1,3,2,0,0.31168912824494577,67
1,3,2,0,0.6434960625180445,105
1,3,5,0,0.7176843318662318,113
1,2,5,0,0.3350940982407621,116
0,2,5,0,0.19995482998397396,16
0,2,1,0,0.27027853651357636,18
1,1,5,0,0.3492825613851663,62
0,3,4,0,0.21165731498188212,6
1,3,1,1,1.2355226302906432,33
1,1,2,0,0.2592622469087431,71
1,2,5,0,1.1327911428974478,189
0,2,5,0,0.244065095845475,19
0,2,3,0,0.6411662851411379,109
1,1,4,0,0.6434960625180445,114
0,1,3,0,0.5405570730271527,145
0,1,3,0,1.3354456470115534,84
0,1,2,0,2.2144826878026747,32
0,2,2,0,1.2769332220220124,30
1,1,1,0,1.22662861596502,17
1,3,3,0,0.32058314257056897,180
1,3,2,0,0.811521804933804,132
0,1,5,0,0.6411662851411379,163
1,1,4,0,0.60595003360526,66
0,1,2,0,1.5816330181362384,12
1,3,5,0,1.0465840899115024,117
0,3,4,0,0.21165731498188212,11
1,3,5,0,0.3026863173771692,11
0,2,2,0,1.7388499730448612,23
1,1,1,1,0.9762603833819,19
1,3,4,0,0.7383896277319166,116
1,3,5,0,0.3648858747157105,41
1,2,4,0,0.5439429425503592,156
1,1,2,1,0.2592622469087431,74
1,1,4,0,0.4240008253568392,184
1,3,1,0,0.34679658323867024,14
0,1,1,0,1.5023065007388596,34
0,2,5,0,0.3254201277939667,150
0,2,3,0,1.798689681378384,101
1,2,2,0,0.31807593472407786,129
1,3,2,1,1.2355226302906432,60
1,1,1,1,0.5405570730271527,27
1,3,3,1,0.7530093799442631,65
0,3,4,0,0.17924953411828923,23
0,3,5,0,0.17924953411828923,21
0,3,5,0,0.3999096599679479,83
1,1,3,0,0.3648858747157105,168
0,1,4,0,1.3016654753618107,34
1,1,2,0,0.353027188948213,125
0,2,4,0,0.25576758084338314,13
1,2,4,0,0.2826672169045594,77
1,1,5,0,0.8149076744570105,109
1,1,1,1,0.12963112345437156,38
0,2,5,0,0.690893492347209,114
1,2,4,0,0.42744419009409196,77
1,2,4,0,0.37650468997213155,74
1,3,4,0,0.33367924805462207,50
1,1,4,1,0.43570331035474735,13
1,1,5,0,0.8673345557932132,113
0,2,3,0,0.9652440937770668,119
0,3,2,0,0.7115987882128937,75
1,2,1,0,1.599529843329638,78
1,1,1,0,2.0497441093545787,30
1,2,1,1,0.6701881964815242,25
0,2,5,0,0.35299092343416183,17
1,3,1,0,0.21165731498188212,16
1,1,1,0,0.9121310170477892,96
0,3,3,0,0.41769768861919426,85
0,2,2,0,1.0349904014557476,20
0,2,1,0,1.2176258050972435,44
0,3,1,0,1.5532973021889271,19
1,1,2,0,0.4178064851613476,139
1,3,5,0,0.8412299116672652,134
0,2,1,0,1.185795423084572,112
0,1,2,0,1.46226829979364,82
0,3,5,0,0.48625787790942665,39
1,2,5,0,0.5474376086157191,115
1,1,5,0,0.6328496696664363,163
1,2,3,0,0.08822053172300212,108
1,2,5,0,0.8176073485871421,156
1,1,1,1,0.5405570730271527,24
0,3,5,0,1.6347460948655161,172
1,2,5,0,0.6735740660047308,69
1,1,1,0,0.565334433809119,68
1,3,1,0,1.9711037873502748,20
0,1,1,0,1.4182668304742923,11
1,1,5,0,1.0906943557730036,103
1,2,1,0,0.5221240593243284,119
0,3,3,0,1.1121946435739165,134
1,1,2,1,0.9294504433902673,15
1,2,4,0,0.49091743266323995,111
1,1,4,0,0.06481556172718578,99
1,3,1,0,0.3492825613851663,138
1,3,2,1,0.9294504433902673,45
1,1,2,0,1.5714117204666336,22
0,1,5,0,1.790590658987989,131
1,1,5,0,1.2410307750930598,94
1,1,4,0,1.2148173344249584,147
1,1,4,1,0.8466292599275285,26
1,2,5,0,0.6322722708155147,187
0,1,2,0,0.5171521030313363,124
1,3,5,0,0.9142532923269993,71
1,1,1,0,1.488699333546048,34
1,2,1,0,0.43570331035474735,16
1,1,4,0,0.9149394877200742,94
1,2,5,0,1.3086548074925304,88
0,3,4,0,0.16754704912038104,23
1,1,2,1,0.6701881964815242,69
1,3,2,0,0.1820580047905742,109
1,2,1,1,0.6233782564898915,19
0,1,3,0,1.3617678842218082,115
0,3,2,0,0.5171521030313363,146
0,3,4,0,0.22335979997979027,4
0,3,1,1,1.2715338737617494,57
0,3,4,0,0.37920436410226316,8
0,2,5,0,1.5236979919976192,118
0,2,5,0,0.8322271007994887,136
0,2,1,1,1.2602999910726094,34
1,3,3,1,0.5653344338091189,44
0,2,1,0,1.540222426404869,119
1,2,2,0,0.08822053172300212,89
1,1,4,0,0.12137200319371615,138
1,2,3,0,1.0886808770359466,169
0,3,3,0,1.2734385559566526,143
1,1,3,1,0.48251325034638004,62
0,3,3,0,1.4353686637324636,104
1,2,1,0,0.35579939410644684,19
0,3,5,0,0.26477039171115974,15
1,2,5,0,0.5942475486073518,154
1,2,4,0,0.7377034323388416,173
1,2,5,0,0.85844054146759,147
1,2,1,0,0.6293550036010763,125
0,2,5,0,0.8646348816630816,120
0,2,5,0,0.2427440063874323,90
1,3,5,0,0.8383126444528268,109
1,2,5,0,0.4502142660249405,137
1,3,5,0,0.9031282061800125,111
1,1,2,0,1.1113996516386881,136
1,1,1,0,0.5570753135484635,91
1,2,1,1,0.7998193199358958,29
1,3,5,0,1.3265516326859303,129
1,3,3,0,0.35849906823657846,72
1,3,2,0,0.4646164251529803,88
1,1,1,0,0.5690790613721656,78
0,1,2,0,0.8963564671335995,33
1,2,5,0,1.0741699213657536,146
1,3,5,0,0.4826583124025845,115
0,3,1,1,0.38889337036311467,39
0,1,1,0,1.621030131130551,18
1,2,5,0,1.9559066362870066,25
0,3,4,0,0.35579939410644684,21
0,3,5,0,0.29098383237926106,12
0,1,1,0,2.2406961284707765,12
0,3,4,0,1.572630207268462,112
0,2,1,0,1.2079367988363918,21
1,1,4,1,0.7998193199358958,29
0,1,2,0,1.3382541176838385,15
1,1,5,0,0.0,90
1,1,3,0,0.84371199271309,78
0,1,3,0,1.1934258431661986,151
1,1,1,0,0.25857605151566815,147
0,1,2,0,1.4166768466038357,29
1,3,3,0,0.805904863589234,135
0,3,2,0,0.9699572466442551,141
0,2,2,0,1.3912583978709627,170
1,3,5,0,2.1875830517414987,130
1,1,5,0,0.6501690960089145,168
1,2,2,0,0.4261231006360492,142
0,1,2,0,1.5651085837289886,37
1,3,5,0,1.22662861596502,130
1,1,5,0,1.312040677015737,93
1,3,4,0,0.3088806575726608,21
0,2,1,0,0.244065095845475,17
0,3,1,1,1.1887126902990104,38
1,1,3,0,1.0237565187666076,55
0,3,2,0,1.7506612545849227,19
1,2,1,0,1.334650655076325,114
0,3,5,0,0.6970878325427006,145
1,2,5,0,1.2086229942294668,96
1,1,1,0,0.488816387084025,109
1,1,4,0,0.6528687701390461,105
1,3,3,0,1.1996201833616904,122
0,3,4,0,0.19995482998397396,15
0,3,2,0,0.5419294638133025,99
1,2,5,0,0.8445069846483184,104
1,3,4,0,0.19995482998397396,18
0,2,1,0,1.0936116229874417,37
0,3,4,0,0.26477039171115974,13
1,1,1,1,0.2592622469087431,46
0,3,5,0,0.21165731498188212,15
0,1,2,0,1.6326238195863059,30
0,3,3,0,1.5823192135293134,111
1,1,1,0,0.0,86
1,3,3,0,0.7590949235976013,42
0,2,5,0,1.0155486998340595,164
1,3,4,1,0.38889337036311467,14
1,2,5,0,1.1762152133658739,135
1,1,4,0,0.1820580047905742,82
1,2,5,0,0.770688612053356,116
1,2,4,0,0.2784651257461295,50
1,2,1,0,0.9941572085752997,131
0,2,4,0,1.6083150611131078,81
1,2,5,0,1.2355226302906432,84
0,3,5,0,0.25576758084338314,11
1,2,2,0,0.1820580047905742,117
1,3,5,0,0.6411662851411379,175
0,2,4,0,0.3999096599679479,12
1,3,4,0,1.0321819307834628,105
1,3,1,1,0.8466292599275285,69
1,1,2,0,0.1530360934501879,101
0,1,4,0,0.8383126444528268,121
1,3,3,0,0.42331462996376423,106
0,3,5,0,0.19995482998397396,16
1,1,1,0,1.1990427845107687,23
0,2,1,0,1.252047064697893,23
1,2,2,0,2.2151688831957497,21
1,3,4,0,0.04411026586150106,62
0,1,3,0,1.0465840899115024,177
1,2,5,0,1.8028705428368186,97
1,3,5,0,1.164512728367966,88
0,1,2,0,1.3464619366163868,14
1,2,3,1,0.12963112345437156,77
1,2,5,0,0.8005055153289707,86
1,2,5,0,0.4619167510228487,97
1,3,2,0,0.7908165090681192,97
1,1,3,0,0.3350940982407621,105
0,2,1,0,0.9349585881926841,23
1,3,3,0,0.4116121449658561,93
1,2,3,0,0.17644106344600424,93
1,3,1,0,0.8969338659845211,109
1,3,1,0,0.38063425010245927,122
1,1,2,1,0.17644106344600424,19
1,3,1,0,1.1382992876998645,117
0,2,5,0,0.32058314257056897,13
0,3,4,0,0.16754704912038104,8
1,1,3,1,0.7169981364731569,56
0,3,5,0,0.17924953411828923,12
1,3,4,0,0.2942135011328782,148
1,1,4,0,0.5295407834223195,78
0,2,1,0,0.2261682706520753,15
1,3,4,0,0.9114448216547142,105
0,2,2,0,0.3879784431723481,72
0,2,5,0,0.22335979997979027,10
1,3,4,0,0.6590993758485887,105
1,3,4,0,1.1231021366365963,122
1,2,3,0,0.8673345557932132,101
1,3,3,0,0.1820580047905742,94
1,1,1,0,0.36128630920886834,103
1,3,4,0,0.35299092343416183,23
1,1,5,0,0.0,102
0,3,2,0,0.8328044996504103,163
0,1,2,0,1.7037425180511367,36
1,1,2,0,1.9165095232926936,50
1,1,1,0,1.0677579880859553,108
1,3,5,0,0.21785165517737368,99
0,3,1,0,2.1297568221450325,29
0,3,1,0,0.0,125
1,3,2,0,1.1113996516386881,123
1,3,3,0,0.6618715810068226,125
1,3,1,0,0.32058314257056897,13
1,3,5,0,0.3143888023750774,6
1,1,5,0,1.520420919016566,90
1,2,5,0,0.23236261084756682,17
1,1,4,0,1.7145412145716632,166
1,2,1,0,1.509187036327426,32
1,2,2,0,0.8825317068564813,127
0,1,2,0,1.46788524113821,13
1,1,2,0,0.4633103715089937,82
1,3,1,0,0.5115351616867663,83
1,1,1,0,1.614618197850753,9
1,2,1,0,0.5709513751536889,161
1,2,1,0,1.656246382666429,13
1,3,1,0,0.6411662851411379,109
1,2,3,0,0.9948434039683747,124
0,2,4,0,0.244065095845475,18
1,3,5,0,0.34679658323867024,12
1,2,5,0,0.8645260851209282,88
0,3,4,0,0.7233012732108018,194
1,3,5,0,0.32058314257056897,14
0,3,1,0,0.3350940982407621,14
0,3,3,0,0.7648680657117607,64
1,2,5,0,0.1530360934501879,83
1,3,4,0,0.6762737401348624,127
1,3,3,0,0.4413202516993173,135
0,3,2,0,1.9470126219613835,6
0,3,1,0,0.31168912824494577,156
1,3,5,0,0.3350940982407621,19
0,1,1,0,1.3174400252760003,30
0,3,2,0,1.378978514022133,14
0,1,1,0,1.2382223044207747,42
1,3,1,0,0.8707204253164198,69
1,2,5,0,1.3355544435537068,130
1,3,2,0,0.9969656792475847,122
0,3,3,0,0.4289315713083342,100
0,2,5,0,0.35579939410644684,15
1,2,4,0,0.9493607473207237,147
1,3,5,0,0.23165518575449684,92
1,1,3,1,0.5653344338091189,62
1,3,5,0,0.6969790360005471,133
0,2,1,0,1.737368785716558,14
1,2,4,0,0.7880080383958342,77
1,3,1,0,0.7260009473409335,183
1,2,2,0,1.0644809151049022,26
1,3,1,1,0.5653344338091189,28
0,2,3,0,0.8874624528079763,169
0,2,1,0,0.9465522766484388,106
0,1,3,0,0.852137404729945,100
1,2,5,0,1.0914893477082317,128
0,2,5,0,1.2589276002864596,102
1,3,2,1,0.5405570730271527,32
0,2,5,0,1.4912902111340263,108
0,1,1,0,1.8236846352446567,25
1,2,4,0,0.8555232742531517,138
1,1,1,1,0.0,13
0,3,3,0,1.1465071066324126,115
1,1,5,0,0.7915027044611942,79
0,2,4,0,0.3233916132428539,18
1,3,1,0,0.9466610731905922,13
1,2,5,0,1.2913353811500523,130
1,3,4,0,1.1113996516386881,75
1,1,2,0,1.3648273641185547,188
1,1,2,0,1.2238201452927349,72
1,2,1,0,0.1530360934501879,85
0,3,5,0,0.7530093799442631,110
1,2,5,0,0.7087903175406087,167
1,2,4,0,0.899742336656806,139
1,2,4,0,1.4030696794110242,123
1,2,1,0,1.3375679222907635,96
0,2,3,0,0.8646348816630816,141
1,3,5,0,0.5150298277521264,40
0,2,1,0,1.880183581497141,35
0,3,5,0,0.3143888023750774,11
1,2,5,0,0.7328814829295,52
1,3,3,0,0.3350940982407621,96
0,2,1,0,0.6846991521517174,160
0,3,5,0,0.8646348816630816,134
0,3,5,0,0.37920436410226316,12
1,3,1,0,0.6294638001432298,151
0,3,4,0,1.5844414888085234,114
0,1,1,0,1.3870775364125278,104
0,3,5,0,0.8473154553206035,152
0,3,1,0,2.1152458664748393,20
0,2,1,0,0.7585175247466798,156
1,1,3,1,0.3060721869003758,11
1,3,4,0,0.26286181241558526,89
1,2,2,0,1.2500335859608362,80
1,3,4,0,1.09757489136157,177
0,2,5,0,1.5434994993859221,39
0,2,1,1,0.3528821268920085,27
0,1,3,0,0.7880080383958342,174
1,2,1,0,2.099939918869418,120
0,2,1,0,2.162055806466472,31
1,2,1,0,0.49983267668885817,70
0,2,5,0,0.13513926825678818,20
1,3,5,0,0.7529005834021097,107
1,1,3,0,0.24687356651776,81
0,2,5,0,0.5846823747027098,143
1,3,4,0,0.1530360934501879,76
1,3,4,0,0.5322404575524511,163
0,3,3,0,0.2510031266480877,84
0,3,4,0,0.44401992582944894,16
0,3,5,0,1.2093091896225419,98
0,3,4,0,0.8088221308036724,15
1,1,2,0,0.7940935820491725,97
1,1,5,0,1.188603893756857,106
1,2,1,0,2.1766755586788187,21
0,3,1,0,1.2816463748892009,20
0,2,5,0,0.2764728767090679,14
1,3,1,1,0.8714066207094947,46
1,3,4,0,0.25857605151566815,8
1,2,1,0,0.9624356231047818,150
1,3,4,0,0.18844481126970627,43
1,2,5,0,1.156087316351111,115
1,3,5,0,0.8680207511862881,182
0,2,2,0,1.5852364807437518,18
0,3,2,0,0.506135813426503,139
1,1,2,0,1.7876733917735506,16
1,3,4,0,1.100383362033855,103
0,1,2,0,1.530001128735264,31
1,1,5,0,0.3882071749700397,21
0,3,5,0,0.23236261084756682,19
1,1,2,0,1.8201899691792969,29
1,2,4,0,2.1379646410775806,115
0,2,1,0,1.502197704196706,33
1,1,4,0,0.5149210312099729,142
0,1,2,0,1.6272244713260429,31
0,2,1,0,1.5670132659238918,30
1,1,4,0,0.29781306663972035,50
1,3,2,0,0.926533176175829,169
1,1,5,0,1.2731121663301925,87
1,1,2,0,0.6701881964815242,131
1,3,5,0,1.055586900779279,135
0,1,2,0,1.9326104628333436,27
1,3,2,0,1.1969205092315587,144
0,3,5,0,0.2764728767090679,18
1,3,2,1,0.6121443738007516,49
1,1,2,0,1.0230703233735325,70
1,1,4,1,0.3528821268920085,48
1,3,5,0,0.4854305175608184,162
0,3,5,0,0.5585626947627058,118
0,1,2,0,1.4320915907514105,22
0,2,2,0,0.8418073105181868,144
0,3,1,0,0.3026863173771692,8
0,2,4,0,0.8583317449254366,110
0,2,4,0,0.612289435856956,74
0,3,2,0,1.4002612087387392,25
1,2,2,0,1.864986430433873,22
1,3,4,0,0.5591400936136274,181
1,1,1,1,0.17644106344600424,23
1,1,2,0,0.8818455114634063,18
0,2,1,0,0.9411529283881755,14
1,1,2,1,0.49374713303552,22
1,3,2,0,0.08822053172300212,80
1,1,5,0,0.1530360934501879,99
1,1,1,0,0.10202406230012527,61
1,2,2,0,0.2385569510430584,121
0,3,5,0,0.7336614390506723,129
1,2,2,0,2.117945540604971,20
0,3,1,0,1.0229615268313794,81
0,2,5,0,0.4116121449658561,15
1,2,3,0,0.4670549990720403,191
0,3,5,0,0.7640256695490963,102
1,3,4,0,0.1530360934501879,159
1,1,2,0,0.1530360934501879,74
1,1,4,0,1.5344966885181457,110
0,3,1,0,0.34679658323867024,7
0,2,1,0,1.5023065007388596,40
1,3,5,0,0.27027853651357636,9
0,2,5,0,0.8701430264654981,110
0,3,4,0,0.35579939410644684,25
1,3,5,0,0.5690790613721656,53
0,1,1,0,0.8405437162741902,139
1,1,5,0,1.6353234937164376,115
0,2,2,0,0.4826583124025845,107
1,3,4,0,0.8411211151251119,148
1,2,5,0,0.39249293586995676,51
1,2,2,0,0.44671959995958055,117
0,2,1,0,0.9549776886652936,22
1,3,2,0,1.9560154328291601,41
1,2,4,0,0.16754704912038104,141
0,3,1,0,1.2906491857569775,17
1,3,1,0,0.12963112345437156,80
1,1,2,1,0.12963112345437156,59
0,2,5,0,0.32058314257056897,21
1,2,2,0,0.72938681686414,71
0,2,5,0,0.2764728767090679,16
1,3,5,0,0.6150616410151899,126
0,2,5,0,2.049635312812425,169
0,3,5,0,0.2764728767090679,11
0,3,4,0,0.17924953411828923,13
1,2,5,0,0.7267959392761618,129
0,1,5,0,1.1581007950881674,38
0,2,5,0,0.3088806575726608,15
0,3,5,0,0.2764728767090679,16
1,3,4,0,0.8501239259928884,79
0,2,1,0,1.606519175460358,6
1,3,2,0,0.2904688735698316,39
1,1,1,1,0.17644106344600424,4
0,3,1,0,0.3233916132428539,5
0,3,1,0,1.656246382666429,13
1,1,3,0,1.2913353811500523,70
0,1,2,0,0.6969790360005471,99
0,2,2,0,0.7176843318662318,171
1,2,5,0,2.0579519282871273,110
1,2,5,0,0.6033591560172817,116
1,3,3,0,0.8356129703226952,91
0,3,4,0,0.19995482998397396,22
1,1,2,1,0.3641160095811484,11
1,2,2,1,0.6121443738007516,58
1,3,5,0,0.35299092343416183,184
1,2,2,0,0.441211455157164,117
1,1,1,0,0.49374713303552,178
1,1,1,0,0.30247262139353365,102
1,1,2,0,2.0772211442666766,32
1,2,5,0,0.3054947880494542,144
1,3,1,0,1.1237883320296713,102
1,2,5,0,0.2764728767090679,11
0,2,5,0,0.37920436410226316,12
1,1,3,1,0.12963112345437156,10
1,1,2,0,0.37650468997213155,84
1,2,2,0,0.1530360934501879,71
1,2,5,0,1.2402357831578312,41
0,3,5,0,0.28817536170697605,18
1,1,2,0,1.358273218156448,20
0,2,1,0,0.7701112132024345,119
1,2,1,0,1.0528872266491474,17
1,3,5,0,0.44401992582944894,13
1,3,2,0,0.7121761870638152,116
1,1,5,0,0.8673345557932132,176
1,2,3,0,1.6519567246658409,126
0,3,1,0,0.25857605151566815,19
0,3,3,0,1.2445254411584197,172
1,3,1,0,0.2904688735698316,114
1,1,3,0,1.5705079319892519,28
1,3,4,0,0.1820580047905742,88
0,3,2,0,0.8174985520449887,89
1,3,4,0,0.5240326386199028,44
1,1,1,0,0.9094313429176575,124
1,1,3,0,0.31788346844043736,84
1,3,1,0,0.8851225844444596,79
0,2,2,0,0.36469340843207,127
0,1,1,0,0.7199154036875952,97
0,3,2,0,0.34748277863174526,127
1,3,5,0,0.244065095845475,12
1,2,5,0,1.0761834001028103,172
1,2,4,0,0.5474376086157191,188
1,3,4,0,1.2941438518223374,91
0,1,2,0,1.6077376622621864,27
0,2,1,1,1.318343813753382,6
1,3,2,1,0.6701881964815242,26
0,1,5,0,0.6177613151453216,124
0,1,1,0,1.2995432000826006,36
0,1,1,0,1.7469489954352562,19
1,2,5,0,1.250610984811758,142
0,3,5,0,0.26477039171115974,14
0,1,1,0,1.6500520424709375,21
0,2,5,0,0.8211020146525021,122
1,3,5,0,0.7853083642657026,92
1,2,5,0,0.7211789979315918,131
1,2,3,0,0.5826538601515971,106
1,3,3,1,0.6121443738007516,51
0,2,1,0,0.9940484120331463,113
1,1,1,0,0.10892582758868684,135
0,2,2,0,1.8002796652488404,15
1,3,5,0,0.7410893018620481,123
1,2,2,0,0.7294956134062933,81
1,3,2,1,0.8826405033986346,28
1,3,2,0,1.1355996135697328,110
1,1,1,1,0.12963112345437156,17
1,2,3,0,0.03240778086359289,82
1,1,5,0,0.45505125124833823,123
0,2,4,0,0.8707204253164198,145
1,3,1,0,1.358959413549523,110
1,3,3,0,1.6698535498592406,96
1,1,1,0,0.5440517390925126,39
1,1,5,0,0.9328363129134739,74
0,2,4,0,1.7999532756223804,60
1,2,5,0,0.35299092343416183,106
1,3,4,0,0.8797232361841962,94
1,1,4,0,0.6278927491875003,95
0,2,1,0,1.7450443132403528,21
0,1,3,0,0.9562412829092903,108
0,3,3,0,0.9059366768522976,153
1,2,4,0,1.0259875905879712,84
0,1,5,0,1.2290019004686916,102
1,2,5,0,0.4178064851613476,150
1,2,2,0,1.0672893857771872,115
0,3,5,0,0.37920436410226316,14
0,3,5,0,0.37920436410226316,19
1,3,5,0,0.22335979997979027,22
0,3,2,0,1.0258787940458176,98
1,3,5,0,1.147302098567641,125
1,2,4,0,0.685276551002639,51
0,2,5,0,0.26477039171115974,7
0,2,3,0,1.446711342963757,64
1,3,3,0,1.052778430106994,85
0,1,1,0,1.6884365704457152,21
0,2,2,0,1.5534060987310805,17
0,1,5,0,1.161486664611374,105
1,3,5,0,0.5653344338091189,182
0,2,1,1,0.7777867407262293,4
0,3,2,0,0.6825768768725073,100
0,1,1,0,1.6201263426531696,29
1,3,5,0,0.6735740660047308,137
1,3,1,0,1.6912450411180002,70
1,3,5,0,0.47992237275840177,91
0,3,2,0,0.5065207459937842,90
0,3,5,0,0.23236261084756682,14
1,1,5,0,0.7915027044611942,178
1,3,2,1,0.7169981364731569,71
0,3,5,0,1.276824425479859,119
1,3,2,0,0.3999096599679479,82
0,3,4,0,1.283018765675351,96
1,3,3,0,1.067975581170262,115
1,2,5,0,1.09757489136157,148
1,3,1,0,0.9535416087791586,116
0,3,1,1,0.5185244938174862,43
0,3,4,0,0.27027853651357636,5
1,3,5,0,0.44401992582944894,13
0,3,1,1,1.083858927626605,53
1,2,1,0,0.1530360934501879,76
1,3,2,0,1.6681998768887987,129
1,1,1,0,1.2148173344249584,107
1,3,2,0,1.0734837259726788,91
1,2,3,0,0.9356447835857589,128
1,3,2,1,0.8826405033986346,69
1,2,3,0,0.8412299116672652,148
0,3,3,0,0.47799875764877126,84
1,2,1,1,0.43570331035474735,63
0,1,5,0,0.7644942718578646,169
1,2,2,0,1.0991197677898583,43
0,2,5,0,1.0383762709789541,147
1,3,5,0,0.32058314257056897,12
1,3,4,0,0.612289435856956,124
0,3,1,0,0.8646348816630816,117
1,1,4,0,0.17644106344600424,97
0,3,2,0,0.44671959995958055,179
1,2,3,0,0.9231473066526223,137
0,2,5,0,0.7418842937972765,151
0,1,2,0,1.1182801872272548,144
1,2,1,0,1.388558723740831,131
1,2,3,0,1.0293734601111777,183
0,1,4,0,1.6780613687917887,75
1,3,3,0,0.7417754972551232,145
1,1,5,0,0.8349267749296203,117
1,1,2,1,0.3528821268920085,36
0,2,2,0,0.5384347977479427,131
0,2,2,0,1.6381319643887227,36
0,3,5,0,0.899742336656806,113
1,2,5,0,0.24687356651776,84
1,1,3,1,0.38889337036311467,74
1,1,4,0,1.1026144338552184,66
1,1,1,0,0.7915027044611942,115
1,3,2,0,0.6384666110110062,92
0,3,5,0,0.2261682706520753,20
1,1,5,0,0.1530360934501879,106
1,3,5,0,0.28817536170697605,11
1,3,1,0,0.3088806575726608,10
0,2,5,0,0.7260009473409335,175
0,2,3,0,0.5177295018822579,133
1,3,1,0,1.0438844157813707,132
0,3,4,0,0.2764728767090679,10
0,3,1,0,1.5473205550777422,16
1,1,1,1,0.38889337036311467,46
1,3,2,0,0.34748277863174526,64
0,2,5,0,0.44401992582944894,8
0,3,1,0,0.3350940982407621,7
1,1,1,0,1.7126365323767598,34
0,1,2,0,1.6787475641848637,22
0,3,1,1,0.6949655572634905,20
0,1,2,0,1.526506462669904,25
0,2,5,0,1.114894317704048,127
0,1,1,0,1.6113411248696998,122
1,3,4,0,0.5497311204785746,62
1,1,4,0,1.0226017210647644,100
1,3,1,0,0.8680207511862881,94
1,1,2,0,0.3619937343019384,69
0,2,1,0,1.0672893857771872,19
0,1,4,0,1.902793559557729,104
0,3,5,0,0.29098383237926106,17
1,2,2,0,0.5233464432268279,102
1,1,2,0,1.0788830742329418,54
0,1,5,0,1.8291927800470735,72
1,3,5,0,0.16754704912038104,168
0,3,3,0,0.6301499955363047,122
1,3,5,0,0.25576758084338314,16
1,3,5,0,0.21165731498188212,13
0,3,5,0,0.22335979997979027,16
1,1,4,0,0.35569059756429344,168
1,3,5,0,0.9231473066526223,149
1,3,2,1,0.7169981364731569,72
0,2,5,0,0.7239874686038767,179
0,1,1,0,1.6031333059371515,27
1,2,5,0,1.0059684901153614,100
1,3,5,0,0.5005188720819331,158
1,2,1,0,1.94161327370112,36
1,2,2,0,1.4610047055496436,20
1,3,4,0,0.8680207511862881,106
0,3,4,0,0.901843382236021,153
0,3,1,0,0.26477039171115974,19
1,3,2,0,0.8032051894591024,109
1,3,3,0,0.7585175247466798,108
1,1,5,0,0.9148306911779208,16
1,3,3,1,0.9762603833819,47
0,1,1,0,1.6829284256432988,29
1,1,1,0,2.1973808545445035,25
0,1,5,0,0.3999096599679479,142
0,2,4,1,0.49374713303552,16
1,1,1,1,0.9294504433902673,16
0,1,5,0,1.067975581170262,131
1,2,4,0,0.40449668369365893,110
0,1,4,0,0.9624356231047818,192
1,3,5,0,0.3999096599679479,12
0,3,1,0,0.3233916132428539,11
1,3,5,0,1.067975581170262,91
0,2,2,0,1.7031651192002153,34
1,3,5,0,0.12343678325888,79
0,3,5,0,0.34679658323867024,12
1,3,1,0,1.0526696335648404,81
1,3,4,0,0.7473924385996931,113
0,2,4,0,0.29098383237926106,16
0,2,3,0,1.1990427845107687,39
1,1,5,0,1.1265968027019562,79
0,1,1,0,2.04153629042203,23
1,1,1,0,0.1820580047905742,76
0,2,5,0,0.900428532049881,140
1,3,5,0,0.37920436410226316,12
1,3,5,0,0.19995482998397396,8
1,2,3,0,0.6825768768725073,158
0,3,1,0,1.0582865749094106,73
1,3,3,0,0.24125662517319002,40
1,2,1,0,0.3350940982407621,16
1,1,5,0,1.6579334717770258,103
1,1,5,0,0.8032051894591024,29
1,3,3,0,0.8439295857973969,106
0,2,5,0,1.4912902111340263,141
1,1,4,0,0.9858405931005981,158
0,2,2,0,0.27027853651357636,65
1,1,4,0,0.29781306663972035,36
0,2,2,0,1.6685262665152587,24
1,3,4,0,0.9941572085752997,64
0,3,5,0,0.28817536170697605,8
1,1,4,0,0.12137200319371615,118
1,1,1,0,1.2665580203680862,187
1,3,2,0,0.732195287536425,78
1,3,5,0,0.8418073105181868,128
0,2,3,0,0.5673479125461756,59
0,3,3,0,0.9500469427137987,55
1,3,2,1,0.49374713303552,67
1,3,5,0,0.7025959773451171,115
1,1,1,0,1.0874172827919502,58
1,2,1,0,0.27027853651357636,63
0,2,1,0,2.040741298486802,34
1,3,4,0,1.100383362033855,130
1,3,4,0,0.899742336656806,84
1,3,5,0,0.6204609892754531,95
1,3,5,0,0.979068854054185,79
1,3,4,0,0.4238446245872498,69
0,3,5,0,0.19995482998397396,19
0,1,5,0,0.6770687320700908,189
0,2,4,0,0.17644106344600421,95
1,1,2,1,0.3641160095811484,49
0,2,5,0,0.8590179403185116,133
1,1,1,1,0.6701881964815242,17
1,3,3,1,0.12963112345437156,58
1,1,3,0,0.06481556172718578,99
1,2,3,0,0.27027853651357636,87
1,3,2,0,1.218203203948165,76
1,3,4,0,0.9528554133860836,96
0,3,1,0,0.32058314257056897,14
0,1,5,0,0.5791591940862371,134
0,2,2,0,1.6526429200589157,13
0,3,4,0,0.7590949235976013,121
1,3,4,0,1.8199723760949902,71
0,2,1,0,0.28817536170697605,9
0,3,2,0,0.3098168144634224,90
1,3,2,0,1.0238653153087611,129
1,1,3,1,0.7530093799442631,52
0,1,3,0,0.6467832264857079,105
1,1,4,0,0.27027853651357636,97
1,3,4,0,0.36128630920886834,47
0,3,1,0,0.7204928025385169,120
1,3,2,0,0.3971011892956629,107
1,1,1,0,0.9907713390520931,109
1,2,1,0,0.1452344367849158,87
1,3,2,0,0.8646348816630816,139
1,1,5,0,1.0031600194430763,129
1,1,1,1,0.7998193199358958,18
1,3,3,1,0.5653344338091189,53
1,1,2,0,0.08822053172300212,71
1,3,5,0,0.8880398516588979,130
1,3,5,0,0.4289315713083342,140
1,1,5,0,0.43851178102703237,44
0,2,2,0,1.3968753392155326,15
0,3,4,0,0.37920436410226316,16
0,3,3,0,1.3755926444989264,81
0,1,1,0,1.4472887418146785,19
1,1,4,0,0.2904688735698316,38
1,1,4,0,0.7646030684000179,131
0,3,3,0,0.5115351616867663,110
1,3,5,0,0.6204609892754531,85
0,3,3,0,1.7939765285111957,126
1,3,1,0,1.0176709751132695,136
1,3,2,0,0.4321037448479052,60
1,2,3,0,0.3254201277939667,18
1,3,5,0,0.5138649390636729,157
1,1,5,0,0.24687356651776,111
1,1,3,0,0.40880367429357106,114
0,2,4,0,0.8087133342615189,154
0,2,1,0,1.3844866588245495,23
1,2,5,0,0.19995482998397396,25
1,2,5,0,0.4149980144890626,78
0,2,4,0,1.899516486576676,137
0,3,5,0,0.897620061377596,128
0,1,2,0,1.6697447533170873,34
0,2,4,0,0.8232242899317121,92
0,3,5,0,0.28817536170697605,11
1,1,3,0,0.17644106344600424,77
1,2,1,0,0.5221240593243284,77
1,2,1,0,0.3962375634330035,108
1,3,1,0,0.24725849908504105,117
0,3,5,0,1.1740929380866638,137
1,2,5,0,0.5557542240904207,109
1,1,5,0,0.38063425010245927,127
1,3,5,0,0.7763055533979261,91
0,1,5,0,0.9417303272390971,166
0,3,5,0,0.741005632120561,161
1,2,5,0,1.3883411306565243,90
1,2,4,0,1.3353368504694,66
1,3,3,0,0.3686305022787572,32
0,1,1,0,1.4593510325792016,141
0,2,3,0,1.0969974925106485,183
0,3,2,0,1.4821786037240963,36
0,3,3,0,0.7133985709663148,101
0,3,5,0,0.35579939410644684,17
1,3,4,0,1.09969716664078,91
1,2,5,0,0.5970560192796368,71
1,3,2,0,1.893213349839031,138
1,2,3,0,0.35849906823657846,111
1,3,2,0,0.9025508073290911,8
0,3,4,0,0.44401992582944894,14
0,3,5,0,0.7169981364731569,167
1,2,5,0,0.9887578603150365,136
1,2,3,0,0.8177161451292955,126
1,1,2,0,1.1154717165549697,95
1,3,5,0,0.19995482998397396,15
1,2,1,0,1.6738168182333688,109
0,3,1,1,0.9294504433902673,27
0,2,1,0,0.26477039171115974,3
1,1,1,1,0.49374713303552,35
1,3,1,1,0.0,6
1,2,1,0,0.9673663690562768,128
0,3,1,0,0.5239238420777494,158
1,2,3,0,0.5846823747027098,87
0,2,5,0,0.3143888023750774,9
0,1,2,0,1.3403763929630483,37
1,3,5,0,0.17924953411828923,7
1,3,2,0,1.1914123644291421,24
0,1,2,0,1.1762152133658739,119
1,1,4,0,0.3060721869003758,89
1,2,5,0,0.6680659212023142,172
1,3,5,0,0.2261682706520753,18
1,3,2,0,1.1112908550965348,40
1,1,4,0,1.3265516326859303,121
1,3,1,0,0.4633103715089937,133
1,2,2,0,1.581524221594085,16
1,3,2,0,0.27027853651357636,100
0,2,2,0,0.8908483223311829,18
1,3,5,0,0.7707974085955094,111
0,2,5,0,1.0087769607876462,174
1,3,1,0,1.3706618985474313,99
0,2,2,0,1.1086999775085566,26
1,3,3,0,0.24125662517319002,76
1,2,2,0,0.6680659212023142,41
0,2,5,0,0.5837674475119431,113
1,3,4,1,0.5653344338091189,68
1,3,5,0,0.8149076744570105,96
0,3,2,0,1.871071974087211,40
1,3,4,0,0.244065095845475,13
1,2,3,0,0.26286181241558526,153
0,2,5,0,0.45879587881138484,54
0,3,4,0,1.4877955450686664,89
0,3,2,0,0.2592622469087431,157
0,3,3,0,0.23165518575449684,145
1,3,5,0,0.367501879104355,17
1,3,1,1,0.0,27
1,2,5,0,0.535048928224736,149
1,1,2,0,1.1265968027019562,43
1,3,1,0,0.27027853651357636,79
0,2,2,0,1.7409722483240713,6
1,2,5,0,0.3026863173771692,19
1,3,4,0,0.7824998935934177,97
0,3,3,0,0.8118230677595979,119
1,1,4,0,0.35299092343416183,170
0,3,5,0,0.9879628683798082,141
1,2,2,0,0.3915930444932463,71
0,3,4,0,0.7731271859724161,176
0,1,5,0,0.4771139020861168,142
0,1,5,0,2.0469356386822937,110
1,1,1,1,0.49374713303552,11
1,3,2,1,0.8714066207094947,41
0,1,1,0,1.6078464588043397,49
0,3,4,0,0.29098383237926106,11
0,2,2,0,1.4299693154722006,29
0,2,4,0,0.17924953411828923,12
0,2,4,0,0.831940873787751,37
0,3,5,0,0.2261682706520753,7
0,2,2,0,1.0964200936597268,71
1,3,5,0,0.44470612122252395,159
1,3,5,0,0.08822053172300212,123
0,2,4,0,0.16754704912038104,11
1,1,3,0,0.42331462996376423,130
1,3,5,0,0.6590631103345377,120
1,1,1,0,0.6517551827786999,113
1,1,1,0,0.31168912824494577,89
1,3,4,0,0.6053726347543384,115
0,3,1,1,0.6121443738007516,29
1,2,2,1,0.5653344338091189,27
0,1,2,0,1.0610950455816957,11
0,3,4,0,0.13513926825678818,17
1,1,1,0,0.28536689103469104,102
0,3,4,0,0.25576758084338314,6
1,1,1,1,0.7998193199358958,17
1,1,2,0,0.7299168114876254,86
1,1,1,1,0.9294504433902673,72
0,2,3,0,0.6527599735968926,78
1,1,1,1,0.7530093799442631,26
1,2,5,0,1.3380365245995316,93
0,3,2,0,0.30155769420276707,94
0,1,1,0,1.58570508305252,25
0,2,4,0,1.3594280158582912,124
1,1,2,0,2.0758487534805266,62
0,2,3,0,0.6053726347543384,119
1,2,3,0,0.9700660431864085,148
0,3,5,0,0.27027853651357636,119
1,3,4,0,0.8122080003268789,127
1,3,5,0,0.9941572085752997,116
1,2,3,0,0.17644106344600424,82
1,2,3,0,0.5440517390925126,127
1,3,2,1,0.7530093799442631,12
1,1,1,0,1.1327911428974478,88
1,3,4,0,0.38259023362546973,131
1,2,3,1,0.6701881964815242,15
1,3,2,0,0.6969790360005471,96
0,3,1,0,0.29098383237926106,14
1,2,3,0,1.1680073944333258,161
0,3,2,0,1.0673981823193404,32
1,3,4,0,0.12343678325888,136
1,3,5,0,1.0562730961723539,105
1,3,2,0,1.0293734601111777,130
1,1,5,0,0.4670549990720403,148
1,2,3,0,0.27027853651357636,83
1,2,1,0,0.9645578983839919,30
0,2,2,0,1.6401454431257791,12
1,3,2,0,0.8149076744570105,77
1,3,5,0,1.2734385559566526,131
1,1,1,0,0.353027188948213,154
0,3,2,0,0.2592622469087431,147
1,1,1,0,1.09969716664078,104
1,1,1,0,0.353027188948213,119
0,2,1,0,1.411168701801419,37
0,3,4,0,0.26477039171115974,10
1,1,1,1,0.9294504433902673,12
1,3,5,0,0.4116121449658561,11
0,3,5,0,0.561839767743759,140
1,1,1,0,1.0500787559768623,79
1,1,4,0,0.42744419009409196,101
1,1,4,0,1.0086681642454929,129
0,2,2,0,2.129539229060726,181
0,3,2,0,1.261158672107823,44
1,2,2,0,0.34748277863174526,144
0,2,2,0,1.3615502911375015,22
1,3,3,1,0.8466292599275285,32
0,2,5,0,0.5709513751536889,106
1,3,2,0,1.0651671104979772,157
1,3,5,0,0.1530360934501879,58
0,2,2,0,0.4080962492005011,89
0,3,5,0,0.3233916132428539,19
0,3,5,0,0.26477039171115974,13
0,3,2,0,1.7031651192002153,31
0,3,1,1,0.5653344338091189,45
1,2,5,0,0.37920436410226316,14
0,2,4,0,1.2824413668244292,150
1,1,5,0,0.9617494277117069,144
0,3,2,0,1.4023834840179492,24
1,3,1,0,0.21965143793079475,20
0,3,4,0,0.22335979997979027,11
0,2,1,0,1.6829284256432988,25
0,3,1,0,0.16754704912038104,14
1,3,3,0,0.3350940982407621,85
1,2,5,0,0.35849906823657846,97
1,3,4,0,0.7763055533979261,95
0,3,5,0,0.3026863173771692,16
1,1,4,0,0.49432453188644154,99
0,3,5,0,0.3088806575726608,17
1,1,1,0,1.1376130923067895,10
1,2,2,0,0.8590179403185116,87
1,1,5,0,0.3962375634330035,149
1,2,2,0,1.0651671104979772,77
0,1,2,0,1.317657618360307,13
0,1,1,0,2.1124373958025546,10
0,3,4,0,0.22335979997979027,6
1,1,2,0,0.8371578467509837,82
1,2,5,0,0.897620061377596,168
1,3,3,0,0.1176273756306695,70
0,2,5,0,0.4116121449658561,8
0,3,1,1,0.43570331035474735,55
0,2,5,0,0.35579939410644684,7
1,3,1,0,0.5005188720819331,133
1,2,1,1,0.3641160095811484,26
1,3,4,0,0.6701881964815242,134
1,2,2,1,0.7998193199358958,34
0,3,2,0,1.058395371451564,27
1,3,3,0,0.08822053172300212,98
0,1,1,0,2.243395802600908,121
1,3,5,0,0.947347268583667,70
1,1,1,1,0.9294504433902673,19
0,2,5,0,0.28817536170697605,19
0,2,1,0,1.388558723740831,138
1,1,4,0,1.1120858470317632,68
1,3,4,0,0.8377352456019054,76
1,3,5,0,0.9707522385794833,80
1,1,2,0,0.5295407834223195,65
1,3,5,0,1.09757489136157,125
1,3,2,0,1.172720547300514,69
1,1,4,0,0.5809377471396632,162
0,1,2,0,1.0617812409747704,23
0,3,5,0,0.3143888023750774,12
1,2,5,0,0.19444668518155733,92
0,2,1,0,1.2554329342210997,21
1,1,2,0,1.214239935574037,39
0,3,5,0,0.4116121449658561,19
1,3,3,0,0.8618264109907965,103
1,2,5,0,0.5881620049540137,80
1,3,1,0,1.2410307750930598,112
1,1,1,1,0.43570331035474735,18
1,3,3,0,0.38889337036311467,147
1,3,1,0,0.6205697858176066,84
1,1,2,1,0.2592622469087431,39
0,2,2,0,1.2994344035404473,23
1,2,3,0,0.08822053172300212,55
0,2,1,0,0.5943563451495052,169
1,3,4,0,0.5501372827458508,188
0,3,5,0,0.24125662517319002,158
1,2,5,0,0.17644106344600424,67
1,3,2,1,0.49374713303552,64
1,1,1,1,0.43570331035474735,14
1,3,5,0,0.8707204253164198,82
0,3,5,0,0.5966861225264118,74
0,3,5,0,1.7352465104373478,62
1,1,5,0,1.6724444274472188,79
1,2,1,0,0.23236261084756682,3
1,3,5,0,0.7183705272593068,83
0,1,2,0,1.6595234556474823,27
0,2,3,0,0.8586330077512305,143
1,3,5,0,0.44770705817844947,88
0,3,5,0,0.13513926825678818,21
0,2,1,0,1.521107114409641,12
1,1,2,0,0.7410893018620481,147
0,3,5,0,0.9562412829092903,138
1,2,4,0,1.09969716664078,152
1,1,2,0,0.9762603833819,15
0,3,5,0,0.29098383237926106,16
0,2,1,0,0.43570331035474735,111
0,3,5,0,0.19995482998397396,11
1,2,2,0,0.2592622469087431,100
0,3,4,0,0.35579939410644684,9
0,3,5,0,0.18844481126970627,68
1,1,2,0,0.06481556172718578,107
1,2,5,0,0.6797684062002223,95
1,3,5,0,0.3171972730473624,165
1,3,4,0,0.367501879104355,131
1,2,5,0,1.0941890218383634,106
1,3,4,0,0.47023336649755026,52
0,2,5,0,0.7562864529253164,147
1,1,5,0,0.3254201277939667,116
1,2,4,0,0.20404812460025054,164
0,3,5,0,0.37920436410226316,20
1,1,4,1,0.3060721869003758,12
1,1,2,0,0.9031282061800125,76
0,3,1,0,1.1617042576956809,128
0,3,5,0,0.21165731498188212,7
0,1,1,0,1.6973305847713385,28
0,3,3,0,0.6701881964815242,151
0,3,4,0,1.0913805511660783,97
1,3,4,0,0.7500921127298248,134
0,3,2,0,1.4593510325792016,119
1,3,5,0,0.6528687701390461,111
1,2,4,1,0.7169981364731569,52
0,2,2,0,0.9735607092517684,156
1,2,2,0,1.0265649894388926,112
0,1,1,0,0.9259557773249074,30
0,1,2,0,1.4588824302704333,30
1,3,1,0,1.470476118726188,16
0,3,4,0,0.5887394038049352,99
1,2,3,0,0.08822053172300212,107
0,3,4,0,0.44401992582944894,15
0,3,1,0,0.3143888023750774,10
0,3,2,0,0.9115536181968676,27
1,2,4,0,0.7557090540743947,85
1,1,2,1,0.8714066207094947,51
0,2,5,0,0.8053274647383124,122
0,2,5,0,0.3350940982407621,21
0,1,5,0,1.308546010950377,99
1,2,3,0,0.42331462996376423,98
0,2,2,0,2.1379646410775806,27
0,3,5,0,0.3088806575726608,13
1,2,5,0,0.6278927491875003,27
0,3,1,0,0.16754704912038104,20
1,1,3,0,0.3350940982407621,26
0,1,2,0,0.9411529283881755,121
1,1,3,0,0.1820580047905742,62
1,2,2,0,0.7500921127298248,135
0,2,5,0,1.5351828839112207,71
1,3,1,0,0.16083775011546,86
1,1,5,0,0.6914708911981305,133
1,3,1,0,0.12963112345437156,62
1,3,1,0,0.3350940982407621,12
0,3,1,0,1.7372599891744047,182
1,3,5,0,0.37688962253941255,151
1,3,4,0,1.2822237737401225,139
1,1,2,0,0.3350940982407621,102
1,2,5,0,0.7226150778177269,147
1,1,3,1,1.2355226302906432,63
0,2,3,0,0.4289315713083342,150
1,2,1,0,0.8680207511862881,135
1,3,5,0,1.2238201452927349,121
0,3,5,0,0.7674115390723029,179
1,2,5,0,0.655677240811331,105
1,3,2,0,0.855632070795305,113
0,3,2,0,1.4051919546902343,37
1,1,5,0,0.4633103715089937,152
1,3,5,0,0.811521804933804,121
1,1,1,0,0.24687356651776,89
0,1,1,0,1.0411847416512392,28
0,3,3,0,0.48813019169095,132
1,2,2,0,1.052778430106994,103
0,1,5,0,2.2199908326050917,83
1,3,1,0,0.13513926825678818,11
0,1,1,0,1.2789467007590694,131
1,3,2,0,1.4947848771993861,18
1,3,5,0,0.8852313809866129,97
1,1,2,1,0.2592622469087431,19
0,2,2,0,1.4292831200791256,40
1,2,1,0,0.6742602613978057,40
1,2,3,1,0.0,20
1,2,1,0,1.8137780358994986,133
1,2,3,0,0.3233916132428539,55
0,2,4,0,0.6472406900810912,8
0,3,2,0,1.34307606709318,18
1,3,2,0,1.1529190399122111,81
0,3,1,0,0.3350940982407621,19
1,1,4,1,0.6233782564898915,20
0,3,4,0,0.367501879104355,17
0,2,5,0,1.109277376359478,149
1,2,2,0,0.6881938182170773,167
0,1,4,0,1.8385553966814647,31
1,1,5,0,1.4002612087387392,153
1,2,3,0,0.0910290023952871,118
0,2,1,0,1.2617360709587444,142
0,3,3,0,0.9996653533777163,134
1,1,2,1,0.8714066207094947,61
1,2,5,0,0.27027853651357636,96
1,2,3,0,1.7470577919774095,89
1,1,2,0,0.7695338143515129,78
1,3,1,0,1.5553107809259838,35
1,2,5,0,0.7584087282045263,165
0,2,5,0,0.3026863173771692,18
1,3,4,0,0.9941572085752997,120
1,3,4,0,0.441211455157164,168
1,3,5,0,0.9121310170477892,80
0,2,4,0,2.0469356386822937,101
1,3,1,0,0.565334433809119,55
1,1,2,0,1.2355226302906432,21
0,3,3,0,1.6869553831174118,88
1,2,3,0,0.3686305022787572,81
1,1,2,1,0.6949655572634905,76
1,1,1,0,1.728943373699703,120
0,1,5,0,0.9355359870436055,175
0,2,5,0,0.5171521030313363,146
1,3,4,0,1.3058463368202455,84
0,1,5,0,0.12963112345437156,145
1,1,2,0,0.6411662851411379,97
0,3,5,0,0.7121761870638152,119
1,1,1,0,0.8797232361841962,136
1,3,3,0,0.46472522169513364,75
1,1,1,0,0.5115351616867663,171
1,3,1,1,0.17644106344600424,48
1,2,2,0,0.9762603833819,30
1,2,3,0,1.4793701330518114,31
0,3,1,0,0.5405570730271526,46
0,1,1,0,1.6003248352648665,19
1,2,5,0,1.150110569239926,171
0,3,5,0,1.2416081739439813,101
1,2,4,0,0.6674885223513927,129
0,3,1,0,0.16754704912038104,16
1,3,1,0,0.244065095845475,5
0,1,1,0,1.784973717643419,9
1,3,3,0,0.6529775666811994,103
0,3,1,0,1.2472251152885514,32
1,3,1,0,1.0500787559768623,84
0,1,1,0,1.3787609209378262,37
1,3,5,0,0.22955414017528183,68
0,3,5,0,0.35299092343416183,10
1,2,4,0,1.100383362033855,185
1,3,1,0,0.8087133342615189,107
1,2,2,0,1.6707573383366223,15
1,3,4,0,1.267930411154236,75
0,3,5,0,0.28817536170697605,17
0,2,1,0,0.7619033942698863,165
1,1,5,0,1.0472702853045774,129
1,3,5,0,0.5115351616867663,104
1,1,5,0,0.8501239259928884,122
0,3,5,0,0.6149528444730366,156
0,3,3,0,0.4321037448479052,101
1,1,3,0,0.24125662517319002,74
1,1,2,1,1.059081566844639,46
0,3,4,0,0.3999096599679479,11
1,2,2,0,1.6966443893782635,16
1,1,4,1,0.8826405033986346,50
1,2,2,0,1.270052686433446,13
1,1,1,0,2.103543381476931,35
0,2,1,0,0.561839767743759,124
1,2,2,0,0.31168912824494577,83
0,3,1,0,0.8944991891661322,10
0,3,1,0,0.32058314257056897,18
0,2,2,0,1.2286420947020766,20
1,1,1,0,0.7707974085955094,131
0,2,4,1,0.49374713303552,16
1,3,5,0,0.2943697019024676,57
0,1,1,0,1.8676861045640045,30
1,3,2,0,2.0173363284909858,36
1,3,4,0,1.3317333878618867,25
1,3,5,0,0.2592622469087431,91
0,3,3,0,0.7239874686038767,97
1,1,2,1,0.3641160095811484,21
0,3,3,0,0.9101025024966765,69
0,1,2,0,1.4610047055496436,123
1,3,4,0,1.1411077583721494,83
1,1,2,0,0.3357802936338371,118
0,2,3,0,1.9937137654108628,70
0,2,5,0,0.3143888023750774,24
0,1,1,0,1.4030696794110242,20
1,3,4,0,0.35579939410644684,128
1,3,5,0,0.23236261084756682,22
0,3,3,0,0.8880398516588979,156
1,1,4,0,0.9438526025183072,139
1,3,1,0,0.23236261084756682,22
1,1,4,0,1.367058435939918,25
1,2,5,0,1.7587602769753174,102
0,3,5,0,0.27027853651357636,10
0,3,2,0,1.0783056753820204,84
0,2,3,0,0.12963112345437156,86
0,1,3,0,2.0200360026211177,98
1,3,5,0,0.08822053172300212,92
1,1,2,0,0.1801856910090509,68
1,2,1,0,0.2904688735698316,70
1,1,3,0,0.3060721869003758,103
0,2,5,0,0.44401992582944894,15
1,1,5,0,1.2829099691331975,72
0,3,4,0,0.44401992582944894,9
1,3,2,0,0.244065095845475,140
0,2,5,0,0.412298340358931,138
0,3,3,0,0.7023097503333794,94
1,1,2,0,0.12963112345437156,104
1,3,5,0,0.655677240811331,163
1,3,2,0,1.284923447870254,48
0,3,5,0,0.3350940982407621,19
0,2,2,0,0.7169981364731569,169
1,1,2,0,1.2324965665340513,115
0,3,4,0,0.2764728767090679,20
1,1,1,1,0.6701881964815242,14
1,2,5,0,0.9410441318460221,179
0,1,1,0,1.844498727652495,21
1,2,5,0,1.0321819307834628,110
1,2,3,0,0.367501879104355,63
1,2,4,0,0.2904688735698316,70
1,3,5,0,0.3088806575726608,19
0,1,5,0,1.391040804786656,97
1,3,4,0,0.899742336656806,133
1,3,2,0,0.5681429044814039,108
1,2,1,0,0.28547568757684444,70
1,1,5,0,0.73500375820871,105
0,3,3,0,0.0,52
1,1,5,0,0.37369621929984653,79
1,3,5,0,0.5736510492838205,143
0,3,5,0,0.1801856910090509,102
1,1,5,0,0.08822053172300212,80
1,3,4,0,0.9617494277117069,147
1,2,5,0,0.5295407834223195,66
1,3,3,0,0.5138649390636729,69
1,3,1,0,1.2355226302906432,150
1,1,2,1,0.43570331035474735,24
1,3,3,0,0.1801856910090509,124
1,2,4,0,0.35849906823657846,75
0,2,3,0,2.031738487619026,85
0,3,3,0,1.1139905292266663,92
1,3,2,0,1.7579652850400893,106
0,3,5,0,0.25857605151566815,9
0,3,1,0,0.28817536170697605,17
1,3,5,0,0.16754704912038104,20
0,3,1,0,0.7707974085955094,177
1,2,1,0,0.5791591940862371,113
1,1,5,0,1.09757489136157,90
0,3,4,0,0.4116121449658561,12
1,1,5,0,0.9700660431864085,176
1,3,3,0,0.06481556172718578,105
0,1,2,0,1.5615051211214752,37
1,2,5,0,0.12963112345437156,77
1,2,5,0,1.861491764368513,44
0,1,1,0,1.406564345476384,38
0,2,3,0,1.0969974925106485,152
0,1,1,0,1.3168626264250787,33
1,2,5,0,0.3143888023750774,23
1,3,5,0,0.8673345557932132,71
1,3,3,0,0.5846823747027098,61
1,2,1,0,1.5525023102536988,20
0,2,1,0,1.9290070002258304,21
1,1,5,0,1.702370127264987,75
0,2,4,0,0.29098383237926106,12
0,2,5,0,0.8501239259928884,120
1,1,2,1,0.0,23
1,2,2,0,0.24687356651776,85
0,3,3,0,0.8653210770561565,110
1,1,1,0,0.08822053172300212,145
0,2,1,0,1.847775800633548,33
0,3,5,0,0.16754704912038104,12
1,2,2,0,0.34748277863174526,74
1,2,2,0,0.3350940982407621,97
0,3,4,1,1.083858927626605,1
0,3,5,0,0.22335979997979027,7
0,2,3,0,1.0416533439600073,146
0,2,1,0,1.4754068646776832,41
1,3,3,0,0.5502460792880042,80
0,1,5,0,0.9085275544402758,129
0,2,4,0,0.34679658323867024,18
0,3,5,0,0.3708877486275616,100
0,2,1,0,1.2880583081689991,8
1,3,2,0,0.06481556172718578,64
0,3,5,0,0.706054377896426,21
1,2,3,0,0.35299092343416183,151
0,3,5,0,0.29098383237926106,8
1,1,1,0,0.49162485775631,88
0,1,4,0,1.8698083798432146,157
0,2,1,0,1.1465071066324126,27
1,2,1,0,0.6142666490799616,104
1,1,2,1,0.9294504433902673,17
0,2,4,0,1.1852180242336505,141
0,3,3,0,1.714072612262895,56
0,2,2,0,1.2052371247062603,20
1,2,2,0,1.7029475261159086,23
0,3,1,1,0.17644106344600424,48
1,1,4,0,1.0238653153087611,98
1,3,1,0,1.0879946816428718,100
0,2,2,0,0.7183705272593068,72
0,2,5,0,0.8120992037847254,136
1,1,1,0,0.2592622469087431,80
1,2,1,0,0.367501879104355,19
0,2,4,1,0.3641160095811484,8
1,3,4,1,0.48251325034638004,28
0,2,3,0,0.42331462996376423,111
1,3,5,0,1.2617360709587444,102
1,3,5,0,0.9176391618502058,108
0,2,2,0,0.8645260851209282,127
1,2,1,0,0.7942023785913258,103
0,1,1,0,1.3562597394193916,19
1,3,3,0,0.42331462996376423,79
1,2,5,0,0.5177295018822579,179
0,3,4,0,1.7213129536180765,75
1,2,4,0,1.1590045835655491,135
1,1,1,1,0.49374713303552,24
0,1,2,0,0.5033273427542181,152
0,3,1,0,0.26477039171115974,14
1,3,1,0,0.7383896277319166,137
1,1,1,0,1.3734703692197163,21
1,3,5,0,0.5095216829497097,122
0,2,4,0,0.9138471300597231,106
1,1,2,0,1.6292379500630993,31
1,2,1,0,1.3491616107465183,29
1,1,3,0,0.5033273427542181,138
1,3,1,0,0.9438526025183072,109
0,3,1,1,0.6233782564898915,15
1,3,3,0,0.9500469427137987,106
1,1,1,1,0.0,53
1,1,1,0,0.6528687701390461,114
1,1,3,0,0.24125662517319002,95
1,1,4,0,0.5295407834223195,83
1,3,3,0,0.5619485642859123,129
1,1,2,1,0.6701881964815242,48
1,1,3,0,0.7887304993029604,166
0,2,1,0,0.367501879104355,17
1,2,2,0,0.9969656792475847,19
1,3,4,0,1.3355544435537068,157
0,1,5,0,0.5115351616867663,171
0,3,5,0,0.4502142660249405,149
0,3,5,0,0.32058314257056897,14
1,2,1,0,0.16754704912038104,5
1,1,2,0,0.761794597727733,144
1,2,2,0,1.0796780661681702,91
0,2,2,0,1.8476670040913947,24
0,2,1,0,1.5064873621972943,15
1,3,4,1,0.5405570730271527,26
1,1,5,0,1.6877503750526401,38
1,3,1,0,1.220325479227375,158
0,3,2,0,0.6645712551369543,111
1,3,4,0,0.42744419009409196,81
1,1,2,0,0.1820580047905742,77
0,3,2,0,1.4326689896023321,165
1,1,5,0,1.2238201452927349,102
1,2,2,0,1.202319857491822,13
0,3,1,0,0.7023097503333794,70
0,2,2,0,1.8111871583115202,42
1,3,5,0,1.0789918707750954,144
1,1,2,0,0.7942023785913258,163
0,1,1,0,1.2472251152885514,17
0,1,2,0,2.0586381236802023,13
1,3,2,0,0.7557090540743947,107
0,3,1,1,0.17644106344600424,27
0,3,2,0,1.6940535117902853,45
1,3,3,0,1.1354908170275795,65
1,3,1,0,0.7356899536017849,124
1,1,2,0,1.173406742693589,152
1,3,3,0,0.7970108492636108,132
0,2,1,0,1.1348046216345045,160
0,3,4,0,0.5054496180334281,125
0,3,4,0,0.3088806575726608,19
0,1,2,0,1.8683722999570795,22
0,3,5,0,0.9281868491462709,100
0,2,1,0,1.199511386819537,32
1,1,3,0,0.06481556172718578,71
1,3,1,1,0.3641160095811484,15
1,1,2,0,0.24687356651776,109
1,3,4,0,1.312040677015737,89
1,2,1,0,1.0651671104979772,96
0,2,3,0,0.9058278803101443,103
1,1,4,0,0.5295407834223195,77
0,3,2,0,0.8494377305998135,192
1,1,5,0,0.7824998935934177,81
1,3,5,0,0.4350171149616724,169
1,3,1,0,1.0941890218383634,116
1,1,4,0,1.164512728367966,106
0,1,1,0,1.3852816507597778,19
0,3,5,0,0.2261682706520753,19
0,2,1,0,2.3855244029884157,42
0,2,5,0,0.3026863173771692,11
0,3,1,0,1.5947078939202965,33
0,3,1,0,0.3233916132428539,13
1,1,2,0,1.5167086598668993,20
1,3,5,0,0.8204158192594271,165
1,1,5,0,0.2826672169045594,77
0,2,5,0,0.44671959995958055,114
1,3,1,0,0.4116121449658561,25
0,3,4,0,0.44401992582944894,17
1,1,4,1,0.5185244938174862,60
1,3,5,0,1.270738881826521,87
1,3,3,0,0.42331462996376423,102
0,2,5,0,1.4175806350812175,128
0,2,2,0,1.7534697252572078,36
1,1,1,0,0.9498293496294918,103
0,1,1,0,2.2827929155952207,32
0,3,5,0,0.7566089454511052,162
1,2,2,0,0.28220975330917614,106
1,3,3,0,0.7619033942698863,147
0,2,2,0,1.1883863006725504,55
1,1,5,0,1.4346824683393886,50
1,1,1,0,0.439447937917794,147
1,3,1,0,1.4228711867993273,27
0,2,4,0,0.26477039171115974,14
1,2,2,0,1.9233900588812605,130
0,3,5,0,0.244065095845475,12
1,1,2,0,1.7682316901518624,128
0,2,4,0,0.897620061377596,148
1,1,3,1,0.3641160095811484,13
1,3,1,0,1.6768428819899603,32
0,1,2,0,1.7065509887234216,5
1,1,2,0,0.5467514132226442,165
1,1,3,0,0.10202406230012527,128
0,2,3,0,1.597407568050428,95
1,3,1,0,1.5710853308401735,43
1,1,5,0,0.3962375634330035,35
0,2,5,0,0.7086815209984553,151
0,3,1,0,0.25857605151566815,13
1,3,2,0,1.1825183501035188,146
0,3,5,0,0.3088806575726608,9
0,3,5,0,0.37920436410226316,13
0,1,4,0,1.5354004769955274,55
1,1,5,0,0.5005188720819331,80
1,3,4,0,0.23236261084756682,116
0,1,1,0,1.847775800633548,35
0,3,5,0,0.462395444318227,150
0,3,4,0,0.7411980984042016,122
1,3,2,0,2.4054347069188724,133
1,3,5,0,1.2176258050972435,113
0,3,2,0,2.117259345211896,15
0,3,5,0,1.347256928551615,118
1,3,4,0,0.0,58
1,2,4,0,0.4982616257331287,73
1,3,5,0,0.9722971150077719,86
0,2,3,0,1.8787023941688377,79
0,3,4,0,0.34679658323867024,18
1,3,2,1,0.5653344338091189,53
1,2,1,0,1.3790873105642862,9
0,3,4,0,0.26477039171115974,17
1,2,1,0,0.16754704912038104,17
1,2,4,0,1.0651671104979772,107
1,3,4,0,0.4080962492005011,67
0,2,1,0,1.5181898471952027,23
1,3,5,0,0.21965143793079475,54
0,2,5,0,0.13513926825678818,10
0,3,1,0,1.296843525952469,32
1,2,4,0,0.34568299587832413,126
1,1,1,0,0.8825317068564813,145
0,3,2,0,1.5911044313127833,14
1,1,1,1,0.0,13
1,1,5,0,0.6867064370028352,49
1,2,3,0,0.2233960654938414,24
0,2,3,0,0.8880398516588979,110
1,2,3,1,1.1058915068362716,30
1,3,2,0,0.34748277863174526,55
1,1,2,0,1.1438074325022811,129
1,3,3,0,0.08822053172300212,106
1,2,2,0,0.1820580047905742,92
1,3,1,0,0.7438977725343332,93
1,2,5,0,0.7590949235976013,129
1,2,2,0,1.9202217824423609,104
0,2,1,0,1.7883595871666256,119
1,1,1,0,1.0824865368404553,89
1,3,2,1,0.7169981364731569,72
1,2,4,0,1.4227623902571738,86
1,3,5,0,0.22335979997979027,111
1,3,4,0,0.9528554133860836,150
1,2,1,0,0.05881368781533475,73
1,1,5,0,0.7328814829295,124
1,3,3,0,0.1820580047905742,96
1,2,2,0,1.0059684901153614,130
1,1,5,0,0.32058314257056897,117
0,3,4,0,0.7584087282045263,128
0,2,5,0,1.2472251152885514,116
1,2,1,0,1.7478527839126377,43
1,3,4,0,0.9590497535815752,131
1,3,2,0,0.12963112345437156,77
1,3,5,0,1.1382992876998645,152
1,2,2,0,1.5059099633463728,45
0,3,5,0,0.7180581257201281,141
1,3,5,0,1.1678985978911722,188
1,2,4,0,0.04411026586150106,148
0,2,1,1,0.3641160095811484,49
0,2,2,0,1.0465840899115024,17
0,1,4,0,1.3856414565263926,162
1,3,5,0,1.0851862109705868,92
1,3,5,0,0.27027853651357636,12
0,1,2,0,1.4823961968084032,45
1,3,4,0,0.3999096599679479,71
0,1,1,0,1.2671354192190076,112
1,3,5,0,0.8211020146525021,130
1,3,2,0,0.8645260851209282,110
0,2,5,0,1.1617042576956809,150
1,3,4,0,0.7355811570596316,131
0,2,1,0,0.7970108492636108,121
1,2,2,0,0.9259557773249074,9
0,2,5,0,1.511995506999711,127
0,3,5,0,0.3350940982407621,21
0,2,2,0,1.9829150688903363,37
0,1,4,0,1.6517391315815342,60
0,3,2,0,1.5651085837289886,19
1,3,1,0,0.7059818468683237,133
1,2,5,0,0.6798772027423757,83
0,2,2,0,2.1001575119537246,11
0,2,2,0,0.8445069846483184,133
1,3,5,0,0.23236261084756682,24
1,2,5,0,1.1209798613573863,127
1,1,2,0,0.24687356651776,86
1,1,5,0,0.0,84
1,1,1,0,1.8877052050366143,36
1,1,2,0,1.0784144719241737,24
0,3,5,0,1.0211656411786294,178
1,1,2,0,0.3350940982407621,91
0,3,1,0,1.441780597012262,38
1,2,2,0,0.46742489582526525,138
0,2,5,0,0.6665886309746821,139
1,1,5,0,0.6708743918745992,78
1,3,5,0,0.9025508073290911,73
1,1,4,0,0.855632070795305,74
0,3,5,0,0.8586330077512305,138
0,2,1,0,0.6628440034116354,127
1,2,5,0,1.141685157223071,55
0,3,5,0,0.9294504433902673,90
1,2,4,0,0.21965143793079475,99
0,3,2,0,1.8201899691792969,21
1,3,1,0,1.1299826722251627,123
1,1,3,0,1.3547785520910882,99
1,1,4,0,0.21965143793079475,68
0,3,5,0,0.5529457534181358,136
1,3,2,0,0.6384666110110062,144
1,3,1,0,0.13513926825678818,11
1,3,4,0,0.8940165987700828,36
0,2,5,0,1.9642232517617082,52
1,2,4,0,1.3181262206690754,134
1,1,1,1,0.5653344338091189,35
1,1,5,0,0.7149846577361003,165
0,2,2,0,1.1342272227835828,31
1,1,4,1,0.6233782564898915,64
1,1,1,0,1.270738881826521,118
1,1,5,0,0.5267323127500345,137
1,3,2,0,0.7529005834021097,80
1,3,4,0,0.20404812460025054,79
0,1,1,0,1.6712259406453904,30
0,1,1,0,0.6383578144688529,75
1,3,4,0,1.0913805511660783,98
0,3,5,0,0.2261682706520753,11
1,1,2,1,0.12963112345437156,54
1,1,1,0,1.2913353811500523,19
0,3,2,0,1.7326556328493696,34
1,3,5,0,1.1175939918341797,102
1,2,1,0,0.7455201248181699,68
0,1,2,0,1.7993758767714587,6
0,2,3,0,0.9114448216547142,115
0,2,5,0,0.2764728767090679,11
0,3,2,0,1.3181262206690754,67
0,1,3,0,0.7203840059963634,55
0,1,1,0,0.85844054146759,45
1,3,1,0,1.4768880520059866,34
1,3,2,0,1.1058915068362716,90
0,3,1,0,1.3441220682528698,129
0,3,5,0,0.5088354875566348,103
1,3,5,0,0.7936249797404042,180
1,1,4,0,0.1176273756306695,56
0,3,1,0,1.3259742338350087,27
0,2,1,0,2.1441589812730726,20
1,3,1,0,1.1879176983637822,73
0,3,2,0,0.85844054146759,163
0,1,5,0,0.8143302756060891,141
1,1,4,0,0.750887104665053,130
0,2,3,0,0.8653210770561565,128
0,2,1,0,0.9645578983839919,36
0,1,2,0,1.3554647474841632,12
0,1,5,0,0.9410441318460221,148
0,2,5,0,0.23236261084756682,21
1,3,4,0,0.8150164709991639,137
1,1,1,1,0.7530093799442631,18
1,2,3,1,0.3528821268920085,69
0,1,1,0,2.04153629042203,25
1,1,1,0,1.7740662245807393,25
0,1,1,0,1.7181446771791766,39
1,2,5,0,0.9231473066526223,140
0,3,1,0,0.16754704912038104,13
0,3,1,0,0.37920436410226316,17
0,1,4,0,0.36469340843207,150
0,3,5,0,0.26477039171115974,11
1,1,2,0,0.35569059756429344,83
1,3,4,0,0.899742336656806,137
1,3,5,0,0.6914708911981305,84
1,3,5,0,0.47372803256291024,30
0,1,2,0,1.6119185237206215,13
1,1,3,0,1.023179119915686,121
0,3,5,0,0.22335979997979027,9
1,1,4,0,0.5258686868873751,54
1,2,4,0,0.9914575344451682,137
0,2,1,1,0.17644106344600424,38
1,1,5,0,0.9466610731905922,78
1,1,4,0,0.3350940982407621,93
1,3,4,1,1.1058915068362716,35
0,2,1,0,0.13513926825678818,14
0,3,2,0,0.8617176144486431,160
0,3,4,1,0.6233782564898915,31
1,1,4,0,0.08822053172300212,110
1,1,3,1,0.3528821268920085,31
1,3,4,0,0.732195287536425,105
0,2,1,1,0.9074178641806009,53
0,3,5,0,1.0906943557730036,178
1,3,5,0,1.1941120385592736,112
0,3,1,0,0.29098383237926106,13
0,1,2,0,0.6701881964815242,113
0,3,5,0,0.4116121449658561,13
0,3,1,1,1.4479749372077535,29
1,3,5,0,0.2233960654938414,79
0,2,2,0,0.4523365413041506,91
1,3,5,0,0.27027853651357636,84
1,3,3,1,0.43570331035474735,52
1,1,5,0,0.3267774827660605,125
1,3,3,0,0.24125662517319002,86
1,2,1,0,0.9176391618502058,102
0,2,5,0,0.2261682706520753,14
0,2,5,0,1.500761624310571,115
1,3,2,0,1.2618448675008977,28
1,2,4,0,0.9700660431864085,112
1,3,1,1,1.1058915068362716,74
1,3,2,0,0.27027853651357636,69
1,2,2,0,0.42744419009409196,129
1,1,2,0,0.3999096599679479,75
1,1,1,0,1.708455670918325,29
0,2,1,0,0.6349719449456463,144
1,3,2,0,0.9824547235773916,109
0,1,3,0,1.2526244635488144,48
1,3,5,0,1.465076770465925,144
0,3,5,0,0.19995482998397396,9
1,1,5,0,0.32058314257056897,43
0,3,3,0,0.3350940982407621,102
1,1,5,0,0.5943563451495052,110
1,2,4,0,0.9852631942496766,131
0,2,1,0,0.49702420601657316,175
1,1,1,0,1.9310204789628873,82
0,2,1,0,1.538100151125659,28
0,2,4,0,0.6241481216244537,92
1,2,2,0,1.1086999775085566,92
1,1,1,0,0.08822053172300212,60
0,1,5,0,0.9555550875162153,117
1,1,1,0,0.37650468997213155,69
1,1,1,0,2.009705908409359,30
1,2,3,0,0.6644624585948009,180
0,2,5,0,1.3140541557527938,126
1,2,4,0,0.4633103715089937,155
1,3,5,0,0.32058314257056897,5
0,2,1,0,1.6533291154519907,15
0,1,2,0,1.5734251992036903,33
1,1,2,0,0.27027853651357636,65
1,1,2,0,0.12963112345437156,83
0,3,4,0,1.4319827942092571,80
0,3,5,0,0.19995482998397396,12
1,2,3,0,0.4261231006360492,84
1,1,4,0,1.4737531917072413,94
1,3,4,0,0.6517551827786999,132
0,2,5,0,0.9138471300597231,35
0,3,5,0,0.7731271859724161,76
1,1,1,1,0.3641160095811484,5
1,3,2,0,0.9203388359803374,179
0,1,2,0,1.2348364348975682,80
0,2,2,0,0.8198384204085055,143
1,1,4,0,0.1530360934501879,91
1,3,2,0,1.0086681642454929,127
1,2,5,0,0.899742336656806,186
1,3,5,0,0.8032051894591024,105
0,3,1,0,0.17924953411828923,11
1,1,1,0,1.2086229942294668,87
1,3,1,0,0.7969020527214574,128
0,2,4,0,0.24125662517319002,114
0,2,5,0,1.2059233200993353,147
1,3,1,0,0.3171972730473624,175
0,2,1,0,0.7530093799442631,111
0,2,5,0,0.17924953411828923,18
0,3,1,1,0.6481556172718578,15
0,3,5,0,0.367501879104355,12
0,3,5,0,0.367501879104355,15
1,3,2,0,1.0086681642454929,101
1,3,3,0,1.2994344035404473,59
0,2,5,0,0.27027853651357636,14
0,2,5,0,1.5786069543796466,104
1,3,5,0,0.9914575344451682,125
1,2,2,0,1.6794337595779387,22
1,3,1,0,0.3492825613851663,69
1,2,2,0,1.3374591257486101,104
0,2,2,0,0.8908483223311829,136
0,3,2,0,1.6491482539935558,37
0,2,3,0,0.4268092960291242,107
1,3,5,0,0.6790822108071474,115
1,1,2,1,0.6701881964815242,27
1,2,3,0,0.8445069846483184,103
0,2,5,0,1.2969523224946222,100
1,1,1,0,1.0108992360668563,115
1,3,5,0,0.2261682706520753,20
1,1,5,0,0.8204158192594271,88
1,3,2,0,0.5591400936136274,110
1,3,5,0,0.3708877486275616,64
0,2,1,0,2.0145278578187007,87
0,1,1,0,0.19444668518155733,144
0,3,5,0,1.1058915068362716,137
1,1,5,0,0.35849906823657846,76
0,3,4,0,0.6701881964815242,89
0,2,4,0,1.3259742338350087,121
1,2,2,0,1.5200945293901058,22
1,3,4,0,1.312040677015737,150
1,1,5,0,0.5322404575524511,24
0,2,2,0,1.809282476116617,20
0,3,4,1,0.7530093799442631,39
1,3,5,0,0.16754704912038104,8
1,2,5,0,0.3350940982407621,72
1,2,2,0,0.2510031266480877,88
0,1,5,0,0.6941705653282622,145
0,2,2,0,1.3174400252760003,144
0,2,5,0,1.1182801872272548,180
1,3,2,0,0.853509795516095,104
1,2,5,0,0.08822053172300212,84
0,2,1,0,1.0438844157813707,115
0,2,5,0,0.3098168144634224,91
0,3,3,0,0.8466292599275285,133
0,3,5,0,0.7584087282045263,125
1,1,5,0,1.4030696794110242,71
1,3,3,0,0.0,89
0,1,1,0,1.4725983940053982,44
1,1,4,0,0.2592622469087431,111
1,3,4,0,0.5295407834223195,63
0,3,1,0,0.9287642479971924,24
1,2,5,0,0.37650468997213155,63
0,3,5,0,0.34679658323867024,11
1,3,4,0,0.8473154553206035,104
0,3,4,0,0.6177613151453216,96
1,1,1,1,1.059081566844639,67
1,3,3,0,0.3350940982407621,94
0,2,1,0,2.0772211442666766,37
0,3,1,0,1.873194249366421,29
1,3,2,0,0.39249293586995676,32
1,1,1,1,0.5405570730271527,22
1,2,1,1,0.5653344338091189,32
1,3,4,0,0.35662675445505515,68
1,2,1,0,0.9914575344451682,98
1,3,2,0,0.4321037448479052,127
0,3,5,0,0.19995482998397396,12
1,1,2,0,0.3999096599679479,82
0,2,5,0,0.9052504814592228,179
1,2,1,0,0.34748277863174526,85
0,1,2,0,2.0655186592687684,17
1,1,2,0,0.3350940982407621,63
1,3,1,0,1.0645897116470555,113
1,1,3,0,0.6645712551369543,6
1,3,1,1,0.38889337036311467,29
1,2,2,0,1.7993758767714587,12
1,2,5,0,0.2530679067132515,100
1,2,2,0,0.8053274647383124,120
0,3,2,0,0.97975504944726,159
0,3,2,0,0.7183705272593068,180
0,3,4,0,0.26477039171115974,24
1,3,3,0,0.925846980782754,115
1,3,5,0,0.40610400016343945,107
0,3,5,0,0.4289315713083342,109
0,3,5,0,0.27027853651357636,8
0,3,5,0,0.7556002575322414,184
1,1,1,0,0.5258686868873751,82
0,3,3,0,1.250610984811758,166
1,2,2,0,1.349379203830825,28
1,3,1,0,1.238331100962928,127
1,3,5,0,0.7149846577361003,90
1,2,2,0,0.3999096599679479,101
1,1,3,0,0.9347409951083772,107
0,2,1,0,1.4803827180713465,21
1,3,5,0,0.903237002722166,105
0,1,2,0,0.8846539821356914,37
0,1,1,0,1.4228711867993273,130
1,1,2,0,0.2592622469087431,89
0,3,2,0,1.1086999775085566,21
1,3,1,0,0.367501879104355,16
1,3,4,0,1.2176258050972435,84
1,3,2,0,2.143363989337844,89
0,3,5,0,0.3999096599679479,9
0,1,1,0,1.614618197850753,34
1,3,4,0,0.3999096599679479,12
0,3,5,0,1.150110569239926,113
0,3,4,0,0.35579939410644684,10
1,1,1,1,0.3641160095811484,37
1,2,5,0,0.6278927491875003,56
1,3,5,0,0.2792813473813529,156
1,2,4,0,0.6060588301474135,105
0,3,5,0,0.3088806575726608,9
0,3,5,0,0.831940873787751,84
1,2,2,1,0.6233782564898915,50
0,2,2,0,1.882305856776351,27
0,3,5,0,0.35579939410644684,6
1,1,1,1,0.6701881964815242,19
0,2,2,0,1.4754068646776832,40
1,1,2,0,0.2592622469087431,86
1,2,4,0,1.1050965149010432,98
1,3,2,0,0.5966861225264118,47
1,1,1,0,0.9376582623228156,59
1,2,2,1,0.9762603833819,79
1,1,2,0,2.111751200409479,15
1,3,4,0,0.979068854054185,91
0,2,2,0,1.22662861596502,7
0,2,2,0,2.2034663981978415,19
1,1,5,0,0.7176843318662318,110
1,3,2,1,0.43570331035474735,55
1,1,5,0,0.2826672169045594,102
0,3,4,0,0.7679889379232245,155
0,3,2,0,1.4768880520059866,45
1,2,5,0,0.9535416087791586,139
0,1,3,0,1.1327911428974478,130
1,2,4,0,0.8019415952151058,122
0,2,5,0,0.6356581403387213,101
1,3,5,0,1.1769014087589489,79
0,3,2,0,1.6443263045842142,17
1,3,3,0,0.39249293586995676,113
1,3,5,0,0.34679658323867024,13
1,3,4,1,0.48251325034638004,57
0,3,4,0,0.25857605151566815,11
1,2,5,0,1.1969205092315587,152
1,1,3,0,0.06481556172718578,83
1,2,1,0,0.7356899536017849,65
1,1,2,0,0.3501824527618769,67
1,1,1,1,0.49374713303552,26
0,2,5,0,0.19995482998397396,22
1,3,4,0,0.9886490637728831,97
0,1,5,0,0.7087903175406087,125
1,3,1,0,2.0847427678061496,153
0,3,5,0,0.3088806575726608,5
1,2,5,0,0.903237002722166,97
1,2,5,0,0.32058314257056897,10
1,3,2,0,0.9211338279155658,106
1,3,4,0,0.9645578983839919,106
1,3,4,0,0.8005055153289707,126
0,3,5,0,0.35579939410644684,22
0,2,5,0,0.7059818468683237,132
1,2,4,0,0.5329266529455261,81
1,1,5,0,0.5440517390925126,55
0,3,5,0,0.23236261084756682,9
0,2,2,0,0.9934710131822249,11
1,1,4,0,1.6787475641848637,72
0,1,5,0,1.7034161284246765,121
0,3,5,0,0.2764728767090679,14
1,3,5,0,0.367501879104355,9
1,2,5,0,0.5088354875566348,94
1,2,2,0,0.8494377305998135,150
1,2,1,0,0.9734519127096151,140
0,3,4,0,0.7695338143515129,110
1,2,2,0,1.537413955732584,36
1,1,2,1,0.5653344338091189,17
0,3,1,0,1.2347276383554149,5
1,1,1,0,0.39371531977245633,86
1,3,3,0,0.9328363129134739,84
1,3,3,1,0.12963112345437156,31
1,3,3,0,0.1530360934501879,102
1,1,1,0,1.5792931497727218,65
0,3,1,0,2.0380416243566706,37
1,2,2,0,0.8673345557932132,170
1,3,1,0,1.0176709751132695,151
0,3,1,0,0.7467062432066182,117
1,2,5,0,0.5322404575524511,54
1,3,1,0,0.34102344112451083,123
0,2,1,0,1.8945857406251807,10
0,2,3,0,1.0851862109705868,105
1,1,1,0,0.703282172738192,81
1,3,3,0,0.5323492540946044,72
0,3,1,1,0.8826405033986346,45
0,3,1,0,0.16754704912038104,21
0,1,2,0,1.4554965607472268,26
1,3,2,0,0.08822053172300212,86
0,3,1,0,0.7887304993029604,93
1,3,5,0,1.2148173344249584,132
0,3,5,0,0.25576758084338314,17
0,3,3,0,1.5222168046693159,174
0,1,3,0,1.5909956347706298,86
1,2,1,0,0.8915345177242578,153
1,2,3,0,0.1530360934501879,88
1,1,3,1,0.9294504433902673,42
0,1,1,0,1.1761064168237205,19
0,2,1,0,0.21165731498188212,9
1,1,3,1,0.49374713303552,15
1,1,5,0,0.3888933703631147,135
0,3,2,0,0.5942475486073518,95
0,2,5,0,1.2176258050972435,112
0,2,5,0,0.29098383237926106,21
1,2,1,0,0.34568299587832413,128
1,1,2,1,0.38889337036311467,31
1,3,5,0,0.5763507234139521,152
1,3,4,1,0.6701881964815242,21
0,3,5,0,0.3088806575726608,10
0,2,5,0,1.6173178719808845,65
0,1,1,0,1.1521240479769825,39
0,2,5,0,0.48813019169095,171
1,1,2,0,1.2059233200993353,146
0,3,1,0,0.26477039171115974,9
1,3,1,0,0.8701430264654981,94
0,2,5,0,0.6293550036010763,166
1,2,3,0,0.27027853651357636,101
0,3,5,0,0.13513926825678818,17
0,3,5,0,1.5319058109301673,40
1,3,5,0,0.826718955997072,119
1,2,5,0,0.6969790360005471,89
0,3,4,0,0.08822053172300212,116
0,3,1,0,0.244065095845475,8
1,3,2,1,0.38889337036311467,26
0,3,5,0,0.44401992582944894,7
1,2,5,0,0.5819676647585221,126
0,3,1,0,1.521107114409641,11
1,2,3,0,0.97413810810269,148
1,2,2,0,0.21785165517737368,100
0,2,1,0,1.5620825199723969,109
1,3,2,0,0.8433521869464753,70
0,1,2,0,1.2292194935529983,29
0,3,1,0,0.37920436410226316,15
1,3,1,0,0.6735740660047308,122
0,3,5,0,0.35849906823657846,184
1,2,5,0,1.1294052733742412,111
0,2,5,0,0.2592622469087431,112
1,1,4,0,0.12963112345437156,113
0,2,2,0,0.4771139020861168,167
0,1,1,0,1.0729063271217572,49
0,3,5,0,0.4116121449658561,13
0,3,3,0,1.09969716664078,129
1,2,1,0,0.34128843843625367,108
1,1,5,0,1.766968095907866,153
0,3,5,0,0.28817536170697605,10
1,3,4,0,0.5825450636094437,74
1,2,1,0,0.9886490637728831,108
0,1,4,0,1.4175806350812175,121
1,2,1,0,0.45921707689271707,120
1,2,5,0,0.826718955997072,104
1,1,1,1,0.43570331035474735,31
0,2,5,0,1.347256928551615,155
1,3,3,0,0.6239556553408132,165
0,2,4,0,0.2261682706520753,16
0,2,2,0,1.3147403511458686,26
1,2,4,1,0.3528821268920085,51
1,2,3,0,0.8618264109907965,179
1,2,4,0,0.4619167510228487,144
1,1,4,0,0.8418073105181868,132
1,3,4,0,0.5736510492838205,106
1,3,2,0,0.9087451475245826,152
0,3,1,1,0.9542278041722336,20
1,1,5,0,0.7763055533979261,154
0,2,5,0,0.22335979997979027,20
1,2,2,0,0.40880367429357106,60
0,3,4,0,0.73500375820871,132
1,3,2,0,1.3417487837491984,36
1,3,3,0,0.39249293586995676,50
1,2,3,0,0.7853083642657026,94
1,2,2,0,1.1237883320296713,134
0,1,1,0,2.0606516024172588,142
1,1,4,0,0.24687356651776,93
1,2,5,0,0.3233916132428539,10
1,1,5,0,1.1294052733742412,124
0,3,5,0,0.13513926825678818,4
1,1,4,0,0.9645578983839919,116
1,2,3,0,1.2322455573095898,77
1,1,2,0,1.46089590900749,42
1,1,2,1,0.43570331035474735,13
0,1,1,0,1.8648776338917195,18
1,3,4,0,0.4295089701592558,179
1,3,3,0,0.0,67
0,1,5,0,0.8679119546441347,179
0,3,5,0,0.8260327606039972,134
0,3,2,0,0.5585626947627058,153
1,3,1,0,1.026673785981046,87
1,1,1,0,1.9766119321526912,40
0,2,2,0,1.5507064246009488,42
1,3,1,0,1.0438844157813707,78
1,1,2,0,1.9092054928375273,39
1,1,1,0,0.3686305022787572,53
1,3,1,0,0.19995482998397396,23
0,3,5,0,0.29098383237926106,13
0,2,5,0,0.35579939410644684,19
0,2,5,0,0.37920436410226316,22
1,3,5,0,0.5557542240904207,85
0,1,2,0,1.6821334337080704,34
1,3,2,0,0.9762603833819,101
1,2,5,0,2.281997923659992,74
0,1,3,0,1.791059261296757,115
1,1,5,0,0.12137200319371615,83
1,1,3,0,0.1820580047905742,100
1,1,4,1,0.0,47
1,2,5,0,1.1533876422209792,107
0,3,1,0,1.4499884159448102,20
1,1,3,1,0.48251325034638004,54
1,3,3,0,1.1500017726977725,76
1,1,4,1,1.1058915068362716,61
0,3,2,0,0.16754704912038104,76
1,1,2,0,0.0,65
0,2,2,0,1.8904048791667458,36
1,3,5,0,0.8756511712679147,91
1,3,5,0,1.5706167285314052,86
1,3,4,0,0.7500921127298248,135
1,3,2,0,0.2592622469087431,89
1,2,3,0,1.620235139195323,84
1,2,3,0,1.2472251152885514,174
1,1,1,0,0.43851178102703237,141
1,1,5,0,0.244065095845475,127
1,3,5,0,0.8087133342615189,131
1,3,5,0,1.0086681642454929,83
0,3,5,0,0.27027853651357636,13
1,2,5,0,1.150110569239926,155
1,3,4,0,0.9231473066526223,153
0,2,2,0,1.1031918327061399,22
1,2,2,0,0.2826672169045594,90
1,2,1,0,0.6517551827786999,59
1,1,4,0,0.2205513293075053,121
0,1,2,0,1.8972854147553122,27
0,2,3,0,0.43570331035474735,125
0,3,5,0,0.3999096599679479,12
1,3,1,0,1.502197704196706,59
1,3,4,0,0.8790370407911213,99
0,3,5,0,0.08822053172300212,124
0,1,1,0,1.3754838479567728,12
0,2,5,0,0.3350940982407621,18
1,1,4,0,0.5341278071480305,130
1,3,4,0,0.6501690960089145,154
1,3,1,0,0.7204928025385169,117
0,1,5,0,1.0065458889662828,143
1,2,2,0,1.727147488046953,23
1,3,5,0,0.564648238416044,147
1,1,2,1,0.5405570730271527,75
0,2,4,0,1.0734837259726788,140
1,3,1,0,1.0851862109705868,138
1,1,5,0,0.6942793618704155,105
0,3,1,0,0.367501879104355,9
1,1,5,0,0.4633103715089937,109
1,2,5,0,0.49162485775631,110
1,1,2,0,0.46472522169513364,67
1,3,5,0,0.4764277066930418,118
1,2,4,0,1.1057827102941182,177
1,1,4,0,1.1500017726977725,96
1,1,1,0,0.9466610731905922,125
0,3,2,0,0.7804713790423049,129
1,1,4,0,1.2341502395044932,116
1,3,4,0,1.312040677015737,109
0,3,1,1,0.9294504433902673,19
1,1,5,0,1.4180492373899856,184
1,3,5,0,0.3915930444932463,115
1,1,2,0,0.353027188948213,35
0,3,1,0,1.6049291915899015,34
1,2,3,0,0.36130753890886347,82
1,2,5,0,0.6357669368808747,65
1,3,5,0,1.021056844636476,147
1,2,4,1,0.38889337036311467,18
0,1,4,0,0.9651352972349134,150
0,2,1,0,1.636118485651666,5
1,3,2,0,1.1175939918341797,130
0,3,1,0,2.397226887986324,21
0,1,5,0,0.7203840059963634,155
1,1,5,0,0.08822053172300212,96
1,1,1,1,0.6701881964815242,58
0,2,5,0,0.26477039171115974,20
1,1,5,0,0.7445839679274081,129
1,2,5,0,0.9086363509824292,150
1,1,4,0,0.0,107
1,1,2,0,0.19444668518155733,74
0,3,1,0,1.7759709067756424,25
1,2,1,0,0.6267641260130982,105
1,1,5,0,0.3999096599679479,77
1,1,5,0,0.7211789979315918,120
1,2,5,0,0.35579939410644684,13
0,3,1,0,0.42744419009409196,10
1,2,4,0,0.6969790360005471,12
1,1,3,0,0.4413202516993173,96
1,1,5,0,0.30247262139353365,51
1,3,2,0,0.6260779306200231,64
0,3,5,0,0.25576758084338314,22
1,3,5,0,1.2734385559566526,129
0,3,1,0,1.8380867943726966,8
0,1,1,0,1.2850322444124074,36
1,3,3,0,1.1824095535613655,91
1,3,3,0,0.5908616790841452,119
0,1,5,0,2.3082113643280935,123
1,1,5,0,0.9975430780985064,110
1,3,4,0,0.3088806575726608,13
1,1,3,0,0.3880983784278863,167
0,3,1,0,0.2160518724239526,151
1,3,2,0,1.0003515487707912,59
0,2,5,0,0.7859945596587776,164
0,3,3,0,1.1355996135697328,124
1,2,2,0,1.794085325053349,8
1,3,3,1,0.5405570730271527,28
1,2,3,0,0.24687356651776,109
1,2,2,0,0.1820580047905742,85
1,3,4,0,1.2706300852843677,186
1,1,5,0,0.42331462996376423,96
1,3,1,0,0.8032051894591024,93
1,2,1,0,0.7081041221475337,101
1,2,5,0,0.9500469427137987,137
0,1,3,0,2.173072096071305,99
1,3,1,0,0.6646800516791076,84
1,3,4,0,0.6446609512064978,78
0,1,5,0,0.7115987882128937,150
1,1,1,1,0.38889337036311467,13
1,2,5,0,1.1740929380866638,156
1,3,2,0,0.6005506853449968,98
1,1,3,0,0.32167550023092,96
0,3,2,0,0.7372610045575144,76
1,2,1,0,1.8388817863079248,19
1,1,2,0,0.1530360934501879,84
0,2,3,0,1.8523801569585832,138
0,3,5,0,0.35579939410644684,10
0,2,5,0,1.1065777022293466,137
1,2,5,0,0.4080962492005011,27
0,3,5,0,0.7764143499400794,94
0,3,4,0,0.25576758084338314,15
0,2,2,0,1.055586900779279,27
0,3,5,0,0.32058314257056897,17
0,3,4,0,0.8118230677595979,126
0,2,1,0,1.7974711945765554,31
1,1,3,0,0.6652574505300293,74
0,1,1,0,1.6037107047880732,7
1,3,1,0,0.4238446245872498,91
0,2,2,0,1.347256928551615,47
1,3,5,0,0.20404812460025054,67
1,2,4,0,1.0964200936597268,125
1,3,3,0,0.34748277863174526,94
1,1,2,0,0.06481556172718578,88
0,1,1,0,1.417471838539064,18
1,2,5,0,0.8673345557932132,81
1,2,3,0,0.4439111292872956,108
0,1,2,0,1.5058011668042195,21
0,2,5,0,0.46614007188127365,166
1,3,3,0,0.35849906823657846,91
1,1,4,0,0.06481556172718578,72
1,2,2,0,1.249924789418683,140
1,1,1,0,1.0589727703024856,105
0,1,5,0,0.40880367429357106,92
0,3,1,1,0.6233782564898915,58
1,3,2,0,0.4789136848395379,38
1,3,5,0,0.8887260470519729,61
0,3,4,0,0.6113745086661895,143
1,3,4,0,0.4633103715089937,175
1,3,3,0,0.08822053172300212,71
1,3,1,0,1.012162830310853,141
0,2,5,0,0.8384214409949802,152
1,1,2,0,0.3350940982407621,77
1,3,2,1,0.8714066207094947,53
0,2,5,0,0.49374713303552,117
1,3,1,0,0.9700660431864085,97
1,3,1,0,1.5499114326657204,31
0,3,4,0,1.244307848074113,131
1,2,1,1,0.17644106344600424,20
1,3,5,0,1.2500335859608362,113
1,1,1,0,0.608758504277545,108
0,2,1,0,0.8762285701188364,166
0,3,5,0,1.8785935976266843,188
1,1,5,0,1.3940668685432476,139
1,3,5,0,0.5673479125461756,29
1,2,4,0,0.5998644899519219,150
1,3,4,0,0.49702420601657316,164
1,1,4,0,1.238331100962928,89
1,3,1,0,0.8177161451292955,108
1,1,2,0,0.06481556172718578,85
1,2,5,0,0.5240326386199028,72
1,1,4,1,0.9294504433902673,20
1,1,2,0,1.0018964251990798,32
1,2,4,0,1.0321819307834628,124
1,1,1,0,0.6645712551369543,121
0,3,1,0,0.3999096599679479,14
0,2,1,0,1.259036396828613,24
0,3,5,0,0.46614007188127365,121
0,1,4,0,0.8908483223311829,140
1,2,4,0,1.3299375022091369,133
1,3,4,0,0.3962375634330035,80
1,2,3,0,0.441211455157164,68
0,3,5,0,0.4513066236852916,130
1,2,1,0,0.8590179403185116,127
0,1,1,0,1.7065509887234216,21
1,2,1,0,1.2500335859608362,100
1,1,3,0,1.8220946513742002,149
0,1,5,0,0.5405570730271527,177
1,2,5,0,0.2904688735698316,127
1,3,4,0,0.614375445622115,89
0,3,3,0,0.21785165517737368,156
1,1,5,0,0.5534757480416214,120
0,3,1,0,0.2427440063874323,41
1,3,3,1,0.0,63
0,3,5,0,0.45505125124833823,114
1,3,3,0,1.0321819307834628,90
0,3,2,0,0.49374713303552,108
1,2,5,0,0.8942341918543895,168
1,3,2,0,0.8349267749296203,89
0,3,5,0,0.5171521030313363,118
1,3,1,0,1.1113996516386881,124
1,2,1,1,0.6233782564898915,47
0,3,1,0,0.3492825613851663,173
1,2,3,0,0.3350940982407621,95
1,2,5,0,0.0,103
1,2,1,0,1.9505072880267433,18
1,3,2,0,0.34748277863174526,80
1,3,5,0,0.8411211151251119,104
1,2,1,1,0.12963112345437156,86
0,1,1,0,1.129296476832088,20
1,1,4,1,0.9294504433902673,4
1,3,5,0,0.25576758084338314,19
0,1,2,0,1.0437756192392174,23
0,3,4,0,0.3143888023750774,18
1,3,4,0,0.7734970827256411,79
0,1,5,0,0.535048928224736,173
0,2,2,0,1.3932718766080194,10
1,2,3,0,0.9273281681110573,153
1,1,1,0,1.661536934384539,43
1,3,2,0,0.2592622469087431,77
1,2,5,0,0.9024420107869376,183
1,2,3,1,0.8714066207094947,77
1,3,2,0,0.46472522169513364,97
0,3,3,0,0.8065910589823089,122
0,1,2,0,1.6093276461326431,18
1,3,1,0,0.8680207511862881,91
0,2,5,0,1.0734837259726788,155
0,3,5,0,0.13513926825678818,9
0,3,5,0,0.367501879104355,12
0,3,4,0,0.17924953411828923,6
1,3,1,0,0.97975504944726,92
1,3,2,0,1.820876164572372,7
1,2,3,0,0.9852631942496766,197
1,1,5,0,1.1559785198089574,25
1,3,1,0,0.5762419268717988,39
0,2,4,0,0.34679658323867024,12
1,1,5,0,0.3350940982407621,92
0,3,2,0,1.3960803472803043,23
1,1,5,0,0.5221240593243284,69
0,2,3,0,1.8323610564859734,77
1,3,5,0,0.27027853651357636,13
1,3,3,0,1.1154717165549697,139
0,2,4,0,1.5703991354470985,98
1,3,2,0,0.6880850216749239,110
1,3,2,0,0.25857605151566815,86
1,3,1,0,1.0886808770359466,70
1,1,5,0,0.1530360934501879,79
1,2,5,0,1.3147403511458686,123
0,3,5,0,0.9466610731905922,149
0,3,3,0,2.0468268421401405,41
1,2,1,0,1.164295135283659,142
1,1,2,0,0.31507499776815234,96
1,3,1,0,0.19995482998397396,4
0,3,1,0,0.34679658323867024,22
1,3,1,0,1.0383762709789541,66
0,1,1,0,1.2878407150846924,25
1,2,3,0,0.367501879104355,139
1,1,1,0,1.423088779883634,120
1,2,3,0,0.35849906823657846,83
1,1,3,0,0.4413202516993173,66
1,2,1,1,0.7530093799442631,22
0,2,2,0,1.4497708228605035,33
1,2,5,0,1.822780846767275,65
1,1,2,0,0.2592622469087431,60
1,2,4,0,1.114894317704048,109
1,3,2,1,0.5405570730271527,50
0,1,2,0,0.8438207892552434,99
1,2,2,0,0.49983267668885817,169
1,2,4,0,1.058863973760332,177
1,3,4,0,0.6349719449456463,89
0,3,5,0,0.37920436410226316,9
1,1,4,0,0.45505125124833823,171
1,2,3,0,0.49432453188644154,145
1,3,1,0,0.12137200319371615,103
1,3,1,0,0.3088806575726608,15
1,3,1,1,1.1058915068362716,72
0,3,5,0,0.28817536170697605,6
1,3,2,1,1.059081566844639,61
1,3,4,0,1.245961521044555,51
1,1,4,0,0.19444668518155733,90
1,3,2,0,0.3254201277939667,128
0,1,1,0,1.5355092735376807,41
0,3,1,0,0.32058314257056897,16
1,1,1,1,0.0,17
0,2,2,0,1.5707255250735588,32
1,3,2,1,0.6233782564898915,67
1,1,3,0,1.1108222527877665,136
0,1,2,0,2.244190794536136,43
1,3,5,0,0.16754704912038104,15
1,2,5,0,1.3504252049905148,104
0,3,5,0,0.25857605151566815,24
1,1,1,1,0.2592622469087431,27
0,2,5,0,1.6945221140990536,114
1,3,3,1,0.7169981364731569,58
0,1,4,0,1.6402542396679327,131
1,2,1,0,1.8566698149591714,20
1,3,5,0,0.5005188720819331,178
1,2,5,0,0.6790822108071474,98
0,2,2,0,1.2680392076963893,15
0,3,5,0,0.244065095845475,6
1,2,3,0,0.40329552949115444,94
1,2,1,0,0.13513926825678818,21
1,3,1,0,1.4942074783484647,40
1,3,5,0,0.7467062432066182,103
1,2,1,0,0.9003197355077277,131
0,3,5,0,0.9294504433902674,54
0,2,1,0,1.831892454177205,24
1,2,3,0,0.9438526025183072,106
0,2,1,0,1.6174266685230378,22
0,3,3,0,1.3271290315368518,107
0,1,2,0,1.4429990838140903,124
1,2,5,0,1.011476634917778,129
1,1,3,0,0.4238446245872498,75
0,2,2,0,1.5411262148822507,26
1,1,3,0,0.08822053172300212,78
1,3,1,1,0.5185244938174862,40
0,3,1,0,0.9294504433902674,91
1,1,5,0,0.6445521546643445,60
0,2,4,0,0.3026863173771692,10
1,1,2,0,0.46742489582526525,106
1,2,2,0,1.0796780661681702,146
0,3,5,0,0.25576758084338314,20
1,1,1,0,0.612289435856956,117
1,3,4,0,0.6241481216244537,94
0,3,1,0,0.8274263810901421,180
0,1,1,0,0.98187732472647,5
0,3,5,0,0.44401992582944894,23
0,2,5,0,0.926533176175829,167
0,2,4,0,0.2261682706520753,13
1,3,1,0,0.9149394877200742,106
1,2,3,0,0.7348949616665565,93
1,3,4,0,0.9466610731905922,147
0,2,5,0,1.0735925225148322,169
1,2,5,0,0.3999096599679479,80
1,2,5,0,0.21165731498188212,10
1,1,3,0,1.4269432517156087,105
0,3,4,0,0.35579939410644684,7
0,3,1,1,0.7998193199358958,65
1,3,3,0,0.46472522169513364,91
1,2,4,0,0.5065207459937842,73
0,3,3,0,0.2592622469087431,130
0,3,4,0,0.35299092343416183,19
0,3,4,0,0.9761515868397467,77
1,1,5,0,0.29781306663972035,100
1,3,2,0,0.21785165517737368,76
0,3,1,0,0.3233916132428539,11
1,2,1,0,0.36188493775978503,99
1,3,4,0,0.35299092343416183,10
0,3,4,1,0.8826405033986346,31
0,2,1,0,1.0411847416512392,22
1,3,4,0,0.6122531703429049,74
0,2,1,0,1.46788524113821,28
0,1,2,0,2.1532705886830024,12
1,3,1,0,0.7184793238014602,47
0,2,1,0,1.5553107809259838,39
1,1,3,1,0.5405570730271527,35
1,3,1,0,1.6732394193824471,101
0,2,5,0,1.1651989237610407,92
1,1,5,0,0.16473857844809606,89
0,2,1,0,1.4320915907514105,45
1,1,2,1,0.7998193199358958,6
0,3,5,0,0.7183705272593068,95
1,2,5,0,0.85282360012302,83
1,3,3,0,1.1135219269178982,121
0,1,2,0,1.800857064099762,12
1,3,2,0,0.9500469427137987,135
1,3,4,0,0.5267323127500345,165
0,2,2,0,0.9591585501237285,156
1,3,1,0,1.2617360709587444,123
1,3,4,0,1.0059684901153614,143
1,2,5,0,0.39249293586995676,77
1,3,2,0,0.8645260851209282,181
0,3,3,0,0.4513066236852916,137
1,3,2,0,0.8088221308036724,102
0,2,1,1,1.2602999910726094,18
0,2,5,0,0.6977952576357705,121
0,1,1,0,1.871071974087211,11
1,3,4,0,0.9590497535815752,138
0,3,5,0,1.053464625500069,177
0,3,3,0,1.6436401091911392,107
0,3,5,0,0.3999096599679479,22
1,1,4,0,0.3033725127702442,96
0,3,4,0,0.4116121449658561,23
0,1,2,0,1.6380231678465693,9
0,2,1,0,1.352873869896185,13
1,1,3,0,0.5065207459937842,89
0,2,5,0,0.7998193199358958,132
1,3,3,0,1.1411077583721494,122
0,3,1,1,1.2355226302906432,23
1,3,1,0,0.9231473066526223,106
0,3,2,0,0.5419294638133025,94
0,2,5,0,1.391367194413116,114
1,3,1,0,0.7880080383958342,134
1,3,5,0,0.4557224108273571,107
0,3,1,0,0.16754704912038104,16
1,2,4,0,0.1530360934501879,89
0,2,2,0,0.8466292599275285,30
0,3,5,0,0.244065095845475,20
1,2,2,0,0.6384666110110062,144
1,1,2,0,0.44770705817844947,141
1,3,3,1,0.7530093799442631,82
0,3,1,0,1.612136116804928,42
1,3,3,0,0.900428532049881,95
0,2,4,0,0.8122080003268789,124
1,3,4,0,1.0651671104979772,121
0,2,5,0,0.8328044996504103,151
0,3,5,0,0.16754704912038104,15
1,3,5,0,0.6645712551369543,187
0,3,5,0,0.35579939410644684,13
0,3,5,0,0.17924953411828923,22
0,3,5,0,0.9831409189704665,148
0,2,4,0,0.28817536170697605,11
0,2,1,0,2.2144826878026747,25
1,2,5,0,1.82346704216035,69
0,3,3,0,1.7916366601476788,158
0,2,2,0,1.0644809151049022,27
1,3,3,0,1.276824425479859,146
1,2,1,0,0.9914575344451682,145
1,3,3,0,0.9997741499198698,104
1,1,2,0,0.08822053172300212,79
1,3,5,0,0.44401992582944894,58
0,3,4,0,0.32058314257056897,22
1,2,2,0,1.7993758767714587,38
1,1,5,0,0.4149980144890626,86
1,2,5,0,0.37650468997213155,78
1,1,3,1,0.2592622469087431,22
1,2,2,0,1.6175354650651914,19
1,2,5,0,0.8769147655119113,137
1,3,1,1,0.3641160095811484,8
1,1,2,0,0.3492825613851663,71
1,1,5,0,0.5591400936136274,101
0,3,3,0,0.1801856910090509,74
1,2,4,0,0.42331462996376423,95
0,2,2,0,1.1147855211618949,160
1,1,2,0,0.3060721869003758,104
1,1,5,0,0.2592622469087431,88
1,2,5,0,0.996748086163278,105
1,3,1,0,0.9204476325224908,105
1,1,4,0,0.1820580047905742,79
0,3,4,1,0.7998193199358958,56
0,1,4,0,1.1029742396218332,191
1,2,2,0,0.9645578983839919,122
1,3,2,0,0.8797232361841962,147
1,2,5,0,0.2592622469087431,88
0,3,2,0,0.9294504433902673,87
1,1,1,0,0.38063425010245927,78
0,3,4,0,0.3143888023750774,20
1,2,4,0,0.8825317068564813,79
0,2,1,0,0.9493607473207237,12
1,1,5,0,0.34748277863174526,95
1,3,1,0,0.5819676647585221,108
0,1,2,0,1.452001894681867,43
0,3,5,0,0.32058314257056897,22
0,1,2,0,1.261627274416591,20
1,3,4,0,0.6867064370028352,95
0,3,5,0,0.3026863173771692,21
0,2,1,0,0.3233916132428539,5
1,3,4,0,0.08822053172300212,70
0,2,2,0,1.596721372657353,27
1,3,1,1,0.43570331035474735,70
1,1,4,0,0.3708877486275616,110
0,3,2,0,0.3942927186233779,84
1,2,4,0,0.0,77
0,1,2,0,1.2361000291415647,33
0,3,5,0,0.35579939410644684,16
1,2,2,0,0.5123301536219946,122
1,1,1,1,0.7998193199358958,14
1,3,1,1,0.7998193199358958,16
1,3,5,0,0.16754704912038104,3
0,2,1,0,0.44401992582944894,9
1,3,5,0,0.5585626947627058,141
1,3,4,0,0.3502912493040302,141
1,3,2,0,1.4443714746002403,13
0,3,5,0,0.22335979997979027,8
1,3,4,1,0.6701881964815242,33
0,1,1,0,1.1707070685634573,26
0,3,5,0,0.21165731498188212,21
1,3,4,0,0.17284149793916206,70
1,1,2,1,0.7530093799442631,68
1,1,4,0,1.1796010828890806,148
1,3,4,0,0.18844481126970627,108
1,3,5,0,0.35579939410644684,15
0,3,4,0,1.5738938015124584,105
1,2,5,0,1.053464625500069,99
1,3,2,1,0.5405570730271527,42
1,1,5,0,0.12137200319371615,57
1,3,1,0,0.732195287536425,75
1,3,5,0,0.3999096599679479,4
1,2,2,0,1.5146951811298426,130
1,1,2,0,1.5615051211214752,48
0,3,5,0,0.8383126444528268,171
1,2,2,0,0.4350171149616724,88
1,3,3,0,0.899742336656806,101
1,1,5,0,0.4619167510228487,53
1,3,3,0,1.132104947504373,96
1,1,5,0,0.703282172738192,178
1,3,1,0,0.22335979997979027,8
1,2,5,0,0.5440517390925126,148
1,1,3,0,0.3842338156093014,81
0,2,4,0,1.4701163129595733,81
1,3,1,0,1.0141763090479095,126
1,2,1,0,0.2261682706520753,16
1,3,3,0,0.1530360934501879,110
1,2,5,0,1.0789918707750954,135
1,2,2,0,1.0734837259726788,105
1,3,5,0,0.8204158192594271,135
0,2,4,1,1.2602999910726094,22
1,3,4,0,0.24687356651776,105
1,1,2,1,0.9762603833819,80
1,2,1,0,0.43851178102703237,73
1,1,2,0,0.3999096599679479,71
1,1,4,0,0.17644106344600424,91
1,1,1,0,0.7288094180132185,33
1,3,2,0,0.37688962253941255,112
1,2,5,0,0.24125662517319002,98
1,2,5,0,0.27027853651357636,107
1,1,4,0,0.26477039171115974,141
1,3,4,0,1.1438074325022811,98
1,1,4,0,0.38063425010245927,93
1,1,2,0,2.19028272587163,89
1,3,1,0,0.7970108492636108,92
0,2,2,0,0.5239238420777494,79
1,3,5,0,0.5502460792880042,51
0,2,1,0,0.2764728767090679,14
1,2,4,0,1.1299826722251627,108
1,3,5,0,0.6769599355279374,56
1,1,2,0,0.42331462996376423,95
0,3,5,0,0.7383896277319166,121
1,3,4,0,0.732195287536425,160
1,2,3,0,1.7558430097608793,150
1,3,2,0,0.45505125124833823,94
0,3,5,0,0.21165731498188212,10
0,3,1,1,0.7530093799442631,27
1,1,1,0,1.6373369724534943,21
1,3,1,0,0.8177161451292955,171
1,1,4,0,0.30247262139353365,18
1,3,2,0,2.084851564348303,28
1,1,2,0,0.30247262139353365,95
1,3,4,0,1.0824865368404553,123
1,3,4,1,0.3528821268920085,35
0,2,5,0,0.16754704912038104,8
1,3,1,0,0.7500921127298248,115
0,3,5,0,0.6411662851411379,141
1,3,1,0,2.317900370588945,32
1,2,1,0,1.655919993039969,51
1,1,1,0,1.0500787559768623,81
0,1,1,0,1.7407546552397646,32
1,3,5,0,0.16754704912038104,22
1,3,2,1,0.3528821268920085,53
1,3,2,0,0.2904688735698316,55
1,1,4,1,0.6701881964815242,64
0,3,5,0,0.7530093799442632,47
0,3,4,0,0.25857605151566815,16
0,3,1,0,0.17924953411828923,11
0,1,2,0,1.7649546171708093,12
1,1,5,0,0.28220975330917614,27
0,2,1,0,1.378978514022133,13
1,3,1,1,0.17644106344600424,30
1,1,1,0,1.4203891057535023,15
1,1,5,0,0.485321721018665,105
1,1,1,1,0.5405570730271527,23
0,3,5,0,0.8562094696462266,105
1,3,5,0,0.28817536170697605,13
0,1,2,0,0.9259557773249074,38
0,3,2,0,2.3441138112570465,18
1,1,5,0,0.2970693760325992,62
1,3,1,0,2.094540570609155,8
1,2,1,0,1.2438392457653447,21
1,1,5,0,0.45370893209030044,161
0,3,5,0,0.16754704912038104,9
0,3,3,0,0.5819676647585221,156
1,2,4,0,1.1019282384621434,96
1,2,4,0,0.7998193199358958,102
1,3,4,0,1.1769014087589489,77
1,3,5,0,0.9231473066526223,130
1,3,2,0,0.8880398516588979,141
1,3,5,0,0.8349267749296203,103
1,1,4,0,0.656363436204406,144
1,3,4,0,1.1735155392357424,118
0,2,2,0,1.803665534772047,31
1,2,5,0,1.0265649894388926,87
0,1,1,0,1.7704627619732258,35
1,3,5,0,1.0176709751132695,103
0,2,3,0,0.9411529283881755,131
0,3,1,0,0.8080784401965513,85
0,3,4,0,0.5060270168843497,190
0,3,3,0,0.9555550875162153,158
0,3,5,0,0.3233916132428539,8
0,3,4,0,0.28817536170697605,16
0,2,5,0,0.7445839679274081,195
1,2,5,0,0.13513926825678818,20
1,3,5,0,0.47065456457888244,72
1,3,2,0,0.7646030684000179,94
0,2,1,0,0.792475126866007,96
0,1,5,0,1.3616590876796548,119
1,3,4,0,1.3407361987296633,161
1,1,2,0,0.5971648158217902,129
1,1,2,0,1.7270386915047997,11
0,2,1,0,1.3559333497929313,39
0,3,1,0,0.13513926825678818,4
1,3,1,0,1.052778430106994,71
1,3,1,1,0.0,43
1,2,5,0,0.7356899536017849,105
0,3,1,0,0.8321183042573352,168
0,3,4,0,0.32058314257056897,19
1,3,4,0,0.779800219463286,46
0,2,3,0,0.8501239259928884,128
0,1,4,0,0.6528687701390461,148
0,2,5,0,0.7566089454511052,80
1,1,4,0,1.0850774144284334,97
0,2,4,0,0.5570753135484635,36
1,2,1,0,0.26477039171115974,8
1,3,5,0,0.7557090540743947,168
1,3,5,0,0.8590179403185116,129
1,3,4,0,1.1237883320296713,78
1,2,2,1,0.2592622469087431,60
0,3,4,0,0.25576758084338314,6
1,2,4,0,0.9231473066526223,125
1,3,1,0,1.0824865368404553,79
1,3,1,0,0.7211789979315918,94
0,2,1,0,1.4466025464216037,6
0,3,5,0,1.0615636478904638,72
1,1,5,0,0.982563520119545,151
1,3,2,0,1.5707255250735588,33
1,3,4,0,0.2826672169045594,72
0,2,5,0,0.19995482998397396,6
1,3,5,0,0.732195287536425,80
1,3,5,0,0.353027188948213,43
1,1,1,1,0.49374713303552,20
1,3,2,0,1.0796780661681702,116
1,3,5,0,0.5770369188070271,76
0,1,1,0,1.1646215249101193,24
1,1,2,0,1.7614599511054492,33
0,1,2,0,1.8911998711019742,46
1,3,5,0,0.6434960625180445,94
0,3,1,0,0.35579939410644684,23
1,3,4,0,0.4054178047703645,76
1,3,3,0,0.9025508073290911,98
1,1,3,0,0.1530360934501879,83
1,2,3,0,0.3350940982407621,83
0,1,5,0,0.5467514132226442,141
0,1,2,0,1.967609121284915,37
0,3,1,1,1.0010377441638663,45
0,1,2,0,1.441780597012262,28
0,3,3,0,0.6411662851411379,103
1,1,1,0,0.5143436323590513,136
1,2,1,1,0.6233782564898915,31
0,2,5,0,0.8211020146525021,138
1,1,4,0,0.8825317068564813,120
0,2,1,0,1.656246382666429,27
0,1,1,0,1.8497892793706046,14
0,2,1,0,0.19995482998397396,20
0,2,4,0,0.25576758084338314,12
1,1,2,0,0.29781306663972035,57
1,3,1,0,1.164512728367966,127
0,3,1,0,0.25857605151566815,17
1,1,2,1,0.48251325034638004,37
1,2,4,0,0.7646030684000179,118
1,2,2,0,0.8294186301272037,139
1,3,5,0,0.5102653735568309,108
0,3,4,0,0.3026863173771692,6
0,3,3,0,0.35849906823657846,102
1,2,4,0,0.3233916132428539,11
0,3,5,0,0.22335979997979027,13
1,3,2,0,0.5763507234139521,117
1,2,1,0,1.2025374505761286,2
1,3,4,0,1.1031918327061399,82
1,3,5,0,0.44401992582944894,18
1,3,3,0,0.9624356231047818,52
1,3,4,0,0.06481556172718578,99
1,2,2,0,1.7505524580427694,21
1,1,4,0,0.24125662517319002,98
1,3,3,0,0.6673584961092441,36
0,2,2,0,1.3995750133456641,19
0,3,5,0,0.3999096599679479,21
1,3,5,0,0.35579939410644684,17
0,3,1,0,0.8818455114634063,9
1,1,2,0,0.08822053172300212,89
0,2,3,0,0.8205246158015804,99
1,2,2,0,1.2810689760382794,96
0,1,1,0,1.9918090832159594,21
1,3,1,0,0.6914708911981305,111
1,3,4,0,0.44401992582944894,128
1,3,1,0,1.1707070685634573,119
0,3,1,0,1.5244929839328474,28
0,3,1,0,1.9234988554234138,42
1,2,2,0,0.28536689103469104,60
1,1,3,0,0.8212108111946554,137
0,1,4,0,1.1617042576956809,141
1,3,5,0,1.2410307750930598,124
1,3,5,0,1.276824425479859,104
1,1,2,0,0.979068854054185,119
0,3,5,0,0.17924953411828923,11
1,3,3,0,0.1530360934501879,109
0,3,5,0,0.4116121449658561,14
0,1,5,0,0.7976970446566858,127
0,3,4,0,1.0694116610563973,131
0,2,1,0,2.032533479554254,11
1,3,3,0,1.132104947504373,94
1,1,3,0,0.0,82
1,3,2,0,0.2592622469087431,97
1,2,2,0,0.17644106344600424,105
1,1,2,0,0.7266871427340084,121
0,2,2,0,1.1238971285718247,28
1,2,1,1,0.43570331035474735,20
1,3,1,0,1.3616590876796548,184
0,2,5,0,0.3088806575726608,4
1,1,2,0,1.6857368963155837,14
0,1,4,0,2.3964318960510957,72
1,3,5,0,1.2176258050972435,112
0,1,3,0,0.8646348816630816,151
0,3,4,0,0.7239874686038767,85
0,2,1,0,1.5436082959280757,37
1,3,1,0,0.7818136982003427,150
0,1,4,0,1.7427681339768213,99
0,3,2,0,1.3940668685432476,26
1,3,4,0,0.8266101594549187,84
0,3,1,0,1.4093728161486692,17
1,2,3,0,0.17644106344600424,104
1,3,3,0,0.7529005834021097,55
1,3,2,0,0.21785165517737368,90
1,1,5,0,0.3060721869003758,94
0,1,2,0,1.5471029619934356,8
0,2,1,0,1.558228048140422,32
1,1,4,0,0.855632070795305,154
0,3,4,0,0.25576758084338314,7
1,3,5,0,0.8473154553206035,149
0,3,2,0,2.408929372984232,28
1,1,3,0,0.1530360934501879,106
0,2,3,0,0.7059818468683237,162
1,1,3,0,0.9438526025183072,108
0,3,1,0,0.13513926825678818,17
0,3,5,0,0.2261682706520753,7
1,3,4,0,0.6735740660047308,93
1,3,5,0,0.726578346191855,89
1,1,3,0,1.0211656411786294,141
0,1,2,0,1.3196710970973637,17
1,3,5,0,0.43782558563395735,77
0,3,1,0,2.103434584934778,37
0,1,5,0,1.9553292374360853,169
1,2,5,0,0.44671959995958055,162
0,3,1,1,0.7417754972551232,31
0,2,2,0,0.6212559812106815,93
1,3,5,0,0.5377273726548726,5
1,3,5,0,0.3143888023750774,18
1,1,1,0,1.6402542396679327,91
0,1,1,0,0.8644172885787749,101
1,2,5,0,1.1762152133658739,59
0,2,5,0,1.1085911809664033,120
1,2,2,0,0.805904863589234,95
0,3,5,0,0.5405570730271527,165
0,1,1,0,1.487686748526513,9
0,3,5,0,1.1150031142462016,128
0,2,4,0,1.764845820628656,183
1,3,1,0,0.8495465271419669,133
0,2,5,0,0.6790822108071474,169
1,3,1,0,0.3026863173771692,17
1,3,5,0,0.9238335020456974,109
1,2,1,0,0.23236261084756682,16
1,3,5,0,1.100383362033855,118
1,1,2,1,0.5653344338091189,54
0,3,1,0,1.6272244713260429,20
1,3,1,0,0.2764728767090679,17
1,3,1,0,1.0383762709789541,90
0,3,5,0,0.28817536170697605,18
1,3,3,1,0.38889337036311467,74
1,3,5,0,1.020370649243401,143
1,3,2,0,1.3265516326859303,84
1,1,4,0,0.7267959392761618,125
1,2,2,0,0.878928244248968,62
1,1,2,0,0.8908483223311829,153
1,1,2,0,0.4413202516993173,65
1,2,4,0,1.0672893857771872,137
0,3,5,0,0.7025959773451171,130
0,1,2,0,1.9876282217575245,25
0,2,1,0,0.37920436410226316,11
1,3,1,0,0.19995482998397396,12
1,3,3,0,0.1530360934501879,77
0,2,1,0,1.6271156747838895,31
0,1,2,0,1.7298471621770848,25
1,3,1,0,1.6579334717770258,91
1,2,2,0,0.5798453894793121,61
1,3,5,0,1.2176258050972435,107
0,2,5,0,0.8862400689054768,59
1,3,2,0,0.3350940982407621,73
0,3,4,0,1.018248373964191,126
0,3,4,0,0.22335979997979027,22
1,3,1,0,0.7824998935934177,132
0,2,2,0,2.249590142796399,36
1,3,5,0,0.44401992582944894,13
0,2,1,0,1.789154579101854,40
1,3,1,0,0.44401992582944894,16
0,3,5,0,0.3641160095811484,115
1,3,1,0,0.7764143499400794,165
1,3,1,0,0.3999096599679479,18
1,2,3,0,0.4670549990720403,85
1,3,5,0,1.0596589656955606,169
0,3,4,1,1.1306688676182377,38
1,1,4,0,0.9114448216547142,114
1,1,4,1,0.0,29
1,3,5,0,1.3706618985474313,151
1,1,1,1,0.2592622469087431,25
1,3,4,1,0.6949655572634905,51
1,1,4,0,1.0438844157813707,65
0,3,5,0,0.26477039171115974,9
0,2,2,0,1.3355544435537068,20
0,1,2,0,1.2024286540339753,11
0,2,2,0,1.4444802711423936,26
1,3,2,0,0.8295274266693571,123
1,3,5,0,0.16458237767850667,93
1,3,2,0,0.08822053172300212,72
1,1,2,0,0.8742150913817797,96
1,2,5,0,0.4116121449658561,97
0,2,1,1,1.4947848771993861,31
1,3,5,0,1.011476634917778,106
0,2,2,0,1.270738881826521,20
1,2,5,0,0.9418391237812505,129
1,3,5,0,0.6887712170679989,76
1,2,1,0,0.5825450636094437,165
1,1,1,0,1.6120273202627748,16
1,2,1,0,0.2748655602392873,85
1,3,2,0,0.27027853651357636,76
1,1,5,0,0.33367924805462207,26
1,3,1,1,0.6701881964815242,21
1,1,4,0,0.6825768768725073,164
1,1,1,0,0.46472522169513364,85
1,1,4,0,0.46472522169513364,101
1,3,2,0,1.2941438518223374,125
1,1,3,0,0.7734970827256411,147
0,3,1,0,0.367501879104355,24
0,1,1,0,1.59693896574166,31
1,3,5,0,1.0293734601111777,106
1,1,4,0,0.29781306663972035,49
1,2,5,0,0.25857605151566815,21
1,1,2,0,0.6887712170679989,35
1,1,1,0,0.34748277863174526,72
1,1,2,0,0.38063425010245927,102
0,3,5,0,0.16754704912038104,13
1,3,1,0,2.0144190612765476,144
1,1,2,0,0.826718955997072,157
1,3,5,0,0.0,60
0,2,2,0,1.9533157586990284,15
1,3,5,0,1.608641450739568,93
1,2,2,0,1.4093728161486692,18
0,3,4,0,0.21165731498188212,5
0,1,1,0,2.0800296149389617,27
0,1,4,0,1.0031600194430763,55
1,1,5,0,0.6528687701390461,70
1,3,4,0,1.418158033932139,80
0,2,1,0,0.905359278001376,39
0,3,1,0,0.4116121449658561,14
1,1,2,1,0.8466292599275285,71
1,3,1,0,0.9886490637728831,128
1,2,1,0,0.1820580047905742,71
1,3,4,0,1.3057375402780922,131
1,2,2,0,0.8239104853247871,131
0,2,1,0,1.429391916621279,31
1,3,1,0,0.8295274266693571,96
0,3,3,0,0.2826672169045594,90
1,3,4,0,0.9445387979113821,141
1,3,2,0,1.070784051842547,87
0,3,4,0,1.4345736717972355,60
1,1,5,0,0.6267641260130982,134
1,3,2,1,0.8826405033986346,33
1,1,5,0,0.9293416468481139,92
1,1,5,0,0.34748277863174526,71
1,3,2,0,0.46472522169513364,65
1,1,4,0,1.144493627895356,146
1,1,4,0,0.2592622469087431,101
0,3,2,0,1.0729063271217572,19
1,2,2,0,1.6905588457249254,2
1,2,2,0,0.5764595199561056,70
0,2,3,0,0.26466159516900634,111
1,3,3,0,0.5026411473611432,62
1,1,4,0,0.19995482998397396,103
1,2,2,1,0.9762603833819,66
1,2,1,0,0.32058314257056897,21
0,2,2,0,1.3382541176838385,117
0,1,2,0,1.181832154710444,14
1,3,1,1,0.5405570730271527,9
1,3,3,0,0.4413202516993173,130
0,3,5,0,0.22335979997979027,25
1,1,2,1,0.3060721869003758,4
0,3,4,0,0.7473924385996931,99
1,3,3,0,0.47372803256291024,191
1,1,1,0,0.5295407834223195,173
1,2,4,0,0.9879628683798082,114
0,3,5,0,0.35299092343416183,16
1,3,4,0,1.1411077583721494,101
0,2,2,0,1.973694664938253,87
1,1,5,0,0.5680341079392506,119
1,3,3,0,1.1639353295170443,97
1,1,2,0,0.2736644060367829,77
0,2,5,0,2.09035970915072,120
0,3,5,0,0.3233916132428539,12
0,3,5,0,0.17924953411828923,11
1,2,3,0,1.0410759451090859,100
1,1,2,1,0.2592622469087431,13
1,3,2,0,0.1530360934501879,68
1,1,4,0,1.164512728367966,173
0,1,2,0,1.3624540796148832,18
0,3,4,0,0.49374713303552,84
1,2,2,0,1.5355092735376807,29
1,3,4,0,0.38201283477454817,136
0,3,5,0,0.2427440063874323,95
1,1,2,0,1.8937907486899523,102
1,3,5,0,0.9879628683798082,119
1,2,4,0,1.0913805511660783,128
1,1,5,0,2.1702636253990204,161
0,2,5,0,0.6528687701390461,158
1,2,5,0,0.855632070795305,142
0,3,4,0,1.5503800349744887,74
0,2,1,0,1.0671805892350337,22
0,2,2,0,1.525711470734676,37
1,1,4,0,0.8418073105181868,59
1,3,2,0,0.7239874686038767,156
0,3,5,0,0.27027853651357636,18
1,3,5,0,0.28547568757684444,142
1,2,4,0,0.3842338156093014,19
0,2,5,0,1.2060321166414885,54
0,3,3,0,0.6287776047501548,109
1,2,5,0,0.2826672169045594,145
1,2,2,0,1.9772981275457662,18
1,1,5,0,0.6735740660047308,118
0,1,1,0,2.1889554425276483,27
1,3,1,0,1.2197480803764535,77
0,3,5,0,0.35299092343416183,15
0,2,1,0,1.2906491857569775,22
0,3,5,0,0.831940873787751,80
1,1,1,1,0.7998193199358958,12
0,3,5,0,0.26477039171115974,21
0,3,1,0,1.316971422967232,23
0,2,3,0,1.8352783237004116,58
0,3,5,0,0.3233916132428539,16
1,2,5,0,1.0445706111744457,139
1,1,2,1,0.0,10
1,2,2,0,1.2638583462379545,45
0,2,2,0,0.3350940982407621,96
1,1,3,1,1.059081566844639,51
1,2,1,1,0.2592622469087431,63
0,1,1,0,1.1965941196050986,124
1,2,1,0,2.0524437834847102,15
1,1,4,0,1.0886808770359466,76
0,2,3,0,1.0851862109705868,156
1,3,5,0,0.8529323966651734,163
1,1,4,0,0.4826220468885334,98
1,2,2,0,1.8291927800470735,36
0,2,1,1,0.6701881964815242,39
1,3,4,0,1.3732527761354096,107
0,3,1,1,0.6481556172718578,39
1,3,5,0,0.44952807063186556,28
1,3,4,0,0.803096392916949,116
1,3,5,0,1.0327593296343842,112
1,1,4,0,0.4475145918948089,24
1,1,4,0,0.3350940982407621,109
1,3,5,0,0.9438526025183072,108
0,1,1,0,1.6707573383366223,40
0,3,3,0,0.8032051894591024,154
1,2,4,0,0.805904863589234,87
1,1,3,1,0.48251325034638004,66
1,2,2,0,0.5258686868873751,82
0,2,1,0,1.7111553450484567,20
1,2,3,0,0.9975430780985064,177
0,3,5,0,0.25857605151566815,5
1,3,2,0,1.5613963245793219,115
0,2,1,1,1.083858927626605,42
1,3,5,0,0.4116121449658561,12
1,2,4,0,0.08822053172300212,100
1,3,5,0,0.35579939410644684,14
1,1,1,0,0.8529323966651734,24
1,3,5,0,0.932150117520399,149
1,2,5,0,0.2826672169045594,92
1,3,5,0,0.367501879104355,9
1,1,5,0,0.7500921127298248,128
1,2,5,0,1.1355996135697328,102
0,2,5,0,0.3143888023750774,7
1,3,5,0,1.0024738240500013,138
1,2,5,0,0.9445387979113821,126
1,3,5,0,0.9238335020456974,139
1,3,4,0,1.0465840899115024,84
1,1,5,0,0.6969790360005471,79
0,3,4,0,0.7742920746608694,154
1,3,2,0,0.35849906823657846,100
0,2,5,0,0.6707655953324458,119
0,3,4,0,0.13513926825678818,5
0,1,2,0,1.178337488645084,31
1,2,2,0,0.17644106344600421,153
0,1,1,0,1.5830054089223884,24
1,3,1,0,0.3350940982407621,21
1,3,3,0,0.2904688735698316,142
1,1,2,0,1.6256344874555861,27
0,2,5,0,1.0699890599073187,127
0,3,5,0,0.19444668518155733,107
0,3,4,0,0.19995482998397396,4
1,1,2,1,0.6233782564898915,51
1,2,5,0,1.09757489136157,126
1,1,2,1,0.5653344338091189,69
0,2,1,0,1.5258202672768293,30
0,2,4,0,1.1343360193257364,99
1,3,2,0,0.6357669368808747,83
0,3,1,0,0.244065095845475,24
0,2,4,0,1.2264110228807132,114
0,3,1,0,0.16754704912038104,11
0,1,3,0,0.6701881964815242,37
1,1,5,0,0.7204928025385169,102
1,3,5,0,0.367501879104355,17
0,2,2,0,1.5292061368000358,9
1,2,5,0,0.26477039171115974,17
1,1,2,1,0.8466292599275285,51
1,3,5,0,0.5233464432268279,92
1,1,5,0,1.4664040538099066,80
0,3,1,0,0.3088806575726608,10
1,2,3,0,0.6473606253366295,165
0,1,2,0,1.649616856302324,56
1,3,1,0,1.4793701330518114,82
1,3,1,1,1.2355226302906432,32
1,1,2,0,0.8177161451292955,158
0,2,1,0,1.405878150083309,15
0,1,4,0,1.731751844371988,78
1,3,3,0,0.655677240811331,97
1,3,3,0,0.08642074896958103,73
0,1,2,0,1.4875779519843595,98
1,3,4,0,1.374047768070638,169
0,3,3,0,0.7183705272593068,71
1,3,3,0,0.7556002575322414,132
1,3,2,0,1.517612448344281,24
0,3,5,0,0.32058314257056897,12
1,3,2,0,0.2826672169045594,85
0,3,1,1,0.9542278041722336,10
1,1,5,0,0.31168912824494577,59
0,3,1,0,0.9114448216547142,168
1,3,3,0,0.30247262139353365,61
1,3,4,0,0.7529005834021097,88
1,3,1,0,0.6618715810068226,113
1,3,5,0,0.32058314257056897,141
1,3,4,0,0.9735607092517684,116
0,2,4,0,1.1001657689495483,159
0,1,2,0,1.71825347372133,4
1,2,3,0,0.3350940982407621,99
0,1,1,0,0.7530093799442631,156
0,2,4,0,1.0761834001028103,95
1,2,4,0,0.3233916132428539,18
1,3,4,0,0.3143888023750774,19
1,2,3,0,1.4809150094800998,73
0,1,1,0,1.7201581559162331,25
0,2,3,0,0.6177613151453216,146
1,3,5,0,0.85282360012302,139
1,3,4,1,0.6949655572634905,35
1,1,4,0,0.08822053172300212,95
1,3,3,0,0.8681295477284414,120
0,2,1,0,1.7623637395828309,36
0,3,5,0,1.1154717165549697,150
1,1,5,0,0.5529457534181358,120
1,3,4,0,1.0031600194430763,125
1,3,5,0,0.28817536170697605,10
0,3,1,0,0.26477039171115974,9
1,2,2,0,1.5520337079449307,24
0,3,1,1,0.7417754972551232,15
1,3,5,0,0.899742336656806,189
1,2,1,1,0.17644106344600424,28
1,1,2,0,1.2410307750930598,115
1,2,5,0,0.9852631942496766,77
0,2,2,0,2.097926440132361,16
0,3,2,0,1.476310653155065,23
1,3,1,0,0.7059818468683237,100
1,3,2,0,0.9528554133860836,128
0,1,4,0,1.1973891115403268,126
0,2,2,0,0.5473288120735658,120
0,2,1,0,1.8240444410112717,147
1,3,4,0,0.8970426625266745,122
1,2,5,0,0.44401992582944894,8
0,3,2,0,0.29781306663972035,62
1,3,2,0,1.2238201452927349,104
0,1,3,0,1.8647688373495663,13
1,2,5,0,0.0,89
1,3,1,0,0.9907713390520931,120
0,2,1,0,0.29098383237926106,21
0,2,5,0,0.44401992582944894,19
1,1,1,0,0.2160518724239526,135
0,1,2,0,1.1707070685634573,173
1,3,4,0,0.19444668518155733,63
0,2,2,0,1.2348364348975682,32
1,1,2,0,2.1124373958025546,18
1,3,1,0,1.0065458889662828,78
1,3,5,0,0.44401992582944894,18
0,1,1,0,1.147302098567641,13
1,2,5,0,0.6053726347543384,163
0,1,2,0,1.3844866588245495,22
0,3,3,0,1.9813250850198796,97
1,1,2,0,0.12137200319371615,47
0,3,1,0,1.9092054928375273,25
0,2,2,0,0.7171069330153104,9
1,1,5,0,1.021056844636476,163
0,2,1,0,1.1914123644291421,115
1,2,1,1,0.38889337036311467,14
0,2,3,0,0.953312876981467,105
1,2,2,0,1.2755608312358626,38
1,1,5,0,0.46811109121834027,11
1,1,1,0,0.3322856275684771,135
1,2,4,0,0.6942793618704155,94
1,3,4,0,0.35849906823657846,88
1,1,2,0,0.19444668518155733,65
1,3,4,0,1.0355678003066693,67
1,3,4,0,0.16754704912038104,18
0,2,1,0,1.6127135156558496,43
0,3,2,0,1.7120591335258382,42
0,2,5,0,0.26477039171115974,18
1,1,5,0,0.5763507234139521,39
1,1,4,0,0.37688962253941255,87
0,2,3,0,0.3060721869003758,29
1,3,5,0,0.947347268583667,89
1,2,2,0,0.8328044996504103,72
0,2,4,0,1.0258787940458176,118
0,2,5,0,0.26477039171115974,20
1,3,4,1,0.48251325034638004,54
1,2,1,0,0.8377352456019054,126
0,1,2,0,1.2079367988363918,170
1,2,4,0,0.4789136848395379,61
1,1,4,0,0.8177161451292955,110
1,2,5,0,0.6859627463957139,89
1,2,5,0,0.5005188720819331,166
1,3,2,0,1.2355226302906432,96
0,2,1,0,2.0056338434930776,14
1,2,3,1,0.38889337036311467,69
1,2,4,0,0.9210250313734123,114
0,1,1,0,1.8282889915696918,87
1,2,3,0,1.9579201150240633,105
0,3,5,0,0.732195287536425,151
0,3,5,0,0.26477039171115974,19
0,3,1,0,0.13513926825678818,13
0,1,5,0,0.4523365413041506,176
1,3,2,0,0.4789136848395379,50
0,3,3,0,0.6763825366770158,10
0,3,2,0,1.1085911809664033,24
0,3,4,0,0.9294504433902674,134
0,3,1,0,0.2764728767090679,19
1,2,2,0,1.1623904530887557,153
0,2,2,0,1.6203439357374763,15
1,1,2,0,0.19444668518155733,72
1,3,1,0,0.16473857844809606,104
0,3,2,0,1.3056287437359388,56
1,2,5,0,1.2093091896225419,166
1,2,4,1,0.3060721869003758,34
1,2,5,0,0.22335979997979027,8
1,3,2,0,0.1452344367849158,95
0,3,4,0,0.3026863173771692,21
0,3,1,0,0.3350940982407621,12
0,2,1,0,0.6617627844646692,92
1,1,1,0,0.6004418888028434,72
0,3,1,0,1.6318288276510777,35
1,1,1,1,0.7998193199358958,7
1,2,5,0,0.7584087282045263,126
0,1,1,0,1.7545794155168828,46
1,1,3,0,0.1820580047905742,83
0,3,4,0,0.6734652694625775,147
1,1,1,0,0.44770705817844947,54
0,2,3,0,0.9465522766484388,183
1,3,5,0,0.5584538982205524,85
1,3,1,0,0.26286181241558526,64
0,1,1,0,2.1047618682787594,49
1,3,2,0,1.067975581170262,111
1,1,3,0,0.6278927491875003,31
1,3,3,0,0.8149076744570105,69
1,1,4,0,0.5294682523942172,132
1,3,5,0,0.2261682706520753,11
0,3,4,0,0.8735288959887048,136
1,2,4,0,0.6411662851411379,127
1,1,1,0,1.8931045532968775,143
1,1,2,0,0.06481556172718578,82
1,3,2,0,1.782165246971134,12
1,2,1,0,1.9594013023523666,18
0,3,1,0,0.26477039171115974,16
0,3,5,0,0.4116121449658561,7
1,3,4,0,1.482756002575018,104
1,1,2,0,1.6769516785321137,22
0,1,1,0,1.3121494735578905,13
1,3,2,0,0.31168912824494577,67
1,1,4,1,0.9294504433902673,4
1,2,4,1,0.17644106344600424,61
0,3,3,0,1.461113502091797,152
1,1,1,1,0.38889337036311467,14
0,2,3,0,0.8550334422443884,114
1,3,5,0,0.2592622469087431,117
1,1,2,1,0.9762603833819,60
1,3,5,0,1.511995506999711,166
1,3,5,0,1.1500017726977725,138
1,2,5,0,1.5761248733338218,158
1,3,4,0,0.3026863173771692,6
1,1,3,0,0.4854305175608184,134
0,3,4,0,0.6680659212023142,191
0,3,5,0,0.37920436410226316,21
1,2,1,0,1.9178819140788437,113
0,3,1,0,0.2261682706520753,14
1,3,1,1,0.38889337036311467,22
1,1,2,0,0.5138649390636729,110
1,3,1,0,1.0735925225148322,26
0,2,5,0,0.9410441318460221,148
1,2,1,0,1.5236979919976192,33
1,2,4,0,0.97975504944726,146
1,2,1,0,0.26286181241558526,102
1,3,5,0,0.9114448216547142,152
0,1,3,0,1.7055384037038865,83
0,2,2,0,1.4352598671903103,130
1,2,4,0,0.7619033942698863,70
0,3,4,0,0.5239238420777494,90
1,3,1,0,0.6735740660047308,90
1,2,5,0,0.4205061592914792,128
1,1,5,0,0.27027853651357636,125
1,1,5,0,0.3026863173771692,143
1,3,3,0,0.8149076744570105,87
1,3,5,0,0.8122080003268789,102
1,3,1,0,1.179709879431234,107
1,1,3,0,0.1820580047905742,85
0,3,2,0,0.932150117520399,187
1,3,3,1,0.8466292599275285,61
1,1,4,0,1.2851410409545607,151
1,3,5,0,0.8880398516588979,81
0,2,1,1,0.43570331035474735,15
1,1,2,0,0.5764595199561056,103
0,2,1,0,0.35299092343416183,12
1,3,1,0,0.17924953411828923,130
1,2,2,0,2.2799844449229356,34
1,3,1,0,0.0,80
1,1,3,0,0.600285688033254,122
0,2,1,0,1.7787793774479272,32
0,3,5,0,0.5920265677725985,160
0,3,3,0,0.8466292599275285,115
1,3,5,0,0.7881168349379877,163
1,3,5,0,0.2385569510430584,176
0,2,1,0,1.252733260090968,163
0,3,5,0,0.25857605151566815,7
1,3,4,0,1.0176709751132695,136
0,3,1,0,1.8228896433094284,14
1,3,5,0,0.36818807449742996,68
1,3,4,1,1.059081566844639,59
1,3,1,0,1.0003515487707912,70
0,2,1,0,0.12137200319371615,116
1,2,1,0,1.2858272363476357,115
0,3,5,0,0.32058314257056897,16
1,3,2,0,0.4206149558336326,100
0,1,5,0,1.7353553069795014,83
0,2,1,0,1.1879176983637822,134
1,2,5,0,0.08822053172300212,87
1,1,2,1,0.8826405033986346,65
1,3,5,0,1.1590045835655491,92
0,3,4,0,0.35579939410644684,3
1,2,4,0,0.7176843318662318,84
0,2,5,0,0.6818906814794323,125
1,1,4,0,0.5915478744772202,132
1,3,2,0,0.8266101594549187,75
1,3,4,0,1.1294052733742412,66
1,3,5,0,1.6491482539935558,17
1,1,1,0,0.23899937882438563,157
0,3,4,0,1.5200945293901058,93
1,1,5,0,0.761794597727733,85
0,1,2,0,1.9704175919571998,23
0,3,5,0,0.29098383237926106,8
1,1,2,1,0.6701881964815242,23
0,2,5,0,0.4619167510228487,127
1,1,1,0,1.387872528347756,26
0,3,4,1,0.49374713303552,53
1,1,4,0,0.5258686868873751,29
0,2,1,0,1.0879946816428718,98
0,3,1,0,0.367501879104355,13
0,1,1,0,1.5407998252557906,45
0,3,4,0,0.35299092343416183,11
0,3,1,0,0.2764728767090679,17
0,2,4,0,1.1856866265424186,146
0,3,3,0,1.5561057728612122,172
1,3,3,0,1.0644809151049022,144
0,3,2,0,0.235254751261339,17
1,3,2,0,0.7680977344653779,118
1,1,1,0,1.4231975764257874,39
0,2,2,0,0.9701748397285619,4
1,3,5,0,0.24125662517319002,107
1,1,2,0,0.27027853651357636,90
1,1,2,0,0.2826672169045594,69
1,1,3,0,0.1530360934501879,78
1,3,5,0,0.7943111751334792,16
1,3,5,0,0.25857605151566815,10
0,3,4,0,1.0791006673172487,113
0,2,1,0,1.8111871583115202,22
0,2,5,0,0.8562094696462266,127
1,2,5,0,0.6915796877402839,88
1,1,4,0,0.9211338279155658,90
0,3,5,0,0.3942927186233779,82
1,3,3,0,0.9824547235773916,85
1,2,1,0,0.7472836420575397,174
1,3,1,0,0.8383126444528268,95
0,2,5,0,0.32058314257056897,22
1,2,2,0,1.9607285856963483,72
0,3,1,1,1.6244160006537578,28
1,3,5,0,0.17644106344600424,89
1,3,5,0,1.0969974925106485,132
1,3,2,0,0.47531411933269574,140
0,3,1,1,1.4479749372077535,30
0,3,5,0,0.19995482998397396,7
1,3,5,0,0.4323174408315408,105
1,1,5,0,0.13513926825678818,158
1,1,4,0,0.5708425786115355,154
0,3,5,0,1.1271742015528778,120
0,3,5,0,1.2093091896225419,167
1,1,2,0,1.6174266685230378,23
0,3,1,0,0.3088806575726608,8
0,1,2,0,1.7787793774479272,35
1,3,2,1,0.38889337036311467,50
0,2,2,0,1.1294052733742412,25
0,2,4,0,0.22335979997979027,15
1,3,1,0,0.9762603833819,122
1,3,4,1,0.12963112345437156,8
1,1,2,0,1.6560287895821224,26
0,3,1,0,2.0648324638756934,18
0,3,1,0,0.5585626947627058,113
1,1,3,0,0.3888933703631147,146
1,1,1,0,0.12963112345437156,153
0,3,5,0,0.3233916132428539,6
0,1,1,0,0.570265179760614,76
1,1,5,0,1.1382992876998645,113
1,1,2,0,0.1530360934501879,103
0,3,5,0,0.21165731498188212,14
0,2,1,0,1.0438844157813707,12
1,2,1,0,1.0327593296343842,110
1,3,4,0,0.6653662470721826,106
0,1,5,0,1.740863451781918,124
1,3,2,0,0.761794597727733,149
0,1,2,0,2.009019713016284,18
1,3,5,0,0.23899937882438563,56
0,3,5,0,0.13513926825678818,6
0,2,2,0,0.7851995677235493,135
1,3,2,0,0.732195287536425,141
0,1,2,0,1.3760612468076945,68
0,3,1,0,0.2261682706520753,8
1,2,5,0,1.2644357450888761,138
1,1,2,0,0.6177613151453216,115
1,3,5,0,0.16754704912038104,3
0,3,1,0,0.37920436410226316,12
1,2,4,0,1.6021207209176165,97
1,2,1,0,0.27096473190665127,86
1,3,5,0,0.29098383237926106,17
0,2,1,0,1.0666031903841122,90
0,3,5,0,1.0238653153087611,171
0,3,4,0,0.19995482998397396,2
0,1,1,0,1.1169077964411047,6
1,2,1,0,1.250610984811758,143
1,1,4,0,1.1618130542378342,86
0,2,5,0,0.9714384339725584,135
0,1,2,0,2.0152140532117757,29
1,3,5,0,0.5881620049540137,70
0,3,4,0,0.28817536170697605,5
0,2,3,0,0.5529457534181358,90
0,1,3,0,1.3030378661479605,108
0,2,1,0,2.0000169021485075,35
1,3,3,0,0.42009999702420314,90
0,1,1,0,1.7733800291876642,41
0,3,4,0,0.38889337036311467,115
0,1,2,0,0.8646348816630816,37
1,2,1,0,0.5846823747027098,104
1,3,2,0,0.12137200319371615,124
1,1,1,0,1.6104373363923181,158
0,2,5,0,0.35299092343416183,18
0,1,2,0,1.6063015823760514,44
1,3,2,0,0.7183705272593068,183
0,3,1,0,0.2261682706520753,8
0,3,5,0,0.26477039171115974,19
1,2,3,0,0.24125662517319002,97
1,1,1,1,0.9294504433902673,11
1,2,5,0,0.9886490637728831,143
0,1,1,0,1.781479051578059,25
1,3,2,0,1.0914893477082317,43
1,3,5,0,0.8439295857973969,79
0,3,5,0,0.41769768861919426,109
0,1,1,0,1.8408952650449817,27
0,2,2,0,1.420280309211349,26
1,1,5,0,0.415106811031216,90
1,2,4,0,1.0851862109705868,106
0,3,4,0,0.20779275216329718,114
0,3,5,0,0.29098383237926106,9
1,3,1,0,0.8418073105181868,101
1,3,2,0,0.8494377305998135,166
0,3,1,0,1.081691544905227,12
1,2,1,0,0.932150117520399,101
1,1,5,0,0.6177613151453216,131
0,3,2,0,0.5943563451495052,108
1,1,3,0,0.5501372827458508,148
1,3,1,0,0.10202406230012527,62
1,3,5,0,0.6528687701390461,90
0,3,1,1,0.9074178641806009,23
0,3,1,0,0.5853535342817286,146
1,2,2,0,0.8763373666609897,108
0,3,5,0,0.26477039171115974,8
0,3,1,1,1.083858927626605,34
0,1,4,0,1.314849147688022,81
1,1,4,1,0.6701881964815242,34
0,3,2,0,1.4051919546902343,27
1,2,2,0,0.9549776886652936,38
0,2,5,0,1.423774975276709,128
0,3,4,1,0.9762603833819,31
1,2,3,0,1.3030378661479605,139
0,3,4,0,1.2677128180699293,97
1,1,5,0,0.9528554133860836,116
1,1,1,0,1.0148625044409845,99
1,1,2,0,0.779800219463286,73
0,2,1,0,2.0063200388861526,22
1,2,4,0,0.24687356651776,79
1,1,2,0,1.8668911126287762,104
0,1,2,0,1.7471665885195629,7
1,3,4,0,0.9411529283881755,112
0,3,4,0,1.0416533439600073,119
0,2,1,0,0.8025189940660273,7
1,3,4,0,1.0445706111744457,144
1,3,5,0,0.8120992037847254,166
1,1,1,1,0.3641160095811484,69
1,3,2,1,0.7417754972551232,36
1,3,5,0,0.17924953411828923,15
0,2,1,0,0.38063425010245927,130
0,2,2,0,1.7733800291876642,16
1,3,4,1,1.2355226302906432,54
1,3,1,0,1.885800522841711,38
0,2,1,0,1.0935028264452884,37
1,1,1,1,0.7530093799442631,26
1,2,5,0,0.7557090540743947,99
1,3,5,0,0.5065207459937842,63
0,2,5,0,1.0417621405021606,154
1,3,3,0,0.3999096599679479,150
1,3,1,0,0.27027853651357636,21
1,1,5,0,1.9434091593538703,138
1,1,1,1,0.9294504433902673,46
1,3,1,0,0.8818455114634063,78
1,2,5,0,0.35849906823657846,86
0,2,5,0,0.6673584961092441,44
1,3,4,0,0.4633103715089937,99
0,3,1,0,1.0610950455816957,25
0,3,2,0,0.2592622469087431,118
1,2,5,0,0.9624356231047818,124
1,3,4,0,0.23236261084756682,7
1,2,4,0,0.8508101213859633,182
0,3,5,0,0.2261682706520753,6
1,1,2,0,0.37369621929984653,112
0,2,5,0,0.22335979997979027,10
1,1,3,0,0.43570331035474735,56
0,2,4,0,1.4023834840179492,65
1,2,5,0,0.39090684910017137,75
1,3,5,0,1.0176709751132695,137
0,2,1,0,1.5581192515982687,33
1,1,5,0,0.1530360934501879,91
0,3,5,0,0.7183705272593068,85
1,3,1,0,0.12137200319371615,102
1,3,4,0,0.8914257211821045,96
1,3,5,0,0.685276551002639,118
0,3,1,0,0.7881168349379877,28
1,2,1,0,1.1563049094354176,8
1,3,5,0,0.6529775666811994,81
1,2,4,0,1.3388315165347602,91
1,2,4,0,0.24687356651776,100
1,1,2,0,1.8000620721645337,20
1,3,4,0,1.020370649243401,104
1,3,5,0,0.4502142660249405,59
1,1,1,0,1.3059551333623989,19
0,3,4,0,0.26477039171115974,17
1,2,3,0,0.6177613151453216,123
0,1,2,0,1.3231657631627236,30
1,3,4,0,0.9990879545267948,125
0,2,5,0,0.8412299116672652,127
0,2,5,0,0.8618264109907965,149
1,3,4,0,1.067975581170262,112
1,3,3,0,1.0321819307834628,130
0,2,2,0,1.2327141596183582,120
1,3,4,0,1.0031600194430763,95
0,1,2,0,1.7642684217777342,16
1,1,4,0,0.7356899536017849,187
0,1,2,0,1.0941890218383634,22
0,1,5,0,1.0473790818467306,160
0,3,5,0,0.244065095845475,14
0,3,1,0,0.3708877486275616,165
1,3,1,0,0.4826583124025845,31
1,2,5,0,0.3143888023750774,5
0,2,1,0,1.5960351772642782,33
0,3,1,0,0.28817536170697605,3
0,2,5,0,0.34679658323867024,24
1,3,2,0,0.36130753890886347,154
0,3,3,0,1.0589727703024856,176
0,2,1,0,1.037581279043726,19
0,2,1,0,1.1377218888489429,11
1,3,5,0,0.2261682706520753,8
1,2,3,0,0.43300363622461574,98
0,3,5,0,0.13513926825678818,4
1,2,2,0,1.58782735833173,31
1,2,5,0,0.2261682706520753,12
0,3,1,0,0.2764728767090679,11
0,2,5,0,1.0644809151049022,126
1,3,2,0,0.34748277863174526,175
0,3,2,0,1.4739707847915482,121
1,1,1,0,1.3732527761354096,43
1,2,2,0,0.37650468997213155,89
1,3,3,0,0.9562412829092903,122
1,1,5,0,0.3999096599679479,89
1,2,5,0,0.439447937917794,121
0,3,1,1,1.3651537537450147,37
0,1,1,0,1.880183581497141,27
1,2,2,0,1.3795559128730543,18
1,1,3,0,0.6942793618704155,46
1,2,1,1,0.38889337036311467,43
1,2,5,0,0.367501879104355,14
1,3,4,0,0.9059366768522976,134
1,1,2,0,0.08822053172300212,69
1,3,2,1,0.7530093799442631,31
1,3,2,0,1.1086999775085566,97
1,3,3,0,0.08822053172300212,106
0,3,4,0,0.23236261084756682,11
1,1,5,0,0.16083775011546,98
1,1,3,0,0.0,116
1,3,2,0,0.5065207459937842,82
1,1,5,0,0.5295407834223195,76
0,3,4,0,1.185795423084572,141
1,3,2,0,0.31168912824494577,86
0,3,4,0,0.1801856910090509,81
1,3,3,0,1.1528102433700576,89
0,1,2,0,1.1762152133658739,32
0,3,3,0,0.72938681686414,89
0,2,3,0,0.8908483223311829,172
0,3,1,0,1.8890775958227641,36
1,2,1,0,1.3787609209378262,9
1,2,4,0,0.2826672169045594,72
0,3,5,0,0.7686126932748074,124
0,2,2,0,1.5051149714111445,27
0,3,5,0,0.16754704912038104,10
1,3,1,1,0.9294504433902673,21
0,2,2,0,1.6373369724534943,38
1,2,4,0,0.37650468997213155,80
1,3,3,0,0.24687356651776,80
0,2,2,0,1.8179588973579335,12
1,3,2,0,0.34679658323867024,90
0,2,5,0,1.2802102950030658,66
0,3,5,0,0.29098383237926106,16
1,2,3,1,0.17644106344600424,35
1,3,1,0,0.17924953411828923,15
0,2,3,0,0.850015129450735,150
1,3,3,0,0.932150117520399,93
0,2,3,0,1.4532654889258634,99
1,1,1,0,0.5065207459937842,95
1,3,4,0,0.36469340843207,90
1,1,5,0,0.46811109121834027,70
0,3,5,0,0.13513926825678818,11
0,2,3,0,0.21965143793079475,171
1,1,1,0,1.3677446313329928,45
0,3,2,0,0.8232242899317121,154
1,3,5,0,0.7943111751334792,119
1,1,2,1,0.9294504433902673,25
1,3,5,0,0.6645712551369543,170
1,3,5,0,0.6446609512064978,95
0,3,5,0,0.2261682706520753,13
1,1,3,0,0.37650468997213155,70
1,2,2,0,0.17284149793916206,53
0,3,4,0,0.3143888023750774,9
1,1,3,0,0.24125662517319002,83
1,3,1,0,1.1525926502857509,142
0,3,5,0,0.9349585881926841,164
1,1,2,0,1.9704175919571998,89
1,3,4,0,0.22335979997979027,21
1,3,2,0,1.8289751869627666,20
1,1,2,0,0.3564855894995218,46
1,1,3,0,0.1820580047905742,91
1,1,5,0,0.3888933703631147,26
1,1,5,0,0.37688962253941255,92
1,1,1,1,0.12963112345437156,37
1,1,1,1,0.43570331035474735,15
1,1,4,0,1.855188627630868,156
1,2,5,0,0.7701112132024345,110
1,3,5,0,0.8880398516588979,154
0,2,4,0,0.3233916132428539,12
1,3,5,0,0.5943563451495052,142
1,3,5,0,0.16754704912038104,10
0,3,5,0,0.3026863173771692,13
0,2,4,0,0.32058314257056897,20
1,3,4,0,0.2233960654938414,98
1,2,5,0,1.0445706111744457,157
0,3,4,0,0.565334433809119,114
1,2,5,0,1.0003515487707912,80
0,2,3,0,0.7707974085955094,106
1,1,5,0,0.3502912493040302,56
1,1,3,0,0.2144657856541671,166
1,2,4,0,0.9935798097243782,42
0,3,4,0,0.26477039171115974,11
1,2,3,0,0.8770235620540647,105
1,2,3,0,1.193894445474967,57
1,1,4,0,0.12137200319371615,90
0,3,5,0,0.9294504433902674,123
0,2,1,0,0.7612171988768114,25
0,1,2,0,1.3996838098878177,31
1,2,4,0,1.502883899589781,118
1,3,1,0,1.132573549813141,111
0,1,1,0,1.7153362065068916,24
1,3,4,0,1.0796780661681702,105
1,1,1,0,1.3706618985474313,121
1,3,5,0,0.7355811570596316,174
1,2,2,0,1.8733030459085744,36
0,1,5,0,0.9465522766484388,162
0,2,2,0,1.058863973760332,119
0,2,3,0,0.7949973705265542,110
1,1,1,1,0.43570331035474735,19
1,3,1,0,0.5825450636094437,178
1,3,1,0,1.0562730961723539,106
0,3,2,0,1.4410944016191871,13
0,2,2,0,1.7589778700596244,20
1,3,3,0,0.17644106344600424,154
1,3,1,0,0.2510031266480877,104
1,3,1,0,1.011476634917778,101
1,1,1,0,0.9886490637728831,89
1,3,5,0,1.4257884540137655,70
1,3,5,0,0.7619033942698863,159
0,1,1,0,2.3297116521290064,33
1,1,4,0,0.44770705817844947,117
1,2,5,0,0.3033725127702442,134
0,3,1,0,1.9151822399487122,33
1,3,5,0,0.5221240593243284,119
1,3,4,1,1.2355226302906432,23
1,1,1,0,0.19444668518155733,81
0,2,4,0,0.22335979997979027,8
0,2,1,0,1.3471481320094616,43
1,3,1,0,0.24687356651776,109
1,1,5,0,0.5977422146727118,136
0,3,5,0,1.0741699213657536,140
0,2,5,0,0.26466159516900634,168
0,1,1,0,1.2115402614439053,66
0,2,5,0,0.1820580047905742,80
1,3,2,0,1.6967531859204168,84
0,2,2,0,1.5438258890123824,19
1,3,4,0,0.44304750342463617,161
0,1,1,0,1.7292697633261631,33
0,3,5,0,1.2645445416310295,140
0,2,5,0,0.28817536170697605,20
1,2,4,0,1.6995616565927019,9
1,3,4,0,1.9346239415704005,68
0,3,4,0,1.272861157105731,127
0,1,5,0,1.775862110233489,141
0,3,5,0,0.32058314257056897,14
1,3,5,0,0.9879628683798082,120
0,2,1,1,0.824596680717862,4
0,3,5,0,0.37920436410226316,21
1,2,5,0,0.7417754972551232,195
1,1,4,0,0.3999096599679479,74
1,3,3,0,0.9355359870436055,129
1,2,1,0,1.356150942877238,27
1,3,5,0,1.0148625044409845,147
1,3,4,0,1.2408131820087531,133
0,2,5,0,1.106468905687193,68
1,3,5,0,0.7527917868599563,152
1,2,1,1,0.43570331035474735,65
1,2,1,0,0.17924953411828923,5
0,1,4,0,1.5552019843838305,83
1,3,2,0,0.0,108
1,3,2,0,0.18825234498606577,58
1,3,5,0,1.011476634917778,82
1,2,4,1,0.9294504433902673,20
1,1,1,0,1.4816012048731748,150
1,3,5,0,0.7584087282045263,145
0,2,1,1,0.6233782564898915,23
0,3,5,0,0.35579939410644684,14
1,3,2,0,0.7410893018620481,91
0,2,1,0,1.4466025464216037,16
1,1,4,0,0.7320864909942717,148
1,3,4,0,1.0734837259726788,99
1,3,5,0,1.0969974925106485,88
0,2,4,0,0.8701430264654981,161
1,2,1,1,0.17644106344600424,16
1,2,5,0,0.6645712551369543,160
1,3,2,0,0.5757733245630305,95
0,1,4,0,1.7229666265885182,104
0,3,3,0,2.3378106745194014,125
1,2,5,0,1.1348046216345045,104
1,2,1,0,0.9880716649219616,24
1,1,5,0,1.1500017726977725,117
1,3,4,0,0.8384214409949802,103
1,1,2,0,0.2592622469087431,87
1,3,4,0,0.8701430264654981,101
0,1,2,0,0.5321316610102977,110
0,3,4,0,0.6818906814794323,137
1,3,5,0,0.9824547235773916,102
1,3,2,0,0.45505125124833823,21
0,2,5,0,0.9259557773249074,126
1,3,2,0,0.46472522169513364,99
0,1,2,0,1.8766889154317812,17
0,1,1,0,1.2349452314397216,37
1,1,5,0,1.509187036327426,137
0,2,2,0,2.0352331536843855,32
0,1,5,0,1.075714797794042,99
1,1,3,0,0.5414720002179193,41
0,3,4,0,0.2764728767090679,21
0,3,5,0,0.23236261084756682,8
0,3,4,0,1.102505637313065,126
0,3,5,0,0.5997556934097685,139
0,3,1,0,1.055586900779279,100
1,3,5,0,0.9328363129134739,92
1,1,5,0,1.316971422967232,67
0,3,1,0,0.29098383237926106,11
0,2,2,0,2.0119369802307228,23
1,3,2,0,1.1411077583721494,121
0,3,5,0,0.35299092343416183,12
0,2,1,0,2.020939791098499,34
1,3,3,0,0.7707974085955094,150
1,3,4,0,0.10202406230012527,73
0,2,2,0,1.635432290258591,38
1,3,5,0,0.5736510492838205,86
1,3,5,0,0.6088673008196984,139
0,3,4,0,0.8109444060828823,188
1,3,5,0,0.899742336656806,99
1,1,1,1,0.43570331035474735,28
0,3,1,0,2.232488309538228,10
0,1,2,0,1.7911680578389104,15
1,3,3,1,0.12963112345437156,61
0,3,2,0,0.953312876981467,41
0,3,2,0,1.8408952650449817,31
0,3,5,0,1.011476634917778,142
0,2,2,0,1.3059551333623989,96
0,3,2,0,1.8435949391751132,23
1,3,5,0,1.2355226302906432,113
0,2,1,0,1.608641450739568,24
0,2,1,0,1.5851276842015984,27
0,1,1,0,1.1500017726977725,27
0,3,2,0,0.7149846577361003,121
1,1,4,0,0.23899937882438563,113
1,1,4,0,0.0,106
1,1,3,0,0.06481556172718578,91
0,1,4,0,1.419594113818274,63
0,1,1,0,1.5851276842015984,33
0,3,5,0,0.244065095845475,17
1,1,4,0,0.0,110
0,3,1,1,0.38889337036311467,40
0,2,2,0,0.5411344718780743,143
1,2,3,0,1.2003063787547652,106
0,2,1,0,1.2052371247062603,12
1,1,5,0,0.6005506853449968,86
1,2,5,0,0.8625126063838715,115
0,2,2,0,1.387872528347756,30
0,1,2,0,0.8529323966651734,28
1,2,1,0,1.653437911994144,22
1,3,1,0,0.8384214409949802,91
1,2,2,0,1.3321685740305003,28
1,1,2,0,0.855632070795305,96
0,2,5,0,1.309232206343452,166
1,2,2,0,0.3492825613851663,74
0,3,4,0,1.7972536014922487,10
1,2,5,0,0.08822053172300212,85
0,3,5,0,0.3350940982407621,15
1,3,5,0,0.3098168144634224,96
1,3,4,0,0.23899937882438563,57
1,3,5,0,0.3350940982407621,17
0,3,3,0,1.5090782397852727,154
0,3,1,0,0.2764728767090679,18
1,2,1,0,0.8120992037847254,170
0,1,5,0,1.3382541176838385,100
1,1,1,1,0.43570331035474735,30
0,3,1,0,0.3350940982407621,17
1,3,3,1,0.9294504433902673,29
1,3,2,0,0.4854305175608184,69
0,3,5,0,0.22335979997979027,19
1,3,3,0,0.5356263270756576,63
1,2,5,0,0.35299092343416183,17
1,3,4,0,0.8087133342615189,115
0,3,3,0,0.45910828035056367,106
0,1,5,0,0.06481556172718578,188
1,3,1,0,1.0465840899115024,102
1,1,3,0,1.0617812409747704,134
0,2,3,0,1.0445706111744457,182
1,1,3,0,0.6287776047501548,110
0,2,2,0,0.8494377305998135,115
1,3,2,0,1.1735155392357424,117
1,3,2,1,0.5653344338091189,74
1,2,5,0,0.9618582242538603,150
0,1,1,0,1.1622816565466023,165
1,3,2,0,1.0522010312560723,50
1,2,2,0,1.5664358670729706,135
1,1,1,0,0.6294638001432298,57
1,1,1,0,0.2826672169045594,74
0,1,1,0,1.7450443132403528,31
1,3,4,0,1.0652759070401305,135
0,2,1,0,1.3526562768118782,150
0,3,4,0,1.2149261309671118,150
0,2,1,0,0.9404667329951005,34
0,1,1,0,1.1701296697125358,9
0,3,1,0,0.44671959995958055,113
1,2,3,1,0.5185244938174862,68
0,1,1,0,1.4464937498794503,16
1,3,2,1,0.5405570730271527,43
0,2,5,0,1.1872315029707072,117
0,1,1,0,1.3410625883561234,20
1,2,5,0,0.3853987042977547,116
1,3,2,0,0.367501879104355,97
1,3,5,0,1.144493627895356,129
1,3,3,0,0.1530360934501879,106
1,1,2,0,0.8439295857973969,82
1,3,4,0,0.8645260851209282,85
1,3,2,0,0.7299168114876254,14
1,2,1,0,0.5323492540946044,124
1,1,4,0,0.855632070795305,108
1,1,4,1,0.12963112345437156,15
0,2,2,0,1.8326874461124334,31
0,2,4,0,0.9935798097243782,149
1,1,1,1,0.7998193199358958,27
0,3,5,0,0.4289315713083342,104
1,2,2,0,0.5887394038049352,24
0,1,1,0,1.1942208351014272,9
1,3,5,0,0.608758504277545,135
1,2,4,0,0.16754704912038104,14
0,2,1,0,1.2967347294103155,29
0,2,1,0,0.17924953411828923,5
0,2,1,0,0.9996653533777163,172
1,3,4,0,0.5065207459937842,101
1,3,5,0,0.9590497535815752,103
0,3,1,0,0.35849906823657846,121
0,3,2,0,0.5171521030313363,144
1,1,5,0,0.38889337036311467,171
1,3,1,0,0.8701430264654981,118
1,2,2,0,0.8761197735766829,112
0,2,1,0,0.6942793618704155,123
1,3,4,0,0.34568299587832413,88
0,2,3,0,1.2234937556662748,71
1,1,5,0,0.8411211151251119,84
1,3,5,0,0.6680659212023142,176
0,3,2,0,0.3888933703631147,128
1,1,3,0,0.38063425010245927,76
1,3,5,0,0.6328496696664363,132
0,2,5,0,0.37920436410226316,6
0,2,5,0,1.3354456470115534,171
0,2,2,0,1.317657618360307,23
1,1,5,0,0.25025943604096657,106
0,2,4,0,1.108122578657635,163
0,3,1,0,2.026230342816609,29
1,1,2,1,0.12963112345437156,40
0,3,4,0,0.17924953411828923,24
0,3,5,0,0.32058314257056897,10
1,1,3,0,0.7997105233937424,141
0,2,1,0,0.5439429425503592,96
0,2,4,0,1.014285105590063,88
1,1,3,0,0.7557090540743947,124
1,2,4,0,0.2826672169045594,62
0,3,5,0,0.28817536170697605,8
0,3,5,0,1.2410307750930598,181
1,3,1,0,0.34679658323867024,5
1,3,5,0,0.5377486023548677,91
1,2,4,1,1.1058915068362716,24
1,3,1,0,1.156196112893264,115
0,2,1,0,0.6232694599477382,113
1,3,2,0,0.39249293586995676,98
0,1,2,0,1.4311878022740288,80
1,3,5,0,0.5674567090883289,76
0,1,1,0,1.358959413549523,21
1,2,1,0,1.5262888695855974,47
1,3,1,1,0.6233782564898915,27
1,2,4,0,1.179709879431234,124
0,1,2,0,1.2761382300867843,37
1,3,1,0,0.9294504433902673,88
0,1,1,0,0.4295089701592558,164
1,2,4,1,0.8714066207094947,72
1,3,2,0,0.49983267668885817,100
1,3,2,0,1.125801810766728,23
1,2,3,0,0.1530360934501879,88
1,3,5,0,0.9907713390520931,122
0,3,1,0,1.8890775958227641,22
0,1,5,0,0.805904863589234,125
1,2,5,0,0.0,99
0,3,5,0,0.43118881765713857,125
1,3,2,0,1.7959900072482524,54
1,2,4,0,0.1176273756306695,87
1,3,1,0,0.34679658323867024,17
1,1,1,1,0.6701881964815242,24
0,3,4,0,0.97975504944726,173
0,1,2,0,1.8200811726371435,31
1,3,5,0,1.1382992876998645,135
0,2,1,0,0.35299092343416183,21
1,1,1,1,0.5185244938174862,21
1,1,5,0,0.7644942718578646,169
0,3,2,0,1.35568234056847,64
1,2,5,0,0.9879628683798082,86
0,3,1,0,1.5526111067958521,26
1,2,5,0,0.7824998935934177,78
0,2,4,0,0.6887712170679989,141
1,2,5,0,0.6411662851411379,118
1,3,2,1,0.7169981364731569,47
1,3,1,0,0.8818455114634063,107
1,1,5,0,0.35849906823657846,101
1,3,2,0,0.19444668518155733,137
1,1,4,0,0.40610400016343945,74
1,3,1,0,0.7500921127298248,124
0,1,2,0,0.8645260851209282,114
0,2,4,0,1.0947664206892849,121
1,2,5,0,0.9384532542580439,131
1,2,1,1,0.49374713303552,24
0,3,4,0,1.0878858851007185,95
0,1,1,0,1.4140859690158574,37
1,3,3,0,0.1820580047905742,90
1,1,2,1,0.38889337036311467,22
1,2,5,0,0.45505125124833823,41
1,3,5,0,0.8149076744570105,132
1,1,1,0,0.2942135011328782,38
0,2,5,0,0.5452166277809659,128
1,3,4,0,0.7763055533979261,103
1,3,3,0,1.1500017726977725,124
1,2,5,0,0.9673663690562768,100
1,3,2,0,0.3060721869003758,61
1,1,1,1,0.0,26
1,3,3,0,0.06481556172718578,99
0,1,5,0,0.6121443738007516,180
1,2,2,0,1.0025826205921546,29
1,2,1,1,0.9294504433902673,8
1,3,2,0,1.7586514804331643,87
1,3,3,0,1.0913805511660783,117
0,1,1,0,1.026673785981046,109
1,1,3,1,0.8826405033986346,76
0,2,4,0,1.2059233200993353,149
1,3,1,0,1.067975581170262,124
1,1,3,0,0.43570331035474735,54
1,2,3,0,0.7383896277319166,59
1,1,2,0,1.055586900779279,176
0,3,4,0,0.16754704912038104,18
1,3,5,0,0.9384532542580439,54
1,2,2,0,1.9772981275457662,26
1,1,1,0,0.5295407834223195,77
1,3,4,0,0.1176273756306695,114
0,2,2,0,1.4292831200791256,4
1,3,1,0,1.3492704072886716,29
0,2,1,0,1.7885771802509323,21
1,2,5,0,0.8467380564696818,187
0,2,5,0,0.28817536170697605,8
1,3,1,0,0.7115987882128937,88
1,1,5,0,0.6680659212023142,158
1,2,5,0,0.26477039171115974,21
0,2,2,0,1.2349452314397216,29
1,3,3,0,0.4238446245872498,86
1,3,5,0,0.9969656792475847,148
1,3,2,0,0.19714635931168895,69
1,1,5,0,0.03240778086359289,150
1,1,3,1,0.3528821268920085,20
0,2,5,0,0.25576758084338314,19
1,1,2,0,0.3999096599679479,85
0,2,5,0,0.27027853651357636,12
0,2,1,1,0.0,41
1,2,2,0,1.2796328961521442,117
0,1,5,0,0.9742469046448434,116
1,3,5,0,1.1327911428974478,88
1,3,3,0,0.08822053172300212,84
1,2,5,0,0.6259691340778698,93
0,2,1,0,2.1145596710817642,30
0,2,2,0,1.6057241835251297,33
1,2,3,0,0.7736058792677944,166
0,1,2,0,1.9918090832159594,13
0,2,5,0,1.2644357450888761,158
1,1,4,0,0.28547568757684444,80
1,3,5,0,1.1058915068362716,112
0,1,1,0,1.6442175080420607,42
0,3,2,0,1.4167856431459889,21
0,2,5,0,0.6646800516791076,158
1,3,3,0,0.9025508073290911,87
1,3,2,1,0.43570331035474735,78
1,3,5,0,0.28817536170697605,86
0,3,5,0,0.6233782564898915,102
1,2,4,0,0.8852313809866129,195
0,1,3,0,0.45910828035056367,143
0,3,3,0,0.6701881964815242,85
1,2,3,0,0.29781306663972035,40
1,3,2,0,0.9293416468481139,72
1,1,4,0,0.3962375634330035,61
0,3,4,0,0.25576758084338314,12
0,3,5,0,0.3143888023750774,22
1,2,5,0,0.9851543977075232,163
1,1,4,1,0.8826405033986346,22
0,1,1,0,1.4994980300665746,40
1,3,2,0,1.0824865368404553,119
1,1,5,0,0.44470612122252395,76
0,2,5,0,0.6032503594751284,137
1,3,1,0,1.514477588045536,30
1,3,4,0,0.855632070795305,84
0,2,2,0,2.124139880800463,23
0,1,2,0,1.6201263426531696,117
1,3,5,0,0.44401992582944894,3
0,2,2,0,1.3554647474841632,39
1,1,5,0,0.40449668369365893,115
1,3,5,0,0.5495598838949292,47
1,3,1,0,1.4320915907514105,173
0,3,1,0,1.8240444410112717,100
1,2,5,0,0.8150164709991639,163
0,3,3,0,0.6977952576357705,46
1,3,4,0,0.5798453894793121,155
1,3,3,0,0.3060721869003758,65
1,1,1,0,0.6673797258092392,43
0,2,4,1,1.1306688676182377,40
1,2,1,0,0.726578346191855,133
1,2,2,1,0.5405570730271527,73
1,1,5,0,0.367501879104355,143
1,1,5,0,0.9211338279155658,114
1,3,2,0,1.1382992876998645,79
0,2,1,0,1.2112138718174452,29
1,1,2,0,2.1386508364706556,21
0,3,1,0,0.28817536170697605,14
1,2,1,0,0.8941253953122361,133
1,3,2,0,1.5355092735376807,36
1,1,2,0,0.31168912824494577,59
1,3,1,0,1.0734837259726788,109
0,3,3,0,0.5534757480416214,128
1,1,2,1,0.48251325034638004,27
0,1,2,0,2.2179773538680347,19
1,3,1,0,1.6635504131215957,82
0,3,2,0,0.9294504433902673,123
1,3,1,0,0.9466610731905922,87
1,2,2,0,0.27027853651357636,76
1,1,4,0,1.0148625044409845,109
0,1,2,0,1.2472251152885514,30
1,3,1,0,0.13513926825678818,16
1,3,4,0,0.9142532923269993,104
0,2,5,0,0.3999096599679479,20
0,3,1,1,0.9074178641806009,41
0,3,1,0,1.6435313126489859,166
1,3,2,0,0.2904688735698316,52
0,3,1,0,0.7619033942698863,122
0,2,5,0,1.2905403892148242,105
1,3,4,0,1.156196112893264,141
1,3,2,0,0.9087451475245826,82
0,2,1,0,0.4513066236852916,65
0,3,1,0,0.23236261084756682,16
0,3,2,0,1.9882056206084462,78
0,2,1,1,0.7530093799442631,24
0,3,5,0,0.367501879104355,19
1,1,5,0,0.72938681686414,133
0,2,1,0,0.6122531703429049,111
1,3,4,0,1.267930411154236,105
0,1,2,0,1.7589778700596244,27
1,1,5,0,0.6728878706116559,54
1,1,1,1,0.6949655572634905,76
1,1,5,0,1.3665898336311497,30
1,1,4,0,1.702370127264987,108
1,3,1,0,0.9886490637728831,102
0,1,1,0,1.621030131130551,39
1,3,4,0,0.7445839679274081,117
0,2,5,0,0.7472836420575397,153
1,3,1,0,1.3375679222907635,23
1,2,2,0,1.263749549695801,17
0,3,2,0,1.394861860478476,17
1,2,4,0,0.8377352456019054,110
1,2,2,0,2.3289166601937783,77
0,2,1,0,1.9228126600303388,32
0,3,1,1,1.318343813753382,30
0,2,4,0,1.7579652850400893,50
0,2,2,0,1.4534830820101703,24
0,3,1,0,0.35299092343416183,3
1,1,2,0,1.1377218888489429,21
0,2,1,0,1.043198220388296,21
0,1,1,0,0.9822371304930848,114
1,1,5,0,0.31788346844043736,164
0,3,4,0,2.3640241151875028,91
0,2,2,0,1.1529190399122111,152
1,2,4,0,1.3918357967218842,74
1,3,2,0,0.7059818468683237,123
0,1,4,0,1.8200811726371435,104
1,1,2,0,0.8618264109907965,107
1,1,1,0,2.102857186083856,40
0,2,5,0,0.32058314257056897,13
0,2,4,0,0.5332128799572639,11
0,2,2,0,0.5026411473611432,179
0,1,1,0,1.5859226761368266,33
1,2,5,0,0.703282172738192,118
1,1,5,0,0.2160518724239526,48
0,3,5,0,0.8430296944206863,84
1,1,2,0,0.6434960625180445,103
1,2,4,0,0.4670549990720403,94
1,3,2,0,0.44770705817844947,78
0,1,1,0,1.2617360709587444,35
0,3,5,0,0.9114448216547142,174
0,3,5,0,0.4116121449658561,18
0,3,1,0,1.7298471621770848,37
1,3,5,0,0.6644624585948009,97
1,3,1,0,1.179709879431234,116
0,1,2,0,1.6505206447797058,24
0,2,4,1,1.083858927626605,29
1,1,3,0,0.8232242899317121,156
0,1,2,0,0.9645578983839919,33
1,2,5,0,0.7266871427340084,133
1,3,3,0,0.9211338279155658,115
0,1,2,0,1.047161488762424,95
1,3,4,0,0.3350940982407621,34
1,1,3,0,0.5240326386199028,59
1,2,4,0,1.0183571705063446,103
1,3,3,0,1.1590045835655491,86
0,3,5,0,0.35579939410644684,12
0,1,1,0,1.7442493213051244,39
1,2,2,0,1.47000751641742,25
1,1,2,0,1.5725214107263086,143
0,3,5,0,0.9934710131822249,125
1,1,3,0,0.1820580047905742,97
1,3,5,0,1.053464625500069,92
1,3,5,0,0.46811109121834027,50
0,3,4,0,0.35579939410644684,16
1,2,4,0,0.6701881964815242,108
0,2,1,0,1.996631032625301,16
1,3,5,0,0.26477039171115974,20
0,1,2,0,1.7153362065068916,48
1,3,2,0,0.6825768768725073,166
1,1,1,1,0.49374713303552,6
0,1,3,0,0.9844682023144482,101
1,3,4,0,0.17644106344600424,75
1,2,4,0,1.0672893857771872,151
0,1,3,0,1.4353686637324636,71
0,2,2,0,1.979997801675898,21
1,3,5,0,0.3350940982407621,18
0,2,4,0,0.25857605151566815,10
1,1,5,0,0.4798135762162484,100
1,1,4,0,0.17644106344600421,89
1,2,5,0,0.8211020146525021,144
1,2,3,0,0.42744419009409196,53
1,1,5,0,0.23165518575449684,100
0,3,5,0,0.19995482998397396,5
0,2,5,0,0.37920436410226316,12
0,2,4,0,0.8301048255202786,146
0,2,5,0,0.367501879104355,10
1,1,4,0,0.8818455114634063,88
1,1,3,0,0.4826220468885334,61
1,2,5,0,0.4413202516993173,175
1,3,5,0,0.2261682706520753,15
0,3,5,0,0.25857605151566815,5
0,3,1,0,0.6942793618704155,169
1,3,5,0,0.3882071749700397,151
1,2,5,0,0.3686305022787572,66
0,3,1,0,1.678856360727017,28
0,3,5,0,0.6711031236722907,114
1,1,4,0,1.8192861807019152,75
1,3,3,0,0.859126736860665,61
1,1,2,0,0.31507499776815234,82
1,3,2,1,0.5653344338091189,2
0,3,4,0,0.2764728767090679,15
0,2,2,0,1.306641328755474,43
0,1,2,0,1.6560287895821224,34
1,1,2,0,1.2059233200993353,100
1,1,3,0,0.24125662517319002,81
0,2,1,0,1.026673785981046,19
0,3,2,0,1.2320279642252832,110
0,2,3,0,0.8646348816630816,93
1,1,5,0,0.1530360934501879,72
0,3,1,0,0.28817536170697605,20
1,1,3,0,0.5150298277521264,123
1,1,4,0,1.7813702550359058,124
1,3,2,1,0.7530093799442631,29
1,2,1,0,1.2587100072021526,153
0,3,4,0,0.37920436410226316,14
0,1,2,0,1.2788379042169158,28
1,2,5,0,1.3299375022091369,132
1,1,1,0,0.9404667329951005,33
1,2,3,0,0.1530360934501879,97
1,1,3,0,0.38063425010245927,52
1,1,2,0,1.0258787940458176,147
1,3,4,0,0.9528554133860836,110
1,3,5,0,0.6673797258092392,81
0,3,5,0,0.32058314257056897,6
1,3,4,0,0.8915345177242578,136
1,2,4,0,0.8707204253164198,132
1,1,5,0,0.40880367429357106,73
1,3,1,0,0.612289435856956,116
1,3,5,0,0.235254751261339,120
1,3,2,0,1.4589912268125866,4
1,1,3,1,0.49374713303552,83
1,3,4,0,1.300120598933522,151
1,1,3,0,0.5102653735568309,109
1,1,5,0,1.0031600194430763,133
1,2,4,0,1.1678985978911722,131
1,3,2,0,0.5143436323590513,90
1,1,5,0,0.6887712170679989,163
1,3,5,0,0.28817536170697605,105
1,1,2,0,1.485890862873763,26
1,2,4,0,0.7410893018620481,133
0,2,1,1,1.2355226302906432,33
0,2,1,0,0.3294771568961921,184
0,3,4,1,0.7530093799442631,12
0,2,2,0,0.7818136982003427,108
0,2,1,0,1.5879361548738833,22
0,2,2,0,1.4754068646776832,39
0,3,4,0,0.37650468997213155,108
1,3,3,0,1.8779074022336095,112
0,3,1,0,0.44401992582944894,15
1,3,3,0,0.3350940982407621,107
1,3,5,0,0.4116121449658561,12
1,2,4,0,0.900428532049881,81
1,3,3,0,0.612289435856956,191
0,1,5,0,0.6259691340778698,89
1,1,4,0,0.7734970827256411,128
1,1,4,0,0.7266871427340084,139
1,1,3,0,0.6880850216749239,73
0,3,5,0,0.21165731498188212,5
0,3,5,0,0.26477039171115974,13
1,3,5,0,0.3999096599679479,81
1,3,1,0,1.023179119915686,101
0,1,1,0,0.7142984623430253,115
0,2,1,0,1.8055702169669503,24
1,1,4,0,1.7587602769753174,105
1,3,5,0,0.561839767743759,49
0,1,1,0,1.6299241454561744,28
1,2,4,0,1.766968095907866,97
1,1,1,0,1.5914308209392434,42
1,1,5,0,0.0,64
0,2,5,0,0.3350940982407621,12
1,1,3,0,1.1294052733742412,153
0,3,4,0,0.770688612053356,157
1,2,5,0,1.2589276002864596,157
0,1,1,0,1.1563049094354176,30
1,1,5,0,0.8680207511862881,104
0,2,2,0,2.0594331156154304,19
0,3,1,0,0.30247262139353365,129
1,1,3,0,0.40329552949115444,104
1,1,5,0,1.0265649894388926,115
1,3,1,0,0.9025508073290911,90
1,1,5,0,1.1086999775085566,162
1,1,2,1,0.9762603833819,62
0,3,4,0,0.5221240593243284,168
1,3,3,0,0.9121310170477892,175
1,1,2,0,0.31168912824494577,74
1,2,1,0,0.9762603833819,136
0,2,5,0,0.21165731498188212,6
1,3,4,0,0.4205061592914792,92
1,3,5,0,1.3491616107465183,69
0,2,4,0,0.43570331035474735,120
0,2,5,0,0.7418842937972765,140
1,3,5,0,1.1265968027019562,156
1,3,3,0,0.5970560192796368,115
1,3,3,0,0.10892582758868684,15
1,3,2,0,0.06481556172718578,66
0,3,5,0,0.35299092343416183,18
1,2,5,0,0.9645578983839919,160
1,1,2,1,0.7998193199358958,67
1,3,3,0,0.27027853651357636,102
1,3,4,0,1.631937624193231,94
0,2,5,0,0.8617176144486431,98
1,1,5,0,1.7620373499563708,149
1,2,5,0,1.0651671104979772,143
1,1,2,0,0.27027853651357636,74
1,3,5,0,0.6411662851411379,108
1,2,5,0,0.7383896277319166,148
0,1,1,0,1.7795743693831556,38
1,1,2,1,0.6121443738007516,61
0,2,2,0,1.7009340473788517,24
0,2,2,0,0.3944015151655313,115
0,1,2,0,1.8181764904422402,18
1,2,2,0,0.24687356651776,97
0,3,1,0,2.029725008881969,31
0,1,1,0,1.2112138718174452,8
0,3,5,0,1.0756060012518887,123
1,3,2,1,0.6121443738007516,27
1,3,5,0,0.35579939410644684,3
0,3,5,0,0.35299092343416183,13
1,3,5,0,0.21965143793079475,66
1,2,3,0,1.4291743235369723,110
0,2,2,0,0.9680525644493518,141
1,2,3,0,0.42331462996376423,107
1,1,5,0,0.6445521546643445,115
1,2,3,1,0.17644106344600424,63
0,2,2,0,0.9732343196253083,115
1,2,3,0,1.8324698530281267,40
0,3,2,0,0.897620061377596,146
1,1,1,0,1.1175939918341797,39
1,1,5,0,0.17644106344600424,79
0,3,2,0,1.4579786417930518,131
0,3,2,0,0.7764143499400794,84
1,3,2,1,0.5653344338091189,72
1,3,1,0,0.811521804933804,99
0,2,4,0,0.6797684062002223,109
0,1,3,0,1.212117660294827,108
1,2,2,0,1.7166634898508732,60
0,3,2,0,1.308546010950377,8
0,3,5,0,0.2261682706520753,25
0,3,2,0,0.3641160095811484,96
1,3,5,0,0.8418073105181868,94
0,1,1,0,1.7147588076559699,17
0,2,5,0,0.6645712551369543,154
0,1,4,0,1.9849285476273928,83
1,2,2,0,0.926533176175829,152
1,3,5,0,0.564648238416044,100
0,3,5,0,0.29098383237926106,9
1,3,5,0,0.37920436410226316,10
0,2,5,0,0.8494377305998135,121
1,3,4,0,0.9204476325224908,68
1,1,3,0,0.31168912824494577,68
1,2,1,0,0.6294638001432298,148
1,1,3,1,0.6233782564898915,26
0,2,1,0,1.884787937822176,127
1,1,2,0,0.5557542240904207,65
1,1,2,1,0.2592622469087431,17
1,2,2,1,0.9762603833819,67
1,3,5,0,1.1299826722251627,135
0,3,1,0,0.43570331035474735,103
0,2,5,0,0.4116121449658561,5
1,1,3,0,1.1533876422209792,158
0,2,2,0,1.8443899311103416,15
0,2,1,0,1.656246382666429,10
1,3,4,0,0.9411529283881755,92
0,3,2,0,1.5078146455412762,12
1,3,4,0,0.23236261084756682,16
1,2,5,0,1.541377224106712,139
0,2,5,0,0.27027853651357636,17
1,2,2,0,1.147302098567641,39
1,2,5,0,0.7356899536017849,101
1,3,2,0,0.48251325034638004,132
1,3,5,0,1.0913805511660783,96
1,3,5,0,0.9348497916505305,113
1,1,5,0,0.5138649390636729,69
1,1,2,0,0.9018646119360161,161
0,1,3,0,0.8294186301272037,113
1,3,5,0,1.1204024625064648,63
0,3,5,0,1.0791006673172487,149
0,3,5,0,0.2764728767090679,12
0,3,2,0,1.1108222527877665,32
1,3,4,0,1.22662861596502,120
0,2,4,0,0.9094313429176575,115
1,1,5,0,0.244065095845475,89
1,3,5,0,0.35299092343416183,20
0,2,5,0,1.034772808371441,150
0,2,3,0,0.2942135011328782,37
0,2,5,0,0.8590179403185116,156
0,3,5,0,0.72938681686414,146
1,2,1,0,1.379664709415208,91
1,3,5,0,1.0086681642454929,95
1,2,4,0,0.31507499776815234,166
1,2,2,0,1.7594464723683925,19
1,2,3,1,0.5653344338091189,26
1,1,1,1,0.5185244938174862,40
1,3,4,0,0.4261231006360492,176
1,3,2,0,0.7455201248181699,31
0,3,3,0,0.659171906876691,107
1,3,5,0,0.27027853651357636,16
1,1,4,0,0.7149846577361003,112
0,2,1,0,1.2935664529714157,19
1,2,5,0,0.9204476325224908,120
0,3,5,0,0.8122080003268789,100
1,3,3,1,0.8714066207094947,61
1,2,5,0,0.5322404575524511,107
1,3,5,0,1.465076770465925,153
1,1,1,0,1.0018964251990798,21
1,1,3,1,0.2592622469087431,17
0,1,1,0,1.0818003414473802,34
1,3,5,0,1.114894317704048,129
0,3,2,0,0.5819676647585221,94
1,3,4,0,1.1824095535613655,130
1,3,1,1,0.7169981364731569,26
0,3,5,0,0.3350940982407621,13
1,1,4,1,0.9762603833819,41
0,2,2,0,1.2997607931669073,21
0,2,2,0,1.3354456470115534,31
1,2,5,0,0.4350171149616724,139
1,3,5,0,0.5033273427542181,164
0,2,5,0,0.3350940982407621,5
1,3,2,0,0.7731271859724161,106
1,3,4,0,0.8356129703226952,127
1,1,4,0,0.7114899916707402,117
1,1,2,0,0.3350940982407621,109
0,3,5,0,0.38889337036311467,96
0,2,5,0,0.8122080003268789,84
1,3,4,0,0.6205697858176066,128
1,3,5,0,0.28817536170697605,128
1,2,4,0,0.8617176144486431,179
0,3,1,0,0.6322722708155147,80
1,3,2,0,0.9328363129134739,142
0,1,1,0,1.6148357909350597,27
1,3,4,0,0.3999096599679479,124
1,3,5,0,0.6907846958050556,82
1,3,2,0,0.9121310170477892,68
1,1,2,1,0.3060721869003758,29
0,3,2,0,1.4464937498794503,70
1,1,2,0,0.5674567090883289,115
1,2,1,0,0.3357802936338371,96
1,1,2,0,0.36130753890886347,111
1,3,1,0,1.732764429391523,24
0,2,2,0,2.1558614662709807,18
1,3,3,1,0.2592622469087431,74
0,2,2,0,1.782851442364209,23
0,3,1,0,0.41184087676354775,19
1,2,4,0,1.1237883320296713,103
1,3,2,0,1.9002026819697508,21
1,2,4,0,0.9700660431864085,99
1,1,5,0,1.129296476832088,147
0,1,1,0,1.199511386819537,17
1,2,2,1,1.2355226302906432,55
1,1,4,0,0.2530679067132515,87
1,2,5,0,1.0762921966449637,109
1,1,2,0,1.5734251992036903,20
1,2,4,0,0.5770369188070271,132
0,3,5,0,0.3999096599679479,14
1,3,4,0,0.6528687701390461,90
1,1,4,0,0.441211455157164,98
1,2,2,0,0.21785165517737368,88
0,1,1,0,1.4554965607472268,19
1,2,3,0,0.34748277863174526,82
0,2,4,0,0.6287776047501548,109
1,2,4,0,0.9583635581885004,110
1,3,2,0,0.10202406230012527,67
1,2,5,0,1.2209028780782967,66
0,3,5,0,0.13513926825678818,10
1,3,5,0,0.7736058792677944,160
0,3,5,0,0.7943111751334792,156
1,2,1,0,1.4969071524785962,19
0,1,5,0,1.3299375022091369,113
1,1,5,0,0.43300363622461574,108
1,1,2,1,1.1058915068362716,76
1,3,5,0,1.1050965149010432,92
1,3,5,0,1.733874119651198,178
0,3,4,0,0.23236261084756682,7
1,3,5,0,0.10202406230012527,39
1,1,5,0,1.8662049172357014,59
0,2,5,0,1.2907579822991306,58
1,1,5,0,1.1735155392357424,157
0,3,1,0,0.7059818468683237,172
1,3,2,0,0.1530360934501879,81
0,2,4,0,0.9618582242538603,132
1,2,2,0,1.2886357070199208,37
1,3,5,0,1.1411077583721494,122
1,3,3,0,1.2410307750930598,84
0,3,2,0,1.1997289799038438,25
1,3,3,0,0.8936567930034679,125
