external,year,test_1,dropout,outside_interaction,first_sessions
False,3,1,True,0.49374713303552,33
False,3,5,False,0.9618582242538603,148
True,1,1,False,1.188603893756857,94
True,1,1,False,1.4355862568167705,12
True,1,1,False,1.6499432459287842,7
False,3,5,False,0.6233782564898915,154
True,2,1,False,1.1584271847146277,34
True,2,5,False,0.2592622469087431,94
True,3,3,False,1.1058915068362716,148
True,2,1,True,0.5185244938174862,66
True,1,5,False,0.4413202516993173,98
True,1,5,False,1.2293282900951517,111
True,3,5,False,0.9852631942496766,84
True,2,5,False,0.35849906823657846,101
True,2,5,False,0.5239238420777494,63
False,2,2,False,1.2031148494270503,15
True,1,5,False,0.5357351236178111,89
False,3,4,True,1.4479749372077535,36
True,1,5,False,0.4502142660249405,88
False,2,2,False,1.4767792554638333,18
False,1,2,False,1.7823828400554407,29
True,2,5,False,0.3492825613851663,61
True,3,3,False,1.515163783438611,102
True,3,2,False,0.21965143793079475,39
False,1,2,False,1.081691544905227,20
True,1,5,False,0.653554965532121,20
False,2,5,False,0.6554998103417466,120
True,2,2,False,1.911905166967659,24
True,1,2,False,0.21785165517737368,146
True,1,5,False,0.6241481216244537,54
True,2,5,False,0.24687356651776,104
True,1,2,False,1.5375227522747374,38
True,1,1,False,1.22662861596502,91
False,3,5,False,0.3350940982407621,7
False,3,1,False,0.2764728767090679,8
True,2,2,False,0.661980377548976,61
False,3,4,False,0.8329132961925636,162
False,3,1,True,1.1058915068362716,21
False,3,5,False,0.4900025054724733,70
False,3,3,False,0.44671959995958055,102
False,3,2,False,2.3269031814567214,13
False,1,3,False,2.2143738912605215,121
False,3,1,False,1.2995432000826006,15
False,3,5,False,1.1762152133658739,134
True,1,5,False,0.29781306663972035,123
True,3,1,False,0.6239556553408132,88
True,3,1,True,0.5185244938174862,55
False,2,1,False,1.8345921283073365,26
False,2,2,False,1.2974209248033906,115
True,3,3,False,0.17644106344600424,106
True,1,1,True,0.7998193199358958,24
False,2,1,False,0.29098383237926106,14
True,1,2,False,1.0355678003066693,106
True,1,2,False,0.17644106344600424,115
False,1,1,False,1.588982156033573,112
False,3,1,True,0.7777867407262293,23
True,3,1,False,0.5736510492838205,161
True,3,5,False,0.0,87
True,1,2,False,1.3624540796148832,34
True,2,1,False,0.7176843318662318,95
False,3,1,False,0.3098168144634224,97
False,1,4,False,1.622826016783301,128
False,2,5,False,0.13513926825678818,9
True,3,1,False,1.2059233200993353,102
False,3,5,False,0.29098383237926106,18
False,3,4,True,0.48251325034638004,61
False,3,4,False,1.0727975305796038,124
True,3,2,False,0.3999096599679479,89
True,3,1,False,0.8060136601313874,87
False,3,1,False,0.29098383237926106,15
True,2,5,False,0.3962375634330035,98
True,1,5,False,1.1294052733742412,113
True,2,1,False,1.3056287437359388,76
True,2,1,True,0.9294504433902673,42
True,3,4,False,0.17924953411828923,7
True,2,2,False,0.7523231845511882,75
False,3,5,False,0.44401992582944894,10
False,3,4,True,0.6121443738007516,44
False,3,1,False,0.34679658323867024,20
True,2,5,False,1.4588824302704333,138
False,3,5,False,0.13513926825678818,19
True,3,4,False,0.2261682706520753,14
False,3,1,False,0.7679889379232245,69
True,2,5,False,0.24687356651776,92
True,3,5,False,0.44682839650173395,50
False,2,2,False,1.3507515946169748,20
True,3,4,False,0.7853083642657026,51
True,2,2,False,0.12963112345437156,95
False,3,3,False,1.2327141596183582,142
True,1,4,False,0.4633103715089937,62
True,2,2,False,0.08822053172300212,83
True,1,4,False,0.3708877486275616,86
False,2,2,False,1.9442041512890984,28
True,2,4,False,1.09757489136157,150
False,2,1,False,0.2764728767090679,5
True,2,4,False,0.9355359870436055,144
False,2,5,False,0.21165731498188212,14
True,1,3,False,0.3971011892956629,96
True,2,4,False,0.8708292218585731,88
True,3,1,False,0.7853083642657026,79
True,3,5,False,0.5860397296748037,164
True,3,5,False,0.32058314257056897,9
True,3,2,False,0.06481556172718578,70
False,3,2,False,1.766968095907866,8
False,3,2,False,0.8080784401965513,53
False,3,1,False,0.8859175763796878,162
False,2,1,False,1.3787609209378262,39
True,1,5,False,0.932150117520399,71
False,3,1,False,1.765172210255116,20
True,3,2,False,0.4295089701592558,172
True,1,2,False,0.4350171149616724,76
True,1,2,False,0.21785165517737368,87
True,3,3,True,0.49374713303552,70
True,1,4,False,0.19444668518155733,58
True,3,5,False,0.2736644060367829,188
False,3,1,False,0.244065095845475,14
True,3,5,False,1.026673785981046,166
False,1,2,False,1.5877185617895766,15
True,3,4,False,0.40891247083572446,99
False,2,2,False,1.7120591335258382,24
False,1,2,False,2.0007030975415825,31
True,2,5,False,0.6356581403387213,108
False,2,5,False,0.44401992582944894,8
False,1,2,False,1.9201129859002073,23
False,3,1,False,0.21165731498188212,25
True,2,1,False,1.4354774602746172,105
True,2,2,False,1.5947078939202965,8
False,3,5,False,0.35579939410644684,20
True,3,2,True,0.6233782564898915,20
False,3,2,False,0.0,104
False,3,5,False,0.25576758084338314,12
False,3,5,False,0.6907846958050556,67
True,3,1,False,0.3233916132428539,19
True,1,1,False,1.0645897116470555,37
True,1,3,False,1.0672893857771872,146
False,1,2,False,0.9762603833819,141
True,2,2,False,0.6673584961092441,100
False,2,1,True,0.3528821268920085,24
True,3,3,False,0.9231473066526223,98
True,1,2,False,0.8679119546441347,129
True,3,5,False,1.0086681642454929,84
True,2,2,False,0.27027853651357636,103
False,1,1,False,1.3622364865305763,69
True,3,2,False,0.0,145
True,3,2,False,0.5221240593243284,113
False,3,1,False,1.9829150688903363,14
True,3,2,False,0.3915930444932463,112
False,1,4,False,0.979068854054185,59
False,1,1,False,1.156196112893264,160
False,1,1,False,0.98187732472647,135
False,2,5,False,0.3088806575726608,16
True,1,4,False,0.42009999702420314,105
True,3,1,False,0.5377273726548726,14
False,3,5,False,0.3999096599679479,8
True,3,3,False,1.0789918707750954,99
False,2,5,False,0.44401992582944894,9
False,2,5,False,1.4471799452725251,136
True,3,5,False,0.13513926825678818,5
True,3,5,False,0.7707974085955094,71
False,2,5,False,1.265121940481951,143
True,1,1,True,0.2592622469087431,21
True,3,4,False,1.2293282900951517,113
True,3,5,False,1.3064237356711672,57
False,3,5,False,0.367501879104355,15
True,1,1,False,0.6590631103345377,46
True,1,4,False,1.1407813687456891,67
True,1,3,False,0.06481556172718578,93
True,1,3,False,0.3350940982407621,91
False,2,5,False,0.9735607092517684,128
True,3,5,False,1.9117963704255057,99
False,3,4,False,0.612289435856956,79
False,3,5,False,0.27027853651357636,18
False,3,2,False,0.8232242899317121,141
True,2,1,False,0.600285688033254,118
False,3,2,False,0.42009999702420314,174
False,3,5,False,0.367501879104355,15
True,2,5,False,0.9673663690562768,118
True,2,4,False,1.1231021366365963,143
True,3,4,False,0.7059818468683237,96
False,3,1,False,1.0500787559768623,168
True,3,3,False,0.3350940982407621,114
False,1,5,False,1.5561057728612122,131
False,3,4,False,0.21165731498188212,18
True,2,4,False,0.3999096599679479,19
False,3,1,False,0.25576758084338314,15
True,1,1,False,1.2230251533575067,24
False,3,5,False,0.5887394038049352,118
True,3,1,False,1.22101167462045,176
True,3,5,False,0.859126736860665,46
False,1,2,False,1.387186332954681,14
False,2,5,False,1.0086681642454929,96
False,2,2,False,1.7407546552397646,90
True,2,2,False,0.4413202516993173,100
True,3,3,False,0.17644106344600421,86
True,3,5,False,1.5939129019850682,85
True,1,3,False,0.703282172738192,115
False,1,1,False,1.2941438518223374,18
True,3,4,False,0.7004737020659071,160
False,2,5,False,0.244065095845475,14
False,2,2,False,1.0349904014557476,15
True,3,3,False,1.0796780661681702,136
True,2,2,True,0.6233782564898915,18
True,3,1,False,1.4755156612198368,97
True,1,3,True,0.38889337036311467,56
True,3,2,False,0.8762285701188364,167
True,1,4,False,0.19444668518155733,68
False,2,3,False,1.1436986359601278,92
False,3,5,False,0.8970426625266745,148
True,2,3,False,0.6943881584125688,98
True,3,1,False,0.44401992582944894,20
True,3,5,False,1.1707070685634573,74
False,2,2,False,0.8590179403185116,104
False,1,1,False,0.9501557392559521,35
False,3,2,False,1.4147721644089324,107
True,3,5,False,0.6356581403387213,54
True,1,1,False,0.37650468997213155,63
True,3,5,False,0.5998644899519219,171
True,3,5,False,0.9445387979113821,133
False,3,5,False,2.246781672124114,142
True,1,4,False,0.3098168144634224,121
False,3,5,False,0.25857605151566815,16
True,1,1,False,0.2592622469087431,79
True,3,4,False,0.6880850216749239,186
True,1,2,True,0.3641160095811484,20
False,3,3,False,1.4903864226566446,107
True,3,5,False,1.2445254411584197,135
True,3,5,False,0.28817536170697605,7
True,3,5,False,0.7853083642657026,100
True,3,5,False,0.31777467189828396,90
False,3,1,True,0.3060721869003758,48
True,3,3,False,0.7880080383958342,132
True,1,2,False,2.2144826878026747,5
True,3,5,False,0.2943697019024676,126
False,3,2,False,0.5115351616867663,95
False,3,2,False,1.9381186076357602,24
True,3,5,False,1.0969974925106485,122
True,2,1,False,0.5205379725545429,146
True,3,4,False,0.3350940982407621,84
False,3,4,False,0.35299092343416183,9
True,2,5,False,0.5584538982205524,63
False,2,1,False,1.087308486249797,90
True,3,2,False,0.26747006584129135,22
True,3,3,False,1.9793116062828229,66
False,1,1,False,2.1379646410775806,16
False,3,5,False,0.25857605151566815,19
False,2,3,False,0.9732343196253083,165
True,3,3,False,1.623043609867608,113
True,2,2,False,0.353027188948213,88
False,2,1,False,2.162055806466472,17
True,2,1,False,0.31168912824494577,61
True,3,5,False,0.367501879104355,137
False,3,1,False,0.34476806868755755,117
False,3,2,False,1.8119821502467486,32
False,3,4,False,0.35299092343416183,25
True,1,5,False,0.697665231393622,111
True,3,1,False,1.0651671104979772,121
True,3,5,False,0.26477039171115974,19
False,2,4,False,0.12963112345437156,119
True,3,5,False,1.2941438518223374,115
True,1,2,True,0.3641160095811484,61
True,3,5,False,0.49432453188644154,117
False,2,4,True,0.7417754972551232,24
False,3,1,True,0.6701881964815242,25
True,3,3,False,1.5730988095772303,114
True,3,1,False,0.9879628683798082,137
False,3,3,False,0.24687356651776,134
True,2,4,False,0.9356447835857589,89
True,3,2,False,0.25025943604096657,125
True,2,5,False,0.5591400936136274,149
True,1,2,False,1.5327008028653957,19
False,1,2,False,2.1325652928173175,15
False,3,5,False,1.1651989237610407,98
True,3,1,False,1.1299826722251627,80
True,2,5,False,0.7936249797404042,131
False,3,2,False,1.3844866588245495,35
True,2,5,False,0.7969020527214574,162
True,2,3,False,0.34748277863174526,81
False,2,1,False,1.3754838479567728,24
False,3,5,False,0.6545848831509801,159
False,1,1,False,1.3939580720010942,11
False,3,5,False,0.27027853651357636,17
True,3,3,False,0.6278927491875003,72
True,1,2,True,0.5653344338091189,31
True,2,3,False,1.1914123644291421,162
False,3,1,False,0.412298340358931,146
True,1,5,False,0.24687356651776,98
False,1,5,False,1.391367194413116,114
False,3,2,False,2.09734904128144,40
False,3,5,False,0.35299092343416183,19
True,3,4,False,0.5708425786115355,165
False,1,3,False,2.0937455786739267,71
True,1,5,False,1.7319694374562946,56
True,1,2,False,1.2444166446162663,165
False,3,1,False,0.3143888023750774,18
True,3,5,False,0.3999096599679479,18
True,2,5,False,1.2003063787547652,183
False,2,1,False,0.25576758084338314,11
False,3,3,False,1.049969959434709,162
True,3,4,False,0.4080962492005011,132
True,3,5,False,0.22335979997979027,12
False,3,2,False,0.43570331035474735,91
False,2,1,False,1.3727841738266413,24
True,1,3,False,0.5295407834223195,60
False,3,1,False,0.3088806575726608,19
True,2,5,False,0.9149394877200742,66
False,2,4,True,0.6481556172718578,17
True,3,2,True,0.6949655572634905,24
True,1,2,True,0.9294504433902673,36
True,3,1,False,0.34679658323867024,16
True,2,3,False,0.8439295857973969,139
False,3,1,True,1.4947848771993861,20
True,2,1,True,0.6233782564898915,8
True,2,5,False,1.1265968027019562,150
False,3,1,False,1.4596774222056617,7
True,1,3,False,0.42331462996376423,80
False,2,5,False,0.34679658323867024,15
True,3,5,False,0.8797232361841962,143
True,3,5,False,0.9707522385794833,117
False,3,3,False,0.3641160095811484,124
False,3,4,False,0.27027853651357636,14
False,3,4,False,0.34679658323867024,11
False,2,2,False,1.084500015577512,34
False,3,5,False,0.22335979997979027,18
False,1,1,False,1.7731624361033576,31
True,1,5,False,0.4791273808231734,59
True,1,3,False,0.17644106344600424,73
False,2,2,False,1.0437756192392174,31
True,3,2,False,0.6239556553408132,22
True,1,1,False,0.2904688735698316,98
False,3,5,False,0.32058314257056897,9
True,3,1,False,0.9907713390520931,130
True,1,2,False,0.8555232742531517,97
True,3,5,False,1.132104947504373,130
False,2,1,False,1.8917772699528959,26
False,2,1,False,1.1941120385592736,25
False,3,5,False,0.2261682706520753,17
False,3,1,False,0.26477039171115974,11
True,3,3,False,0.5908616790841452,170
False,3,5,False,0.4116121449658561,20
True,3,5,False,0.3088806575726608,9
False,3,1,False,0.6446609512064978,115
False,3,5,False,0.3350940982407621,17
False,3,2,False,0.5608199411115101,100
False,3,4,False,0.7025959773451171,132
True,3,5,False,0.27027853651357636,77
True,3,1,False,1.2473339118307047,171
True,1,2,True,0.12963112345437156,21
False,3,5,False,0.22335979997979027,14
True,2,1,False,0.3060721869003758,78
True,1,1,True,0.3060721869003758,55
False,1,2,False,1.4820698071819431,58
False,2,2,False,1.538100151125659,21
False,2,4,False,0.9294504433902673,97
True,2,4,False,0.6122531703429049,152
True,2,2,False,0.46472522169513364,58
False,3,5,False,0.6411662851411379,134
False,3,4,False,0.35579939410644684,8
False,3,5,False,0.22335979997979027,17
True,3,1,False,1.011476634917778,90
False,3,5,False,1.5994210467874848,147
False,2,5,False,0.5763507234139521,110
True,1,2,True,0.2592622469087431,16
True,1,2,False,1.596721372657353,19
False,3,4,True,0.9762603833819,40
True,1,4,False,0.17644106344600424,105
True,3,4,False,0.6735740660047308,164
False,2,5,False,1.0410759451090859,188
True,2,4,False,0.3350940982407621,82
False,3,2,False,0.9342723927996089,80
True,3,5,False,0.7410893018620481,153
True,2,2,False,0.2826672169045594,86
True,1,2,False,0.7652892637930928,57
False,3,5,False,0.26477039171115974,8
True,2,2,False,0.9886490637728831,90
True,2,3,False,1.3594280158582912,154
False,3,3,False,0.7169981364731569,118
True,1,2,False,0.36188493775978503,60
True,2,5,False,0.9789600575120316,151
True,3,5,False,0.8383126444528268,107
False,3,4,False,0.367501879104355,5
False,2,1,False,1.7444669143894311,25
True,1,4,False,1.0148625044409845,86
False,3,1,False,0.25857605151566815,14
False,1,2,False,0.5997556934097685,134
False,2,2,False,1.4997156231508812,32
True,2,5,False,1.4152407667177005,60
False,2,1,False,1.1707070685634573,163
True,1,2,False,0.19444668518155733,89
False,3,5,False,0.25857605151566815,5
False,2,1,False,1.0253013951948962,108
True,1,1,True,0.12963112345437156,6
True,2,2,False,1.028796061260256,27
True,2,5,False,0.4116121449658561,140
True,1,4,True,0.9294504433902673,47
True,2,5,False,0.06481556172718578,83
False,1,1,False,0.9439613990604605,8
False,2,1,False,1.3769650352850762,28
True,1,1,False,0.4502142660249405,37
False,2,4,False,0.3088806575726608,6
False,2,5,False,1.1665262071050224,82
False,3,4,True,1.1419027503073778,18
True,3,5,False,1.22662861596502,109
True,1,5,False,1.4297517223878937,93
True,3,5,False,1.1824095535613655,100
True,2,2,False,0.5005188720819331,77
True,3,2,False,0.24687356651776,89
True,3,1,False,1.0293734601111777,99
True,1,5,False,0.6673584961092441,166
True,1,1,False,1.0321819307834628,75
True,2,3,False,0.42331462996376423,93
True,2,1,False,0.7590949235976013,117
False,3,4,False,0.35579939410644684,19
True,3,4,False,1.1355996135697328,69
True,3,5,False,0.5825450636094437,88
True,2,3,False,0.0,93
True,1,5,False,0.5970560192796368,112
True,3,4,False,0.5138649390636729,107
True,1,2,False,0.34748277863174526,76
False,3,1,True,0.6949655572634905,62
False,3,2,False,1.7470577919774095,31
True,2,1,False,1.0851862109705868,131
True,1,1,False,0.34568299587832413,62
True,2,1,True,0.49374713303552,13
True,2,4,False,1.5061609725708343,125
True,2,2,False,0.9887578603150365,156
False,1,1,False,1.806474005444332,18
False,3,4,False,0.9450537567208116,101
True,1,5,False,0.5446291379434341,121
False,2,1,False,0.13513926825678818,8
False,3,5,False,0.244065095845475,15
True,3,3,False,1.1031918327061399,130
True,2,4,False,0.3888933703631147,82
False,2,5,False,0.2764728767090679,24
False,2,2,False,1.1996201833616904,33
True,3,4,False,0.9824547235773916,113
True,2,1,False,0.1820580047905742,79
False,2,4,False,0.25576758084338314,12
True,1,2,False,0.5690790613721656,132
False,3,5,False,0.244065095845475,11
False,2,5,False,0.17644106344600424,102
True,3,1,False,1.114894317704048,115
True,1,2,False,0.8467380564696818,131
True,3,3,True,0.38889337036311467,14
True,1,1,True,0.9294504433902673,26
True,3,5,False,0.49713300255872656,107
False,1,2,False,0.9707522385794833,141
False,1,1,False,1.7207355547671548,31
False,1,2,False,1.3119318804735838,163
False,2,4,False,0.19995482998397396,17
True,2,1,True,0.9294504433902673,16
True,2,4,False,1.014285105590063,71
True,1,4,False,0.27027853651357636,82
True,3,5,False,0.9349585881926841,100
True,1,5,False,1.1093861729016314,146
True,1,2,True,0.0,9
True,3,5,False,0.7356899536017849,106
True,3,4,False,1.1769014087589489,111
True,2,5,False,0.07651804672509395,75
True,2,1,False,2.0972402447392864,18
False,2,5,False,0.28817536170697605,11
True,1,4,True,0.5405570730271527,34
True,1,5,False,0.897620061377596,138
True,1,4,False,0.4238446245872498,52
True,1,2,True,0.3641160095811484,24
False,1,5,False,0.3060721869003758,142
False,2,1,False,0.22335979997979027,11
False,3,1,False,0.34679658323867024,15
True,1,1,False,1.735572900063808,41
False,1,1,False,1.3967665426733793,21
True,2,4,False,0.3143888023750774,10
False,3,1,False,1.4023834840179492,32
True,1,5,False,0.06481556172718578,102
True,1,5,False,0.6517551827786999,45
False,3,1,True,0.7530093799442631,31
False,1,3,False,1.3441220682528698,102
True,3,1,False,1.2500335859608362,122
True,3,2,True,0.3528821268920085,67
True,3,1,False,0.8942341918543895,114
True,3,5,False,0.3888933703631147,36
False,2,1,False,0.658485711483616,41
False,3,2,False,2.035124357142232,104
True,1,1,False,2.167672747811042,27
True,2,1,False,0.31807593472407786,142
True,1,2,False,1.5669044693817387,123
True,2,5,False,0.7204928025385169,120
False,3,5,False,0.6590993758485887,42
True,1,5,False,0.8701430264654981,132
True,3,2,False,0.8177161451292955,136
False,2,4,False,0.4116121449658561,16
True,1,5,False,0.35849906823657846,88
True,3,2,False,0.8942341918543895,150
False,2,5,False,0.5763507234139521,134
False,1,2,False,0.8991649378058845,28
False,1,2,False,1.6436401091911392,73
True,3,1,False,0.979068854054185,136
True,2,5,False,0.3233916132428539,20
True,2,5,False,0.8625126063838715,156
True,3,4,False,0.16754704912038104,14
False,2,3,False,1.2353050372063363,141
False,2,4,False,0.9651352972349134,136
True,2,3,False,0.1530360934501879,116
True,3,2,False,0.043210374484790516,121
True,2,2,False,0.27027853651357636,78
True,2,2,False,0.8466292599275285,37
True,3,4,False,1.09969716664078,123
True,3,5,False,0.9617494277117069,95
True,2,4,False,1.0382674744368008,134
True,1,1,True,0.48251325034638004,31
True,3,4,False,1.45527896766292,49
False,2,1,False,0.25857605151566815,17
True,1,1,False,1.9615235776315765,31
True,1,1,True,0.2592622469087431,19
True,1,4,False,1.179709879431234,94
False,3,1,False,0.3350940982407621,18
True,2,3,False,0.6266553294709447,149
True,3,4,False,0.6158890013637982,79
False,3,4,False,1.0672893857771872,123
True,1,3,False,0.7967932561793041,108
False,1,1,False,0.8405437162741902,20
True,3,2,False,1.2410307750930598,107
True,2,2,False,0.8907395257890295,16
True,1,1,True,0.5405570730271527,17
True,3,5,False,0.8383126444528268,128
True,1,1,False,1.8525977500428898,27
True,1,1,False,0.8701430264654981,41
False,3,5,False,1.5000754289174962,125
True,3,4,False,0.6880850216749239,84
True,3,1,False,0.8149076744570105,80
True,3,5,False,1.138876686550786,80
False,2,4,True,1.2602999910726094,36
False,2,4,False,1.4322003872935638,94
True,2,1,False,1.0299508589620991,158
True,3,1,False,0.3962375634330035,150
True,2,1,False,2.032642276096407,37
False,3,1,False,0.741005632120561,99
True,3,2,False,0.12963112345437156,103
True,3,4,False,0.5529457534181358,74
True,3,1,False,0.732195287536425,92
True,2,5,False,0.8122080003268789,158
True,2,4,False,0.3350940982407621,107
True,2,3,False,1.22662861596502,158
False,1,3,False,1.8826656625429659,172
True,2,1,False,0.18844481126970627,53
False,3,5,False,0.48813019169095,100
False,3,1,True,1.2715338737617494,32
True,1,3,False,0.24125662517319002,80
False,1,2,False,1.0667119869262656,30
True,3,3,False,1.0969974925106485,129
True,3,4,False,1.1204024625064648,91
True,3,5,False,0.47372803256291024,128
True,1,2,False,0.42331462996376423,86
True,1,5,False,0.08822053172300212,83
True,3,2,True,0.43570331035474735,41
True,3,5,False,0.5929414949633652,76
False,2,5,False,1.0746848801751832,100
False,3,3,False,1.4084690276712875,118
True,2,4,False,1.0858724063636618,117
True,3,5,False,0.9349585881926841,147
True,1,5,False,0.9149394877200742,73
True,3,5,False,0.811521804933804,107
False,2,4,False,0.7757281545470045,85
True,1,4,False,0.6501690960089145,151
True,3,5,False,0.2160518724239526,31
False,3,5,False,1.117702788376333,149
True,2,3,False,0.6590631103345377,89
False,3,5,False,0.2764728767090679,13
False,3,5,False,0.16754704912038104,17
True,2,2,False,0.1530360934501879,96
False,3,1,True,1.3651537537450147,36
True,1,5,False,1.09757489136157,147
True,3,3,True,0.6233782564898915,19
True,1,2,False,0.35849906823657846,80
True,3,1,False,0.21165731498188212,15
True,3,5,False,0.16754704912038104,5
True,2,3,False,1.0706752553003938,152
False,2,5,False,1.511995506999711,50
True,2,5,False,1.314849147688022,115
False,2,1,False,1.9918090832159594,43
True,3,2,False,0.5294682523942172,139
True,3,4,False,0.8439295857973969,105
False,3,5,False,0.25857605151566815,18
True,1,1,False,0.38063425010245927,98
False,3,5,False,0.1530360934501879,136
True,3,1,False,1.0858724063636618,135
False,1,2,False,2.2090833395424117,11
True,1,2,False,0.7590949235976013,104
False,3,4,False,0.27027853651357636,24
False,1,1,False,1.6410492316031609,20
True,3,5,False,0.5473288120735658,119
True,1,5,False,0.7915027044611942,59
False,2,3,False,1.4560739595981484,154
True,3,5,False,0.4116121449658561,21
True,3,2,False,1.0672893857771872,123
True,3,5,False,0.6735740660047308,56
False,2,1,False,1.3265516326859303,110
False,1,1,False,1.6525341235167623,26
True,3,3,False,0.932150117520399,129
True,3,4,False,1.1590045835655491,113
True,1,5,False,0.6880850216749239,116
True,3,1,False,1.2059233200993353,70
True,1,3,False,1.9310204789628873,146
True,1,5,False,0.0,103
False,1,3,False,0.5674567090883289,76
True,3,4,False,1.0465840899115024,142
False,2,5,False,0.26477039171115974,2
False,1,5,False,1.1238971285718247,137
True,3,5,False,0.4413202516993173,58
True,1,5,False,1.4113862948857259,73
True,3,3,False,1.1327911428974478,117
True,3,2,False,0.9611720288607852,31
True,3,1,False,0.06481556172718578,142
True,1,4,False,0.8653210770561565,116
True,2,4,False,1.156196112893264,112
False,3,4,False,0.37650468997213155,90
True,3,4,False,0.17644106344600424,77
False,3,1,False,0.35299092343416183,9
False,3,1,False,1.7731624361033576,11
True,3,3,False,0.9438526025183072,74
False,3,1,False,0.3088806575726608,13
True,2,4,False,1.057709176058489,67
True,3,3,False,0.23165518575449684,66
False,1,1,False,1.3795559128730543,30
True,2,2,False,1.1377218888489429,28
True,2,1,False,0.2764728767090679,7
True,3,2,False,0.45921707689271707,73
True,3,4,False,1.4030696794110242,139
True,3,5,False,0.7500921127298248,89
True,2,3,False,1.760882552254528,52
True,1,1,False,2.182074906939082,31
False,3,5,False,0.4073263840659389,175
False,2,2,False,1.8945857406251807,24
False,3,5,False,0.367501879104355,13
True,3,2,False,0.2233960654938414,145
True,2,4,False,1.1443848313532028,50
True,1,5,False,0.9403579364529473,26
True,2,4,False,1.1294052733742412,81
False,2,2,False,1.3079686120994556,21
True,2,2,False,1.438285930946902,37
True,1,3,False,1.3223707712274952,132
True,3,5,False,0.6707655953324458,132
False,2,5,False,0.27027853651357636,8
True,2,2,False,1.4725983940053982,82
True,2,2,False,0.7589861270554479,172
True,1,3,True,0.7998193199358958,33
True,1,5,False,1.2638583462379545,39
False,2,2,False,0.9211338279155658,137
True,3,5,False,1.1086999775085566,65
True,2,2,False,0.3098168144634224,38
False,2,5,False,0.3999096599679479,107
True,2,2,False,1.3816781881522644,102
False,3,2,False,1.6794337595779387,32
True,2,5,False,1.8028705428368186,98
True,3,5,False,0.7467062432066182,100
True,2,1,False,1.491181414591873,51
False,3,1,False,0.25576758084338314,14
False,3,3,False,1.2174082120129366,76
False,3,1,False,1.0031600194430763,149
False,2,1,False,0.5529457534181358,165
False,2,5,False,0.7203840059963634,179
True,2,5,False,0.34679658323867024,15
True,3,3,False,0.9438526025183072,129
False,1,2,False,1.4616909009427184,27
True,2,1,False,1.885800522841711,45
True,3,4,False,1.1914123644291421,93
True,2,2,False,0.9528554133860836,150
False,3,5,False,0.32058314257056897,17
False,3,5,False,0.26477039171115974,21
False,2,2,False,1.820876164572372,35
True,3,4,False,0.9121310170477892,103
False,1,4,False,1.2079367988363918,150
False,2,1,False,1.6257432839977395,16
True,2,2,False,0.42009999702420314,103
False,1,2,False,1.5968301691995066,12
True,3,3,False,0.9211338279155658,148
True,2,1,False,1.4320915907514105,33
False,2,4,False,1.511995506999711,43
False,1,2,False,1.7091418663114,28
True,3,3,False,0.0,96
True,3,3,False,1.0824865368404553,121
True,3,4,False,0.5757733245630305,65
True,1,1,False,0.5902842802332237,92
True,2,3,True,0.6233782564898915,84
True,3,2,False,0.37920436410226316,45
False,3,1,False,0.34679658323867024,9
False,3,5,False,0.35299092343416183,22
True,3,2,False,1.1735155392357424,125
False,3,5,False,0.25857605151566815,23
False,2,1,False,2.0730402828082415,88
False,1,1,False,1.7526747333219794,37
True,1,3,False,0.4178064851613476,163
False,1,1,False,1.6174266685230378,19
True,2,3,False,0.17644106344600424,100
False,2,3,False,0.7859945596587776,131
True,3,2,False,0.4116121449658561,83
True,3,4,False,0.5536319488112107,56
False,2,2,False,1.608641450739568,9
True,3,5,False,0.7731271859724161,52
False,2,5,False,0.13513926825678818,20
False,2,1,False,1.614618197850753,19
False,1,2,False,1.1348046216345045,159
True,2,4,False,1.167103605955944,120
False,3,5,False,1.3677446313329928,63
True,1,2,False,0.1530360934501879,169
False,1,5,False,0.7086815209984553,143
True,1,5,False,0.5467514132226442,166
True,2,3,False,0.776991748791001,42
True,1,4,False,0.37650468997213155,83
True,2,4,False,1.011476634917778,137
True,3,3,False,1.0349904014557476,184
False,3,5,False,0.7169981364731569,136
True,2,4,False,0.5258686868873751,84
False,1,2,False,1.0935028264452884,22
True,3,5,False,0.30247262139353365,101
False,2,2,False,1.6436401091911392,30
False,1,5,False,0.8618264109907965,143
True,1,4,False,0.3350940982407621,89
False,2,4,True,0.9762603833819,29
True,2,3,False,0.8501239259928884,129
True,2,5,False,0.658485711483616,89
True,2,5,False,1.1762152133658739,112
False,2,5,False,0.7094765129336836,130
True,3,1,False,0.2764728767090679,7
False,2,5,False,1.2562279261563278,127
True,3,5,False,0.813644080213014,158
False,2,4,False,0.3143888023750774,14
True,2,5,False,1.296843525952469,156
False,1,5,False,0.9528554133860836,186
True,3,5,False,1.391367194413116,153
False,2,4,True,0.7777867407262293,16
False,3,4,False,0.32058314257056897,12
False,3,1,False,2.1882692471345733,48
True,2,2,False,0.6260779306200231,131
False,3,5,False,0.6040303155963006,95
True,3,5,False,0.8294186301272037,66
True,2,5,False,0.7880080383958342,95
True,3,2,False,0.20404812460025054,43
True,1,1,True,0.3060721869003758,17
False,3,4,True,0.7530093799442631,50
True,2,5,False,1.300338192017829,145
False,3,5,False,1.2617360709587444,133
False,1,2,False,1.7119503369836848,32
False,2,5,False,0.9852631942496766,152
False,2,5,False,0.45370893209030044,161
True,3,3,False,0.3350940982407621,73
True,2,1,False,0.47531411933269574,153
True,3,2,False,0.6434960625180445,22
False,2,5,False,0.682468080330354,126
True,2,5,False,0.8473154553206035,94
True,1,4,False,0.06481556172718578,102
True,3,1,False,0.13513926825678818,18
False,3,4,False,0.8178249416714489,117
True,1,5,False,0.5501372827458508,169
True,1,4,True,0.5405570730271527,32
False,3,3,False,1.7580740815822427,25
False,3,5,False,1.5988436479365633,140
True,1,5,False,0.8239104853247871,119
False,3,3,False,0.7998193199358958,147
True,2,5,False,0.690893492347209,131
False,2,4,False,0.25857605151566815,3
True,2,4,False,1.0003515487707912,127
True,2,3,False,0.9556638840583687,140
True,1,5,False,0.5414720002179193,79
True,3,5,False,0.8232242899317121,81
False,3,1,False,0.35299092343416183,17
True,3,3,False,1.2389084998138498,124
True,3,4,False,0.6149528444730366,74
True,3,4,False,1.8525977500428898,134
True,2,4,False,0.5138649390636729,65
True,2,1,False,0.5763507234139521,141
False,1,1,False,1.7974711945765554,23
False,1,1,False,0.9018646119360161,101
False,1,2,False,1.5944903008359899,90
True,1,5,False,1.6021207209176165,130
True,1,4,False,0.6322722708155147,60
False,3,3,False,1.0176709751132695,92
True,2,4,False,1.205596930472875,52
True,3,1,False,0.8032051894591024,95
True,2,3,False,0.9528554133860836,141
True,2,4,False,0.244065095845475,11
False,3,5,False,0.22335979997979027,9
True,2,3,False,0.8763373666609897,77
False,3,4,False,1.1209798613573863,186
False,3,1,False,1.4375997355538273,27
False,3,4,False,0.3233916132428539,14
False,1,2,False,1.9794204028249762,15
True,3,2,False,0.5929414949633652,84
True,3,2,False,0.5708425786115355,183
True,3,5,False,0.6797684062002223,68
False,3,1,False,0.35299092343416183,20
False,3,1,False,0.29098383237926106,11
True,3,2,False,1.0913805511660783,100
True,3,5,False,0.4771139020861168,92
True,3,1,False,0.9349585881926841,126
True,3,5,False,0.8383126444528268,132
True,1,3,False,0.1820580047905742,79
False,3,4,False,0.25857605151566815,22
True,3,4,False,0.37650468997213155,92
True,3,2,False,1.8200811726371435,75
True,2,4,True,0.7998193199358958,9
True,3,1,False,0.6241481216244537,36
False,3,5,False,0.32058314257056897,11
False,2,4,False,0.6813132826285108,125
True,3,1,False,0.1530360934501879,71
False,2,5,False,0.367501879104355,14
True,1,1,False,1.6885453669878685,4
True,2,3,False,1.059081566844639,177
False,3,5,False,1.6441087114999076,49
False,1,5,False,0.8583317449254366,162
False,2,4,False,0.23236261084756682,9
False,2,3,False,1.1879176983637822,117
True,2,5,False,0.6825768768725073,104
True,3,5,False,0.8852313809866129,119
True,2,3,False,2.084851564348303,89
True,1,1,False,1.1887126902990104,29
True,3,1,False,1.5492252372726456,67
True,2,4,False,1.6973305847713385,83
True,3,1,False,1.2410307750930598,96
False,3,4,False,0.441211455157164,191
False,2,1,False,2.085646556283532,4
False,3,1,False,0.35579939410644684,16
True,1,5,False,0.46472522169513364,98
False,3,3,False,1.061203842123849,67
True,1,3,False,0.4798135762162484,82
True,2,1,False,0.8639486862700065,32
False,1,2,False,1.7711489573663006,25
True,3,4,False,1.3265516326859303,116
False,2,2,False,1.0998059631829333,20
False,3,5,False,0.44401992582944894,17
True,1,5,False,0.39090684910017137,22
True,3,5,False,0.35662675445505515,73
True,2,1,False,1.314849147688022,108
False,3,5,False,0.19995482998397396,21
False,2,3,False,0.6088673008196984,91
True,3,3,False,0.48813019169095,167
True,3,1,False,1.2176258050972435,128
False,2,5,False,0.8791458373332748,101
True,3,4,False,0.9824547235773916,98
False,3,2,False,1.0639035162539805,107
True,2,2,False,1.443902872291472,26
True,1,3,False,0.6887712170679989,80
True,1,2,False,0.34748277863174526,98
True,3,4,False,0.3233916132428539,19
False,3,1,True,1.318343813753382,40
True,1,3,True,0.6701881964815242,16
False,2,4,False,0.7169981364731569,74
True,1,4,False,0.6825768768725073,81
True,2,3,False,0.06481556172718578,92
True,3,4,False,0.8790370407911213,125
True,3,1,False,1.638926956323951,19
True,3,3,False,1.8192861807019152,87
False,2,2,False,1.7139638157207415,165
True,1,2,False,1.678856360727017,21
True,2,5,False,0.6942793618704155,108
False,3,5,False,0.19995482998397396,6
False,1,4,False,0.7004737020659071,139
True,3,3,True,0.43570331035474735,55
True,1,1,False,1.1707070685634573,157
False,3,1,False,0.22335979997979027,15
True,2,4,True,0.17644106344600424,20
True,3,3,False,0.1820580047905742,91
True,3,3,False,1.2238201452927349,168
True,1,4,False,1.5799793451657966,106
False,2,2,False,0.5997556934097685,185
True,3,2,False,0.3798905594953381,50
True,3,1,False,0.8377352456019054,77
True,3,4,False,0.612289435856956,95
True,2,5,False,0.3350940982407621,91
True,3,2,False,0.8942341918543895,118
False,3,1,False,0.3026863173771692,15
False,2,3,False,0.9672575725141235,138
True,1,3,False,0.3350940982407621,75
True,1,1,False,0.42744419009409196,90
False,3,1,True,0.8826405033986346,20
False,1,1,False,1.5734251992036903,18
False,2,1,False,0.4502142660249405,180
True,3,5,False,0.6294638001432298,164
True,2,3,False,1.22101167462045,137
True,3,5,False,0.367501879104355,14
True,1,4,False,0.5570753135484635,87
True,3,5,False,0.4116121449658561,12
True,2,1,False,1.181832154710444,148
True,1,3,False,0.06481556172718578,82
True,3,1,True,0.48251325034638004,61
False,1,2,False,1.6519567246658409,110
False,1,1,False,0.8460518610766069,63
True,3,2,False,0.40449668369365893,146
True,3,3,True,0.6121443738007516,50
True,3,4,False,0.899742336656806,88
False,2,3,False,1.752565936779826,70
True,1,1,False,1.7505524580427694,28
True,3,1,False,1.053464625500069,123
True,3,2,True,0.3528821268920085,79
False,3,2,False,1.0349904014557476,21
True,2,1,False,1.766968095907866,15
False,1,3,False,2.110956208474251,95
True,2,1,False,0.5138649390636729,67
False,3,5,False,0.37920436410226316,10
False,2,3,False,1.0158711923598485,63
True,2,1,False,1.1224159412435215,134
True,3,4,False,1.2321367607674365,111
True,2,5,False,0.3842338156093014,95
True,3,5,False,0.35299092343416183,18
False,3,1,False,0.3026863173771692,7
False,1,2,False,1.656246382666429,24
False,2,2,False,1.5831142054645417,7
True,3,2,False,1.0500787559768623,109
True,1,1,False,1.3850640576754711,32
True,3,3,False,0.5929414949633652,146
True,3,2,True,0.7998193199358958,70
True,1,3,False,0.1530360934501879,91
True,2,1,False,0.2904688735698316,50
True,2,1,False,1.4469623521882184,152
False,3,3,False,0.8633712874190851,124
True,1,3,False,0.353027188948213,34
True,1,2,False,0.34748277863174526,70
True,2,3,False,1.7414408506328396,147
True,1,2,False,0.72938681686414,138
False,3,5,False,1.053464625500069,151
False,3,3,False,0.7266871427340084,122
True,1,4,False,0.7853083642657026,147
False,3,2,False,0.6818906814794323,175
True,3,1,True,0.2592622469087431,52
False,1,2,False,0.8265013629127653,34
True,3,5,False,0.5212241679476178,80
True,1,5,False,0.8583317449254366,93
False,3,5,False,0.13513926825678818,20
False,1,1,False,1.70003025890147,112
True,1,1,True,0.43570331035474735,9
False,2,5,False,0.9348497916505305,128
True,3,5,False,1.1969205092315587,74
True,3,3,False,0.1820580047905742,97
True,3,2,False,0.0,102
True,2,4,False,0.4116121449658561,20
False,3,4,False,0.22335979997979027,25
True,3,4,False,0.6260779306200231,110
True,3,1,False,0.12963112345437156,102
True,3,3,False,1.3265516326859303,119
True,3,5,False,0.6763825366770158,131
False,3,5,False,0.3999096599679479,23
True,3,5,False,0.2261682706520753,7
False,1,3,False,1.5960351772642782,134
False,3,5,False,0.3999096599679479,13
False,3,1,True,0.38889337036311467,60
True,1,5,False,0.5143436323590513,68
False,2,4,False,0.7473924385996931,161
True,1,2,False,0.4413202516993173,70
False,3,3,False,0.8880398516588979,78
False,1,1,False,0.5936701497564303,12
True,2,1,False,1.7767658987108708,13
True,3,2,False,1.156196112893264,86
True,2,5,False,0.3619937343019384,79
True,3,5,False,0.3501824527618769,60
True,3,2,False,0.34748277863174526,66
True,1,5,False,0.2904688735698316,122
True,3,4,False,0.9025508073290911,82
False,3,5,False,0.3350940982407621,19
True,2,4,False,0.37650468997213155,62
False,3,4,False,0.5065207459937842,106
True,1,2,False,0.13513926825678818,73
True,1,2,False,0.7094765129336836,146
False,3,5,False,0.21165731498188212,17
True,3,1,False,0.7529005834021097,96
False,2,2,False,0.3942927186233779,184
True,2,5,False,0.9149394877200742,141
False,3,5,False,0.21165731498188212,21
False,2,1,False,1.9712125838924281,11
True,2,1,False,0.3999096599679479,8
True,2,3,True,0.8714066207094947,28
False,2,2,False,1.1962343138384837,26
True,3,4,False,0.9383444577158906,129
False,3,5,False,0.35579939410644684,17
True,3,5,False,1.2734385559566526,93
False,2,5,False,0.34679658323867024,3
True,1,3,False,1.0299508589620991,123
True,3,4,False,1.2176258050972435,129
False,2,4,False,0.19995482998397396,6
True,3,2,False,1.3786521243956729,93
True,2,1,False,0.22335979997979027,16
True,1,1,True,0.5405570730271527,28
True,3,2,False,0.855632070795305,83
False,2,5,False,0.16754704912038104,25
True,1,5,False,0.13233079758450317,81
True,1,1,True,0.3641160095811484,8
False,3,5,False,0.25857605151566815,6
True,3,1,False,0.16754704912038104,8
True,3,4,True,0.0,32
False,2,5,False,0.5681641341813989,128
False,3,2,False,1.6681998768887987,144
True,3,5,False,0.17924953411828923,12
True,2,2,False,0.3350940982407621,112
True,3,5,False,0.6032503594751284,81
False,1,2,False,1.4670902492029816,85
True,3,3,False,0.0,72
True,3,1,False,0.8177161451292955,125
True,2,5,False,0.7908165090681192,130
True,1,2,True,0.38889337036311467,13
False,3,5,False,0.35299092343416183,13
True,3,1,False,0.9969656792475847,138
False,3,5,False,0.29098383237926106,21
False,3,5,False,0.37920436410226316,16
True,3,1,False,0.9852631942496766,112
True,2,5,False,0.35299092343416183,8
False,1,5,False,1.8413638673537496,23
False,3,3,False,0.7115987882128937,120
True,1,3,True,0.49374713303552,44
False,2,2,False,1.3106682862295873,23
True,3,5,False,0.7059818468683237,102
True,3,1,True,0.17644106344600424,32
True,2,1,False,0.8205246158015804,28
False,3,5,False,0.3233916132428539,12
False,2,5,False,0.9052504814592228,123
False,3,5,False,0.25576758084338314,9
True,2,2,False,1.3382541176838385,34
True,3,5,False,0.09722334259077867,46
True,3,5,False,0.9914575344451682,123
False,3,1,False,0.34679658323867024,15
True,2,3,False,1.776548305626564,67
True,3,1,False,0.12137200319371615,26
True,1,5,False,0.1452344367849158,19
True,3,1,False,0.9583635581885004,129
True,2,2,False,0.9025508073290911,185
True,2,3,False,1.0254101917370495,71
False,2,1,False,1.9678267143692216,27
True,3,5,False,0.05881368781533475,119
True,1,1,False,0.3492825613851663,108
True,2,5,False,0.23236261084756682,15
True,1,4,False,1.6437489057332926,93
False,1,2,False,0.7764143499400794,64
False,2,4,True,0.8826405033986346,25
False,1,2,False,1.0879946816428718,114
True,2,3,False,0.7611084023346579,75
True,2,2,False,0.6278927491875003,125
True,1,1,True,0.3641160095811484,16
True,2,1,True,0.7998193199358958,11
True,2,1,False,1.3852816507597778,35
True,3,3,False,1.2472251152885514,97
False,2,5,False,0.17924953411828923,19
True,2,5,False,0.20404812460025054,116
True,1,4,False,0.6554998103417466,47
False,1,5,False,0.940575529537254,106
True,1,3,False,0.4982616257331287,100
True,3,5,False,1.0472702853045774,105
True,2,1,False,0.5819676647585221,148
False,1,1,False,1.3078598155573022,25
True,3,2,False,1.96692292589184,137
False,2,2,False,0.831940873787751,66
False,3,2,False,0.3853987042977547,128
True,2,2,False,2.011828183688569,19
False,2,1,False,0.37920436410226316,15
False,3,1,False,0.776991748791001,103
True,3,1,False,1.0914893477082317,65
True,1,1,False,1.2877319185425389,33
True,1,5,False,0.7121761870638152,157
True,2,4,False,0.24125662517319002,94
True,2,1,False,2.1152458664748393,21
False,2,4,False,0.17924953411828923,11
True,1,3,False,0.0,95
True,3,1,False,0.9679437679071984,118
True,2,2,True,0.3060721869003758,58
False,3,5,False,0.9762603833819,115
False,2,1,False,2.3414141371269146,19
False,1,2,False,0.7260009473409335,34
True,1,4,False,0.48813019169095,54
True,3,4,True,0.43570331035474735,30
True,1,2,False,0.3971011892956629,90
True,1,2,False,0.1820580047905742,102
True,2,2,False,1.0645897116470555,166
True,1,5,False,0.485321721018665,90
True,3,5,False,0.7238786720617234,63
True,3,2,False,1.3466795297006935,35
False,1,1,False,2.2358741790614345,23
True,3,5,False,0.855632070795305,92
False,2,5,False,0.9383444577158906,145
True,1,1,False,0.8790370407911213,85
True,3,3,False,0.7673027425301495,133
True,2,1,False,1.241825767028288,17
True,3,4,False,0.18825234498606577,146
False,3,1,False,1.7878909848578575,143
True,3,5,False,0.367501879104355,3
False,3,5,False,0.25857605151566815,17
True,1,4,False,0.8790370407911213,97
False,3,5,False,0.25857605151566815,13
True,1,4,True,0.3641160095811484,25
False,2,5,False,0.5915478744772202,172
False,2,4,False,0.8859175763796878,156
True,2,2,True,0.43570331035474735,18
True,1,5,False,0.766725343679228,81
True,1,5,False,0.1452344367849158,40
True,3,5,False,2.0613377978103333,18
True,2,3,False,0.9087451475245826,116
True,3,2,False,0.35849906823657846,86
True,1,4,False,0.9059366768522976,98
False,3,5,False,0.6784473167421797,84
True,2,3,False,0.16458237767850667,140
False,3,5,False,0.17924953411828923,6
False,3,3,False,1.0314745056903927,120
False,2,4,False,0.8177161451292955,129
False,1,1,False,1.7090330697692466,14
True,3,1,False,1.1382992876998645,122
False,3,1,False,0.600285688033254,72
True,2,5,False,0.614375445622115,128
True,2,4,False,1.334650655076325,83
False,3,1,False,0.3026863173771692,20
True,3,3,False,0.1820580047905742,97
True,3,1,False,0.5295407834223195,60
False,2,3,False,0.8320095077151819,113
False,2,2,False,0.5411344718780743,151
False,3,5,False,0.5943563451495052,153
True,3,2,False,0.6149528444730366,140
True,2,1,False,0.7266871427340084,78
True,1,4,False,0.08822053172300212,73
False,2,2,False,0.8963564671335995,21
False,3,5,False,0.27027853651357636,7
False,3,5,False,1.0727975305796038,84
False,3,4,False,0.6411662851411379,100
False,3,2,False,0.9086363509824292,159
False,3,3,False,1.140998961829996,120
True,3,2,True,0.8466292599275285,31
False,2,2,False,0.2904688735698316,162
True,1,1,True,0.17644106344600424,15
True,1,2,False,1.5292061368000358,122
True,3,5,False,0.6969790360005471,154
True,1,1,False,0.8294186301272037,129
True,2,3,False,1.7213129536180765,132
False,1,2,False,0.8790370407911213,86
True,1,2,False,1.530001128735264,30
False,3,3,False,0.27027853651357636,125
True,2,1,True,0.43570331035474735,16
False,3,5,False,0.9528554133860836,145
True,3,4,False,1.3402675964208952,30
True,2,1,True,0.3528821268920085,67
False,3,1,False,0.3708877486275616,141
True,1,1,True,0.7530093799442631,14
True,1,2,True,0.6701881964815242,34
True,1,2,False,0.9850456011653699,104
True,1,2,False,0.12963112345437156,81
True,1,2,True,0.43570331035474735,11
True,3,5,False,0.8149076744570105,109
True,1,2,True,0.17644106344600424,56
True,3,5,False,1.1555099175001893,142
True,3,4,False,0.9500469427137987,127
False,2,3,False,1.1824095535613655,172
True,1,1,True,0.5405570730271527,14
True,3,5,False,0.7086815209984553,145
False,1,2,False,0.6644624585948009,140
True,1,2,False,0.3350940982407621,68
True,2,4,False,1.009354359638568,147
True,1,4,False,1.2824413668244292,67
False,2,5,False,0.32058314257056897,8
True,3,2,False,1.100383362033855,99
True,3,4,False,1.1058915068362716,104
True,3,3,False,0.5529457534181358,165
False,2,5,False,0.8862400689054768,115
True,1,2,True,0.49374713303552,11
True,1,3,True,0.7530093799442631,72
True,1,4,False,0.3962375634330035,50
False,3,4,False,0.3233916132428539,16
True,1,4,True,0.9294504433902673,23
True,3,3,False,0.08642074896958103,146
False,1,1,False,1.4493022205517352,26
True,2,5,False,0.8294186301272037,145
True,2,2,False,0.1530360934501879,103
False,1,2,False,1.7706803550575325,30
False,2,2,False,1.1121946435739165,30
True,3,5,False,0.44401992582944894,20
True,3,1,True,0.7530093799442631,42
True,1,1,False,1.0672893857771872,95
True,3,3,False,0.4771139020861168,91
True,3,3,False,0.6590631103345377,131
False,1,1,False,1.026673785981046,19
False,3,5,False,0.367501879104355,10
True,2,5,False,0.9411529283881755,123
True,3,3,False,1.83470092484949,60
False,2,1,False,2.0387278197497456,5
True,2,1,False,0.25576758084338314,75
True,1,2,False,0.2826672169045594,99
False,2,1,False,1.8235758387025034,29
True,1,4,False,0.8936567930034679,42
False,3,3,False,0.6287776047501548,171
True,3,5,False,0.9176391618502058,87
True,3,1,False,0.6081811054266235,98
False,2,2,False,1.267930411154236,34
True,1,2,False,0.8935479964613146,16
True,2,3,False,0.5143436323590513,47
True,3,4,False,0.853509795516095,154
True,3,4,False,0.1176273756306695,107
False,1,2,False,1.4141947655580107,7
False,3,5,False,0.4116121449658561,22
True,3,2,False,1.4796965226782715,16
False,3,5,False,0.367501879104355,14
True,3,1,True,0.6233782564898915,40
False,3,4,False,0.6053726347543384,109
True,2,4,True,1.2355226302906432,18
True,3,1,False,0.859126736860665,169
True,1,1,False,1.749757466107541,22
False,3,5,False,0.2261682706520753,16
False,3,5,False,0.33367924805462207,44
False,1,1,False,1.7678718843852474,34
True,3,3,False,0.6969790360005471,146
True,3,5,False,0.9976518746406596,120
False,3,5,False,0.13513926825678818,10
True,1,4,False,0.24687356651776,89
False,1,2,False,1.2355226302906432,152
True,1,3,False,0.5138649390636729,88
False,1,2,False,0.7473924385996931,141
True,3,2,False,0.3322856275684771,128
True,1,4,False,1.6257432839977395,178
True,3,5,False,0.7143134981570815,114
True,1,1,False,0.16458237767850667,74
True,2,2,False,0.4633103715089937,140
True,2,5,False,0.4116121449658561,16
True,3,5,False,0.6969790360005471,67
True,3,1,False,0.25857605151566815,12
True,2,1,True,0.5653344338091189,27
False,3,2,False,1.585018887659445,187
True,3,2,False,1.0141763090479095,41
True,2,3,False,1.0211656411786294,133
False,1,4,False,0.7203840059963634,158
True,3,5,False,0.35299092343416183,24
True,2,5,False,0.8968250694423677,104
True,3,1,False,0.9142532923269993,113
True,3,1,False,0.4413202516993173,64
True,3,1,False,1.1327911428974478,78
True,3,4,False,0.3999096599679479,8
False,3,1,False,2.0028253728207925,47
True,2,4,False,0.7455201248181699,87
False,2,5,False,0.22335979997979027,18
True,3,3,True,0.38889337036311467,25
True,2,1,False,0.37650468997213155,89
True,1,2,False,0.34748277863174526,76
False,3,4,False,0.3233916132428539,6
False,1,5,False,0.7383896277319166,111
False,3,2,False,1.181832154710444,21
False,3,5,False,0.13513926825678818,15
False,3,1,False,0.3143888023750774,18
False,1,2,False,0.8949203872474645,88
False,2,5,False,1.9587151069592916,37
False,2,4,False,0.17924953411828923,10
True,3,5,False,0.30247262139353365,90
True,1,2,False,1.3079686120994556,19
False,2,2,False,1.7642684217777342,23
False,1,2,False,1.8918860664950492,25
False,3,5,False,0.32058314257056897,20
True,1,5,False,0.3350940982407621,81
False,1,2,False,1.5713029239244802,20
True,3,5,False,0.7881168349379877,49
True,2,4,False,0.7880080383958342,143
True,2,5,False,1.0623586398256921,170
False,3,1,True,0.7417754972551232,47
True,3,2,False,1.1299826722251627,100
False,3,5,False,0.19995482998397396,8
True,3,4,False,0.6970878325427006,106
False,2,2,False,1.7228578300463648,30
True,1,1,False,0.5826538601515971,150
False,3,2,False,0.6301499955363047,107
True,1,5,False,0.8701430264654981,78
True,3,1,False,0.4798135762162484,46
True,1,1,False,1.463704379679775,27
True,1,3,False,0.08822053172300212,115
False,3,5,False,0.34679658323867024,13
False,3,3,False,0.9528554133860836,105
False,1,1,False,1.8559836195660964,33
True,2,1,False,1.1327911428974478,78
False,2,1,False,1.4789015307430433,9
True,3,5,False,1.2941438518223374,134
True,1,2,False,0.2666064399786319,41
False,1,1,False,1.6878591715947937,16
True,3,1,False,1.3781835220869045,183
True,2,1,False,0.811521804933804,119
True,2,1,False,0.0,73
True,2,1,False,1.4651855670080784,20
True,3,4,False,0.2160518724239526,124
True,3,4,False,0.29781306663972035,99
True,3,4,True,0.43570331035474735,33
True,1,3,True,0.8714066207094947,30
False,3,1,False,0.34679658323867024,7
True,3,4,False,0.3648858747157105,45
False,3,5,False,1.0410759451090859,88
True,3,5,False,1.1120858470317632,148
True,3,3,False,1.0879946816428718,74
False,1,1,False,1.5858138795946732,36
True,1,2,False,1.5789333440061069,19
True,2,4,False,0.8577543460745151,97
False,2,1,True,0.7417754972551232,22
True,2,5,False,0.5881620049540137,106
False,3,1,False,0.27027853651357636,3
False,3,5,False,0.35299092343416183,10
True,3,4,False,0.2233960654938414,64
True,3,2,False,0.3686305022787572,24
True,3,5,False,0.40610400016343945,90
True,3,1,False,0.25576758084338314,2
True,2,3,True,0.38889337036311467,48
True,3,4,False,0.1820580047905742,94
False,2,5,False,0.8122080003268789,100
True,1,4,False,0.9293416468481139,128
True,1,2,False,0.1530360934501879,67
True,1,1,False,0.1530360934501879,83
True,1,1,True,0.2592622469087431,76
False,1,3,False,0.21785165517737368,159
True,2,5,False,1.5932267065919932,44
True,2,5,False,0.0,105
True,1,5,False,0.8295274266693571,65
True,1,5,False,0.46541141708820866,3
False,2,2,False,1.011476634917778,28
False,3,5,False,1.356150942877238,158
True,3,5,False,0.3026863173771692,8
True,3,2,False,1.0852950075127403,191
False,2,5,False,0.29098383237926106,9
False,1,2,False,1.6883277739035618,3
True,2,1,True,0.12963112345437156,12
True,1,2,True,0.3641160095811484,18
True,2,1,False,1.1969205092315587,84
True,2,2,True,0.48251325034638004,18
True,3,3,True,0.49374713303552,73
True,3,5,False,0.46742489582526525,43
False,3,5,False,0.7097990054594726,85
False,3,5,False,0.13513926825678818,16
True,3,1,False,0.9348497916505305,9
True,2,2,False,0.0,97
True,3,5,False,0.761794597727733,98
True,1,5,False,0.6211471846685281,107
False,3,5,False,0.3088806575726608,3
True,1,5,False,0.9735607092517684,100
True,2,5,False,0.9148306911779208,161
True,2,4,False,0.9432752036673855,161
True,1,4,False,1.144493627895356,99
False,1,1,False,0.9935798097243782,12
True,1,5,False,1.250610984811758,126
True,1,5,False,0.43512591150382574,109
False,2,2,False,0.9115536181968676,169
True,3,2,True,0.6949655572634905,67
True,3,5,False,0.235254751261339,71
False,1,1,False,1.782165246971134,5
True,3,2,False,0.16754704912038104,133
False,3,4,False,1.5678082578591204,139
True,2,5,False,0.5267323127500345,139
True,1,1,False,1.6208125380462444,36
True,3,3,False,0.3254201277939667,100
True,2,2,False,0.6969790360005471,87
True,1,5,False,0.33367924805462207,128
False,3,4,False,0.23236261084756682,11
True,1,4,False,1.0141763090479095,86
False,3,5,False,0.32058314257056897,19
False,3,5,False,0.23236261084756682,17
True,1,5,False,0.2942135011328782,58
True,1,3,True,0.43570331035474735,46
True,3,5,False,1.0651671104979772,109
False,3,5,False,0.34679658323867024,19
True,3,5,False,0.600285688033254,96
True,1,3,False,0.3492825613851663,81
False,3,5,False,0.3060721869003758,139
False,2,1,False,1.0286872647181027,32
True,2,3,True,0.49374713303552,21
False,3,4,False,0.6935931664773405,117
True,1,2,True,0.38889337036311467,13
True,3,1,False,0.7853083642657026,140
True,1,2,False,1.5706167285314052,21
False,2,2,False,1.8498980759127581,19
True,2,1,False,0.16458237767850667,48
True,2,5,False,0.5501372827458508,141
True,3,3,False,1.0796780661681702,149
False,2,5,False,0.6349719449456463,137
True,2,4,False,0.779800219463286,165
True,1,4,False,0.33367924805462207,21
True,2,2,False,0.12963112345437156,82
True,3,2,False,0.5357351236178111,124
True,3,3,False,0.2784651257461295,76
True,2,2,False,0.6211471846685281,74
False,3,1,False,0.42331462996376423,140
False,1,2,False,0.3999096599679479,174
True,2,4,False,0.930027842241189,38
True,3,4,True,0.3528821268920085,78
False,3,5,False,0.37920436410226316,7
True,3,1,True,0.43570331035474735,26
True,3,4,False,0.1820580047905742,84
True,3,2,False,0.32167550023092,37
False,1,2,False,1.5031014926740878,14
False,1,2,False,1.0170935762623479,91
True,3,2,False,1.1265968027019562,160
True,1,5,False,0.44770705817844947,85
False,2,5,False,0.8646348816630816,135
True,3,2,False,0.9121310170477892,128
True,3,5,False,0.8887260470519729,111
False,2,1,True,1.2602999910726094,40
True,1,5,False,0.21965143793079475,22
True,2,1,False,0.9057190837679909,157
False,2,1,False,1.856201212650403,16
False,3,1,False,0.4116121449658561,6
False,1,5,False,0.8178249416714489,108
False,2,5,False,1.2176258050972435,126
True,3,5,False,1.2382223044207747,169
True,3,1,False,0.2666064399786319,94
False,2,2,False,1.8125595490976703,16
True,3,5,False,0.36188493775978503,74
True,3,1,False,1.6588372602544075,22
False,1,2,False,2.1096289251302696,38
False,1,2,False,1.5994210467874848,27
True,2,5,False,1.0472702853045774,182
True,3,5,False,0.899742336656806,127
True,1,1,False,0.3254201277939667,108
True,3,4,False,0.7853083642657026,86
True,3,5,False,1.0410759451090859,103
True,3,5,False,0.5825450636094437,111
False,1,4,False,0.8171387462783739,162
True,3,1,False,0.614375445622115,18
True,3,5,False,0.9121310170477892,126
True,2,1,True,0.6949655572634905,54
True,3,4,False,0.3088806575726608,18
True,2,5,False,0.4826583124025845,45
False,2,5,False,0.5970560192796368,134
False,3,2,False,1.2197480803764535,16
False,3,4,False,0.244065095845475,16
True,2,5,False,1.1031918327061399,117
True,3,4,False,0.8880398516588979,137
True,3,4,False,1.0417621405021606,132
True,3,1,False,0.9700660431864085,85
True,1,1,False,0.565334433809119,64
False,2,1,False,1.7319694374562946,38
True,3,3,False,1.0445706111744457,117
False,2,2,False,0.8907395257890295,8
False,3,1,False,1.3058463368202455,25
True,2,5,False,0.8293098335850503,136
False,1,1,False,1.261627274416591,24
False,1,1,False,2.006102445801846,14
True,3,1,False,1.161486664611374,59
True,1,3,False,0.6915796877402839,112
True,3,4,False,1.341171384898277,79
False,3,5,False,0.18844481126970627,145
False,3,1,True,0.6949655572634905,3
True,3,4,False,1.0851862109705868,169
True,3,1,True,0.9294504433902673,24
False,3,1,False,0.34679658323867024,6
True,1,4,False,0.20404812460025054,105
True,2,2,True,0.5653344338091189,78
True,1,5,False,0.565334433809119,140
False,1,2,False,1.4167856431459889,32
True,1,5,False,1.1500017726977725,115
True,3,2,True,0.8466292599275285,66
False,2,4,False,0.8695656276145766,51
False,1,3,False,1.284923447870254,115
True,2,1,True,0.43570331035474735,16
True,3,1,False,1.188603893756857,93
True,3,1,False,0.8501239259928884,106
True,1,3,False,1.1209798613573863,130
False,3,5,False,0.22335979997979027,12
True,2,2,False,0.21785165517737368,79
True,2,4,False,0.3033725127702442,82
False,2,5,False,0.2261682706520753,21
True,3,5,False,1.5518161148606238,100
False,3,2,False,0.9853719907918299,89
True,1,2,False,0.06481556172718578,83
True,2,1,False,0.244065095845475,19
True,3,5,False,0.3143888023750774,15
True,1,1,True,0.49374713303552,14
True,2,4,False,0.685276551002639,89
False,1,2,False,1.0699890599073187,5
True,2,5,False,2.0441271680100086,99
True,3,2,True,0.7998193199358958,17
False,2,2,False,1.2617360709587444,33
True,2,3,False,0.8589091437763583,58
True,1,4,True,0.7530093799442631,13
False,2,4,False,0.6734652694625775,127
True,3,2,False,0.8618264109907965,174
True,2,4,True,0.9294504433902673,3
True,3,5,False,0.7500921127298248,92
True,3,5,False,1.2500335859608362,139
False,2,5,False,1.3940668685432476,82
True,1,1,False,1.3849552611333176,156
True,3,4,False,0.7998193199358958,90
False,3,1,False,1.0678667846281087,72
False,3,1,False,1.8669999091709295,69
True,3,1,False,0.9555550875162153,84
False,1,1,False,1.528519941406961,29
False,3,1,False,0.3999096599679479,10
True,3,5,False,0.3233916132428539,24
True,2,3,False,0.24125662517319002,84
False,2,1,False,0.19995482998397396,18
True,3,3,False,1.3644675583519397,155
False,3,5,False,0.35299092343416183,21
True,1,2,False,1.0286872647181027,10
True,2,5,False,0.9417303272390971,129
True,1,3,True,0.0,19
False,2,3,False,0.3060721869003758,79
False,1,1,False,1.787782188315704,32
False,3,1,False,0.48474432216774344,185
True,3,5,False,0.9059366768522976,112
False,2,1,False,0.44401992582944894,9
False,1,2,False,2.1324564962751644,32
True,3,4,False,0.6770687320700908,60
True,1,1,True,0.43570331035474735,13
True,3,1,False,1.1618130542378342,68
False,1,5,False,0.9769465787749749,119
True,3,1,False,0.27027853651357636,10
True,2,1,False,0.5497311204785746,155
True,3,5,False,1.1796010828890806,136
True,2,1,False,1.1478794974185627,160
True,3,5,False,0.17644106344600421,115
True,2,2,False,1.0410759451090859,120
True,3,3,False,0.31168912824494577,70
True,3,1,True,0.3060721869003758,24
True,3,5,False,0.655677240811331,126
False,2,5,False,1.2003063787547652,164
True,1,4,False,0.2904688735698316,51
False,1,2,False,1.0343042060626726,21
False,2,1,False,2.1180543371471243,29
True,2,5,False,0.9355359870436055,125
True,1,3,False,0.4523365413041506,147
True,1,2,False,0.7266871427340084,103
True,2,1,False,1.4402994096839588,25
True,3,3,False,0.5150298277521264,23
True,3,1,False,1.002365027507848,101
False,2,5,False,0.244065095845475,18
True,3,5,False,0.8942341918543895,99
False,3,5,False,0.37920436410226316,10
True,3,5,False,0.8412299116672652,108
False,3,5,False,0.9005373285920344,42
False,2,2,False,1.6761566865968853,109
True,3,3,False,0.2529591101710982,133
False,3,2,False,0.19444668518155733,133
False,3,2,False,0.9935798097243782,17
True,3,2,False,0.2510031266480877,52
True,1,4,False,0.3060721869003758,163
False,1,5,False,1.303146662690114,151
False,3,5,False,0.17924953411828923,18
True,3,5,False,0.9562412829092903,83
False,3,1,False,0.2764728767090679,12
True,3,4,False,0.658485711483616,144
True,3,1,False,0.34748277863174526,76
False,2,4,False,0.244065095845475,17
True,3,2,True,0.7530093799442631,39
True,2,2,True,0.3060721869003758,68
True,3,4,False,0.367501879104355,5
True,1,2,True,0.7530093799442631,73
True,3,5,False,1.011476634917778,116
False,2,4,False,0.8701430264654981,114
True,1,3,False,0.1530360934501879,108
False,3,4,False,0.35849906823657846,104
True,3,2,False,1.0348816049135943,77
False,1,1,False,1.3210434878835136,20
True,1,3,False,0.1820580047905742,101
True,3,4,False,0.9347409951083772,81
False,3,1,False,0.7059818468683237,113
False,1,2,False,1.81468182437688,16
True,2,5,False,0.6618715810068226,109
False,3,1,False,1.3527650733540315,39
True,3,5,False,0.27027853651357636,16
True,1,3,False,1.1914123644291421,115
False,1,3,False,1.3844866588245495,43
True,1,3,True,0.7169981364731569,37
False,3,3,False,0.9942660051174531,109
True,2,5,False,0.25857605151566815,7
True,3,4,False,1.1852180242336505,114
False,3,5,False,1.1500017726977725,184
False,2,5,False,0.655677240811331,163
False,2,5,False,0.244065095845475,16
True,1,2,True,0.5405570730271527,44
False,3,5,False,0.3999096599679479,23
True,1,4,False,0.4502142660249405,157
True,3,2,False,0.6150616410151899,160
True,3,2,False,1.7089242732270933,79
False,3,1,True,0.6121443738007516,36
True,3,4,False,0.19995482998397396,12
True,2,2,False,0.8446157811904718,172
True,3,1,False,0.25857605151566815,8
True,1,1,False,1.4112774983435725,19
False,3,1,False,0.3233916132428539,15
False,1,2,False,1.2652307370241043,39
True,1,3,False,0.27027853651357636,87
True,3,3,False,0.1820580047905742,110
True,2,4,False,2.182074906939082,119
True,2,4,False,0.23899937882438563,124
True,1,1,False,1.2665580203680862,25
True,2,5,False,0.16754704912038104,5
False,1,2,False,1.9263073260956987,21
True,3,5,False,0.28817536170697605,164
False,2,1,False,1.538100151125659,39
False,3,4,False,0.7299168114876254,171
True,3,5,False,0.35299092343416183,19
True,2,2,False,0.6763825366770158,95
True,1,2,True,1.1058915068362716,21
False,2,2,False,1.2196392838343,27
False,3,4,False,0.947347268583667,129
False,2,2,False,1.599529843329638,23
False,3,5,False,0.7455201248181699,101
True,3,5,False,0.19714635931168895,150
True,3,4,False,0.1801856910090509,70
True,1,2,True,0.9294504433902673,26
True,2,5,False,0.947347268583667,150
True,3,1,False,1.1086999775085566,124
True,3,5,False,0.7500921127298248,80
True,3,1,False,0.6411662851411379,134
True,2,4,False,0.1820580047905742,102
True,3,5,False,1.147302098567641,139
False,3,5,False,0.3999096599679479,11
True,1,2,False,1.1204024625064648,11
False,3,4,False,0.3088806575726608,7
False,2,3,False,1.3790873105642862,147
False,1,2,False,1.4828647991171713,90
True,1,3,False,0.439447937917794,98
True,3,5,False,0.24687356651776,79
True,1,4,False,1.1210886578995396,151
True,1,4,False,0.34748277863174526,101
False,2,2,False,1.4589912268125866,38
False,1,1,False,2.2062748688701266,28
True,3,1,False,0.9031282061800125,118
True,2,1,False,0.2233960654938414,5
False,2,4,False,1.2932400633449557,43
False,1,1,False,1.0258787940458176,35
False,3,2,False,1.4466025464216037,75
True,2,2,False,0.2592622469087431,76
True,1,2,False,0.36128630920886834,58
True,3,5,False,1.0176709751132695,86
True,3,3,False,0.7052956514752488,118
False,3,1,False,0.44401992582944894,18
False,1,2,False,1.4175806350812175,41
True,3,1,False,0.9349585881926841,113
False,2,1,False,1.6518479281236873,38
False,3,4,False,0.5239238420777494,111
False,3,1,False,1.3354456470115534,184
True,2,5,False,2.1937773919369903,130
True,3,2,False,2.018022523884061,28
False,1,2,False,1.5996386398717917,7
False,1,5,False,0.73849842427407,101
False,3,4,False,1.7174584817861016,83
False,2,2,False,1.188603893756857,162
True,2,3,False,1.0735925225148322,114
True,3,4,False,0.1820580047905742,98
False,2,3,False,1.3677446313329928,32
True,1,5,False,0.2826672169045594,90
True,3,1,True,0.0,23
True,3,1,False,1.2148173344249584,110
True,3,1,False,0.35579939410644684,9
True,3,4,False,0.2261682706520753,15
False,3,5,False,0.367501879104355,14
False,3,5,False,0.19995482998397396,5
True,1,2,False,0.31168912824494577,76
True,1,2,False,0.2261682706520753,161
False,2,2,False,1.3562597394193916,22
False,3,5,False,1.8028705428368186,36
False,2,3,False,0.7796914229211327,137
True,3,4,False,1.2176258050972435,89
True,1,3,True,0.8466292599275285,20
True,3,3,False,0.9238335020456974,139
True,2,2,False,0.3350940982407621,76
True,1,1,False,1.6346372983233628,7
False,1,1,False,1.4256796574716122,42
False,3,4,False,1.1299826722251627,55
True,1,2,False,0.3350940982407621,104
True,1,1,False,1.0797868627103235,59
False,3,5,False,0.28817536170697605,9
False,1,2,False,1.8676861045640045,32
True,3,4,False,1.4110599052592658,105
True,3,5,False,1.0148625044409845,135
True,3,4,False,0.37369621929984653,81
False,3,1,False,0.5957711953356453,107
True,1,2,False,0.46472522169513364,76
False,3,2,False,0.8680207511862881,71
True,3,5,False,0.8825317068564813,84
True,2,3,False,0.7177931284083853,136
True,3,5,False,0.3999096599679479,20
True,1,3,False,1.4917588134427946,119
False,3,2,False,0.8122080003268789,70
True,3,1,False,0.7059818468683237,113
False,1,4,False,0.8239104853247871,72
False,3,5,False,1.1796010828890806,165
True,3,3,False,1.623043609867608,45
True,3,1,False,1.021056844636476,111
True,3,2,False,0.85282360012302,87
True,1,2,False,0.1820580047905742,77
True,1,3,False,0.17644106344600424,86
True,1,3,False,1.8380867943726966,102
False,2,2,False,1.2410307750930598,141
False,3,1,False,1.2444166446162663,100
True,1,2,True,0.5653344338091189,23
True,3,5,False,1.1237883320296713,71
False,3,1,False,1.9063970221652422,18
True,2,5,False,0.7915027044611942,151
True,3,5,False,0.244065095845475,14
True,2,3,False,0.8887260470519729,64
False,3,2,False,0.3350940982407621,117
True,2,3,False,0.08822053172300212,114
True,3,1,False,1.267930411154236,122
True,3,2,False,1.529674739108804,132
True,3,5,False,0.6278927491875003,63
True,2,2,False,0.8467380564696818,19
False,2,1,False,0.16754704912038104,14
True,1,5,False,0.43570331035474735,97
True,2,1,False,1.3768562387429228,128
False,2,5,False,0.5171521030313363,98
False,1,1,False,1.1142081223109732,30
False,3,5,False,0.37920436410226316,11
False,2,3,False,0.779114024070211,184
True,3,5,False,0.49091743266323995,48
False,1,4,False,1.6910274480336935,139
False,3,4,False,0.3233916132428539,9
True,3,5,False,0.3686305022787572,60
False,3,4,False,0.4413202516993173,100
False,2,2,False,1.508718434018658,17
True,3,2,False,0.7908165090681192,127
True,2,2,False,0.06481556172718578,94
False,3,5,False,0.899742336656806,165
True,3,4,False,0.9293416468481139,129
False,3,3,False,1.3665898336311497,172
True,3,1,False,1.4907128122831046,34
True,1,1,False,1.3324195832549617,162
True,3,1,True,0.7530093799442631,19
False,2,2,False,1.8003884617909938,37
False,3,2,False,0.9735607092517684,40
True,1,2,False,1.2673530123033143,89
True,3,3,False,1.1762152133658739,96
True,1,5,False,0.17644106344600424,90
False,3,5,False,0.25857605151566815,12
True,1,1,False,0.1530360934501879,78
True,1,5,False,0.5295407834223195,152
True,1,3,True,0.7998193199358958,18
True,2,4,False,0.4321037448479052,58
False,1,2,False,1.3051601414271705,81
False,3,5,False,0.9617494277117069,139
True,3,4,False,0.25576758084338314,15
True,1,1,False,0.85282360012302,97
True,2,2,True,0.8466292599275285,50
True,3,2,False,0.5570753135484635,91
False,1,4,False,1.1884950972147037,22
True,3,4,True,0.38889337036311467,18
False,2,5,False,0.3233916132428539,7
False,3,2,False,0.0,86
False,2,5,False,0.35299092343416183,20
False,3,4,False,0.27027853651357636,8
True,1,2,False,0.9149394877200742,110
True,1,2,False,1.197029305773712,31
True,1,2,True,1.2355226302906432,49
True,2,1,False,1.2493473905677615,31
True,3,4,False,0.5495598838949292,131
False,2,1,False,0.9499381461716454,88
True,1,4,True,0.5405570730271527,37
True,3,1,False,1.1118682539474563,79
False,3,5,False,0.3999096599679479,178
True,3,5,False,1.0465840899115024,90
True,1,4,False,0.0,72
False,3,4,False,1.0789918707750954,174
False,2,2,False,1.6824598233345305,16
True,3,2,False,0.5357351236178111,190
False,3,5,False,0.2764728767090679,9
True,2,5,False,0.367501879104355,17
False,2,1,False,0.367501879104355,10
False,3,1,False,1.4471799452725251,141
True,1,2,True,0.6233782564898915,20
True,1,1,False,0.2592622469087431,105
True,2,4,False,0.9645578983839919,171
True,1,3,False,0.27027853651357636,112
True,1,2,True,0.12963112345437156,66
True,1,2,False,1.0562730961723539,97
True,1,1,False,0.0,178
False,3,1,False,1.9318154708981152,8
False,1,5,False,0.9176391618502058,99
True,1,3,False,0.08822053172300212,102
True,3,2,False,0.8942341918543895,108
True,1,4,False,0.6439747558134229,59
True,2,5,False,0.6467832264857079,147
True,3,5,False,0.7383896277319166,120
False,1,1,False,1.7372599891744047,107
True,1,2,False,0.2160518724239526,138
True,1,5,False,0.3882071749700397,50
False,1,1,False,2.211783013672543,7
True,2,3,False,0.1820580047905742,80
False,3,2,False,1.427052048257762,100
True,3,2,False,0.6033591560172817,106
True,3,1,True,0.0,25
True,2,2,False,0.46472522169513364,61
False,1,2,False,1.908410500902299,24
True,2,2,True,1.1058915068362716,65
True,2,5,False,2.0785484276106585,96
False,2,2,False,1.636118485651666,25
True,1,5,False,0.4789136848395379,20
False,3,2,False,2.2503851347316273,6
True,3,5,False,0.3026863173771692,7
False,3,5,False,1.2824413668244292,194
True,1,5,False,0.5240326386199028,69
True,1,5,False,0.8411211151251119,110
False,1,1,False,1.8593694890893029,43
True,3,5,False,1.0762921966449637,131
True,3,5,False,0.5736510492838205,121
False,2,5,False,0.5798453894793121,152
True,1,5,False,0.5708425786115355,140
False,1,5,False,0.36469340843207,126
True,1,1,False,0.5295407834223195,122
True,2,2,False,0.46742489582526525,127
False,3,5,False,0.21165731498188212,8
True,3,2,False,0.06481556172718578,83
True,2,2,False,0.9210250313734123,161
True,3,4,False,1.2796328961521442,130
False,1,2,False,1.0998059631829333,37
True,3,1,False,0.44770705817844947,57
False,3,4,False,0.27027853651357636,9
True,3,4,False,0.29098383237926106,6
False,1,2,False,1.6201263426531696,33
False,2,2,False,1.685159497464662,15
False,3,5,False,0.26477039171115974,9
False,3,3,False,1.4285969246860506,96
True,3,5,False,1.5561057728612122,130
True,2,1,False,2.0532387754199384,37
True,3,4,False,0.5798453894793121,123
True,2,5,False,0.37920436410226316,63
False,3,2,False,0.9210250313734123,185
True,3,3,False,0.27027853651357636,81
True,3,2,False,0.29781306663972035,170
True,1,2,False,0.19714635931168895,94
False,1,1,False,0.690893492347209,17
True,1,4,False,1.0024738240500013,135
False,2,3,False,0.6770687320700908,157
False,1,2,False,1.5553107809259838,41
True,1,4,False,0.1176273756306695,125
True,3,4,False,1.261158672107823,109
True,1,1,True,0.2592622469087431,24
True,1,1,False,1.052778430106994,109
False,3,1,False,0.3143888023750774,17
True,3,2,False,0.9673663690562768,88
True,3,5,False,0.6915796877402839,154
True,2,3,False,1.0533558289579155,130
True,3,4,False,0.08822053172300212,78
False,3,4,False,0.2764728767090679,19
False,3,1,False,1.7325468363072163,15
True,2,2,False,1.373830174986331,122
False,1,1,False,1.958823903501445,32
False,3,5,False,0.32058314257056897,16
True,2,5,False,0.5329266529455261,132
True,3,2,True,0.49374713303552,22
True,2,2,False,0.6554998103417466,46
False,1,1,False,1.9565928316800816,24
True,3,5,False,0.5853535342817286,87
True,1,5,False,0.5065207459937842,71
True,1,2,False,0.9873854695288866,12
True,3,4,False,0.27027853651357636,12
True,1,3,False,1.0149713009831378,136
False,2,5,False,0.73500375820871,145
True,1,2,False,0.0,96
True,3,5,False,0.5221240593243284,41
True,3,4,False,1.0762921966449637,111
True,3,4,False,0.16754704912038104,14
False,2,1,False,0.25857605151566815,8
True,1,2,True,0.5185244938174862,62
True,2,1,False,1.7092506628535533,18
False,2,5,False,0.3026863173771692,13
True,3,3,True,0.5405570730271527,51
True,1,1,False,0.12963112345437156,30
False,2,2,False,1.8084874841813887,28
False,3,1,True,1.083858927626605,54
False,3,1,False,1.7354641035216547,28
False,2,1,False,0.3088806575726608,12
True,1,2,False,1.6644542015989774,5
True,2,5,False,0.7114899916707402,151
True,1,5,False,0.2261682706520753,127
True,3,3,False,0.27027853651357636,81
False,1,2,False,1.1680073944333258,74
False,3,3,False,0.2592622469087431,161
False,2,5,False,0.367501879104355,18
True,3,4,False,1.1762152133658739,93
True,3,3,False,0.27027853651357636,110
False,3,5,False,1.0746848801751832,126
True,3,5,False,0.8590179403185116,91
True,3,5,False,1.147302098567641,114
False,1,2,False,0.412298340358931,134
True,3,3,False,1.0177797716554229,163
True,3,5,False,0.7410893018620481,100
True,3,2,False,0.600285688033254,136
True,1,3,True,1.1058915068362716,47
True,1,4,True,0.6233782564898915,28
False,2,1,False,1.47000751641742,32
False,3,5,False,0.19995482998397396,12
True,3,5,False,0.4205061592914792,133
True,1,1,False,0.3999096599679479,81
True,3,5,False,1.2411395716352132,109
True,1,5,False,1.2293282900951517,108
True,3,1,False,1.0623586398256921,133
True,1,2,False,0.5798453894793121,65
False,2,1,False,1.734560315044273,141
True,3,5,False,1.0238653153087611,103
True,1,1,True,0.17644106344600424,23
True,3,5,False,0.13513926825678818,86
False,3,5,False,0.6554998103417466,152
True,3,5,False,0.690893492347209,183
True,2,5,False,0.5818588682163688,183
False,2,3,False,1.1226335343278282,65
False,2,5,False,0.21165731498188212,13
False,1,4,False,0.9729833104008468,157
False,2,1,False,1.21751700855509,125
False,2,2,False,1.7931815365759671,32
True,1,5,False,0.8232242899317121,145
True,1,4,True,0.0,15
False,3,1,True,0.38889337036311467,39
False,3,2,False,1.5823192135293134,31
False,1,1,False,1.7173496852439483,14
True,3,3,False,0.35849906823657846,107
True,2,2,False,0.2619619210388747,89
False,2,5,False,0.244065095845475,20
False,2,2,False,0.9605946300098638,91
False,2,4,False,1.6318288276510777,56
True,1,5,False,0.5971648158217902,181
False,3,1,False,1.3055199471937853,117
True,1,1,True,0.2592622469087431,27
True,3,2,False,0.4413202516993173,65
True,3,5,False,1.312040677015737,108
True,1,1,False,1.4560739595981484,17
True,2,2,False,0.22955414017528183,70
True,3,2,False,0.7563952494674697,126
True,3,5,False,0.6239556553408132,97
False,3,1,False,1.4800563284448864,39
False,2,5,False,0.9087451475245826,108
True,2,5,False,0.7266871427340084,165
False,1,2,False,1.2906491857569775,73
True,3,4,False,1.0383762709789541,129
True,1,1,False,1.799484673313612,23
True,1,5,False,0.6259691340778698,109
True,3,4,True,0.43570331035474735,85
True,2,4,False,0.0,86
True,2,1,False,0.5570753135484635,32
False,3,5,False,1.1707070685634573,149
True,2,1,False,1.502415297281013,19
True,2,4,False,0.5825450636094437,138
False,3,1,False,0.37920436410226316,7
True,3,3,True,0.3528821268920085,45
False,2,5,False,0.73500375820871,171
True,3,5,False,0.9411529283881755,90
False,3,5,False,0.34679658323867024,19
True,3,5,False,0.8942341918543895,143
False,2,1,False,1.5208895213253344,9
True,1,3,False,0.42331462996376423,109
True,2,1,False,1.132104947504373,19
True,2,2,False,0.34748277863174526,75
False,3,4,False,1.012162830310853,122
True,3,1,False,1.446711342963757,89
False,2,5,False,0.7115987882128937,183
True,3,1,False,1.0734837259726788,90
True,2,3,True,0.6949655572634905,59
True,3,4,False,0.9031282061800125,136
False,2,1,False,1.5562145694033656,11
False,3,5,False,0.17644106344600424,146
True,3,3,False,0.17644106344600424,98
False,3,5,False,0.3143888023750774,11
False,3,2,False,1.3023516707548857,14
False,3,4,False,0.22335979997979027,16
True,1,5,False,0.28536689103469104,111
True,1,5,False,0.4789136848395379,104
True,1,1,False,0.7970108492636108,88
True,3,5,False,0.4670549990720403,49
True,2,2,False,1.8242620340955784,16
True,3,5,False,1.2058145235571818,176
True,3,1,False,1.267930411154236,140
False,3,5,False,0.23236261084756682,12
True,2,5,False,0.4005958553610229,9
False,2,2,False,1.082377740298302,122
False,1,2,False,1.0444618146322924,131
False,1,1,False,1.3175488218181537,96
False,3,2,False,1.238331100962928,23
False,2,1,False,1.5699305331383302,32
True,1,4,False,0.8032051894591024,97
True,3,2,False,0.6790822108071474,81
True,2,5,False,0.3492825613851663,17
False,3,2,False,0.635236942257389,125
True,1,2,True,0.17644106344600424,8
True,3,1,False,0.36130753890886347,163
True,3,3,False,1.0789918707750954,98
True,3,4,False,0.47065456457888244,137
True,2,3,False,0.8942341918543895,140
True,2,3,False,0.24125662517319002,80
True,2,1,True,0.5405570730271527,65
True,3,2,False,1.267930411154236,138
True,1,3,False,0.0,104
True,1,4,False,1.8289751869627666,61
True,2,5,False,0.6529775666811994,192
True,1,5,False,1.1411077583721494,89
True,3,5,False,0.35579939410644684,12
True,3,3,True,1.059081566844639,74
False,3,5,False,0.3350940982407621,8
True,3,4,False,1.1355996135697328,173
False,2,1,True,0.3060721869003758,15
True,2,2,False,0.4295089701592558,63
False,1,2,False,1.426583445948994,16
True,3,5,False,0.979068854054185,99
False,2,1,True,0.7777867407262293,26
False,3,2,False,1.558228048140422,108
True,1,2,True,0.8466292599275285,37
True,3,5,False,0.9500469427137987,35
True,1,1,False,0.7556002575322414,92
False,2,1,False,1.1963431103806372,3
True,1,2,False,0.2904688735698316,115
True,3,5,False,0.244065095845475,17
False,2,1,False,0.44401992582944894,14
False,1,5,False,1.0382674744368008,147
True,3,1,False,0.8763373666609897,117
True,2,3,False,0.35849906823657846,86
True,3,1,False,1.0417621405021606,143
True,3,5,False,0.49363833649336664,140
True,2,1,False,1.740863451781918,12
False,3,1,True,0.38889337036311467,27
False,1,1,False,1.4967983559364428,86
True,3,5,False,0.28817536170697605,21
False,3,1,True,0.6121443738007516,15
True,1,2,False,0.2592622469087431,73
True,3,4,True,0.8826405033986346,85
False,3,4,False,0.28817536170697605,8
False,1,2,False,1.8174902950491651,13
True,1,1,False,1.285249837496714,24
True,1,5,False,0.4502142660249405,135
True,2,1,False,1.020370649243401,101
False,2,2,False,1.1611268588447592,21
True,2,1,False,1.411495091427879,84
True,3,5,False,0.6322722708155147,134
True,3,5,False,0.7886942337889091,153
False,1,3,False,1.438285930946902,121
True,3,4,False,0.7455201248181699,149
True,1,3,False,0.08642074896958103,88
False,1,5,False,0.9493607473207237,172
True,1,5,False,0.6085448082939094,47
True,1,1,False,0.1530360934501879,85
False,1,1,False,1.844498727652495,15
True,3,2,False,0.6294638001432298,125
True,3,5,False,0.97975504944726,119
True,2,5,False,0.9590497535815752,118
True,3,4,False,0.37688962253941255,144
True,1,1,False,0.43570331035474735,140
False,3,5,False,0.42331462996376423,164
False,2,2,False,1.2789467007590694,86
False,3,1,False,0.7499833161876713,107
False,2,1,False,0.6357669368808747,161
True,3,2,False,0.3171972730473624,117
False,2,2,False,1.5561057728612122,22
False,3,4,False,0.25576758084338314,12
True,2,4,False,1.0141763090479095,79
True,2,5,False,0.5412432684202276,160
False,3,5,False,0.6177613151453216,83
True,3,5,False,0.4789136848395379,99
False,2,2,False,1.991231684365038,18
True,1,5,False,0.8032051894591024,138
False,3,4,False,0.2764728767090679,10
True,1,2,True,0.5653344338091189,13
True,1,1,False,1.9057108267721672,15
False,3,3,False,0.9735607092517684,114
False,3,2,False,1.579728335941335,7
False,2,5,False,0.7942023785913258,144
True,2,5,False,0.9735607092517684,152
False,3,5,False,0.35579939410644684,21
True,2,3,False,1.012162830310853,97
True,1,1,False,1.4317652011249504,33
False,1,2,False,0.7025959773451171,28
True,3,1,False,1.100383362033855,92
False,3,5,False,0.37920436410226316,9
True,3,5,False,1.1740929380866638,96
False,2,5,False,0.6293550036010763,150
True,2,2,False,1.4790103272851964,35
True,1,4,False,0.9204476325224908,127
False,3,1,False,0.9294504433902674,115
True,3,3,False,1.0410759451090859,120
True,2,3,True,0.3060721869003758,30
False,3,4,False,0.6446609512064978,152
True,2,1,False,0.6969790360005471,95
False,3,2,False,1.6147269943929063,21
True,2,5,False,1.3768562387429228,172
True,3,5,False,0.21965143793079475,141
True,3,5,False,0.8087133342615189,112
False,3,2,False,0.658485711483616,10
False,2,2,False,1.5769198652690501,18
False,2,2,False,1.1260194038510347,30
True,1,1,False,0.4413202516993173,66
True,1,4,False,0.3143888023750774,111
True,3,1,True,1.059081566844639,45
True,1,3,False,0.60944469967062,63
True,3,5,False,0.2764728767090679,11
False,3,1,False,0.9349585881926841,18
True,3,2,False,0.6818906814794323,157
True,1,2,False,1.6878591715947937,38
True,1,5,False,0.9501557392559521,116
True,3,2,False,0.5221240593243284,45
True,3,5,False,0.4116121449658561,9
True,2,2,False,0.06481556172718578,89
False,2,5,False,0.26477039171115974,17
True,3,3,False,1.2086229942294668,114
False,2,5,False,0.23236261084756682,9
False,2,1,False,1.6147269943929063,169
True,3,2,False,1.1914123644291421,73
True,1,1,True,0.43570331035474735,6
True,1,2,True,0.3060721869003758,25
False,2,2,False,0.8853401775287663,141
True,3,3,False,0.45505125124833823,78
False,2,1,False,0.17924953411828923,4
True,1,5,False,0.5585626947627058,145
True,2,5,False,0.13513926825678818,21
True,1,5,False,1.1762152133658739,83
False,3,5,False,0.3088806575726608,12
False,3,4,False,1.3754838479567728,127
True,1,3,False,0.08822053172300212,79
True,1,4,False,1.5940216985272215,93
True,1,1,False,0.4633103715089937,112
False,1,2,False,1.347256928551615,66
True,2,5,False,0.6239556553408132,148
False,2,1,False,1.419594113818274,4
True,3,4,False,2.0524437834847102,151
True,2,1,True,0.8714066207094947,32
True,1,2,False,0.9735607092517684,130
False,2,1,True,1.4947848771993861,33
True,3,5,False,0.61156697494983,112
True,1,4,False,1.3918357967218842,82
False,3,5,False,0.4116121449658561,21
False,3,4,False,0.32058314257056897,8
True,3,5,False,0.0,87
True,1,4,True,0.6701881964815242,9
True,3,5,False,0.45505125124833823,100
True,3,5,False,0.27027853651357636,87
False,1,1,False,0.7328814829295,115
True,2,1,True,0.5405570730271527,49
True,2,5,False,0.06481556172718578,92
False,3,4,False,0.21165731498188212,19
False,3,5,False,0.13513926825678818,16
True,2,4,False,0.2942135011328782,76
True,2,5,False,0.7204928025385169,78
True,1,1,False,1.2017424586409002,101
True,2,2,False,1.2976385178876972,14
True,3,5,False,1.3616590876796548,134
True,2,5,False,2.210988021737315,140
False,3,2,False,0.6384666110110062,148
True,3,4,False,1.0382674744368008,54
False,3,3,False,0.43118881765713857,138
True,2,3,False,0.4982616257331287,98
True,3,5,False,0.5690790613721656,62
True,3,3,False,0.3033725127702442,103
True,3,4,False,0.8880398516588979,92
True,3,3,False,1.1914123644291421,154
False,3,5,False,0.25857605151566815,21
True,3,4,False,1.1618130542378342,140
True,3,5,False,1.1707070685634573,98
True,3,5,False,1.1969205092315587,133
True,1,4,False,0.17644106344600424,108
False,3,4,False,0.8178249416714489,74
True,1,5,False,0.706090643410477,143
True,2,1,False,0.5736510492838205,140
True,2,5,False,1.263749549695801,95
True,3,1,False,0.8590179403185116,119
False,3,5,False,0.244065095845475,16
True,2,2,False,1.0879946816428718,144
True,1,4,False,0.17284149793916206,98
False,2,3,False,2.358515970385086,148
False,1,2,False,2.162055806466472,43
False,2,1,False,1.979997801675898,32
False,2,3,False,0.653554965532121,188
False,3,2,False,1.4470711487303718,44
True,1,3,False,0.8880398516588979,120
True,3,5,False,0.9941572085752997,104
False,1,2,False,1.3175488218181537,12
False,3,5,False,0.21165731498188212,12
True,3,2,False,1.2328229561605115,12
False,3,1,False,0.3026863173771692,18
False,3,1,False,0.19995482998397396,19
True,3,2,False,0.40260933409807953,100
False,3,1,False,0.25857605151566815,20
True,1,4,False,0.17644106344600424,106
False,3,3,False,0.6377804156179313,118
True,3,2,False,0.6322722708155147,109
True,2,1,False,0.8356129703226952,100
True,1,4,False,0.20779275216329718,96
False,2,2,False,1.1210886578995396,132
False,1,1,False,1.526180073043444,107
True,3,4,False,0.7915027044611942,79
False,3,5,False,0.19995482998397396,13
True,1,4,False,0.3492825613851663,113
True,1,3,False,1.2236025522084282,105
True,3,4,False,0.7377034323388416,53
False,3,5,False,0.6060588301474135,145
True,2,2,False,0.26477039171115974,107
True,3,5,False,0.685276551002639,146
False,2,5,False,0.5267323127500345,104
True,2,5,False,0.9700660431864085,122
False,2,5,False,0.3999096599679479,13
True,2,4,False,0.7143134981570815,129
True,2,4,True,0.38889337036311467,34
True,1,1,False,1.3554647474841632,35
True,2,5,False,1.0065458889662828,144
True,3,1,False,1.4141947655580107,28
False,2,2,False,1.034772808371441,33
True,2,2,True,0.7998193199358958,18
False,1,1,False,0.3240778086359289,149
True,2,4,False,0.47361923602075684,75
False,3,4,False,0.8625126063838715,112
True,2,1,False,0.4116121449658561,19
True,3,2,False,1.1175939918341797,133
True,1,4,False,0.1413336084522797,61
True,3,4,False,0.9390306531089655,164
True,2,4,False,0.5138649390636729,71
True,3,3,False,1.5738938015124584,163
False,1,2,False,0.5887394038049352,149
False,1,1,False,1.5118867104575577,130
True,2,1,False,0.6673584961092441,159
True,3,2,False,0.1530360934501879,83
True,2,5,False,0.17644106344600424,93
True,3,2,False,1.1265968027019562,105
False,3,5,False,0.2261682706520753,17
True,2,2,False,0.19444668518155733,75
True,3,4,False,0.8942341918543895,76
True,3,2,True,0.49374713303552,18
True,3,5,False,0.9969656792475847,112
True,3,5,False,1.114894317704048,129
True,2,1,False,0.23236261084756682,17
False,3,1,False,0.19995482998397396,14
True,3,5,False,0.4826220468885334,108
True,1,5,False,0.2666064399786319,104
True,3,4,False,1.1355996135697328,93
True,2,3,False,1.9116875738833523,123
False,2,5,False,0.6711031236722907,93
True,2,2,True,0.9294504433902673,27
True,2,2,False,1.1348046216345045,166
True,3,1,False,1.222447754506585,28
False,3,2,False,1.9552204408939318,25
False,2,5,False,0.9293416468481139,153
True,3,4,False,0.8790370407911213,123
True,1,4,False,0.5115351616867663,109
False,2,2,False,0.6177613151453216,117
True,3,3,True,0.17644106344600424,75
False,3,5,False,0.35299092343416183,19
False,3,1,False,0.35579939410644684,17
True,1,3,False,0.27027853651357636,78
True,2,5,False,0.0,93
False,3,5,False,0.5239238420777494,82
False,1,5,False,1.1204024625064648,134
True,1,2,False,0.4413202516993173,102
True,2,5,False,0.5763507234139521,120
True,3,4,False,0.6770687320700908,120
True,1,5,False,0.27027853651357636,90
True,1,5,False,0.8846539821356914,118
True,3,4,False,0.9700660431864085,124
False,1,1,False,1.2790554973012225,15
True,2,3,False,0.24687356651776,105
False,1,5,False,0.7942023785913258,167
False,3,4,False,0.22335979997979027,15
True,1,5,False,0.5150298277521264,34
False,2,2,False,1.0300596555042527,139
False,2,2,False,2.0649412604178465,29
False,3,5,False,1.8440635414838813,142
True,3,1,False,1.2734385559566526,116
True,1,3,False,0.8383126444528268,146
False,2,2,False,1.9048070382947857,129
False,2,5,False,0.06481556172718578,109
True,2,5,False,0.6646800516791076,138
True,3,4,False,0.8211020146525021,85
True,3,4,False,0.3088806575726608,4
True,3,1,False,0.9170617629992842,27
True,2,2,False,1.0321819307834628,88
False,2,5,False,1.0623586398256921,155
False,3,1,False,0.8562094696462266,165
True,3,2,False,0.9466610731905922,125
True,2,5,False,0.42744419009409196,84
True,1,1,True,0.3060721869003758,7
False,2,3,False,1.0858724063636618,145
False,1,5,False,1.021056844636476,152
True,3,2,False,0.10892582758868684,162
False,3,1,True,1.012271626853006,30
False,2,5,False,1.5236979919976192,132
True,1,1,True,0.6233782564898915,16
True,3,4,False,1.0293734601111777,149
True,2,5,False,0.28817536170697605,6
True,2,2,True,0.38889337036311467,11
False,3,5,False,1.8779074022336095,92
False,3,5,False,0.22335979997979027,7
False,3,1,False,1.2004151752969188,12
False,1,1,False,1.7967849991834806,107
False,3,4,False,0.34679658323867024,4
False,3,5,False,0.37920436410226316,11
False,2,2,False,1.1856866265424186,173
True,1,5,False,0.6997875066728321,108
False,1,1,False,1.2880583081689991,32
False,3,5,False,0.37688962253941255,98
True,3,2,False,0.5591400936136274,85
False,2,1,False,2.332411326259138,18
False,1,1,False,1.7759709067756424,6
True,2,2,True,0.3528821268920085,24
False,1,5,False,1.2264110228807132,93
True,1,4,False,1.1761064168237205,61
True,3,2,False,1.1030830361639865,62
False,1,5,False,1.0003515487707912,166
True,2,5,False,1.2704124922000608,67
True,2,4,False,0.32058314257056897,15
True,1,3,True,0.38889337036311467,39
True,1,2,False,1.0236477222244544,125
False,2,2,False,1.2790554973012225,37
True,2,1,True,0.5653344338091189,19
True,3,4,False,0.9562412829092903,96
True,2,3,False,0.9914575344451682,118
True,3,2,False,0.7824998935934177,132
True,3,3,False,1.0941890218383634,130
True,3,4,False,0.7438977725343332,141
True,3,3,False,0.9238335020456974,150
False,3,4,False,0.3026863173771692,14
True,2,2,False,1.0706752553003938,138
True,2,5,False,0.29098383237926106,20
True,2,5,False,1.0320731342413092,121
True,1,2,False,0.5123301536219946,122
False,3,5,False,0.4116121449658561,20
True,1,1,True,0.6701881964815242,22
True,3,3,False,0.5860397296748037,129
False,2,5,False,0.5763507234139521,134
False,2,2,False,1.5932267065919932,22
True,3,1,False,0.32167550023092,124
False,1,1,False,1.8669999091709295,35
True,1,2,False,1.5968301691995066,46
True,2,5,False,1.1590045835655491,114
True,3,5,False,1.0617812409747704,132
False,2,4,False,0.25576758084338314,13
False,2,3,False,1.5403312229470223,41
True,1,2,True,0.49374713303552,82
True,2,1,False,0.8149076744570105,139
True,3,4,False,0.9707522385794833,117
True,3,1,False,0.9769465787749749,85
False,1,5,False,1.1231021366365963,160
True,2,1,False,2.0586381236802023,13
True,2,1,False,1.1824095535613655,104
False,2,2,False,1.4822874002662498,46
False,3,5,False,0.776991748791001,171
True,3,1,False,1.0293734601111777,142
True,2,4,False,0.8797232361841962,133
True,1,2,False,0.5295407834223195,144
True,3,5,False,0.9914575344451682,46
True,2,2,False,0.46472522169513364,69
False,2,1,False,0.6232694599477382,131
True,1,1,False,1.1031918327061399,109
True,1,1,False,1.2258336240297916,42
True,3,5,False,0.5529457534181358,106
True,3,4,False,0.9025508073290911,131
False,2,4,False,0.8032051894591024,135
True,3,5,False,0.7356899536017849,47
True,2,2,False,1.0003515487707912,91
True,2,5,False,0.17284149793916206,112
True,1,3,True,1.1058915068362716,34
False,2,1,False,1.0789918707750954,122
True,3,5,False,0.2510031266480877,121
False,3,5,False,0.3999096599679479,8
True,3,5,False,0.45921707689271707,48
False,2,1,False,1.6182216604582662,19
True,1,3,True,1.2355226302906432,51
True,2,5,False,0.18844481126970627,92
True,1,2,False,0.3999096599679479,61
False,3,5,False,0.2764728767090679,9
False,2,2,False,0.5439429425503592,178
True,3,5,False,0.43570331035474735,150
True,3,1,True,0.3528821268920085,61
False,3,5,False,1.4471799452725251,171
False,2,5,False,0.25857605151566815,13
True,2,2,False,1.100383362033855,127
False,2,5,False,1.1175939918341797,174
True,2,2,True,0.2592622469087431,33
True,2,4,False,1.3058463368202455,119
False,3,1,False,0.26477039171115974,10
True,1,2,False,0.8467380564696818,31
True,1,1,False,0.47372803256291024,83
True,1,4,False,0.6260779306200231,52
False,2,3,False,0.5405570730271527,163
False,3,2,False,0.9142532923269993,26
True,1,2,False,0.4670549990720403,44
False,3,4,False,0.23236261084756682,10
True,3,5,False,0.21165731498188212,6
True,3,4,False,2.052334986942557,110
True,3,5,False,0.6935931664773405,126
True,1,4,False,0.8232242899317121,94
True,1,2,False,1.653437911994144,31
True,2,2,False,0.8065910589823089,156
False,3,2,False,1.743454329369896,103
True,3,4,False,0.2592622469087431,20
False,3,4,False,0.7584087282045263,82
True,1,1,False,1.2050195316219536,117
True,2,5,False,0.16754704912038104,24
False,3,1,False,1.2823325702822759,19
True,1,5,False,0.9384532542580439,55
False,1,5,False,1.3388315165347602,85
True,1,3,False,0.9238335020456974,164
True,3,4,False,1.411854897194494,106
True,3,2,False,0.47065456457888244,147
True,2,5,False,0.9590497535815752,172
True,1,2,False,0.2233960654938414,84
True,2,1,False,0.367501879104355,6
True,2,5,False,1.3499566026817467,110
True,3,3,False,1.4077828322782124,67
False,1,1,False,2.2034663981978415,24
True,1,3,False,0.27027853651357636,112
False,2,5,False,0.8439295857973969,163
False,3,1,False,0.35579939410644684,8
True,3,4,False,1.6705397452523156,118
True,3,2,False,0.06481556172718578,96
False,3,4,False,0.8466292599275285,106
True,3,1,False,1.22662861596502,132
False,1,2,False,0.6446609512064978,150
False,1,2,False,1.9354189335056287,31
True,1,1,False,0.8887260470519729,171
True,3,5,False,0.8646348816630816,115
False,2,5,False,0.244065095845475,24
True,3,4,False,0.19995482998397396,24
True,2,2,False,0.7908165090681192,90
True,1,4,True,0.9294504433902673,17
True,1,5,False,0.9459748777975172,45
False,3,4,False,0.9563500794514436,164
True,2,2,False,0.9735607092517684,101
False,3,5,False,0.462395444318227,126
True,1,1,True,0.7998193199358958,21
True,3,5,False,0.8239104853247871,110
True,1,2,True,0.3528821268920085,24
False,1,4,False,1.3354456470115534,106
False,2,1,False,1.4790103272851964,30
True,1,5,False,1.1058915068362716,142
False,1,4,False,1.132104947504373,96
True,2,3,False,1.0265649894388926,71
False,2,3,False,0.17644106344600424,171
True,1,5,False,0.9851543977075232,54
False,2,5,False,0.8763373666609897,109
False,2,4,False,0.32058314257056897,20
True,2,5,False,0.17924953411828923,62
True,1,5,False,0.7763055533979261,103
False,1,2,False,1.4078916288203658,27
True,3,5,False,1.1299826722251627,116
True,1,3,False,0.2592622469087431,73
False,1,5,False,0.5411344718780743,150
True,1,3,False,0.6060588301474135,108
True,1,3,False,0.24687356651776,75
True,3,5,False,0.8501239259928884,98
True,3,4,True,0.0,13
False,3,2,False,1.3051601414271705,19
True,2,5,False,1.0024738240500013,109
False,2,4,False,0.34679658323867024,92
True,1,1,False,0.5149210312099729,139
True,1,2,False,0.5221240593243284,15
False,2,3,False,1.1735155392357424,71
True,1,1,False,0.4854305175608184,49
False,2,5,False,0.529431986880166,166
False,3,5,False,0.21165731498188212,13
False,2,1,False,1.0741699213657536,165
True,1,5,False,1.405551760456849,109
True,1,3,False,0.9375494657806622,98
True,3,3,False,1.4649679739237718,132
True,3,2,False,1.179709879431234,105
False,2,1,False,1.3251792418997805,68
True,1,5,False,0.7619033942698863,94
True,3,3,False,1.6236210087185294,40
False,3,5,False,0.3350940982407621,8
False,2,5,False,0.653554965532121,113
False,2,2,False,2.0470444352244472,7
False,2,5,False,1.2093091896225419,120
False,2,5,False,0.23236261084756682,15
True,1,1,False,1.2148173344249584,102
False,3,1,False,1.7620373499563708,99
False,2,2,False,1.140998961829996,25
False,2,1,True,1.4479749372077535,25
False,2,5,False,1.1556187140423426,132
False,3,5,False,0.37920436410226316,3
True,1,1,True,0.7530093799442631,36
False,3,5,False,0.4116121449658561,5
False,2,1,False,1.0624674363678455,113
False,3,2,False,0.5653344338091189,110
False,2,5,False,0.12963112345437156,105
False,2,1,False,1.8063652089021787,40
False,2,5,False,0.28817536170697605,10
True,2,5,False,0.2592622469087431,77
False,2,1,False,1.6995616565927019,24
False,3,3,False,0.7417754972551232,108
True,3,5,False,0.8853401775287663,73
False,3,4,False,0.6825768768725073,90
True,1,2,True,0.3641160095811484,58
False,3,5,False,1.0113678383756244,176
True,2,2,False,0.9149394877200742,81
True,1,5,False,0.6618715810068226,46
False,2,2,False,0.4771139020861168,127
True,1,5,False,0.33367924805462207,144
False,1,4,False,1.5700393296804838,114
True,2,1,False,1.57097653429802,70
True,3,4,False,0.0,76
True,3,2,False,0.7231924766686485,160
True,3,5,False,0.5102653735568309,112
False,1,2,False,0.9238335020456974,126
True,3,1,False,1.0913805511660783,76
False,2,2,False,1.2087317907716202,7
True,3,3,False,0.3888933703631147,86
False,1,2,False,2.2034663981978415,24
False,1,2,False,1.2437304492231913,16
False,2,2,False,1.4264746494068405,23
False,1,5,False,1.7001390554436233,86
True,2,2,False,1.370553102005278,31
True,1,1,False,1.6739256147755222,3
False,2,2,False,1.3147403511458686,95
True,3,3,True,0.38889337036311467,59
True,2,5,False,0.35849906823657846,98
True,3,5,False,1.1707070685634573,115
True,2,3,False,0.08822053172300212,62
True,3,2,True,0.9294504433902673,28
False,3,1,True,1.1887126902990104,56
True,2,5,False,1.0947664206892849,94
False,1,3,False,1.2587100072021526,128
True,1,4,True,0.7998193199358958,19
False,3,2,False,2.0855377597413782,20
True,2,2,False,1.8471984017826264,21
True,3,5,False,0.23236261084756682,21
False,2,5,False,0.3143888023750774,14
True,2,1,False,0.9824547235773916,94
True,3,5,False,0.22335979997979027,4
True,2,5,False,0.48625787790942665,101
True,1,1,False,1.8352783237004116,46
False,2,4,False,0.35662675445505515,8
False,2,1,False,1.0258787940458176,191
False,3,4,False,0.23236261084756682,17
True,3,5,False,0.826718955997072,43
True,3,4,True,0.5185244938174862,63
True,2,2,False,1.3616590876796548,135
True,2,5,False,1.0059684901153614,77
True,2,5,False,0.8032051894591024,113
True,3,5,False,0.9942660051174531,114
False,2,2,False,1.326442836143777,78
True,3,1,False,0.9617494277117069,81
True,1,5,False,0.8653210770561565,122
True,1,5,False,0.34102344112451083,107
True,2,5,False,1.7020437376385267,94
False,3,1,False,0.35579939410644684,9
False,2,2,False,1.7173496852439483,36
False,3,5,False,1.1674299955824041,128
True,2,5,False,0.8377352456019054,116
True,3,1,False,1.2238201452927349,101
True,2,2,False,2.1973808545445035,26
False,2,2,False,1.8442811345681882,34
True,3,2,False,0.35849906823657846,83
False,3,3,False,2.237887657798491,114
False,2,2,False,0.7707974085955094,159
True,2,3,False,0.4178064851613476,125
True,3,2,False,0.3350940982407621,85
True,3,5,False,1.2581326083512312,51
True,2,5,False,0.4116121449658561,11
True,3,3,False,1.7427681339768213,164
False,3,5,False,0.4413202516993173,181
True,1,1,False,1.046475293369349,128
True,1,3,False,0.4982616257331287,92
True,1,3,False,0.0,94
True,3,1,False,0.28220975330917614,26
True,1,2,False,0.41184087676354775,85
False,1,2,False,1.565217380271142,37
True,1,3,False,0.34748277863174526,66
True,1,2,False,2.002934169362946,16
True,2,4,False,1.09969716664078,77
False,2,3,False,1.71655469330872,27
True,2,4,False,0.31168912824494577,90
True,1,2,True,0.6701881964815242,54
False,2,5,False,0.25576758084338314,16
True,3,5,False,0.37688962253941255,165
True,3,2,False,0.5065207459937842,98
True,1,5,False,0.4619167510228487,142
True,3,1,False,0.9679437679071984,116
True,1,5,False,0.20404812460025054,49
False,2,1,False,1.0968886959684951,32
False,1,2,False,0.6383578144688529,46
False,1,2,False,1.514803977671996,137
False,2,5,False,0.32167550023092,98
True,1,3,False,0.42331462996376423,89
True,2,5,False,0.7004737020659071,123
True,2,1,False,1.3093410028856054,13
False,2,5,False,0.7742920746608694,132
True,3,1,False,0.2261682706520753,21
False,2,2,False,1.6023383140019232,23
False,2,5,False,0.3350940982407621,17
False,1,4,False,1.2265198194228666,169
True,3,5,False,0.24687356651776,94
False,3,5,False,0.8860263729218413,131
True,3,5,False,0.5088354875566348,134
False,1,3,False,0.5936701497564303,109
False,1,1,False,1.636118485651666,24
False,2,1,False,1.5671220624660454,40
True,1,5,False,1.2911177880657456,5
True,2,4,False,0.7943111751334792,57
False,2,1,False,1.8766889154317812,25
True,2,4,True,0.8826405033986346,48
True,2,4,False,0.6590631103345377,150
False,3,2,False,1.34307606709318,39
True,1,2,False,0.4413202516993173,70
False,2,3,False,0.9238335020456974,93
False,3,1,False,0.5837674475119431,181
True,1,2,True,0.7530093799442631,5
True,1,3,True,0.3060721869003758,19
False,2,1,False,1.1623904530887557,146
True,1,4,False,1.5146951811298426,126
False,2,2,False,0.1452344367849158,62
True,3,4,False,1.2472251152885514,135
False,3,5,False,0.3999096599679479,13
False,2,5,False,0.3233916132428539,16
True,1,1,False,0.38063425010245927,145
True,1,4,False,0.7881168349379877,185
False,2,2,False,1.0258787940458176,26
False,3,4,False,0.26477039171115974,10
False,3,5,False,0.3143888023750774,18
True,1,5,False,0.29987784670488427,94
False,2,1,False,1.0472702853045774,148
True,3,5,False,0.244065095845475,10
True,2,5,False,0.9645578983839919,99
True,1,3,False,1.5699305331383302,107
True,1,1,False,0.7880080383958342,89
True,3,5,False,0.8618264109907965,161
False,3,1,False,0.32058314257056897,12
False,2,5,False,1.1820831639349054,186
True,2,1,False,1.4264746494068405,186
False,3,3,False,1.0852950075127403,196
True,2,1,False,0.4764277066930418,56
True,1,5,False,0.9355359870436055,118
False,2,1,True,0.6121443738007516,19
True,2,2,False,0.3999096599679479,57
True,2,4,False,1.0645897116470555,77
False,1,1,False,0.8508101213859633,83
False,2,3,False,1.2905403892148242,39
True,3,4,False,0.42009999702420314,49
False,3,5,False,0.13513926825678818,14
True,3,2,False,0.2904688735698316,99
True,3,2,False,1.0176709751132695,150
False,2,5,False,1.1058915068362716,153
True,1,4,False,0.06481556172718578,81
False,3,2,False,1.7207355547671548,36
False,2,2,False,1.0998059631829333,37
False,3,2,False,0.9887578603150365,144
True,1,5,False,0.08822053172300212,95
True,1,1,True,0.49374713303552,23
True,3,3,False,1.4820698071819431,76
True,1,1,True,0.6233782564898915,20
False,3,4,False,0.17924953411828923,4
True,2,5,False,0.6970878325427006,135
True,1,5,False,1.806147615817872,165
True,3,2,False,0.2748655602392873,17
True,3,5,False,0.8177161451292955,121
False,3,2,False,0.8590179403185116,101
True,3,5,False,0.9735607092517684,126
True,2,4,False,0.34748277863174526,64
False,3,1,False,0.05881368781533475,96
True,3,2,False,0.7149846577361003,105
True,2,5,False,0.4206149558336326,93
True,2,5,False,1.0913805511660783,176
False,1,1,False,1.499606826608728,38
True,1,2,False,0.1820580047905742,103
True,3,4,False,1.1265968027019562,68
False,2,1,False,1.0460066910605808,31
True,3,1,False,0.2510031266480877,98
False,1,3,False,0.9970744757897381,51
True,2,4,False,0.5929414949633652,108
False,3,5,False,0.4116121449658561,6
False,3,5,False,0.3350940982407621,18
True,1,1,False,0.21785165517737368,129
True,3,5,False,1.053464625500069,109
True,3,1,True,0.17644106344600424,55
False,3,5,False,0.28817536170697605,9
True,2,4,False,0.27027853651357636,84
False,3,5,False,0.23236261084756682,24
True,1,4,False,0.23899937882438563,58
True,1,1,False,2.012514379081644,20
False,3,5,False,0.2261682706520753,12
True,3,1,False,0.7707974085955094,112
True,2,1,False,1.7297383656349314,43
False,2,3,False,1.1824095535613655,136
True,3,5,False,0.2904688735698316,76
True,3,5,False,1.0113678383756244,171
False,2,1,False,1.5390039396030406,20
True,2,3,True,0.6701881964815242,70
False,3,5,False,0.47065456457888244,112
False,1,2,False,2.0476218340753687,32
True,1,3,False,0.12963112345437156,76
False,1,1,False,1.5146951811298426,31
True,1,1,False,0.4205061592914792,93
True,1,5,False,1.637914371304416,108
False,3,5,False,0.3088806575726608,14
False,3,5,False,1.147302098567641,147
True,3,5,False,0.3492825613851663,103
False,1,1,False,1.8449673299612632,39
True,2,5,False,1.0913805511660783,88
True,3,4,False,0.8645260851209282,152
True,3,1,False,0.7383896277319166,136
True,2,5,False,0.23899937882438563,97
True,2,1,True,0.2592622469087431,21
True,3,3,False,1.0355678003066693,107
True,2,3,False,1.1120858470317632,91
True,2,5,False,0.6266553294709447,173
False,1,3,False,1.902107364164654,75
True,3,2,False,0.7198066071454419,116
True,3,2,False,0.7059818468683237,86
False,3,5,False,1.2941438518223374,116
False,1,3,False,0.8410123185829584,160
False,2,5,False,0.7612171988768114,128
True,3,5,False,0.23236261084756682,89
True,3,5,False,1.0734837259726788,90
False,3,2,False,0.7231924766686485,159
True,3,2,False,0.5584538982205524,174
True,3,3,False,1.0148625044409845,102
False,3,4,True,1.4947848771993861,63
True,2,1,False,0.2826672169045594,105
False,1,1,False,1.0671805892350337,18
False,1,2,False,0.8142214790639356,110
True,3,1,False,0.8411211151251119,126
False,2,2,False,1.122993340094443,5
False,3,1,False,0.17924953411828923,6
True,3,1,False,1.4354774602746172,32
False,3,1,False,1.1471933020254876,181
False,3,5,False,1.6820246371659169,41
False,2,3,False,0.7818136982003427,109
False,3,5,False,0.7355811570596316,77
False,1,2,False,0.899742336656806,34
False,2,1,False,1.5608189257284004,28
True,2,4,False,0.9059366768522976,129
True,1,5,False,0.8292010370428969,63
False,3,4,False,0.35299092343416183,18
False,1,1,False,2.1324564962751644,13
True,3,4,False,0.39249293586995676,74
False,2,5,False,0.244065095845475,12
False,3,5,False,0.7648680657117607,177
True,2,5,False,0.9735607092517684,63
False,3,1,False,1.241825767028288,19
True,2,5,False,0.5322404575524511,111
False,2,2,False,0.98187732472647,23
False,2,5,False,0.32058314257056897,19
False,3,2,False,1.34095379181397,96
True,1,2,False,0.4982616257331287,95
False,1,1,False,1.3320597774883467,160
True,1,1,False,0.7853083642657026,76
False,3,4,False,0.19995482998397396,17
False,3,1,False,1.314849147688022,33
True,2,4,False,0.7851995677235493,167
True,2,3,False,0.46472522169513364,98
False,1,2,False,1.5753298813985936,10
True,3,4,False,0.37369621929984653,64
True,2,4,False,0.47372803256291024,65
True,3,5,False,0.776991748791001,152
True,3,4,False,1.1438074325022811,115
True,3,1,False,0.5908616790841452,9
False,2,2,False,1.9587151069592916,34
False,3,5,False,0.8149076744570105,152
False,3,4,False,0.2764728767090679,11
False,1,1,False,1.4553877642050734,31
True,3,4,False,0.42331462996376423,91
True,3,5,False,0.5474376086157191,153
True,3,3,True,0.5653344338091189,23
True,3,5,False,0.9879628683798082,137
True,3,2,False,0.31168912824494577,85
True,3,5,False,0.5853535342817286,37
True,1,2,False,1.3907897955621944,30
False,3,4,False,0.3708877486275616,101
True,3,4,False,0.42744419009409196,147
True,2,1,False,1.3706618985474313,19
True,2,5,False,0.9824547235773916,109
True,2,2,False,0.4413202516993173,73
False,2,5,False,1.5753298813985936,132
True,1,1,False,0.9031282061800125,81
False,3,2,False,1.33184218440404,147
True,3,1,False,0.28220975330917614,101
True,2,2,False,0.5212241679476178,87
True,1,3,False,0.16458237767850667,93
False,3,5,False,1.0148625044409845,123
False,3,5,False,0.2764728767090679,13
True,3,1,False,1.2355226302906432,123
True,3,3,False,0.23899937882438563,59
True,2,2,False,1.1121946435739165,175
False,2,5,False,0.7114899916707402,137
True,3,3,False,0.3054947880494542,130
False,1,2,False,1.9241850508164886,32
True,3,4,False,0.9700660431864085,86
True,3,3,False,1.3787609209378262,95
True,2,5,False,0.49162485775631,179
True,2,5,False,0.1452344367849158,75
False,3,1,True,0.3528821268920085,11
True,3,2,False,0.08822053172300212,77
True,2,3,False,0.3254201277939667,121
False,3,1,False,1.6967531859204168,66
False,3,5,False,1.1678985978911722,155
False,2,5,False,0.44401992582944894,15
True,3,1,False,0.9059366768522976,78
True,2,1,False,1.9290070002258304,21
False,1,2,False,1.599529843329638,17
True,1,1,False,0.5295407834223195,88
True,3,1,False,0.28547568757684444,77
True,3,5,False,0.8474242518627568,112
True,2,1,True,0.5405570730271527,60
True,3,5,False,0.17924953411828923,17
False,2,4,False,0.8949203872474645,147
True,1,1,False,0.12963112345437156,78
True,2,2,False,0.7438977725343332,136
True,2,2,False,2.2791894529877075,132
False,2,3,False,1.252047064697893,145
True,1,3,False,1.0238653153087611,94
False,1,2,False,2.1532705886830024,34
True,3,3,False,1.188603893756857,74
True,1,5,False,0.9398893341441791,36
False,3,5,False,0.982563520119545,129
True,3,2,False,0.34748277863174526,87
True,2,1,False,1.4644993716150034,63
True,2,4,False,1.4969071524785962,102
False,2,5,False,0.7097990054594726,64
True,3,3,False,1.253419455484043,158
False,3,3,False,1.7166634898508732,105
False,2,5,False,0.5529457534181358,122
False,2,3,False,0.5763507234139521,117
True,3,1,False,1.0672893857771872,107
False,1,4,False,1.3636725664167113,96
True,1,3,False,0.3686305022787572,26
True,3,3,False,0.9238335020456974,104
True,1,2,False,1.7463715965843345,43
True,1,2,False,0.3619937343019384,129
True,2,1,True,0.6949655572634905,59
False,2,5,False,0.4116121449658561,4
True,1,1,False,0.18844481126970627,69
False,2,2,False,1.9407094852237385,46
False,1,1,False,0.5178382984244113,167
True,3,1,False,0.6867064370028352,56
True,2,4,False,1.0886808770359466,101
True,3,1,False,1.0053910912644397,67
False,2,1,False,0.21165731498188212,18
False,2,5,False,1.1590045835655491,119
True,1,2,True,0.48251325034638004,67
True,1,1,False,1.7352465104373478,38
True,3,5,False,0.805904863589234,94
True,2,1,False,0.04411026586150106,63
True,1,5,False,1.297529721345544,111
True,3,4,False,0.9535416087791586,124
True,3,1,False,1.0176709751132695,118
True,2,2,False,1.6560287895821224,9
True,3,2,False,0.24687356651776,64
True,3,4,False,0.9735607092517684,95
True,3,4,False,0.899742336656806,75
True,2,4,False,1.8207673680302185,72
True,2,1,False,1.7475263942861776,61
True,1,1,True,0.12963112345437156,44
False,3,2,False,1.0706752553003938,133
True,1,1,True,0.2592622469087431,24
True,3,4,False,1.57097653429802,81
True,3,4,False,0.8501239259928884,111
True,2,2,False,1.3224795677696488,107
True,3,2,False,0.9590497535815752,178
True,3,5,False,0.29098383237926106,6
True,1,1,False,1.6713347371875438,22
True,3,1,False,2.0345469582913105,86
True,3,1,False,0.2826672169045594,61
False,2,5,False,1.1505791715486942,43
True,2,5,False,0.3350940982407621,22
False,2,2,False,0.7231924766686485,140
True,1,3,True,0.5653344338091189,58
True,3,1,False,0.6266553294709447,123
True,3,4,True,0.6701881964815242,39
False,2,1,True,0.49374713303552,35
False,1,1,False,1.1611268588447592,12
False,3,1,True,0.8826405033986346,49
False,3,3,False,0.6825768768725073,97
False,3,1,False,1.9290070002258304,22
True,2,2,False,0.25857605151566815,26
True,2,2,False,1.1590045835655491,176
False,3,4,False,0.32058314257056897,14
True,1,2,True,0.6121443738007516,53
True,2,3,False,0.6033591560172817,65
False,2,2,False,1.6975481778556452,33
True,3,3,False,0.3350940982407621,100
True,3,4,True,0.6121443738007516,64
True,1,2,False,0.5473288120735658,179
True,1,1,True,0.5653344338091189,34
True,2,3,False,0.1530360934501879,103
True,3,1,False,0.7266871427340084,94
True,2,1,True,0.7998193199358958,19
False,2,1,True,0.2592622469087431,43
False,2,1,True,1.2602999910726094,37
True,3,5,False,1.0550095019283574,72
True,3,5,False,1.8235758387025034,179
True,1,3,False,1.693258519855057,149
True,1,1,False,0.7529005834021097,128
False,1,1,False,1.249924789418683,71
True,1,3,True,0.3060721869003758,20
True,3,1,False,0.35299092343416183,5
True,3,1,False,1.156196112893264,111
False,3,2,False,0.6053726347543384,142
False,3,1,False,1.500293022001803,16
True,3,3,False,1.188603893756857,128
True,1,1,True,0.49374713303552,12
True,3,1,False,0.3888933703631147,97
True,1,5,False,0.7121761870638152,41
False,3,5,False,0.1820580047905742,150
True,1,2,False,1.8793885895619127,172
True,1,5,False,0.41184087676354775,124
False,2,2,False,1.8324698530281267,37
False,2,1,False,1.7883595871666256,15
True,3,5,False,0.20779275216329718,88
True,3,4,False,0.8680207511862881,134
True,1,2,False,1.1471933020254876,151
False,3,5,False,0.8122080003268789,101
True,3,1,False,0.13513926825678818,10
True,1,3,False,0.7764143499400794,114
True,1,1,False,0.900428532049881,101
True,3,2,False,0.06481556172718578,107
True,3,1,False,0.235254751261339,177
True,1,1,False,0.8645260851209282,93
True,1,2,False,0.7356899536017849,12
True,1,1,False,0.9645578983839919,128
True,2,4,False,1.2238201452927349,118
False,3,1,True,0.3528821268920085,47
True,1,1,False,0.5501372827458508,107
True,2,4,False,1.2017424586409002,118
True,3,4,False,0.1176273756306695,44
True,1,1,True,0.6233782564898915,35
False,3,5,False,0.13513926825678818,13
True,3,4,False,0.2510031266480877,69
True,2,4,False,0.4413202516993173,75
True,1,1,False,0.8887260470519729,79
False,1,2,False,1.128610281439013,27
False,1,2,False,1.1500017726977725,100
False,3,5,False,0.21165731498188212,17
True,3,5,False,0.25576758084338314,72
False,1,2,False,1.1377218888489429,31
True,3,4,False,1.1848916346071905,75
False,2,5,False,0.41442061563814103,111
True,3,5,False,0.7680977344653779,165
True,2,4,False,1.2883093173934606,83
True,3,2,False,1.0355678003066693,118
False,3,1,False,0.8653210770561565,128
False,3,2,False,0.3998371289398457,163
False,1,1,False,1.452470496990635,116
True,2,5,False,0.3233916132428539,178
False,3,5,False,0.32058314257056897,16
False,3,5,False,0.22335979997979027,10
True,2,5,False,0.732195287536425,191
True,3,2,False,0.31168912824494577,161
False,2,5,False,0.882422910314328,143
True,3,4,False,1.3355544435537068,171
True,2,1,False,1.3988888179525893,7
True,1,5,False,0.25025943604096657,150
False,2,5,False,0.3088806575726608,13
False,1,2,False,1.7506612545849227,27
False,1,5,False,0.3240778086359289,151
True,2,2,False,2.31721417519587,100
True,3,5,False,0.805904863589234,110
True,3,5,False,0.8377352456019054,96
True,2,2,False,0.9611720288607852,18
True,1,4,True,0.6233782564898915,23
True,1,1,True,0.17644106344600424,80
False,2,5,False,0.25857605151566815,15
False,3,1,False,1.3672760290242247,25
False,3,2,False,1.806147615817872,161
True,3,5,False,0.8618264109907965,105
True,2,4,False,1.358959413549523,146
True,1,2,False,1.3609728922865798,9
False,3,5,False,0.3026863173771692,21
False,1,1,False,1.9505072880267433,18
True,1,1,False,0.8852313809866129,122
False,3,5,False,0.5102653735568309,71
False,1,3,False,1.349379203830825,34
False,3,3,False,0.9789600575120316,175
False,2,4,False,1.3706618985474313,133
True,2,4,False,0.41184087676354775,57
True,1,1,True,0.17644106344600424,13
True,2,2,True,0.6701881964815242,76
False,1,1,False,1.5645311848780672,37
True,3,2,False,0.7590949235976013,105
True,1,2,False,0.9852631942496766,21
True,2,4,False,0.34128843843625367,97
True,1,3,True,0.7998193199358958,44
False,2,2,False,2.084851564348303,36
True,3,5,False,0.28817536170697605,11
True,2,1,False,1.6821334337080704,22
True,2,2,False,1.1265968027019562,90
True,2,4,False,0.23899937882438563,39
True,1,3,True,0.38889337036311467,68
True,2,2,False,0.1530360934501879,109
True,3,1,False,1.0024738240500013,117
True,1,4,False,2.1261533595375193,110
False,3,5,False,0.35579939410644684,10
False,2,5,False,1.4429990838140903,16
True,1,2,False,0.3888933703631147,109
True,1,2,False,1.2526244635488144,90
False,3,1,False,0.7764143499400794,160
False,3,4,False,1.5644223883359136,86
True,1,5,False,0.8149076744570105,90
False,3,2,False,1.646339783321271,20
True,2,2,False,0.9679437679071984,115
True,2,5,False,1.490495219198798,132
True,1,5,False,0.9851543977075232,148
True,3,2,False,0.906045473394451,132
False,3,1,False,1.803665534772047,13
True,3,4,False,0.3233916132428539,11
False,3,5,False,0.3233916132428539,21
True,3,5,False,0.7231924766686485,126
True,2,5,False,1.0886808770359466,152
True,3,5,False,0.7176843318662318,122
True,1,2,True,0.12963112345437156,36
True,2,5,False,1.1852180242336505,94
False,2,1,False,0.8411211151251119,142
False,3,3,False,0.21965143793079475,64
False,1,2,False,1.5760160767916684,40
False,2,2,False,0.4826220468885334,142
False,3,1,False,0.2261682706520753,4
True,1,3,False,0.6474694218787829,90
False,2,5,False,0.16754704912038104,5
True,1,1,False,1.864300235040798,27
True,3,3,False,0.12137200319371615,57
True,1,2,False,0.37650468997213155,70
True,3,5,False,0.28220975330917614,105
True,3,5,False,0.6590631103345377,55
True,1,5,False,0.5584538982205524,119
False,3,5,False,0.16754704912038104,22
True,3,3,False,0.08822053172300212,95
False,2,4,False,1.5089694432431193,106
True,3,3,False,0.0,112
True,3,5,False,0.2261682706520753,17
True,3,5,False,0.40329552949115444,59
True,1,3,False,1.0003515487707912,135
False,1,3,False,1.1226335343278282,143
True,1,2,True,0.8466292599275285,31
False,3,5,False,0.23236261084756682,19
True,2,2,False,0.4413202516993173,74
True,3,4,False,0.20779275216329718,119
True,1,1,True,0.12963112345437156,37
False,3,4,False,0.5997556934097685,95
False,3,5,False,0.2764728767090679,21
True,1,1,False,0.9466610731905922,29
True,1,1,False,1.5230117966045442,125
True,3,5,False,0.26477039171115974,23
False,3,4,False,0.25576758084338314,21
True,2,5,False,0.36128630920886834,90
False,3,5,False,0.23236261084756682,12
False,2,3,False,0.8329132961925636,114
False,2,4,False,1.053464625500069,168
False,1,2,False,0.5005188720819331,139
False,2,1,False,1.0824865368404553,13
True,3,1,False,1.4809150094800998,146
False,2,3,False,2.222690506735223,89
True,3,5,False,0.32058314257056897,15
False,3,4,False,0.5419294638133025,125
True,3,5,False,0.22335979997979027,14
True,3,1,False,0.9087451475245826,103
True,2,1,False,0.9114448216547142,92
True,3,5,False,0.4502142660249405,123
False,1,4,False,0.758299931662373,116
True,2,5,False,1.2389084998138498,20
True,1,5,False,1.999439503297586,139
True,3,5,False,0.44401992582944894,4
True,2,3,False,0.439447937917794,107
True,2,2,False,0.5943563451495052,139
True,1,3,True,0.6701881964815242,71
False,2,1,False,1.3201396994061319,41
False,3,4,True,1.1887126902990104,28
True,1,1,False,0.29098383237926106,56
False,2,2,False,1.296843525952469,149
False,3,5,False,0.28817536170697605,12
True,3,5,False,0.21165731498188212,4
True,1,5,False,0.7467062432066182,175
False,3,5,False,0.5763507234139521,154
True,3,2,False,0.44304750342463617,107
False,1,5,False,1.055586900779279,120
False,2,2,False,0.48813019169095,137
True,2,2,True,0.2592622469087431,67
False,3,5,False,0.3143888023750774,12
True,1,5,False,0.3999096599679479,105
True,2,1,False,1.3347594516184784,35
True,1,1,False,0.8879310551167445,108
True,2,3,False,0.6005506853449968,125
False,2,2,False,1.285249837496714,27
False,3,4,False,0.2764728767090679,17
True,1,3,False,0.3098168144634224,78
False,3,5,False,0.3233916132428539,23
False,2,5,False,0.35299092343416183,11
True,3,5,False,0.46742489582526525,126
False,1,3,False,2.228993643472868,106
True,1,5,False,0.36128630920886834,63
False,1,1,False,1.5753298813985936,23
True,1,5,False,1.5200945293901058,82
True,3,3,False,0.35849906823657846,117
True,3,1,False,0.7467062432066182,111
False,2,2,False,1.3651537537450147,20
True,3,5,False,0.5818588682163688,164
True,1,5,False,0.7612171988768114,111
False,3,5,False,0.4116121449658561,15
False,2,5,False,1.0410759451090859,119
True,1,5,False,0.8328044996504103,113
False,2,2,False,1.8827744590851192,41
True,2,5,False,0.73500375820871,100
True,2,1,False,0.5322404575524511,64
True,3,3,False,1.1411077583721494,115
False,3,4,False,0.367501879104355,18
True,1,3,True,0.8826405033986346,25
True,2,2,False,1.4967983559364428,23
True,1,3,False,0.9287642479971924,147
False,2,2,False,0.9466610731905922,29
False,1,1,False,1.5401136298627156,103
False,3,1,False,0.9768377822328216,92
True,1,2,False,0.6867064370028352,32
False,3,5,False,0.16754704912038104,11
True,3,2,False,1.4491934240095818,41
False,3,5,False,0.898243816729179,156
False,2,2,False,2.117259345211896,28
False,3,3,False,0.6260779306200231,135
True,2,5,False,1.2734385559566526,64
False,3,1,False,0.3350940982407621,15
True,1,1,True,0.38889337036311467,4
False,3,1,False,1.3379277280573783,143
True,3,5,False,1.1154717165549697,181
True,3,5,False,1.053464625500069,78
True,1,4,False,1.4710535175771098,67
True,2,1,False,0.7590949235976013,124
True,1,3,False,0.3350940982407621,89
True,3,2,False,0.9969656792475847,78
True,1,2,False,0.6501690960089145,50
False,3,5,False,0.32058314257056897,20
True,2,1,False,0.1530360934501879,164
False,2,5,False,0.32058314257056897,9
True,1,1,True,0.5653344338091189,17
False,3,4,False,0.2261682706520753,9
True,3,4,False,0.6653662470721826,151
False,3,1,False,1.8209849611145252,43
True,1,3,False,0.6232694599477382,131
False,3,1,False,0.23899937882438563,53
True,2,3,False,1.0321819307834628,160
False,3,2,False,0.729001884296859,104
True,3,1,False,0.3233916132428539,7
False,3,5,False,0.3143888023750774,9
False,2,2,False,2.064255065024772,23
True,2,1,True,0.2592622469087431,29
True,3,2,True,0.3641160095811484,52
False,1,2,False,1.5994210467874848,18
False,3,5,False,0.3026863173771692,14
True,3,4,False,0.9031282061800125,113
False,1,1,False,2.276598575399729,20
False,2,1,False,1.4553877642050734,22
True,3,3,False,0.19444668518155733,119
True,1,1,True,0.7530093799442631,36
True,1,2,False,0.5123301536219946,64
True,3,2,False,0.9915663309873215,66
False,3,4,False,0.3999096599679479,8
True,3,3,False,0.27027853651357636,105
True,1,4,True,1.1058915068362716,36
True,3,4,False,1.0762921966449637,142
True,1,1,False,1.2796328961521442,92
False,3,5,False,0.3999096599679479,13
False,3,2,False,2.281997923659992,174
True,1,3,False,0.19995482998397396,115
False,2,1,False,1.9290070002258304,7
True,1,2,False,0.6384666110110062,162
True,3,2,False,0.34128843843625367,51
True,3,1,False,1.1204024625064648,121
True,1,3,False,0.979068854054185,73
True,2,1,False,1.856201212650403,43
True,3,4,False,0.21965143793079475,63
True,3,4,False,0.3853987042977547,90
True,2,1,True,0.9294504433902673,33
False,2,5,False,0.8791458373332748,105
False,3,1,True,1.1306688676182377,17
False,2,2,False,2.134469975012221,163
True,1,2,False,0.8942341918543895,98
True,2,4,False,0.06481556172718578,85
True,3,3,False,2.008910916474131,142
True,2,3,False,0.900428532049881,170
False,3,4,False,0.506135813426503,129
True,3,2,False,0.9617494277117069,84
True,3,2,False,0.1452344367849158,110
False,2,1,False,1.0824865368404553,110
True,1,1,True,0.7530093799442631,72
True,3,2,False,0.27027853651357636,98
True,1,5,False,0.9204476325224908,112
False,2,4,False,0.5433655436994377,71
False,1,2,False,1.4444802711423936,30
True,3,5,False,0.9293416468481139,141
False,2,2,False,1.6824598233345305,17
False,3,4,False,0.8529323966651734,133
True,1,4,False,0.8003967187868174,125
False,3,3,False,0.8944991891661322,76
True,1,5,False,0.2904688735698316,64
False,1,1,False,1.3679622244172998,15
True,3,5,False,0.367501879104355,9
False,3,5,False,0.9762603833819,112
True,1,4,False,0.37688962253941255,22
True,1,5,False,0.9501557392559521,139
False,3,4,False,0.3233916132428539,16
True,3,5,False,0.35299092343416183,11
True,2,5,False,1.0411847416512392,183
True,3,5,False,0.805904863589234,134
False,3,5,False,0.3999096599679479,10
True,1,5,False,0.43220864428938743,77
True,3,1,False,0.7176843318662318,90
True,3,4,False,1.270738881826521,94
False,3,1,False,1.405083158148081,133
True,1,2,False,0.5970560192796368,82
True,3,4,False,1.2176258050972435,87
False,1,5,False,1.3030378661479605,172
True,3,5,False,0.859126736860665,158
True,1,4,False,0.8093995296545939,143
False,2,3,False,1.6996704531348552,93
True,3,5,False,0.2261682706520753,9
False,2,4,False,0.3026863173771692,15
False,3,5,False,0.367501879104355,22
False,1,4,False,1.2932400633449557,127
True,3,2,False,1.9621009764824981,32
False,3,5,False,0.32058314257056897,23
True,1,1,True,0.5405570730271527,37
True,2,2,True,0.5653344338091189,21
True,3,5,False,0.7529005834021097,192
True,3,1,False,1.238331100962928,137
False,3,5,False,0.45370893209030044,156
True,2,4,False,0.0,71
True,3,2,False,0.21785165517737368,92
True,1,3,True,0.2592622469087431,44
False,3,3,False,0.42009999702420314,132
False,3,1,True,0.2592622469087431,38
True,1,1,False,0.4178064851613476,45
False,1,1,False,1.4140859690158574,34
True,3,2,True,0.7169981364731569,67
False,2,1,False,2.0235306686864774,27
True,1,2,False,0.06481556172718578,101
True,2,1,False,0.44401992582944894,9
True,2,5,False,1.6381319643887227,105
True,3,3,False,2.0585293271380483,113
False,2,2,False,0.48813019169095,112
True,2,3,False,0.27027853651357636,88
True,3,5,False,0.3350940982407621,7
False,3,1,False,0.21165731498188212,17
False,3,1,False,1.5241665943063873,22
True,3,5,False,0.1452344367849158,155
True,3,4,False,0.8797232361841962,155
True,3,3,False,1.2176258050972435,129
True,1,3,False,0.1820580047905742,89
False,2,2,False,1.6752528981195038,86
False,1,5,False,0.7970108492636108,163
True,3,1,False,0.3962375634330035,115
False,2,5,False,1.0238653153087611,129
False,2,5,False,1.2622046732675127,154
False,3,3,False,0.43570331035474735,119
False,2,1,False,1.2168308131620151,31
False,1,3,False,1.0410759451090859,155
True,3,3,False,0.7880080383958342,116
True,1,5,False,1.3443396613371765,57
False,2,1,False,1.3141629522949472,22
True,2,1,False,0.7859945596587776,126
True,3,5,False,0.12963112345437156,50
True,3,3,False,1.1086999775085566,65
True,3,1,False,0.2826672169045594,92
True,2,4,False,0.16754704912038104,15
False,3,4,False,2.134469975012221,196
True,3,5,False,0.27027853651357636,73
True,3,5,False,0.506135813426503,144
False,3,1,False,1.81468182437688,19
True,3,5,False,0.9583635581885004,94
True,1,5,False,0.6418524805342128,80
False,3,5,False,0.33367924805462207,106
True,3,5,False,0.9769465787749749,129
False,3,4,False,0.4826220468885334,175
True,2,2,False,1.5534060987310805,10
True,1,2,False,0.7267959392761618,145
True,3,3,False,0.565334433809119,65
True,2,1,False,0.9355359870436055,111
True,3,3,False,1.1590045835655491,119
True,3,4,False,0.43851178102703237,112
False,1,4,False,1.3525474802697248,93
False,1,2,False,1.3706618985474313,19
False,2,1,True,0.48251325034638004,12
True,1,1,False,1.3290337137317552,84
True,2,5,False,0.5653344338091189,80
True,3,2,False,0.1530360934501879,78
False,2,3,False,0.6026729606242068,104
False,1,2,False,1.6472435717986527,11
False,2,3,False,1.0589727703024856,118
False,3,5,False,0.3026863173771692,5
False,2,1,False,1.6884365704457152,22
True,2,5,False,0.6122531703429049,164
True,3,1,False,1.0417621405021606,92
True,2,5,False,0.5467514132226442,99
True,1,4,True,0.43570331035474735,32
True,2,1,False,0.9858405931005981,120
True,3,2,False,0.16473857844809606,76
True,1,4,False,0.43782558563395735,121
False,3,4,False,0.29098383237926106,16
True,2,4,False,0.08642074896958103,31
False,2,4,False,0.32058314257056897,147
True,1,5,False,0.5033273427542181,60
True,2,2,False,2.094540570609155,28
False,2,2,False,1.0237565187666076,154
False,2,1,False,2.17937523280895,37
True,3,2,False,0.8349267749296203,124
True,1,2,False,0.4413202516993173,79
True,1,5,False,1.4022746874757959,131
True,3,3,False,1.0211656411786294,135
False,3,5,False,0.3350940982407621,22
False,3,5,False,0.7998193199358958,104
True,1,1,False,0.31168912824494577,86
True,3,3,False,0.1530360934501879,111
True,1,5,False,0.5087266910144814,21
False,3,5,False,0.932150117520399,122
False,3,5,False,1.1500017726977725,133
True,1,2,False,1.4814924083310215,34
True,2,4,True,0.6701881964815242,57
True,3,1,True,0.49374713303552,8
False,3,5,False,0.3088806575726608,11
False,3,4,False,0.25576758084338314,22
False,2,2,False,1.3086548074925304,25
True,3,5,False,1.2238201452927349,110
False,2,1,False,0.13513926825678818,13
True,3,2,False,1.2962661271015474,58
True,3,2,True,0.9294504433902673,31
False,1,2,False,1.996631032625301,14
True,1,2,False,1.0645897116470555,40
False,3,5,False,0.22335979997979027,12
True,1,2,False,0.3350940982407621,109
False,3,2,False,1.7442493213051244,21
True,3,3,False,0.42331462996376423,110
True,1,3,False,1.670430948710162,175
False,2,5,False,1.2617360709587444,151
False,1,3,False,1.5761248733338218,88
False,3,5,False,0.367501879104355,6
True,2,5,False,0.6701881964815242,131
False,2,3,False,0.5341278071480305,105
False,2,4,False,0.9501557392559521,140
False,3,1,True,1.012271626853006,39
False,2,3,False,0.5005188720819331,83
False,2,5,False,0.9376582623228156,159
True,3,1,False,0.8060136601313874,82
False,2,1,False,0.8617176144486431,153
True,3,2,False,1.9022161607068075,118
True,2,2,False,1.1107134562456134,127
True,2,5,False,0.1820580047905742,109
True,2,5,False,1.129296476832088,91
False,1,1,False,1.3843778622823961,37
True,2,1,False,0.779114024070211,106
False,3,4,False,0.0,101
True,2,3,False,0.1530360934501879,102
True,1,1,True,0.17644106344600424,25
True,1,2,False,1.1914123644291421,134
True,1,1,False,0.4670549990720403,4
True,2,5,False,0.900428532049881,121
False,3,5,False,0.23236261084756682,7
True,3,1,False,1.0886808770359466,99
True,2,5,False,0.855632070795305,82
True,3,4,False,1.2644357450888761,107
False,2,2,False,1.326442836143777,22
False,3,1,False,0.4116121449658561,18
True,2,1,False,1.2170484062463218,33
False,3,5,False,0.25857605151566815,24
False,3,4,False,0.28817536170697605,9
True,3,2,False,1.1735155392357424,109
True,3,2,False,0.5239238420777494,155
True,3,3,False,0.9142532923269993,149
False,2,2,False,1.740863451781918,51
True,2,5,False,0.35299092343416183,15
True,3,5,False,0.37650468997213155,147
True,2,1,False,1.1527014468279042,24
True,3,2,False,1.164512728367966,84
False,2,5,False,0.33367924805462207,74
False,3,5,False,0.19995482998397396,14
False,3,1,False,1.1140993257688199,28
False,2,2,False,1.1052053114431966,26
True,3,1,True,0.6121443738007516,57
False,2,5,False,0.7527917868599563,147
True,1,1,False,0.7763055533979261,96
False,2,2,False,1.3374591257486101,33
False,2,4,False,1.782165246971134,85
False,2,4,False,0.6935931664773405,87
True,3,5,False,0.9528554133860836,120
True,3,5,False,0.1820580047905742,102
True,3,2,False,0.08822053172300212,109
True,3,4,False,0.7438977725343332,119
True,1,2,False,1.6023383140019232,94
True,3,4,False,0.47065456457888244,93
True,2,5,False,1.0445706111744457,91
True,2,2,False,2.0476218340753687,34
True,1,1,True,0.3528821268920085,56
False,2,4,False,0.37920436410226316,11
False,3,4,False,0.27027853651357636,18
True,1,5,False,0.655677240811331,106
True,1,3,True,0.0,19
False,1,3,False,1.0382674744368008,132
True,3,5,False,0.9383444577158906,92
True,3,3,False,1.1528102433700576,116
False,2,3,False,0.6294638001432298,103
True,2,1,False,1.7517709448445977,155
True,2,1,False,1.2438392457653447,21
True,3,1,True,0.2592622469087431,20
True,2,4,False,1.9586063104171383,75
False,3,1,False,0.7461288443556966,184
True,3,5,False,0.17924953411828923,3
False,2,1,False,0.8053274647383124,36
True,2,5,False,1.0761834001028103,149
False,1,2,False,1.2404533762421381,23
True,3,5,False,0.2666064399786319,90
False,3,5,False,0.2261682706520753,15
True,1,1,False,0.7266871427340084,115
True,1,4,False,0.5102653735568309,116
True,2,1,False,1.2022110609496686,94
True,1,5,False,1.3058463368202455,103
True,3,5,False,0.8742150913817797,145
True,3,2,False,0.8322271007994887,72
False,2,3,False,0.6405888862902164,164
False,3,2,False,1.8261667162904818,130
True,3,3,False,1.1618130542378342,120
False,1,1,False,2.1442677778152257,20
False,2,2,False,1.1618130542378342,156
True,3,1,False,0.7943111751334792,128
False,3,1,False,1.3445572544214834,27
False,3,5,False,0.5920265677725985,118
True,3,1,False,1.5436082959280757,102
True,1,1,False,1.6885453669878685,15
True,2,1,False,1.0176709751132695,80
False,3,5,False,0.7445839679274081,136
False,2,2,False,1.8264931059169418,39
False,2,4,False,0.5525608208508547,56
False,3,5,False,0.0,141
True,1,2,True,0.17644106344600424,38
True,3,5,False,0.6735740660047308,92
False,3,1,False,0.27027853651357636,14
True,2,1,False,1.0734837259726788,112
False,3,5,False,0.5997556934097685,139
True,3,5,False,1.0059684901153614,88
True,1,4,False,0.33367924805462207,106
False,1,5,False,1.5027751030476277,79
True,2,2,False,1.8345921283073365,25
True,1,5,False,0.2748655602392873,109
True,3,2,False,0.6762737401348624,149
True,2,3,False,1.0059684901153614,162
False,3,4,False,0.32058314257056897,10
True,3,1,True,0.12963112345437156,6
False,3,5,False,0.13513926825678818,18
True,3,5,False,0.7445839679274081,138
True,2,4,False,0.15584456412247288,52
True,3,5,False,0.25857605151566815,24
False,3,2,False,1.5293149333421892,26
False,3,1,False,0.3999096599679479,11
True,3,1,False,0.3999096599679479,6
True,2,5,False,0.5557542240904207,95
True,3,1,False,0.3233916132428539,3
False,3,5,False,0.35579939410644684,10
True,3,4,False,0.9762603833819,84
False,2,2,False,1.620235139195323,31
True,3,2,False,1.358959413549523,95
True,1,1,True,0.43570331035474735,40
False,3,1,False,0.9618582242538603,83
True,3,5,False,0.8473154553206035,93
False,3,1,False,1.597625161134735,26
False,3,1,False,2.0386190232075925,17
True,3,5,False,1.037581279043726,126
False,2,5,False,0.2764728767090679,11
True,1,3,True,0.5185244938174862,37
True,1,2,True,1.2355226302906432,50
False,2,3,False,0.3240778086359289,146
True,3,4,False,0.7529005834021097,87
True,3,5,False,0.3233916132428539,13
True,2,5,False,1.384595455366703,90
True,2,5,False,0.42009999702420314,100
False,1,1,False,1.4856732697894561,42
False,3,1,False,0.44401992582944894,9
True,2,4,False,1.2441990515319594,177
True,2,3,False,0.08822053172300212,114
False,3,1,False,0.2592622469087431,62
True,3,5,False,0.43840298448487897,43
True,2,5,False,0.2748655602392873,132
True,3,1,False,1.222447754506585,9
True,1,1,False,1.8165865065717834,127
True,1,1,True,0.2592622469087431,18
False,3,4,False,0.23899937882438563,53
True,1,5,False,0.27027853651357636,75
False,1,2,False,1.2969523224946222,32
True,1,2,False,0.3350940982407621,80
False,3,2,False,1.0963112971175735,25
True,3,4,False,0.3026863173771692,11
True,1,2,True,0.17644106344600424,33
False,2,2,False,1.09969716664078,42
True,2,3,False,0.24687356651776,117
False,1,2,False,2.105556860213988,22
True,3,4,False,0.46541141708820866,107
False,2,4,False,1.502415297281013,35
False,3,1,True,0.5185244938174862,51
False,3,1,False,0.13513926825678818,16
False,2,1,False,0.7059818468683237,160
True,3,1,False,1.0438844157813707,128
False,3,1,False,0.7679889379232245,185
True,3,4,False,0.6915796877402839,129
True,2,3,False,0.1820580047905742,78
False,2,5,False,0.85282360012302,178
False,2,2,False,1.9092054928375273,18
True,2,1,False,0.564648238416044,157
True,2,4,False,1.8635052431055699,62
True,1,4,True,0.8466292599275285,48
False,3,5,False,0.44401992582944894,14
False,3,4,False,0.37920436410226316,7
True,3,4,False,0.565334433809119,44
False,3,2,False,1.4258972505559189,25
True,2,1,False,1.0645897116470555,110
True,3,4,False,0.9438526025183072,92
True,3,3,False,1.1769014087589489,119
True,2,1,False,1.9704175919571998,11
True,3,5,False,0.3999096599679479,15
False,3,4,True,0.12963112345437156,27
False,3,5,False,0.2261682706520753,24
False,3,1,False,0.8674433523353666,128
False,2,3,False,1.341639987207045,105
False,2,2,False,1.156196112893264,162
True,1,3,False,1.9022161607068075,80
True,2,3,False,1.2498159928765296,77
True,2,2,True,0.5653344338091189,72
True,3,5,False,0.3088806575726608,8
False,3,5,False,0.8942341918543895,158
True,2,1,False,2.044235964552162,41
True,2,4,False,1.0609862490395423,82
True,1,2,True,0.8466292599275285,37
True,2,5,False,0.7734970827256411,94
False,3,5,False,0.4206149558336326,23
True,1,1,True,0.38889337036311467,23
False,1,1,False,1.3140541557527938,36
False,3,5,False,0.3233916132428539,11
False,3,4,False,0.3240778086359289,85
True,1,5,False,0.6467832264857079,37
True,1,3,False,1.4197029103604275,67
False,3,1,False,1.9029023560998823,24
True,3,5,False,0.367501879104355,18
True,3,4,False,0.776991748791001,98
True,3,2,False,0.37650468997213155,77
False,2,2,False,1.285249837496714,6
False,3,3,False,0.9266419727179823,121
False,3,4,False,0.8646348816630816,118
True,2,5,False,0.42331462996376423,87
True,1,3,False,0.7970108492636108,109
True,3,3,False,1.1113996516386881,150
False,3,1,False,0.29098383237926106,10
False,1,1,False,1.5561057728612122,117
True,3,4,False,0.6418524805342128,107
False,2,5,False,0.8886172505098195,157
False,2,1,False,1.5562145694033656,10
True,3,5,False,0.9417303272390971,165
False,3,1,False,1.5058011668042195,3
False,2,1,False,1.5064873621972943,37
True,2,5,False,0.06481556172718578,78
True,1,5,False,0.538543594290096,64
False,1,1,False,1.8531751488938113,43
True,3,4,False,0.39371531977245633,142
False,3,1,False,0.16754704912038104,8
True,2,1,False,0.23899937882438563,122
False,3,4,False,0.37920436410226316,10
True,1,5,False,1.2086229942294668,80
False,1,1,False,1.9326104628333436,19
False,3,1,False,1.5058011668042195,28
True,3,4,False,0.353027188948213,85
True,3,1,False,1.067975581170262,81
True,1,3,False,0.06481556172718578,73
False,1,2,False,0.8797232361841962,89
False,3,5,False,0.659171906876691,177
False,2,3,False,1.0120540337686994,91
False,2,1,False,1.0964200936597268,126
True,2,2,True,0.12963112345437156,29
True,1,1,True,0.2592622469087431,24
True,3,2,False,0.5474376086157191,153
True,2,1,False,0.2261682706520753,4
True,3,5,False,0.9383444577158906,168
False,3,1,False,0.37920436410226316,14
False,1,5,False,0.5005188720819331,163
False,1,5,False,0.72938681686414,122
False,2,1,False,1.3849552611333176,6
True,1,1,True,0.7530093799442631,16
False,2,5,False,1.2556505273054062,133
False,3,3,False,1.3415311906648917,25
True,1,2,False,1.3644675583519397,36
True,2,2,False,0.35849906823657846,95
True,1,2,False,0.46472522169513364,85
True,3,3,False,0.291670027772336,62
False,2,5,False,0.3999096599679479,21
False,3,1,False,1.6320464207353844,38
False,2,5,False,1.0438844157813707,157
True,3,5,False,0.37920436410226316,15
False,2,3,False,0.6467832264857079,162
True,3,5,False,0.34679658323867024,10
False,2,5,False,0.8025189940660273,142
True,3,3,False,1.5457305712072857,108
False,3,2,False,1.9814338815620332,88
True,3,2,False,0.2592622469087431,101
True,2,1,False,0.17644106344600421,96
True,3,3,False,1.2796328961521442,93
True,3,5,False,0.8880398516588979,190
True,3,5,False,0.26477039171115974,6
True,1,2,False,1.559274049300112,56
True,1,2,False,0.20404812460025054,12
True,3,1,False,0.9031282061800125,141
True,3,4,False,0.3962375634330035,93
True,1,2,False,0.2385569510430584,158
False,2,2,False,2.211783013672543,31
True,2,5,False,1.0445706111744457,128
True,1,3,True,0.6233782564898915,75
True,3,4,False,0.441211455157164,48
True,2,2,False,1.2086229942294668,119
True,1,2,False,1.8416902569802098,33
True,2,1,False,1.8593694890893029,25
True,1,4,True,0.6121443738007516,22
False,3,1,True,1.083858927626605,35
True,2,2,False,0.2592622469087431,82
True,2,1,False,1.5905270324618617,99
False,3,5,False,0.3233916132428539,16
True,3,2,True,0.3528821268920085,27
True,2,1,False,1.8374005989796216,167
True,3,1,False,0.16754704912038104,6
True,1,3,True,0.5405570730271527,84
False,1,2,False,1.6264294793908145,22
True,3,5,False,0.06481556172718578,109
True,2,1,False,0.7328814829295,105
True,2,1,False,0.6293550036010763,127
True,2,5,False,0.9583635581885004,149
False,2,2,False,0.6617627844646692,185
True,2,1,False,1.8083786876392354,12
False,2,1,False,2.1910777178068583,33
True,3,3,False,1.3058463368202455,100
False,2,4,False,0.9852631942496766,97
True,1,1,True,0.17644106344600424,30
False,2,2,False,1.909096696295374,17
False,3,5,False,0.16754704912038104,4
True,1,2,True,0.9294504433902673,30
False,1,1,False,0.7674115390723029,12
False,2,4,False,0.19995482998397396,16
True,2,5,False,0.8356129703226952,129
True,3,3,False,1.1237883320296713,95
True,3,4,False,0.9583635581885004,111
True,3,3,False,0.31168912824494577,106
True,3,1,False,0.10202406230012527,111
True,3,4,False,0.24687356651776,73
True,2,5,False,0.7680977344653779,115
False,3,5,False,1.0321819307834628,121
True,2,4,False,0.26286181241558526,177
True,3,1,True,0.6949655572634905,79
True,1,2,True,0.2592622469087431,59
True,3,5,False,1.0321819307834628,86
False,1,1,False,1.2886357070199208,16
False,3,5,False,0.17924953411828923,8
True,2,3,False,0.3853987042977547,136
True,1,3,False,0.9142532923269993,129
True,2,4,False,1.2320279642252832,149
True,2,4,False,0.47361923602075684,113
False,3,5,False,0.3350940982407621,22
True,3,1,False,1.012162830310853,90
True,1,1,True,0.49374713303552,14
False,2,4,False,1.4317652011249504,108
True,1,2,False,0.37650468997213155,65
True,3,4,False,0.0910290023952871,98
True,1,3,False,0.43570331035474735,102
False,3,5,False,0.25857605151566815,10
True,3,3,False,0.8914257211821045,100
False,3,1,False,0.40880367429357106,110
True,1,3,True,0.7530093799442631,17
True,1,2,False,0.9438526025183072,90
False,2,5,False,0.2764728767090679,10
True,3,5,False,0.9411529283881755,83
True,1,2,True,0.49374713303552,27
False,1,5,False,0.12963112345437156,117
True,2,5,False,0.2764728767090679,17
True,1,4,True,0.3641160095811484,30
False,3,1,False,1.5354004769955274,20
True,2,5,False,0.13513926825678818,18
False,1,4,False,1.569135541203102,97
False,1,1,False,1.7587602769753174,31
True,2,2,False,1.4030696794110242,150
False,3,2,False,0.19444668518155733,130
True,1,2,True,0.17644106344600424,19
False,3,5,False,0.367501879104355,18
True,1,2,False,0.5267323127500345,118
True,3,5,False,0.9583635581885004,128
False,1,1,False,1.6497256528444775,8
True,3,4,False,0.5726786268790077,67
True,3,1,False,0.9003197355077277,112
False,3,2,False,1.6994528600505485,17
True,1,4,False,0.6618715810068226,69
True,1,1,True,0.6701881964815242,29
True,1,5,False,1.3678534278751462,106
True,3,2,False,1.5230117966045442,13
True,1,4,False,1.0762921966449637,143
True,2,2,False,0.24125662517319002,103
False,1,1,False,1.5676994613169668,23
False,1,1,False,1.8566698149591714,29
True,1,2,False,0.3888933703631147,80
False,1,2,False,1.608641450739568,129
True,1,1,True,0.7530093799442631,9
True,3,5,False,0.47023336649755026,100
True,1,2,False,0.6867064370028352,102
False,1,5,False,0.5763507234139521,129
False,2,5,False,0.703282172738192,189
False,2,1,False,0.4191850698334365,85
False,2,5,False,1.3527650733540315,20
False,3,4,False,2.038510226665439,81
True,1,4,False,0.9438526025183072,112
True,3,1,False,1.067975581170262,134
True,3,3,False,1.367058435939918,112
True,1,1,True,0.38889337036311467,17
True,3,5,False,0.24125662517319002,50
True,2,2,False,1.358959413549523,154
False,3,2,False,1.2850322444124074,34
True,2,2,False,0.2748655602392873,37
False,2,1,False,1.037581279043726,10
False,2,4,False,2.0552522541569953,92
True,2,4,False,0.13513926825678818,90
False,2,1,False,0.5936701497564303,21
False,3,4,False,0.06481556172718578,96
False,3,5,False,0.866892128011886,77
True,3,1,False,0.42009999702420314,34
True,2,5,False,1.059081566844639,174
True,2,5,False,0.8769147655119113,180
False,1,5,False,0.37650468997213155,133
True,2,5,False,0.29098383237926106,18
True,1,4,False,1.3911496013288092,43
False,1,2,False,1.9089878997532206,32
False,3,5,False,0.3143888023750774,12
True,1,4,False,0.5846823747027098,78
False,1,1,False,2.429634668849917,32
True,2,2,False,0.6177613151453216,35
True,3,3,False,0.9624356231047818,159
False,2,3,False,1.0729063271217572,171
False,3,2,False,1.8650952269760264,14
True,1,3,False,1.1438074325022811,141
False,1,1,False,1.72566630071865,29
True,2,5,False,1.1672124024980974,150
True,3,1,False,1.3588506170073698,30
True,3,3,False,0.3944015151655313,115
True,2,1,False,2.1710586173342485,36
False,3,4,False,0.9094313429176575,129
False,3,1,False,0.13513926825678818,17
False,3,1,False,1.844498727652495,31
False,1,1,False,1.7381637776517864,24
True,3,3,False,0.08822053172300212,104
True,2,3,False,0.17644106344600424,101
True,3,4,False,0.3233916132428539,90
False,2,2,False,1.2196392838343,38
False,2,5,False,1.2914441776922059,140
False,1,5,False,1.6203439357374763,114
True,2,5,False,0.9976518746406596,156
True,1,5,False,0.7880080383958342,131
True,3,5,False,0.2764728767090679,125
True,2,1,False,1.4057693535411557,118
True,2,1,False,0.28817536170697605,67
True,1,4,True,0.6949655572634905,52
True,1,5,False,0.776991748791001,136
True,2,4,False,0.6887712170679989,137
True,2,4,False,0.23236261084756682,7
True,3,2,False,0.4826220468885334,110
True,3,2,False,1.4683538434469783,44
True,2,4,False,0.4633103715089937,72
True,3,5,False,0.5998644899519219,76
True,2,4,True,1.059081566844639,57
False,2,1,False,1.3417487837491984,45
True,2,3,False,0.6680659212023142,154
False,3,4,False,0.26477039171115974,8
True,2,2,False,0.31168912824494577,102
True,1,5,False,0.7266871427340084,87
True,3,2,False,0.47023336649755026,95
True,1,2,False,0.17644106344600421,128
False,3,2,False,1.3526562768118782,31
False,3,1,True,0.8714066207094947,57
False,1,1,False,1.6830372221854522,14
True,3,4,False,0.21785165517737368,86
False,2,2,False,1.1707070685634573,32
False,2,5,False,1.1914123644291421,132
False,3,1,True,0.43570331035474735,12
False,3,4,False,0.13513926825678818,11
True,3,1,False,0.34679658323867024,12
True,1,3,True,0.9294504433902673,17
True,2,5,False,0.903237002722166,163
False,1,4,False,1.2382223044207747,120
True,1,2,False,0.8825317068564813,96
True,2,5,False,0.5467514132226442,131
False,2,5,False,1.0769783920380387,173
True,3,1,False,1.7958812107060989,139
True,1,5,False,0.5474376086157191,65
False,2,3,False,0.8232242899317121,149
True,3,1,False,2.0007030975415825,27
True,2,1,False,1.8787023941688377,17
True,1,5,False,0.8763373666609897,58
False,3,3,False,0.73500375820871,94
True,2,2,False,0.2666064399786319,31
False,3,2,False,1.8469808086983197,12
False,3,1,False,2.3964318960510957,75
True,3,5,False,0.899742336656806,111
True,3,3,False,0.24687356651776,104
True,2,1,False,0.9142532923269993,32
True,3,4,False,0.9031282061800125,68
True,3,5,False,0.8680207511862881,104
True,2,2,True,0.5653344338091189,34
True,1,1,False,0.26286181241558526,20
True,3,3,False,0.36128630920886834,104
True,2,5,False,0.5908616790841452,142
True,1,2,True,0.6701881964815242,15
True,3,5,False,1.1707070685634573,117
False,3,5,False,0.8466292599275285,163
False,3,2,False,1.5065961587394479,7
True,2,4,False,1.2734385559566526,129
True,1,2,True,0.9294504433902673,31
False,3,5,False,0.3648858747157105,110
False,1,5,False,1.1085911809664033,119
True,1,1,False,0.9115536181968676,113
True,3,1,False,1.3504252049905148,47
False,3,1,False,0.21165731498188212,13
True,2,3,False,0.24725849908504105,99
True,2,2,False,1.3079686120994556,28
True,1,5,False,1.0141763090479095,31
False,2,5,False,1.0561642996302005,111
False,3,5,False,0.9762603833819,121
False,2,2,False,1.0901169569220819,20
True,1,2,False,0.4413202516993173,75
True,2,2,False,0.9610632323186319,77
True,2,1,False,1.1382992876998645,152
True,2,4,True,0.6233782564898915,43
True,2,1,False,0.9852631942496766,120
True,2,3,False,0.9231473066526223,162
False,2,1,True,1.083858927626605,53
True,2,5,False,1.8648776338917195,122
True,3,5,False,0.9673663690562768,87
True,3,3,False,0.38201283477454817,178
False,3,5,False,0.5176095666267196,94
False,2,1,True,0.8466292599275285,46
True,1,2,True,0.43570331035474735,27
False,3,1,False,0.23236261084756682,19
True,1,1,False,0.6763825366770158,127
False,1,2,False,1.1322137440465263,30
True,3,5,False,0.36188493775978503,73
True,3,4,False,1.1852180242336505,139
False,1,5,False,1.6996704531348552,120
False,3,3,False,0.8466292599275285,100
True,3,5,False,1.114894317704048,87
False,1,1,False,1.3444484578793299,77
True,1,1,False,0.9769465787749749,144
False,2,5,False,0.19444668518155733,135
False,1,1,False,1.812090946788902,18
False,2,5,False,1.141685157223071,151
False,1,2,False,1.8379779978305433,45
True,3,1,True,0.5653344338091189,52
False,1,4,False,1.319779893639517,44
True,3,1,True,0.8826405033986346,53
True,1,2,False,0.3350940982407621,81
True,2,1,False,1.053464625500069,135
False,2,3,False,1.7967849991834806,167
True,1,1,False,1.4051919546902343,15
False,3,5,False,1.0383762709789541,147
True,2,5,False,0.6529775666811994,112
True,1,5,False,0.27027853651357636,71
True,2,3,True,0.43570331035474735,71
True,1,2,False,0.2592622469087431,70
True,1,4,False,0.6797684062002223,92
True,3,5,False,0.7467062432066182,126
True,3,5,False,1.8904048791667458,117
False,3,5,False,0.25576758084338314,17
True,2,5,False,1.053464625500069,144
True,2,2,False,0.1530360934501879,72
False,2,1,False,2.3503081514525377,16
True,3,4,False,0.06481556172718578,94
True,2,2,False,0.21785165517737368,98
True,1,4,False,0.9266419727179823,113
True,3,1,False,0.37920436410226316,19
False,2,2,False,1.752565936779826,16
True,3,4,False,0.4945169981700821,107
False,2,3,False,0.5204291760123895,166
False,1,3,False,0.7355811570596316,190
True,1,2,True,0.6701881964815242,59
True,2,1,True,0.17644106344600424,43
True,1,1,False,0.8328044996504103,141
False,2,1,False,1.9002026819697508,28
True,3,5,False,0.5088354875566348,96
True,2,5,False,0.6763825366770158,171
True,3,4,False,0.8790370407911213,117
False,1,3,False,1.8737716482173425,165
False,3,3,False,0.7455201248181699,105
True,2,2,False,0.2592622469087431,84
True,3,5,False,0.7231924766686485,108
True,1,1,False,0.22066012584965866,152
False,1,3,False,0.3998008634257945,148
False,2,5,False,0.7115987882128937,183
True,1,2,True,0.17644106344600424,42
True,3,4,False,1.267930411154236,133
True,3,5,False,1.2086229942294668,135
True,3,4,False,1.5561057728612122,123
True,3,3,False,1.1288278745233198,56
False,3,5,False,0.6076298811031428,123
False,2,1,False,1.8620691632194344,73
True,3,4,False,1.3107770827717407,168
True,2,5,False,0.4826583124025845,64
True,3,2,True,0.7998193199358958,64
False,1,1,False,1.46089590900749,27
True,2,5,False,1.5263976661277507,76
True,3,1,False,0.7143134981570815,130
True,1,1,True,0.5653344338091189,25
True,3,4,False,0.7707974085955094,74
True,2,2,False,0.42331462996376423,97
True,1,1,True,0.49374713303552,28
True,3,3,False,0.1530360934501879,94
True,1,4,False,0.24687356651776,95
False,3,2,False,0.4771139020861168,85
True,3,5,False,1.3237431620136453,130
True,1,2,True,0.6701881964815242,2
True,3,5,False,1.1919897632800638,180
True,2,4,False,0.13513926825678818,10
True,3,4,False,0.8969338659845211,148
True,2,1,True,0.43570331035474735,8
True,2,1,False,0.6411662851411379,149
True,3,1,False,1.0672893857771872,115
True,3,5,False,1.6465573764055779,96
True,2,2,False,0.24687356651776,77
True,1,3,False,0.5088354875566348,84
True,3,2,True,0.3528821268920085,50
True,3,1,False,0.6122531703429049,94
True,1,5,False,0.5998644899519219,166
False,1,2,False,0.8418073105181868,76
True,1,4,False,0.37920436410226316,117
True,2,4,False,0.34568299587832413,101
True,3,4,False,1.1914123644291421,112
True,1,3,False,0.17644106344600424,97
False,2,5,False,1.9110013784902773,142
False,1,5,False,0.8412299116672652,137
True,1,5,False,0.21785165517737368,119
False,2,3,False,1.8413638673537496,96
True,3,5,False,0.9941572085752997,104
True,2,4,False,0.29781306663972035,66
True,1,2,False,0.20404812460025054,123
True,2,4,False,1.023179119915686,140
False,2,5,False,0.43570331035474735,96
True,3,1,False,0.19995482998397396,16
False,1,5,False,0.5384347977479427,161
True,3,1,False,2.332411326259138,17
True,1,2,False,0.12343678325888,100
False,1,2,False,1.7794655728410023,26
True,3,5,False,0.3999096599679479,21
True,1,5,False,1.1154717165549697,109
True,1,1,False,1.653437911994144,24
True,2,4,False,0.8680207511862881,107
True,3,5,False,0.2764728767090679,10
True,3,4,True,0.3641160095811484,63
True,3,5,False,0.23236261084756682,8
True,1,3,False,0.08822053172300212,106
True,1,5,False,0.25025943604096657,100
False,1,5,False,1.438285930946902,96
True,3,2,False,0.12062831258659501,88
True,2,4,False,0.7731271859724161,173
True,3,2,False,0.31168912824494577,91
True,3,5,False,0.9266419727179823,146
False,3,3,False,0.2942135011328782,121
False,3,5,False,0.7644942718578646,145
False,1,1,False,1.7237616185237465,39
True,1,1,False,1.188603893756857,158
True,1,4,False,0.803096392916949,152
False,3,4,False,0.4116121449658561,15
False,2,1,True,1.1887126902990104,31
True,3,4,False,0.7149846577361003,72
False,2,2,False,1.1700208731703823,30
True,3,5,False,0.43570331035474735,85
True,2,4,False,0.5529457534181358,44
False,1,4,False,1.3025692638391924,150
True,1,5,False,0.0,132
True,1,5,False,0.1530360934501879,80
True,3,5,False,0.5150298277521264,92
False,2,1,True,0.6121443738007516,31
False,3,4,False,0.17924953411828923,19
True,2,2,False,1.285936032889789,29
True,3,2,False,0.8087133342615189,135
True,1,2,False,0.44770705817844947,72
False,3,1,True,0.17644106344600424,21
True,1,1,False,0.19444668518155733,73
True,1,2,False,1.8972854147553122,28
True,3,2,False,1.6472435717986527,24
True,1,2,True,0.49374713303552,6
True,3,5,False,1.0824865368404553,157
True,2,4,False,0.5138649390636729,94
False,1,1,False,1.6940535117902853,17
True,1,1,False,0.3944015151655313,104
False,2,1,False,0.22335979997979027,5
False,2,3,False,2.0876600350205883,139
True,1,1,False,0.8653210770561565,140
False,2,5,False,1.1204024625064648,147
False,3,5,False,0.37920436410226316,16
False,3,1,False,0.3233916132428539,14
False,3,4,False,0.9651352972349134,132
True,2,1,False,1.723652821981593,14
True,1,5,False,0.5853535342817286,164
False,1,2,False,1.7594464723683925,24
True,1,1,False,1.5753298813985936,17
True,1,4,False,0.2942135011328782,100
False,3,2,False,0.2592622469087431,85
False,3,2,False,1.5527199033380055,143
True,2,3,False,0.4982616257331287,93
False,3,1,True,0.43570331035474735,39
True,3,1,False,1.1174851952920264,64
False,3,3,False,0.6122531703429049,151
False,2,2,False,1.2858272363476357,146
True,2,2,False,1.0472702853045774,132
True,3,3,False,1.297529721345544,146
True,3,5,False,0.26286181241558526,115
False,2,5,False,0.3999096599679479,13
False,3,5,False,0.5239238420777494,118
True,1,5,False,0.60944469967062,111
True,1,2,False,0.12062831258659501,51
True,1,5,False,0.2510031266480877,71
False,2,5,False,0.7169981364731569,119
True,3,4,False,0.9914575344451682,109
True,3,2,False,0.3060721869003758,78
True,1,2,False,0.24687356651776,106
False,3,2,False,2.1703724219411735,23
False,1,3,False,1.1791324805803123,179
True,1,5,False,0.08822053172300212,64
True,1,1,False,1.5788245474639535,35
True,2,4,False,0.29987784670488427,125
True,3,4,False,0.3999096599679479,13
False,3,1,True,0.38889337036311467,49
False,2,1,False,1.9111101750324306,42
False,2,1,False,1.4822874002662498,26
False,2,4,True,0.7530093799442631,10
True,2,5,False,0.26466159516900634,176
True,1,4,False,0.439447937917794,87
True,3,5,False,0.9907713390520931,131
True,1,2,False,0.08822053172300212,75
False,3,5,False,0.6472406900810912,130
False,2,4,False,0.6467832264857079,114
True,3,1,False,0.8590179403185116,90
True,1,5,False,1.0756060012518887,41
True,3,2,False,0.925846980782754,93
True,2,2,False,0.24687356651776,95
True,2,5,False,1.0796780661681702,129
True,1,5,False,0.7445839679274081,29
True,2,5,False,1.1618130542378342,182
False,1,3,False,2.178580240873722,110
True,2,3,False,0.45370893209030044,164
True,2,2,False,0.2205513293075053,135
False,3,4,True,0.5653344338091189,30
True,1,3,False,0.9824547235773916,98
False,3,3,False,0.44304750342463617,93
True,1,4,True,0.3528821268920085,56
False,2,2,False,1.2087317907716202,22
True,1,2,False,0.6915796877402839,128
True,1,1,False,1.5118867104575577,4
False,3,1,False,0.23236261084756682,7
True,2,4,False,0.25576758084338314,12
False,2,3,False,0.8238016887826337,182
True,3,3,True,0.0,72
False,3,5,False,0.17924953411828923,14
True,3,3,False,0.3998371289398457,67
True,1,3,True,0.5405570730271527,13
True,3,1,False,1.312040677015737,68
True,3,1,False,1.1411077583721494,143
True,3,5,False,0.7211789979315918,132
True,2,3,False,0.9555550875162153,97
True,3,1,False,1.0417621405021606,106
True,3,5,False,0.9528554133860836,107
True,2,1,False,0.9293416468481139,85
False,3,1,True,0.5185244938174862,42
False,2,1,True,0.6949655572634905,56
True,2,1,False,1.6681998768887987,31
False,3,3,False,0.9887578603150365,168
False,2,1,False,1.5686032497943485,43
True,3,5,False,0.47065456457888244,125
False,2,5,False,0.8735288959887048,108
True,2,5,False,0.8915345177242578,136
True,2,1,False,1.0148625044409845,103
True,3,4,False,0.7383896277319166,83
True,2,2,False,1.6272244713260429,11
True,3,5,False,0.7707974085955094,129
True,2,1,True,0.7530093799442631,69
True,3,1,False,0.7467062432066182,110
True,1,2,False,0.6005506853449968,178
True,3,5,False,0.932150117520399,76
True,3,3,False,1.100383362033855,143
True,3,5,False,1.270738881826521,82
False,2,4,False,1.140998961829996,122
False,3,4,True,1.2355226302906432,31
False,2,1,False,1.1756378145149524,40
True,3,1,False,0.12963112345437156,139
True,1,2,False,1.5430308970771542,34
True,1,4,False,0.42331462996376423,82
True,3,4,False,0.3842338156093014,63
False,1,1,False,1.9035885514929574,13
False,2,1,False,1.4497708228605035,20
False,2,1,False,1.6023383140019232,21
True,2,4,False,0.5529457534181358,102
False,3,4,False,0.5349401316825827,100
True,2,5,False,1.3466795297006935,102
False,1,5,False,0.9617494277117069,122
False,2,2,False,0.6357669368808747,93
True,2,5,False,1.5236979919976192,175
False,3,5,False,0.7473924385996931,99
True,3,1,False,0.21165731498188212,17
False,1,5,False,1.0706752553003938,155
False,2,1,False,1.21402234248973,25
True,2,2,True,0.3060721869003758,54
False,2,1,False,1.2252562251788701,121
False,3,5,False,0.3350940982407621,14
False,2,2,False,1.4466025464216037,29
True,3,3,False,0.20779275216329718,27
False,1,3,False,0.8178249416714489,156
True,1,3,False,1.0281098658671812,31
False,2,2,False,1.8387729897657714,16
False,3,5,False,0.8260327606039972,127
True,1,2,False,0.31168912824494577,101
False,3,1,False,0.25576758084338314,14
False,3,4,False,0.5212091321335618,135
True,1,5,False,1.3382541176838385,146
False,3,5,False,1.476310653155065,116
False,2,2,False,1.0969974925106485,110
True,2,3,False,0.3350940982407621,95
True,2,5,False,0.08822053172300212,83
True,1,4,True,0.6233782564898915,74
True,3,3,False,1.82346704216035,133
True,1,1,True,0.9294504433902673,29
False,3,2,False,1.4443714746002403,3
True,1,5,False,0.8239104853247871,111
True,1,3,False,0.6088673008196984,137
True,3,4,False,1.011476634917778,123
True,1,2,False,1.021056844636476,98
False,3,1,False,0.9294504433902673,181
True,3,2,False,0.9445387979113821,101
False,1,1,False,0.9390306531089655,106
False,3,1,True,1.1887126902990104,57
False,3,5,False,1.3968753392155326,36
True,2,2,False,1.0327593296343842,86
True,1,5,False,0.8060136601313874,41
True,2,3,False,1.0562730961723539,118
True,3,5,False,0.4619167510228487,79
True,2,2,False,1.2824413668244292,178
True,1,3,False,0.3098168144634224,111
False,3,3,False,0.6053726347543384,117
False,2,4,False,0.38201283477454817,125
True,1,5,False,1.2817551714313542,32
False,3,1,False,0.2261682706520753,9
True,2,2,True,1.059081566844639,35
True,1,2,False,0.9238335020456974,90
True,3,4,False,0.7590949235976013,103
False,3,5,False,0.22335979997979027,23
False,3,1,False,0.25857605151566815,15
True,3,5,False,0.4116121449658561,180
False,3,1,False,0.235254751261339,110
True,1,2,True,0.2592622469087431,58
False,2,1,True,1.2355226302906432,43
True,2,1,False,0.34748277863174526,100
False,3,5,False,0.7942023785913258,86
True,3,5,False,1.0941890218383634,105
False,3,4,False,0.367501879104355,16
False,3,5,False,0.5653344338091189,85
True,3,5,False,1.59873485139441,73
True,3,1,True,1.2355226302906432,54
True,3,5,False,1.1175939918341797,141
True,3,5,False,0.2160518724239526,29
True,1,1,False,0.9176391618502058,93
False,3,5,False,0.3143888023750774,21
False,3,1,False,0.8653210770561565,157
True,1,5,False,0.6294638001432298,142
True,1,2,True,0.5185244938174862,56
False,2,4,False,0.5640708395651224,69
False,2,2,False,1.5561057728612122,23
True,2,3,False,0.27027853651357636,94
False,3,5,False,0.32058314257056897,12
False,1,1,False,2.2027802028047665,22
False,3,3,False,0.741005632120561,134
False,3,5,False,1.0906943557730036,118
False,2,2,False,1.5996386398717917,22
True,2,2,False,1.8766889154317812,32
True,3,1,False,0.85282360012302,142
True,3,4,False,0.49702420601657316,72
True,2,3,False,1.0444618146322924,147
True,1,4,False,0.17644106344600421,100
False,3,5,False,1.9408182817658917,71
True,2,1,False,1.314849147688022,40
True,3,4,False,0.6673797258092392,167
False,3,1,False,0.3708877486275616,188
True,3,3,False,1.1382992876998645,105
True,3,5,False,0.43300363622461574,77
False,3,5,False,0.9762603833819,93
False,3,1,False,1.259036396828613,20
False,2,4,False,0.3026863173771692,11
True,2,1,False,1.9029023560998823,26
True,3,5,False,0.5060270168843497,93
True,1,5,False,0.27027853651357636,69
True,1,5,False,0.900428532049881,72
False,2,3,False,1.6944133175569,146
True,2,2,False,0.27027853651357636,94
False,3,2,False,1.1376130923067895,113
True,1,1,False,0.39249293586995676,79
True,1,3,False,1.573785004970305,102
True,3,2,False,0.9728745138586934,5
False,2,4,False,0.35299092343416183,17
True,3,1,False,0.7853083642657026,123
True,3,1,False,0.19995482998397396,21
False,2,2,False,1.7649546171708093,27
True,2,5,False,0.27027853651357636,3
False,2,1,False,1.9649094471547832,20
True,3,5,False,0.9886490637728831,106
True,1,5,False,0.5171521030313363,50
True,2,3,False,0.17644106344600424,109
True,3,1,False,0.16754704912038104,19
True,2,2,False,1.8030881359211253,14
True,2,2,False,0.44671959995958055,97
True,1,5,False,1.3852816507597778,55
True,1,2,False,0.8618264109907965,116
True,1,5,False,1.3755926444989264,110
True,2,5,False,0.6149528444730366,148
True,1,5,False,0.9941572085752997,113
True,2,5,False,0.653554965532121,95
True,3,1,False,0.8618264109907965,77
True,2,2,True,0.3060721869003758,17
True,3,5,False,0.3267774827660605,32
True,1,2,False,1.7064421921812682,10
True,1,4,False,0.7853083642657026,111
False,3,5,False,0.32058314257056897,18
True,3,5,False,1.0238653153087611,129
True,3,4,False,0.16083775011546,12
False,1,3,False,0.49374713303552,176
True,2,5,False,0.21785165517737368,84
True,1,2,False,0.1820580047905742,84
False,2,5,False,1.012162830310853,140
True,2,5,False,0.9879628683798082,156
False,3,5,False,0.3350940982407621,23
True,3,5,False,0.4474057953526555,63
True,2,4,False,0.3350940982407621,99
False,1,2,False,1.8497892793706046,19
False,3,3,False,0.3098168144634224,77
False,2,2,False,1.8416902569802098,25
False,2,2,False,0.9294504433902673,30
False,2,2,False,0.48813019169095,151
True,2,5,False,1.011476634917778,105
True,3,2,False,0.6267641260130982,114
True,3,3,False,0.8032051894591024,137
False,1,1,False,1.6183304570004196,29
True,2,3,False,2.2406961284707765,116
False,3,1,False,0.16754704912038104,13
True,2,4,False,0.565334433809119,57
False,3,2,False,0.6467832264857079,110
False,3,4,False,0.3999096599679479,21
True,3,2,False,0.5846823747027098,44
False,3,4,False,0.34679658323867024,10
False,3,4,False,0.5809377471396632,70
True,2,1,False,1.3093410028856054,10
True,3,4,False,0.8439295857973969,133
False,3,5,False,0.3143888023750774,20
True,1,4,False,0.06481556172718578,98
True,2,5,False,0.7211789979315918,137
True,3,2,False,0.9120222205056359,151
False,3,4,True,0.9762603833819,24
True,3,5,False,0.6033591560172817,109
True,1,2,False,1.3973439415243007,152
True,3,4,False,0.6887712170679989,54
False,1,2,False,1.4256796574716122,30
False,1,1,False,2.2558932795340443,43
True,2,4,False,1.1438074325022811,100
True,3,1,False,1.7589778700596244,26
True,2,1,True,0.7998193199358958,28
True,3,3,False,0.72938681686414,146
True,2,4,False,0.3999096599679479,66
False,3,5,False,0.16754704912038104,19
True,3,4,False,0.41184087676354775,130
True,1,2,False,0.0,65
False,3,1,False,0.13513926825678818,9
True,3,1,False,1.2375361090276997,45
True,3,5,False,0.3501824527618769,67
False,3,5,False,0.34679658323867024,16
False,3,5,False,0.3999096599679479,19
False,3,5,False,0.3999096599679479,22
True,1,4,True,0.49374713303552,54
False,3,5,False,0.4116121449658561,18
True,1,2,False,1.4912902111340263,153
False,2,1,False,1.5615051211214752,87
False,3,5,False,0.34679658323867024,12
False,1,1,False,1.6568237815173505,10
True,1,4,False,0.9114448216547142,136
True,3,1,False,0.9231473066526223,127
True,2,2,False,0.8645260851209282,80
True,3,4,True,0.38889337036311467,61
False,2,1,False,1.5609277222705538,73
False,1,1,False,0.9673663690562768,21
True,1,4,False,0.4670549990720403,130
False,3,5,False,0.4116121449658561,4
False,1,2,False,1.572630207268462,13
False,1,5,False,0.9852631942496766,106
False,2,5,False,0.4229296973964832,79
True,1,5,False,1.2500335859608362,99
True,1,3,False,1.0444618146322924,146
False,2,5,False,0.23236261084756682,4
False,2,5,False,0.4619167510228487,165
True,1,2,False,1.4670902492029816,25
False,1,5,False,0.23236261084756682,29
False,3,4,False,0.25576758084338314,17
True,1,2,True,0.3060721869003758,26
False,3,4,True,0.8826405033986346,20
True,3,4,False,0.9328363129134739,80
False,1,1,False,1.920799181293282,9
True,2,2,False,0.08822053172300212,77
True,2,2,False,1.7939765285111957,43
False,3,5,False,0.3350940982407621,19
False,3,5,False,0.8356129703226952,134
True,2,5,False,0.1820580047905742,98
True,3,3,False,0.8266101594549187,123
True,3,5,False,0.5943563451495052,109
False,1,2,False,0.9789600575120316,34
True,3,1,False,1.702370127264987,108
True,3,4,False,0.612289435856956,47
False,1,1,False,1.3651537537450147,30
True,2,4,False,0.5412432684202276,87
True,1,5,False,1.0410759451090859,109
False,1,3,False,0.9701748397285619,168
True,3,4,False,0.5065207459937842,53
False,3,4,False,0.5764232544420543,126
False,2,1,True,0.7417754972551232,58
True,1,1,True,0.3641160095811484,18
False,2,2,False,1.4498796194026569,14
False,3,2,False,0.3528821268920085,168
True,3,4,False,0.6411662851411379,85
True,3,4,False,1.3058463368202455,45
True,1,3,False,1.2500335859608362,136
False,1,1,False,1.1506879680908475,132
True,1,2,False,0.1530360934501879,99
False,2,3,False,0.4523365413041506,119
True,3,1,True,0.6949655572634905,32
False,2,1,False,1.476310653155065,20
True,3,4,False,0.9176391618502058,79
False,3,5,False,0.31168912824494577,111
True,2,5,False,0.8349267749296203,152
True,2,2,False,0.8991649378058845,30
False,2,5,False,1.2472251152885514,139
True,3,3,False,1.2646533381731828,9
True,2,5,False,0.782608690135571,107
True,2,5,False,0.42331462996376423,103
False,3,5,False,0.8907395257890295,132
True,3,2,False,1.4258972505559189,8
False,2,2,False,1.880183581497141,44
True,2,4,False,0.7087903175406087,21
True,1,4,False,0.9383444577158906,126
True,3,5,False,1.0762921966449637,105
True,3,5,False,0.5171521030313363,147
True,3,2,False,0.3853987042977547,123
False,1,1,False,0.8529323966651734,35
True,3,4,False,0.244065095845475,10
True,3,2,False,0.4116121449658561,45
False,2,2,False,1.1174851952920264,63
False,3,4,False,1.3823643835453394,117
True,3,3,False,1.0796780661681702,102
True,3,5,False,1.0176709751132695,38
True,3,1,False,0.6377804156179313,130
True,1,2,False,0.1820580047905742,82
True,2,5,False,0.8957790682826781,153
True,3,4,False,1.6200175461110162,108
True,2,2,False,0.600285688033254,80
False,2,1,False,1.365262550287168,27
False,3,3,False,0.5115351616867663,92
False,3,5,False,1.3265516326859303,128
True,3,2,False,1.2293282900951517,74
True,1,4,False,0.9590497535815752,161
True,3,1,False,0.3962375634330035,85
True,2,3,False,0.24125662517319002,103
False,3,5,False,0.49374713303552,92
False,3,3,False,0.5570753135484635,32
True,3,5,False,0.32058314257056897,78
True,3,3,False,0.8735288959887048,128
True,3,5,False,0.7266871427340084,119
True,2,2,False,0.46472522169513364,64
False,3,5,False,0.22335979997979027,8
False,2,2,False,1.3237431620136453,36
False,3,1,False,0.28817536170697605,6
True,1,5,False,0.16458237767850667,125
True,3,3,False,0.5474376086157191,101
True,3,4,False,0.9445387979113821,174
True,3,4,False,0.6446609512064978,111
False,3,4,False,0.34679658323867024,19
True,3,5,False,0.35579939410644684,16
True,3,5,False,1.0445706111744457,122
True,3,3,True,0.7417754972551232,88
True,2,3,False,0.24125662517319002,80
False,3,1,True,0.8826405033986346,42
True,1,4,True,0.7998193199358958,34
False,3,5,False,0.5239238420777494,100
True,2,1,False,0.3998371289398457,78
False,1,2,False,1.0727975305796038,22
False,3,5,False,0.3143888023750774,24
False,2,4,False,0.9886490637728831,148
False,3,1,False,0.706054377896426,148
True,3,4,False,0.8942341918543895,72
True,2,2,False,0.24125662517319002,76
True,3,1,False,0.6204609892754531,110
False,1,2,False,1.0645897116470555,4
True,3,1,False,1.1327911428974478,74
True,2,4,False,0.4826583124025845,90
False,2,4,False,0.44401992582944894,175
True,3,4,False,1.1852180242336505,122
False,3,2,False,2.243395802600908,45
False,2,3,False,0.6880850216749239,132
True,3,3,False,0.9349585881926841,92
False,2,5,False,0.367501879104355,14
True,2,1,False,0.35849906823657846,148
False,3,1,False,1.800857064099762,34
False,3,5,False,0.22335979997979027,12
True,1,5,False,0.5295407834223195,67
False,2,1,False,0.25857605151566815,12
False,1,1,False,0.9969656792475847,161
True,3,3,True,0.0,53
True,3,5,False,0.761794597727733,127
False,1,2,False,1.2665580203680862,22
False,3,2,False,1.220325479227375,33
True,1,5,False,0.9590497535815752,179
False,3,1,False,1.061203842123849,19
False,1,3,False,0.963871702990917,117
True,3,3,False,0.06481556172718578,98
True,3,4,False,0.6707655953324458,88
True,3,4,False,0.6770687320700908,84
False,3,2,False,0.7566089454511052,85
True,1,5,False,1.0727975305796038,40
True,2,1,False,0.35299092343416183,184
False,2,2,False,1.4030696794110242,143
False,3,5,False,0.27027853651357636,17
False,2,1,False,1.7766571021687174,34
False,1,1,False,1.9642232517617082,53
True,3,4,False,0.8205246158015804,98
True,1,3,False,0.24687356651776,82
True,3,4,False,0.8708292218585731,98
False,3,1,False,0.19995482998397396,12
True,2,4,False,0.6278927491875003,105
True,1,3,True,0.48251325034638004,68
True,2,4,False,0.16754704912038104,5
True,3,2,False,0.7105688705940348,130
False,3,5,False,0.7707974085955094,147
True,1,5,False,0.27027853651357636,93
True,3,4,False,0.5770369188070271,108
False,2,2,False,2.0532387754199384,33
True,1,3,False,0.8707204253164198,138
True,3,1,True,0.48251325034638004,68
False,3,5,False,0.5608199411115101,134
False,3,5,False,0.29098383237926106,16
False,3,5,False,0.481743385211818,146
True,3,3,False,0.24687356651776,113
True,2,4,False,0.0,98
True,3,4,False,1.2796328961521442,146
False,3,4,False,0.27027853651357636,17
True,1,3,True,0.6233782564898915,5
True,3,1,False,0.3060721869003758,47
True,3,5,False,0.4321037448479052,134
True,3,4,False,0.6554998103417466,146
True,1,5,False,0.4826583124025845,116
True,1,4,False,0.31168912824494577,82
True,2,3,False,1.2238201452927349,121
True,2,5,False,1.9083017043601456,126
True,1,3,False,0.8646348816630816,155
True,1,4,False,0.3240778086359289,107
False,1,1,False,1.2086229942294668,25
True,2,5,False,0.3233916132428539,2
True,3,4,False,0.35849906823657846,105
False,2,1,False,1.7436719224542028,35
True,3,5,False,0.8852313809866129,92
False,1,2,False,1.5375227522747374,20
True,3,5,False,0.9824547235773916,58
False,2,4,False,1.7710401608241473,92
True,2,2,False,1.1120858470317632,129
True,3,5,False,0.3233916132428539,20
False,2,5,False,0.35579939410644684,18
False,3,1,False,1.1438074325022811,33
True,1,4,False,0.6790822108071474,140
False,2,1,False,1.4416718004701086,14
True,3,2,False,1.8491030839775298,109
False,3,4,False,0.9969656792475847,191
True,2,5,False,0.5970560192796368,87
True,2,3,False,0.27027853651357636,83
True,3,1,False,0.9762603833819,102
True,3,4,False,0.3350940982407621,12
False,2,4,False,0.8562094696462266,158
False,2,1,True,1.083858927626605,47
True,3,4,False,1.22662861596502,98
True,1,2,False,0.3350940982407621,71
True,1,3,False,0.25025943604096657,184
False,3,5,False,1.564204795251607,92
True,1,5,False,0.27027853651357636,63
True,2,2,False,0.8949203872474645,127
True,1,3,False,0.3350940982407621,111
False,3,4,False,0.25857605151566815,11
False,3,5,False,0.7183705272593068,134
True,2,5,False,0.8087133342615189,132
True,2,1,False,1.5168174564090526,29
False,3,5,False,0.3233916132428539,16
False,2,2,False,0.7734970827256411,139
True,3,5,False,0.7467062432066182,102
True,2,4,False,0.811521804933804,158
True,3,3,True,0.5653344338091189,34
True,3,2,False,1.0941890218383634,121
True,3,3,False,1.1265968027019562,125
False,2,2,False,2.2179773538680347,11
True,3,3,False,0.9562412829092903,91
True,2,1,False,2.1379646410775806,32
False,2,4,False,1.3410625883561234,117
True,3,1,False,0.26286181241558526,84
False,2,3,False,1.7815878481202125,86
False,3,3,False,0.8122080003268789,83
True,3,1,True,0.3060721869003758,62
False,2,4,False,0.8176073485871421,71
True,3,2,False,0.8383126444528268,114
True,1,4,False,0.439447937917794,98
True,1,2,False,0.06481556172718578,115
True,1,2,True,0.48251325034638004,68
False,3,1,False,0.34679658323867024,21
True,1,2,False,0.24687356651776,68
True,1,4,False,0.12963112345437156,82
False,2,5,False,0.8260327606039972,151
True,3,3,False,0.9404667329951005,41
False,2,5,False,0.44401992582944894,11
True,2,2,False,1.0438844157813707,28
True,3,1,False,0.5966861225264118,96
False,3,2,False,1.4346824683393886,19
True,3,1,False,0.8204158192594271,130
True,2,3,False,1.3146315546037153,75
True,2,5,False,0.6149528444730366,99
True,3,1,False,1.1694434743194608,52
True,2,5,False,0.40449668369365893,185
False,3,2,False,0.4945169981700821,85
True,3,4,False,0.33367924805462207,147
True,1,2,False,1.114894317704048,110
False,2,1,False,1.83819559091485,7
True,2,3,False,0.17644106344600424,82
False,3,4,False,0.35849906823657846,104
True,1,5,False,0.6267641260130982,134
True,2,5,False,0.6968702394583938,129
True,1,5,False,1.238331100962928,104
False,3,5,False,0.6645712551369543,164
False,2,2,False,1.3707706950895846,29
True,3,1,False,1.314849147688022,71
False,3,1,False,1.9290070002258304,15
False,3,1,True,1.1058915068362716,8
True,3,1,False,0.12963112345437156,178
False,2,4,False,0.23236261084756682,5
True,1,2,False,0.2592622469087431,74
True,3,2,False,2.012514379081644,22
False,3,3,False,0.41769768861919426,168
True,1,5,False,0.24725849908504105,87
True,2,5,False,0.22685446604515022,35
True,2,1,True,0.3528821268920085,61
False,1,2,False,2.208974543000258,15
False,3,4,True,1.2715338737617494,17
True,3,3,True,0.3528821268920085,67
False,3,1,False,0.23236261084756682,18
False,2,1,False,1.8972854147553122,37
True,1,4,False,0.8405437162741902,95
True,3,4,False,0.61156697494983,62
False,2,4,False,1.6554513907312007,86
False,3,2,False,0.659171906876691,151
True,3,4,False,0.42331462996376423,91
True,2,4,False,0.61156697494983,89
False,3,5,False,0.6357669368808747,94
True,3,1,False,0.16754704912038104,21
False,1,1,False,2.3269031814567214,36
False,2,3,False,1.270738881826521,134
True,1,5,False,0.565334433809119,24
True,3,5,False,0.6294638001432298,141
True,2,5,False,0.690893492347209,184
True,3,5,False,0.38889337036311467,178
True,1,4,False,0.60944469967062,61
True,3,4,False,0.8590179403185116,63
True,2,5,False,1.276355823171091,121
False,3,4,False,0.6411662851411379,77
True,3,1,False,0.7590949235976013,151
False,3,4,False,0.97975504944726,118
False,3,4,False,0.7169981364731569,86
True,3,5,False,1.1735155392357424,86
True,2,5,False,0.21165731498188212,8
False,2,3,False,1.0437756192392174,112
True,3,5,False,0.16754704912038104,19
False,2,5,False,0.73500375820871,157
False,3,1,False,0.9796462529051067,166
False,3,2,False,1.9622097730246515,30
True,3,5,False,1.379664709415208,139
True,2,5,False,1.1023968407709117,150
True,3,5,False,0.35849906823657846,95
False,2,3,False,0.1530360934501879,96
False,3,5,False,0.3999096599679479,147
False,2,3,False,1.3287827045072937,79
True,3,3,False,1.2031148494270503,131
False,3,5,False,0.7097990054594726,83
False,1,2,False,1.3641411687254796,183
False,3,5,False,1.0176709751132695,177
False,3,4,False,0.37920436410226316,24
True,3,5,False,0.26477039171115974,7
True,3,2,True,1.1058915068362716,42
True,3,5,False,1.9436267524381772,83
False,2,1,False,1.1432300336513594,21
False,2,4,False,2.1937773919369903,118
True,3,2,False,0.9176391618502058,129
False,3,1,False,0.35299092343416183,102
True,3,5,False,0.6239556553408132,91
False,1,4,False,1.0354590037645157,105
True,3,5,False,0.3999096599679479,19
True,1,5,False,0.26477039171115974,121
False,2,5,False,0.34679658323867024,8
False,2,1,False,1.7615687476476027,10
False,3,4,False,1.6077376622621864,106
False,1,3,False,2.0144190612765476,85
False,2,1,False,0.6707655953324458,120
True,2,4,False,1.9379010145514535,143
True,1,1,False,0.16458237767850667,74
True,1,4,False,0.8943429883965428,125
True,2,2,False,0.12963112345437156,67
False,1,2,False,2.306197885591037,8
True,1,2,False,0.31168912824494577,70
True,1,4,False,0.9526378203017769,173
False,2,5,False,0.3088806575726608,8
True,1,1,False,0.3842338156093014,49
False,2,4,False,1.050656154827784,168
True,3,4,False,0.24125662517319002,80
True,2,2,False,0.7502009092719781,159
True,3,4,False,0.9383444577158906,109
True,3,3,False,0.47372803256291024,158
True,2,1,False,0.9948434039683747,114
False,1,2,False,1.9876282217575245,18
False,1,5,False,0.7183705272593068,185
True,3,4,False,0.26477039171115974,15
False,2,3,False,0.3088806575726608,75
False,2,1,False,0.932150117520399,166
True,3,2,False,1.1091685798173248,110
True,3,5,False,0.35579939410644684,16
False,1,4,False,0.5474376086157191,115
True,1,1,True,0.5653344338091189,27
False,1,2,False,1.6975481778556452,16
True,3,5,False,0.8495465271419669,67
False,3,1,True,0.6701881964815242,21
True,3,2,False,0.6711031236722907,97
True,3,4,False,0.8439295857973969,91
True,3,3,True,0.5185244938174862,44
True,2,2,True,0.17644106344600424,68
True,1,1,False,1.5037876880671628,33
False,2,1,False,0.4116121449658561,19
False,3,5,False,0.367501879104355,13
True,3,1,True,0.6949655572634905,27
True,3,3,False,0.6032503594751284,68
True,2,5,False,0.3143888023750774,9
True,3,3,False,0.9259557773249074,96
True,1,2,True,0.43570331035474735,36
True,3,1,False,1.188603893756857,96
False,2,4,False,0.37920436410226316,23
True,1,5,False,0.6969790360005471,94
True,3,5,False,0.22335979997979027,19
True,1,5,False,0.439447937917794,111
True,3,1,False,0.26477039171115974,18
True,2,5,False,0.6853853475447923,94
False,3,5,False,1.499606826608728,120
True,2,2,False,1.982806272348183,39
False,3,5,False,0.22335979997979027,24
False,1,2,False,1.8235758387025034,8
True,2,1,False,1.070784051842547,128
False,3,4,False,0.13513926825678818,18
False,2,3,False,0.6121443738007516,90
True,2,1,False,1.6506294413218592,15
False,2,4,False,0.19995482998397396,17
True,3,4,False,0.2904688735698316,98
False,3,4,False,0.45291394015507214,113
False,3,5,False,0.5887394038049352,125
False,2,5,False,1.1120858470317632,73
True,3,5,False,0.9651352972349134,125
False,3,5,False,0.244065095845475,14
True,1,1,True,0.43570331035474735,21
True,1,2,False,1.917304515227922,114
True,1,1,True,0.5405570730271527,18
True,2,2,False,1.5029926961319344,27
True,1,5,False,0.5936701497564303,112
False,2,3,False,0.7530093799442631,104
False,1,2,False,1.4022746874757959,39
True,3,3,False,1.270738881826521,123
False,3,1,True,0.2592622469087431,30
True,3,4,False,0.46742489582526525,164
True,3,1,False,1.1265968027019562,111
False,1,2,False,1.6581510648613325,15
True,3,1,False,1.2065007189502568,144
False,2,2,False,1.1755290179727989,14
True,1,2,False,0.1820580047905742,83
True,1,2,False,0.5295407834223195,77
False,2,2,False,1.3941756650854011,146
False,1,2,False,1.885582929757404,40
False,3,1,False,2.1317703008820894,108
True,2,2,False,1.1583183881724741,21
True,1,1,True,0.3641160095811484,25
True,2,3,False,1.4988118346734995,39
False,3,2,False,1.5491164407304923,32
True,3,1,False,0.8825317068564813,115
False,1,1,False,1.3237431620136453,161
True,1,1,False,1.3856414565263926,16
False,1,2,False,1.5769198652690501,12
False,3,3,False,0.5502460792880042,58
False,2,1,True,0.7169981364731569,47
True,2,5,False,0.5591400936136274,86
True,3,3,False,0.3350940982407621,69
True,1,1,True,0.3060721869003758,36
True,1,1,True,0.8466292599275285,26
False,3,3,False,0.7589861270554479,167
True,3,1,True,0.6701881964815242,20
True,3,5,False,0.7881168349379877,145
False,3,2,False,1.1202936659643115,12
True,1,1,False,2.332411326259138,20
True,2,2,False,0.5570753135484635,65
True,2,5,False,1.2734385559566526,109
True,2,1,False,0.4945169981700821,75
True,2,3,False,0.7673027425301495,113
False,3,4,False,0.21165731498188212,9
True,3,2,False,1.0148625044409845,90
True,2,3,False,1.0383762709789541,142
True,2,5,False,0.20404812460025054,99
False,2,1,False,1.2027884598005902,85
True,3,5,False,0.3350940982407621,20
True,1,3,False,0.3350940982407621,111
False,3,3,False,1.1796010828890806,46
True,1,4,False,0.5412432684202276,45
True,3,4,False,0.8970426625266745,63
True,3,1,False,1.0886808770359466,91
True,2,1,False,0.2160518724239526,106
False,3,1,True,0.0,31
True,3,5,False,0.779114024070211,103
True,1,2,False,0.06481556172718578,89
True,2,2,False,0.21785165517737368,74
True,2,3,False,0.3350940982407621,88
True,3,5,False,0.19995482998397396,14
True,2,2,False,1.1342272227835828,115
False,2,1,False,1.6959581939851884,20
True,3,5,False,0.3564855894995218,57
False,2,5,False,1.356150942877238,105
True,3,4,False,0.5384347977479427,95
True,3,4,False,1.1294052733742412,134
True,3,1,False,0.8266101594549187,65
False,3,5,False,0.4116121449658561,6
True,3,1,True,0.6233782564898915,52
False,3,5,False,0.2261682706520753,13
False,1,1,False,2.09385437521608,136
True,1,5,False,0.9052504814592228,70
True,3,4,False,0.9293416468481139,96
False,1,5,False,0.8652122805140032,136
True,1,2,False,1.45877363372828,34
True,1,4,True,0.8714066207094947,64
True,1,1,True,0.5185244938174862,22
True,3,1,False,0.7590949235976013,141
True,3,1,True,0.6233782564898915,4
False,3,1,False,0.9238335020456974,154
True,2,5,False,0.19995482998397396,17
False,3,5,False,1.1411077583721494,147
False,3,5,False,1.218203203948165,129
False,1,2,False,1.0791006673172487,23
True,3,5,False,0.8232242899317121,67
True,2,1,False,1.1113996516386881,171
False,3,1,True,0.12963112345437156,34
True,3,1,False,0.9142532923269993,135
True,1,4,True,0.6121443738007516,22
False,1,1,False,1.660850738991464,11
False,3,5,False,0.3143888023750774,15
True,3,2,False,1.325756640750702,82
True,2,2,False,0.7383896277319166,87
False,3,2,False,0.21785165517737368,88
True,1,5,False,1.6882189773614085,62
False,3,5,False,0.35299092343416183,14
True,1,2,False,0.6969790360005471,111
True,3,1,False,0.25576758084338314,18
False,2,1,False,0.37920436410226316,16
False,2,5,False,0.8211020146525021,177
True,1,1,True,0.7530093799442631,13
True,3,1,True,1.2355226302906432,67
False,2,1,False,1.5034612984407028,42
False,2,4,False,0.7142984623430253,168
True,2,5,False,0.43570331035474735,68
True,3,2,False,0.9528554133860836,58
True,1,5,False,0.29781306663972035,123
False,2,5,False,0.35579939410644684,7
False,3,1,False,0.37920436410226316,7
True,1,2,True,0.12963112345437156,4
True,2,5,False,1.3265516326859303,143
False,3,4,True,0.7530093799442631,43
True,3,2,False,0.8177161451292955,139
True,3,4,False,1.479587726136118,173
True,3,2,False,1.5781383520708787,98
False,3,4,False,0.3350940982407621,8
True,1,5,False,0.4619167510228487,124
True,1,1,False,0.45505125124833823,152
True,3,4,False,0.7211789979315918,138
False,1,4,False,1.3967665426733793,87
False,3,5,False,1.0176709751132695,160
False,1,5,False,1.082377740298302,87
False,3,5,False,0.34679658323867024,17
False,1,1,False,1.1766838156746422,131
False,2,4,False,1.8256981139817134,138
True,3,1,False,1.9829150688903363,37
True,3,2,False,1.1411077583721494,79
True,3,5,False,0.8149076744570105,163
False,2,1,False,0.4116121449658561,17
True,1,1,False,1.0086681642454929,87
False,1,1,False,1.5518161148606238,66
True,3,3,False,0.35849906823657846,80
False,1,5,False,1.1354908170275795,168
True,2,4,False,0.6770687320700908,149
False,3,4,False,1.0085593677033395,137
False,3,3,False,0.6389815698204357,113
True,3,5,False,0.29098383237926106,18
True,3,5,False,0.7680977344653779,137
True,2,5,False,1.0762921966449637,66
True,1,4,False,0.26286181241558526,65
True,1,1,True,0.6701881964815242,12
False,2,1,True,0.48251325034638004,11
True,3,2,False,0.6501690960089145,183
True,3,4,False,0.20779275216329718,135
True,1,2,False,0.20404812460025054,133
True,2,5,False,1.0031600194430763,121
True,3,3,False,0.24687356651776,77
False,2,5,False,0.792475126866007,132
True,1,2,False,0.28220975330917614,157
False,3,1,True,1.3651537537450147,44
True,3,5,False,0.17284149793916206,107
False,3,5,False,0.27027853651357636,12
True,1,2,True,0.6949655572634905,54
True,3,5,False,0.6528687701390461,118
True,1,2,False,0.42331462996376423,149
True,2,5,False,1.2417169704861348,169
True,1,1,False,0.3528821268920085,68
False,3,2,False,0.8880398516588979,157
True,3,4,False,1.4790103272851964,44
True,2,3,False,0.6915796877402839,153
True,2,1,False,0.9707522385794833,117
True,2,4,False,0.20779275216329718,128
True,3,2,False,1.1086999775085566,136
True,1,3,False,0.17644106344600424,108
True,1,2,False,0.855632070795305,138
True,3,2,False,1.358959413549523,124
False,2,5,False,0.44401992582944894,10
True,3,2,False,0.8232242899317121,126
True,1,3,False,0.3254201277939667,119
True,3,2,False,1.784973717643419,31
True,2,1,False,0.8735288959887048,88
False,3,1,False,1.3714568904826596,12
False,3,4,False,0.3350940982407621,16
True,2,4,False,0.16754704912038104,131
True,2,5,False,0.5674567090883289,64
True,3,2,False,0.7121761870638152,120
True,2,5,False,1.055586900779279,169
True,3,5,False,1.067975581170262,111
True,3,1,True,0.43570331035474735,66
True,3,4,False,0.61156697494983,165
False,2,1,False,1.5351828839112207,97
True,3,5,False,0.3999096599679479,74
False,3,2,False,2.123562481949541,19
True,2,4,False,0.44470612122252395,25
False,3,3,False,1.4843008790033063,124
False,3,5,False,0.9493607473207237,141
False,2,5,False,0.26477039171115974,14
False,2,1,False,0.7059818468683237,176
False,3,4,False,0.3888933703631147,91
True,1,1,False,1.614618197850753,11
False,3,5,False,0.16754704912038104,9
False,2,2,False,1.0300596555042527,149
False,2,5,False,0.35579939410644684,8
True,2,1,False,0.8583317449254366,23
True,2,1,False,0.7886942337889091,107
True,3,4,False,0.7233012732108018,73
False,3,4,False,0.244065095845475,16
False,2,2,False,1.6284429581278712,13
True,1,2,True,1.2355226302906432,66
False,3,1,False,0.7729196838747195,22
True,3,1,False,0.655677240811331,139
True,3,3,False,1.3408449952718167,152
False,3,5,False,0.22335979997979027,20
True,1,3,False,0.06481556172718578,109
False,3,1,True,1.4479749372077535,46
False,1,1,False,1.1436986359601278,42
True,1,1,False,0.39249293586995676,95
False,2,2,False,0.46472522169513364,178
True,3,5,False,0.20404812460025054,77
False,3,5,False,0.13513926825678818,20
True,3,2,True,0.8826405033986346,50
True,2,5,False,0.6673584961092441,62
True,1,1,True,0.7998193199358958,3
False,2,1,False,2.039946306551574,35
False,2,2,False,1.8181764904422402,13
True,3,5,False,0.608758504277545,102
True,2,3,False,0.1820580047905742,76
True,2,5,False,0.5852447377395753,192
True,3,4,False,0.9879628683798082,89
False,3,5,False,2.072354087415167,26
False,1,5,False,0.3708877486275616,146
False,1,2,False,1.5933355031341467,31
True,2,5,False,0.1530360934501879,91
True,2,4,False,0.7652892637930928,125
False,1,2,False,1.1577409893215527,168
True,1,2,False,0.12343678325888,165
False,3,2,False,0.9934710131822249,24
False,3,5,False,1.2528420566331213,139
True,1,2,True,0.2592622469087431,21
False,3,1,True,0.2592622469087431,29
True,1,4,False,1.2498159928765296,60
True,2,5,False,1.1852180242336505,105
True,3,4,True,0.5405570730271527,19
True,1,2,True,0.43570331035474735,44
False,3,1,True,1.012271626853006,56
False,3,1,False,0.13513926825678818,7
True,3,5,False,0.8384214409949802,95
False,3,5,False,0.19995482998397396,9
True,2,5,False,0.8467380564696818,141
False,2,1,False,0.2764728767090679,12
True,2,3,False,0.2764728767090679,80
True,1,1,True,0.7530093799442631,4
True,3,3,False,0.685276551002639,145
True,2,2,False,1.0148625044409845,149
False,2,5,False,0.44401992582944894,17
True,2,1,False,2.2288848469307148,66
True,3,5,False,1.1327911428974478,105
False,1,2,False,1.129296476832088,19
False,3,5,False,1.209091596538235,127
True,3,2,False,0.6088673008196984,110
True,2,1,False,1.2615184778744377,107
False,2,3,False,0.6232694599477382,158
False,3,5,False,0.29098383237926106,13
True,3,3,False,1.4496620263183502,112
True,1,5,False,0.776991748791001,150
False,1,1,False,1.5616139176636286,28
True,1,5,False,0.2510031266480877,71
True,3,5,False,1.0617812409747704,156
True,3,5,False,0.9238335020456974,80
True,1,2,False,0.37650468997213155,69
True,3,2,False,0.34748277863174526,97
False,2,1,False,1.443902872291472,31
False,3,1,True,0.7998193199358958,15
True,1,1,False,1.343762262486255,126
False,3,4,False,1.1058915068362716,100
True,2,2,True,0.7998193199358958,29
False,2,4,False,0.685276551002639,154
True,2,1,False,1.5879361548738833,34
True,2,5,False,0.6033591560172817,99
True,3,2,False,0.612289435856956,110
True,3,5,False,0.3088806575726608,5
True,3,5,False,0.5970560192796368,149
True,3,5,False,0.24687356651776,117
False,3,5,False,1.0411847416512392,149
False,1,3,False,1.728474771390935,77
True,3,5,False,1.1348046216345045,119
True,2,3,False,0.9796462529051067,165
False,3,2,False,0.8460518610766069,115
True,3,2,False,0.06481556172718578,189
False,1,5,False,1.7787793774479272,58
True,2,1,False,1.0204794457855544,182
False,2,2,False,1.1990427845107687,84
True,3,5,False,0.26477039171115974,13
False,3,5,False,0.367501879104355,11
True,3,4,False,0.46472522169513364,109
True,1,2,False,0.34568299587832413,73
True,3,5,False,0.24125662517319002,108
False,2,2,False,0.9769465787749749,142
True,1,3,True,1.2355226302906432,78
True,2,5,False,0.17924953411828923,15
True,3,5,False,0.1176273756306695,103
False,1,4,False,1.0851862109705868,135
True,1,4,False,0.38201283477454817,84
True,1,1,False,1.0472702853045774,136
False,3,4,False,0.17924953411828923,11
True,3,5,False,0.16458237767850667,34
True,2,5,False,1.1382992876998645,167
False,3,5,False,0.3088806575726608,17
True,3,4,False,0.244065095845475,7
True,3,3,False,1.0024738240500013,116
True,3,1,False,1.0031600194430763,125
False,3,5,False,0.29098383237926106,11
True,1,1,False,0.4670549990720403,27
True,3,5,False,0.31788346844043736,75
False,2,1,False,1.715445003049045,31
True,3,2,False,0.38063425010245927,21
False,2,2,False,0.8329132961925636,144
True,2,4,False,0.415106811031216,80
True,3,5,False,0.8887260470519729,126
False,3,5,False,0.2764728767090679,21
False,2,1,False,1.579728335941335,37
False,3,5,False,0.21165731498188212,24
False,3,5,False,0.235254751261339,89
True,2,1,False,0.6294638001432298,84
False,2,5,False,1.1879176983637822,152
True,1,5,False,1.052778430106994,99
False,2,2,False,1.2589276002864596,28
True,3,1,False,0.8239104853247871,125
False,2,4,False,1.9116875738833523,48
False,2,1,False,0.23236261084756682,9
True,2,5,False,1.358959413549523,126
False,3,2,False,1.5415948171910188,37
False,1,1,False,0.9762603833819,172
False,2,2,False,1.7388499730448612,40
False,2,3,False,1.4354774602746172,122
False,2,4,False,1.3609728922865798,79
True,1,1,True,0.7530093799442631,18
False,2,2,False,1.653437911994144,22
True,1,5,False,0.04411026586150106,136
True,3,5,False,0.2261682706520753,22
True,2,1,False,0.9383444577158906,145
True,3,5,False,0.658485711483616,63
False,3,1,False,0.4116121449658561,16
True,3,1,False,1.1707070685634573,168
True,2,5,False,1.3431848636353334,86
False,3,2,False,1.1439162290444345,46
False,2,3,False,1.4817100014153282,48
False,3,1,False,0.16754704912038104,11
False,3,5,False,0.7530093799442631,176
False,3,5,False,0.48813019169095,155
True,1,2,False,0.24725849908504105,82
True,1,5,False,0.4819358514954585,49
True,1,3,False,0.25576758084338314,118
False,3,5,False,0.3143888023750774,6
False,3,4,False,0.367501879104355,15
True,3,3,False,0.27027853651357636,106
True,3,1,False,0.6969790360005471,77
True,3,2,False,0.6287776047501548,172
False,3,1,False,1.0460066910605808,145
True,3,5,False,0.32058314257056897,107
False,1,1,False,1.7850825141855724,10
False,1,2,False,1.294035055280184,22
True,2,4,False,0.5880532084118603,136
True,2,5,False,0.7887304993029604,109
True,2,2,True,0.49374713303552,46
True,3,1,False,0.5233464432268279,93
True,1,3,True,0.43570331035474735,22
True,3,4,False,0.7266871427340084,121
True,1,5,False,0.5764595199561056,100
True,3,1,False,1.0348816049135943,138
False,3,5,False,0.19995482998397396,21
True,2,5,False,1.1976067046246337,191
True,2,5,False,0.24125662517319002,80
True,1,3,True,0.43570331035474735,13
False,3,5,False,0.13513926825678818,10
False,2,3,False,1.0852950075127403,162
True,1,5,False,0.8797232361841962,179
False,2,1,True,0.9074178641806009,23
False,2,2,False,1.6436401091911392,30
True,3,2,False,0.1820580047905742,70
True,2,1,False,1.693258519855057,31
True,3,5,False,0.6915796877402839,134
False,1,4,False,0.7881168349379877,153
False,2,5,False,0.49374713303552,156
True,1,3,True,0.7998193199358958,28
False,2,5,False,1.347256928551615,124
False,3,5,False,0.29098383237926106,14
True,3,3,False,0.8653210770561565,115
True,1,4,False,0.3915930444932463,106
True,1,2,True,0.43570331035474735,4
True,3,1,False,0.1530360934501879,73
False,3,2,False,1.1610180623026058,124
True,3,4,False,0.47065456457888244,123
True,3,5,False,0.8825317068564813,122
True,3,3,False,0.34568299587832413,94
True,3,4,False,0.932150117520399,145
True,1,2,False,0.24687356651776,97
False,2,1,False,0.8466292599275285,151
False,3,1,False,1.4409856050770338,17
True,2,1,True,0.12963112345437156,46
False,2,4,False,1.4002612087387392,160
False,3,4,False,0.28817536170697605,19
True,3,5,False,0.7824998935934177,85
True,3,2,False,0.49432453188644154,178
True,3,1,False,1.0734837259726788,92
False,3,3,False,0.5585626947627058,114
True,1,2,False,0.24687356651776,98
True,2,4,False,1.5725214107263086,92
True,2,4,False,0.21165731498188212,16
True,2,5,False,1.1209798613573863,171
False,2,1,True,0.17644106344600424,52
True,2,5,False,1.4024922805601026,156
True,2,5,False,1.1825183501035188,94
True,3,5,False,0.9273281681110573,156
True,2,4,False,0.13513926825678818,21
False,3,5,False,0.37920436410226316,3
True,2,1,True,0.38889337036311467,22
False,3,5,False,0.9293416468481139,149
False,2,5,False,0.244065095845475,20
True,1,5,False,1.2238201452927349,114
False,3,5,False,0.2764728767090679,11
True,1,4,False,0.8853401775287663,90
True,2,1,False,1.8675773080218512,50
True,2,1,False,0.3999096599679479,18
False,2,2,False,1.9767207286948445,44
False,3,4,False,0.17924953411828923,17
True,1,3,False,0.2666064399786319,23
False,3,2,False,1.469789923333113,30
True,1,2,False,0.4982616257331287,94
True,2,1,True,0.7530093799442631,21
True,3,3,False,1.0293734601111777,83
True,3,4,True,0.43570331035474735,21
True,3,5,False,1.0789918707750954,111
False,3,5,False,1.1763240099080274,94
False,2,2,False,1.4024922805601026,25
True,1,4,False,0.17284149793916206,74
False,3,3,False,1.3988888179525893,88
True,1,2,False,0.0,75
False,3,4,False,0.27027853651357636,14
False,2,4,False,0.17924953411828923,13
True,3,5,False,0.6149528444730366,148
True,1,2,False,0.17644106344600424,78
True,3,2,False,0.3350940982407621,82
True,3,5,False,0.44401992582944894,13
True,1,1,False,1.312040677015737,140
True,3,1,False,0.9886490637728831,104
False,3,4,False,0.25576758084338314,21
True,3,3,False,0.3350940982407621,97
True,2,3,False,0.8149076744570105,79
False,2,5,False,0.12137200319371615,111
True,2,1,False,0.5177295018822579,133
False,3,1,False,0.3143888023750774,20
True,1,4,False,1.0293734601111777,149
False,3,2,False,1.520420919016566,32
True,1,1,True,0.7530093799442631,25
False,1,3,False,1.2085141976873135,151
False,2,5,False,0.25576758084338314,16
True,1,1,False,1.756746798238261,41
True,3,4,False,0.2942135011328782,160
True,2,2,False,0.1801856910090509,23
True,2,5,False,0.5563316229413424,134
False,2,2,False,1.5705079319892519,36
True,1,3,True,0.0,15
True,2,4,False,0.46472522169513364,63
True,3,2,False,0.27027853651357636,98
False,3,1,False,1.1962343138384837,18
False,3,2,False,1.6182216604582662,34
False,3,1,True,0.0,39
True,1,1,False,1.0417621405021606,120
True,2,2,False,0.5570753135484635,44
False,2,5,False,0.32058314257056897,12
True,3,5,False,0.3233916132428539,20
True,3,1,False,0.244065095845475,15
False,2,1,False,1.7352465104373478,25
False,3,3,False,0.7216576912269702,71
False,2,5,False,0.44401992582944894,7
True,3,5,False,0.7908165090681192,127
True,1,5,False,0.5557542240904207,41
False,1,2,False,2.0649412604178465,3
False,3,4,False,1.2407043854665996,164
True,3,5,False,0.28817536170697605,6
False,3,4,False,0.5674567090883289,156
True,2,1,False,0.3143888023750774,18
False,3,1,False,0.35299092343416183,14
True,2,4,False,0.2160518724239526,46
False,3,2,False,1.0556956973214322,95
False,3,3,False,1.82558931743956,71
True,3,4,False,1.1500017726977725,143
True,3,1,False,1.6317200311089244,71
True,3,5,False,0.9852631942496766,124
True,3,1,False,1.2293282900951517,144
True,3,4,False,0.608758504277545,106
False,3,5,False,0.3842338156093014,99
True,3,5,False,0.5690790613721656,151
False,1,1,False,1.7589778700596244,7
True,1,2,False,0.4413202516993173,56
True,1,4,False,0.42331462996376423,109
False,3,1,False,0.27027853651357636,18
True,1,5,False,0.73500375820871,80
True,3,1,False,0.9769465787749749,96
True,1,3,False,0.4178064851613476,154
True,3,4,False,0.6942793618704155,107
True,3,4,False,0.9231473066526223,97
True,1,3,True,0.7169981364731569,18
True,1,5,False,1.9551116443517782,100
True,2,3,False,0.8680207511862881,103
True,3,5,False,0.6266553294709447,113
True,3,5,False,0.29098383237926106,10
False,3,1,False,2.164864277138757,43
False,2,5,False,1.0473790818467306,150
True,1,3,True,0.3060721869003758,30
False,3,1,False,0.21165731498188212,6
False,3,5,False,0.22335979997979027,11
False,3,4,False,0.38063425010245927,93
False,3,1,False,1.5960351772642782,26
True,3,5,False,0.25857605151566815,9
True,2,4,False,0.30247262139353365,149
True,1,3,True,0.3641160095811484,19
False,3,5,False,0.25857605151566815,14
True,3,4,False,0.9466610731905922,92
False,1,1,False,1.844498727652495,35
True,3,5,False,0.244065095845475,10
True,3,1,False,1.2677128180699293,145
False,1,2,False,0.37639589342997815,86
False,3,2,False,0.0,94
True,3,3,False,0.24687356651776,93
True,3,4,False,1.0410759451090859,108
True,3,5,False,0.3384799677639687,155
True,1,1,True,0.12963112345437156,51
False,2,2,False,1.4264746494068405,143
True,3,3,False,0.1530360934501879,78
True,2,2,False,1.1169077964411047,128
False,3,5,False,1.2906491857569775,80
False,3,3,False,0.9141444957848459,59
True,1,3,False,0.7025959773451171,59
True,1,1,False,1.458087438335205,56
True,3,4,False,1.1852180242336505,63
False,2,5,False,0.3999096599679479,21
True,1,2,False,0.4413202516993173,90
False,2,2,False,1.9587151069592916,27
False,1,1,False,1.430078112014354,20
True,3,2,False,0.3942927186233779,93
True,1,5,False,0.37369621929984653,126
True,1,5,False,0.4633103715089937,50
False,3,5,False,0.3026863173771692,13
False,3,1,False,0.3026863173771692,12
True,1,1,False,1.521107114409641,20
False,3,2,False,0.9382356611737371,153
True,1,3,False,1.141685157223071,113
True,3,5,False,0.3088806575726608,7
True,1,1,False,0.27027853651357636,62
True,3,4,False,0.4619167510228487,37
False,3,3,False,1.3050513448850172,7
False,2,4,False,0.3350940982407621,8
True,1,5,False,1.2430442538301163,61
True,3,4,False,0.5971648158217902,142
True,2,1,False,0.85282360012302,111
False,3,4,True,1.2602999910726094,65
True,1,4,False,0.9645578983839919,121
True,1,5,False,0.8797232361841962,67
False,2,1,False,1.6167404731299628,17
False,1,2,False,1.2086229942294668,17
True,2,4,False,0.9231473066526223,79
True,3,5,False,0.564648238416044,160
False,1,1,False,1.138408084242018,28
True,3,4,False,0.9231473066526223,115
False,3,5,False,0.3350940982407621,8
False,1,2,False,0.9432752036673855,132
True,2,5,False,0.244065095845475,8
False,1,1,False,1.5471029619934356,40
False,3,1,False,0.25576758084338314,3
False,1,2,False,1.82379343178681,35
False,1,4,False,0.7943111751334792,86
True,2,1,False,1.1678985978911722,162
True,2,5,False,0.9735607092517684,91
False,1,1,False,1.9209079778354354,27
True,3,1,False,0.73500375820871,114
False,1,4,False,1.0822689437561486,143
False,2,2,False,1.667153875729109,21
False,1,1,False,1.4822874002662498,39
False,3,5,False,0.3350940982407621,4
False,1,2,False,1.0824865368404553,148
False,3,1,True,1.1058915068362716,52
False,3,5,False,0.3026863173771692,7
True,3,4,False,0.7059818468683237,97
True,3,1,False,0.2160518724239526,66
False,2,1,False,0.16754704912038104,14
False,2,4,True,0.3528821268920085,40
True,3,2,False,0.7998193199358958,131
True,2,5,False,1.1382992876998645,103
True,2,1,False,0.9879628683798082,25
True,2,4,False,0.9528554133860836,87
True,2,3,False,1.2731121663301925,139
False,3,1,False,0.17924953411828923,17
True,3,5,False,0.8232242899317121,85
False,3,5,False,0.8430296944206863,27
True,1,2,False,0.24687356651776,103
True,2,5,False,1.259036396828613,177
False,1,2,False,1.2473339118307047,21
False,2,1,False,1.1549325186492676,34
False,3,3,False,0.5887394038049352,118
False,1,2,False,1.391367194413116,73
True,1,5,False,0.2160518724239526,96
False,3,1,False,1.9056020302300138,41
False,2,5,False,0.244065095845475,17
True,3,1,False,1.4022746874757959,126
False,3,5,False,0.4035817565028923,116
True,2,2,False,1.3996838098878177,87
False,2,3,False,0.8832179022495563,160
True,1,1,False,0.23899937882438563,121
False,3,5,False,0.9942660051174531,147
True,2,1,False,0.37650468997213155,139
True,2,2,False,1.2382223044207747,158
True,3,2,True,1.1058915068362716,52
True,1,5,False,0.27027853651357636,98
False,2,5,False,0.3294771568961921,98
False,2,1,False,0.13513926825678818,22
True,2,2,False,0.31507499776815234,117
True,1,5,False,0.37688962253941255,112
True,3,5,False,0.26477039171115974,21
True,1,2,False,0.3999096599679479,82
False,2,5,False,0.6997875066728321,109
False,3,5,False,0.44401992582944894,20
True,1,5,False,0.38889337036311467,92
False,3,5,False,0.27027853651357636,8
False,3,3,False,0.9528554133860836,125
True,2,2,False,0.3735874227576932,74
False,3,5,False,0.22335979997979027,23
True,3,4,False,0.13513926825678818,5
True,1,1,False,0.3999096599679479,84
False,2,2,False,1.2789467007590694,23
True,1,2,False,0.4764277066930418,149
True,2,4,False,0.043210374484790516,33
False,3,4,False,1.4200627161270423,79
False,3,4,False,0.244065095845475,8
True,2,3,False,1.535291680453374,109
True,3,5,False,0.7619033942698863,83
False,2,2,False,1.5705079319892519,64
True,3,4,False,1.2059233200993353,67
True,3,5,False,0.22335979997979027,10
False,2,5,False,1.283018765675351,129
True,2,4,False,0.8239104853247871,85
False,2,2,False,1.9738034614804063,33
False,3,3,False,0.5888482003470886,86
True,1,5,False,0.8797232361841962,140
True,3,5,False,0.9673663690562768,130
False,3,5,False,0.3026863173771692,8
True,2,2,True,0.5405570730271527,74
True,1,5,False,1.6051467846742082,78
False,2,4,False,0.3088806575726608,13
True,2,2,False,0.24725849908504105,157
False,3,1,False,1.8787023941688377,36
True,3,3,False,1.7498662626496946,13
False,2,5,False,0.3254201277939667,124
False,2,4,False,1.0258787940458176,179
True,1,3,True,0.38889337036311467,15
True,3,2,False,0.9673663690562768,91
False,2,5,False,0.7025959773451171,132
True,3,5,False,1.314849147688022,108
True,3,4,False,0.9734519127096151,159
False,2,4,False,0.44401992582944894,15
True,1,1,True,0.12963112345437156,37
False,2,2,False,1.4023834840179492,28
True,3,4,False,0.35579939410644684,13
True,3,5,False,1.0211656411786294,170
True,1,4,False,0.6377804156179313,127
False,2,2,False,1.5167086598668993,15
True,3,1,False,1.2238201452927349,121
True,2,4,False,0.4502142660249405,17
False,2,4,False,0.37920436410226316,8
True,2,5,False,1.297529721345544,146
False,2,5,False,0.2764728767090679,13
False,2,5,False,1.4168944396881424,114
True,2,4,False,0.16754704912038104,18
True,2,3,False,0.9093225463755041,154
True,3,3,False,0.12137200319371615,135
False,2,2,False,0.23165518575449684,71
True,3,5,False,0.43570331035474735,76
True,1,1,False,1.114894317704048,121
False,1,4,False,1.3320597774883467,50
False,3,5,False,0.3088806575726608,3
False,2,4,False,0.16754704912038104,4
True,3,4,False,0.3143888023750774,22
True,2,4,False,0.3888933703631147,134
True,3,4,False,0.8177161451292955,112
True,3,3,False,0.27027853651357636,103
False,3,5,False,1.1672124024980974,139
True,2,1,False,1.826275512832635,102
True,3,5,False,0.9411529283881755,84
True,1,2,False,0.3999096599679479,59
True,3,1,False,0.12963112345437156,63
True,2,2,False,0.47065456457888244,75
False,2,1,False,1.8938995452321057,13
False,2,5,False,1.9553292374360853,19
False,1,3,False,1.2148173344249584,129
True,1,5,False,0.855632070795305,120
True,1,4,False,0.42009999702420314,53
True,2,4,False,1.4910726180497196,143
True,2,2,False,0.24687356651776,96
True,1,5,False,0.0,139
True,2,5,False,0.8762285701188364,130
False,3,5,False,0.244065095845475,8
True,3,5,False,0.8887260470519729,149
True,2,3,False,1.5236979919976192,154
True,1,2,False,1.0756060012518887,28
True,3,1,False,0.39249293586995676,40
True,1,5,False,1.7437807189963563,162
True,3,1,False,1.147302098567641,104
False,2,4,False,1.695849397443035,89
False,1,2,False,1.365262550287168,21
False,3,5,False,0.44401992582944894,5
True,3,1,False,0.5295407834223195,93
False,3,1,True,1.012271626853006,48
False,3,4,False,1.5999984456384064,68
False,2,4,False,1.1666350036471758,76
True,2,5,False,0.5349401316825827,80
True,3,5,False,0.7584087282045263,137
False,3,5,False,0.4191850698334365,93
True,1,5,False,1.238331100962928,99
False,2,4,True,1.4479749372077535,34
True,3,4,False,0.9087451475245826,149
True,3,1,False,0.44401992582944894,24
False,3,1,True,1.3651537537450147,29
True,1,2,False,0.5123301536219946,119
False,3,1,False,0.28817536170697605,8
False,1,2,False,1.635432290258591,21
False,2,4,False,1.050656154827784,70
True,2,5,False,0.6294638001432298,119
False,1,2,False,1.2294370866373048,95
True,3,2,False,0.24687356651776,116
False,2,2,False,1.0796780661681702,68
False,1,2,False,1.5124641093084794,73
True,3,3,False,0.35299092343416183,133
True,3,4,False,0.8383126444528268,114
True,2,1,False,0.36128630920886834,32
True,3,1,False,2.0677497310901316,19
True,1,4,False,0.6867064370028352,18
True,2,2,False,1.5388951430608873,36
False,3,5,False,0.22335979997979027,14
True,1,5,False,1.1618130542378342,130
False,1,5,False,1.652425326974609,99
True,3,4,False,1.238331100962928,118
False,2,4,False,0.8232242899317121,194
False,3,5,False,0.32058314257056897,16
False,1,1,False,1.6525341235167623,18
True,1,2,False,1.4086866207555941,32
True,1,2,False,0.30247262139353365,76
True,2,4,False,0.08822053172300212,97
True,2,1,False,0.1820580047905742,85
True,2,1,False,1.2886357070199208,71
False,2,1,False,0.44401992582944894,20
False,1,1,False,1.4649679739237718,149
False,2,5,False,0.26477039171115974,21
False,2,1,False,1.0914893477082317,129
True,2,1,False,0.09722334259077867,113
False,3,2,False,0.6233782564898915,76
False,1,1,False,1.2638583462379545,34
True,2,5,False,0.42331462996376423,109
True,3,5,False,0.3944015151655313,148
True,2,4,False,0.0,79
False,3,1,True,0.7530093799442631,59
True,1,2,False,0.655677240811331,117
True,3,5,False,0.3233916132428539,12
True,2,5,False,0.9996653533777163,109
True,1,2,True,0.8714066207094947,42
False,3,2,False,1.8119821502467486,11
True,1,4,False,0.42331462996376423,99
True,2,1,False,1.8021843474437438,33
False,3,1,True,0.9074178641806009,12
True,1,5,False,0.3999096599679479,87
True,1,3,False,0.5735422527416671,170
False,3,4,False,0.3233916132428539,16
True,3,5,False,0.4116121449658561,21
True,1,2,False,0.2160518724239526,71
True,2,3,False,0.3999096599679479,90
False,3,4,False,0.4116121449658561,5
False,1,1,False,0.6053726347543384,154
True,3,1,False,0.7763055533979261,121
True,3,1,False,1.1327911428974478,98
True,3,3,False,1.238331100962928,80
False,2,5,False,1.0667119869262656,79
True,3,2,False,1.2059233200993353,123
True,3,5,False,0.3853987042977547,57
True,1,1,False,0.46472522169513364,71
False,2,1,False,1.5230117966045442,29
False,1,1,False,1.658728463712254,30
True,1,4,False,2.09385437521608,92
True,2,1,True,0.8714066207094947,13
True,3,2,False,0.47992237275840177,64
False,2,5,False,0.8025189940660273,155
True,1,1,False,1.8594782856314562,41
True,2,5,False,0.4321037448479052,91
True,2,1,False,0.2205513293075053,171
True,1,3,False,0.06481556172718578,73
False,3,5,False,0.35579939410644684,15
True,2,5,False,0.353027188948213,136
True,2,2,False,0.5529457534181358,144
True,1,5,False,1.1618130542378342,121
True,3,2,False,0.4413202516993173,79
False,3,4,False,0.32058314257056897,10
False,3,4,False,0.33367924805462207,109
False,2,2,False,1.3699757031543562,22
False,3,5,False,0.367501879104355,6
False,2,2,False,1.727147488046953,23
False,3,5,False,0.29098383237926106,13
True,3,5,False,0.4819358514954585,104
False,1,2,False,2.231693317603,119
True,3,3,False,0.35849906823657846,98
False,1,2,False,1.5351828839112207,104
True,2,5,False,0.8617176144486431,105
False,1,5,False,1.4525792935327886,76
False,1,4,False,0.6321634742733614,95
True,2,2,False,0.24687356651776,89
True,1,2,True,0.9762603833819,29
True,1,2,True,0.12963112345437156,13
False,2,2,False,1.7932903331181207,158
False,3,3,False,0.462395444318227,105
True,3,1,False,0.4502142660249405,52
False,3,5,False,0.37920436410226316,20
False,2,1,False,1.6732394193824471,6
True,3,3,False,0.34102344112451083,61
True,3,5,False,0.6473606253366295,71
False,2,4,False,0.34679658323867024,24
True,2,2,False,0.7204928025385169,130
False,3,5,False,0.3088806575726608,21
True,2,3,False,1.1154717165549697,130
False,1,1,False,1.6491482539935558,32
False,3,3,False,0.21785165517737368,117
True,1,2,False,1.2883093173934606,74
False,2,1,False,0.6942793618704155,113
False,3,1,False,0.9942660051174531,153
False,1,2,False,1.5023065007388596,34
False,2,1,False,0.6177613151453216,149
True,3,1,False,0.608758504277545,174
True,1,2,False,0.27027853651357636,81
True,3,5,False,1.1914123644291421,120
True,1,1,True,0.7998193199358958,70
True,1,2,False,0.6081811054266235,108
True,2,5,False,0.926533176175829,115
False,1,1,False,1.3615502911375015,81
False,2,1,False,0.7556002575322414,105
True,2,5,False,1.283018765675351,84
True,3,3,True,0.12963112345437156,41
True,2,3,False,0.24125662517319002,105
False,1,2,False,1.3941756650854011,35
True,3,5,False,0.35299092343416183,24
True,3,5,False,0.09722334259077867,96
False,3,2,False,1.6905588457249254,28
False,3,1,False,0.44401992582944894,15
True,1,2,False,0.9121310170477892,66
True,1,2,False,0.2826672169045594,89
True,2,5,False,0.7171069330153104,140
True,2,2,False,0.49713300255872656,150
True,2,4,False,0.6734652694625775,107
False,3,3,False,1.3575870227633733,60
False,1,1,False,2.1091603228215012,16
True,1,2,False,0.36818807449742996,93
True,1,2,False,2.131661504339936,44
True,3,5,False,0.03240778086359289,134
False,1,2,False,1.8263843093747885,39
True,1,2,False,1.331373582095272,21
True,3,4,False,0.9969656792475847,115
True,3,4,False,0.2510031266480877,85
True,1,2,False,0.0,4
False,2,4,False,1.2886357070199208,77
True,1,1,True,0.6233782564898915,18
False,3,5,False,0.29098383237926106,24
True,1,5,False,1.259036396828613,142
True,2,5,False,0.7418842937972765,162
False,2,2,False,1.4030696794110242,22
False,3,4,False,0.5005188720819331,109
False,2,5,False,0.35299092343416183,16
False,1,5,False,1.7530345390885942,161
True,3,5,False,1.3823643835453394,153
True,1,5,False,0.1530360934501879,78
False,2,5,False,0.7294956134062933,176
True,2,1,False,0.8149076744570105,125
True,1,1,False,1.1237883320296713,98
False,3,2,False,1.3208258947992069,117
False,2,2,False,1.6911362445758469,31
False,2,1,False,1.46788524113821,38
True,1,3,False,0.35849906823657846,106
True,3,1,False,1.2168308131620151,6
True,3,1,False,0.8707204253164198,136
False,1,2,False,1.1500017726977725,8
True,1,3,False,0.9438526025183072,84
False,3,2,False,0.7584087282045263,136
True,3,5,False,1.1623904530887557,170
True,1,1,False,1.2617360709587444,17
True,3,4,False,1.0438844157813707,135
True,3,1,False,1.2059233200993353,95
True,3,4,False,1.1299826722251627,100
False,2,5,False,0.4116121449658561,12
False,2,2,False,1.9381186076357602,31
True,2,2,False,0.37650468997213155,88
True,2,5,False,0.8321183042573352,66
False,2,1,False,1.34657073315854,83
False,1,4,False,1.1085911809664033,147
True,3,5,False,1.2238201452927349,126
True,3,2,False,0.6158890013637982,74
True,2,2,False,0.6770687320700908,111
True,1,2,False,1.300338192017829,15
True,3,2,False,0.19444668518155733,83
True,3,4,False,0.3619937343019384,156
True,3,4,False,0.17924953411828923,15
False,2,1,False,0.9763691799240535,180
True,2,5,False,0.608758504277545,92
False,3,5,False,0.3350940982407621,5
True,3,4,False,1.3352280539272465,91
True,3,1,False,1.4173630419969105,105
True,3,2,False,0.779800219463286,84
False,1,1,False,1.4844096755454599,30
True,2,3,False,1.8317836576350517,6
True,3,5,False,0.4321037448479052,178
False,3,1,True,0.48251325034638004,24
True,3,1,False,0.8266101594549187,90
True,1,1,False,1.0327593296343842,89
False,2,2,False,1.2149261309671118,139
True,2,5,False,0.9583635581885004,168
True,1,2,False,0.31168912824494577,77
True,3,4,False,1.114894317704048,132
True,3,5,False,0.26477039171115974,13
False,3,1,False,1.399792606429971,93
True,2,1,False,0.8086045377193656,124
False,2,5,False,0.659171906876691,142
True,3,2,False,0.6158890013637982,105
False,3,2,False,0.8700342299233448,53
True,3,4,False,0.932150117520399,144
True,2,5,False,1.0796780661681702,97
False,3,1,False,0.44401992582944894,20
False,3,4,False,0.34679658323867024,6
True,2,2,False,0.25025943604096657,113
True,3,1,False,0.5915478744772202,99
False,3,1,False,0.34679658323867024,15
True,3,2,False,1.7076606789830966,94
False,3,5,False,0.34476806868755755,135
True,3,5,False,0.73849842427407,100
True,3,4,False,1.3611904853708867,122
True,2,3,False,0.21785165517737368,72
True,3,5,False,0.28817536170697605,21
True,3,5,False,0.9445387979113821,119
False,1,2,False,1.2059233200993353,153
True,3,5,False,0.703282172738192,119
True,3,1,False,1.1265968027019562,80
False,3,4,False,0.9762603833819,91
True,3,5,False,0.8797232361841962,119
False,3,1,False,1.1789148874960056,34
True,2,2,False,0.17374138931587263,84
True,3,4,False,1.164512728367966,135
False,1,2,False,1.7090330697692466,47
False,3,1,True,0.8714066207094947,34
False,3,1,True,0.48251325034638004,39
True,3,5,False,0.0910290023952871,145
True,3,5,False,0.3143888023750774,10
False,1,5,False,0.5005188720819331,123
True,2,2,False,1.6380231678465693,34
True,1,4,True,0.3060721869003758,10
True,2,2,False,0.2826672169045594,78
True,2,3,False,0.6969790360005471,113
False,2,1,False,1.574111394596765,13
True,3,2,False,0.08822053172300212,81
True,3,1,False,0.9031282061800125,97
True,3,5,False,0.40880367429357106,99
False,3,2,False,0.72938681686414,103
True,1,4,False,1.0348816049135943,128
True,2,2,False,1.1583183881724741,20
False,3,2,False,0.8430296944206863,133
False,3,2,False,1.0794604730838635,88
True,3,3,False,0.24125662517319002,79
True,2,2,False,0.7500921127298248,65
False,3,1,False,1.8387729897657714,38
True,3,3,False,0.5819676647585221,105
True,1,1,True,0.7530093799442631,36
True,1,5,False,1.070784051842547,120
True,3,4,False,0.12963112345437156,63
False,2,5,False,0.29098383237926106,14
True,1,1,False,1.4698987198752667,80
True,3,5,False,0.7059818468683237,123
False,3,5,False,0.4035817565028923,106
False,3,5,False,0.35579939410644684,13
True,3,5,False,0.8377352456019054,121
True,3,2,False,0.4413202516993173,88
True,1,5,False,0.0,80
True,3,5,False,0.3143888023750774,7
False,2,2,False,1.8290839835049202,43
True,1,4,False,0.7942023785913258,140
False,3,4,False,0.3088806575726608,23
True,2,4,False,0.6969790360005471,114
False,3,1,False,0.4116121449658561,9
False,2,1,False,1.3466795297006935,12
True,2,2,False,0.1176273756306695,45
False,2,1,False,0.9238335020456974,176
True,1,2,True,0.38889337036311467,52
True,2,1,True,0.7998193199358958,26
True,2,5,False,1.190039973642992,136
False,1,1,False,1.5388951430608873,12
True,2,5,False,0.6177613151453216,60
True,3,5,False,0.855632070795305,142
False,3,5,False,0.34679658323867024,22
False,3,1,False,0.6040303155963006,196
True,2,1,False,0.22335979997979027,12
False,2,1,False,0.9913487379030148,121
True,3,3,False,1.267930411154236,79
False,1,4,False,1.864082641956491,137
True,2,1,False,0.2784651257461295,115
True,2,1,True,0.6233782564898915,17
True,2,1,False,1.3610816888287331,24
True,3,4,False,1.1969205092315587,149
False,2,1,True,0.7530093799442631,50
True,2,5,False,0.16754704912038104,15
True,3,5,False,0.08822053172300212,63
True,1,5,False,0.32058314257056897,62
False,1,2,False,1.0734837259726788,8
True,3,4,False,0.8680207511862881,70
False,3,4,False,0.25576758084338314,9
False,2,5,False,0.6349719449456463,151
True,3,2,False,1.6410492316031609,39
True,3,1,False,0.6769599355279374,131
True,2,2,True,0.7530093799442631,16
True,1,1,True,0.5653344338091189,11
True,3,4,False,1.0941890218383634,173
True,3,4,False,0.17644106344600424,85
False,3,5,False,0.7336614390506723,28
False,2,5,False,0.9886490637728831,154
False,3,5,False,0.22335979997979027,9
True,1,1,True,0.38889337036311467,45
False,3,5,False,0.37920436410226316,16
False,3,1,True,1.1058915068362716,50
True,2,5,False,1.1327911428974478,89
False,2,1,True,0.38889337036311467,24
False,3,1,False,1.5059099633463728,27
True,1,5,False,0.05881368781533475,129
False,2,5,False,0.25857605151566815,8
True,1,5,False,1.2410307750930598,136
False,2,2,False,1.132104947504373,15
True,3,1,False,1.2148173344249584,86
False,3,5,False,0.12137200319371615,69
True,3,1,False,1.4353686637324636,23
True,2,5,False,0.8093995296545939,130
True,2,4,False,1.1769014087589489,119
True,1,1,False,1.417471838539064,25
False,3,5,False,0.3999096599679479,13
False,3,5,False,0.29098383237926106,16
True,1,5,False,1.2766068323955524,88
True,3,1,False,0.35579939410644684,15
False,3,4,False,0.23236261084756682,21
True,3,3,False,0.1530360934501879,113
True,3,5,False,0.8673345557932132,121
True,2,1,False,1.3319509809461936,41
True,3,2,False,0.08822053172300212,83
True,2,5,False,1.1175939918341797,121
True,3,5,False,1.0176709751132695,146
True,3,1,False,2.17937523280895,36
False,2,3,False,1.260941079023516,119
True,2,5,False,0.8411211151251119,133
True,1,2,False,1.7623637395828309,17
True,3,1,False,1.924293847358642,41
True,3,5,False,0.5943563451495052,128
False,3,5,False,1.0149713009831378,187
False,2,3,False,1.3117142873892769,116
True,3,3,True,0.8714066207094947,26
False,2,2,False,0.7998193199358958,25
False,3,1,False,0.3088806575726608,7
False,3,2,False,0.6508402555879333,147
True,2,2,False,1.3787609209378262,30
True,3,1,False,0.27027853651357636,19
True,1,2,False,0.21785165517737368,86
True,1,1,True,0.5405570730271527,88
False,3,3,False,0.6935931664773405,93
False,2,5,False,1.132104947504373,101
True,2,5,False,0.5826538601515971,144
False,3,5,False,0.8120992037847254,164
True,3,4,False,0.8763373666609897,102
False,1,2,False,1.8886089935139958,29
False,3,4,False,0.35579939410644684,13
False,1,1,False,1.026673785981046,12
True,1,3,False,0.5150298277521264,56
True,2,4,False,0.9114448216547142,143
False,2,4,False,0.3088806575726608,18
True,2,3,False,0.24125662517319002,90
False,3,1,False,0.5970560192796368,33
True,3,1,False,0.7467062432066182,138
False,3,5,False,0.13513926825678818,16
True,2,3,True,0.5653344338091189,26
True,2,5,False,0.42331462996376423,111
False,2,1,False,0.27027853651357636,14
False,2,1,False,1.061890037516924,105
True,3,4,False,1.1271742015528778,7
True,3,4,False,0.9031282061800125,106
True,2,4,False,0.9886490637728831,136
False,3,4,True,0.0,22
True,3,3,True,0.5405570730271527,67
True,3,5,False,1.164512728367966,142
False,1,2,False,1.397670331150761,35
True,1,1,True,0.8826405033986346,60
False,3,5,False,0.35299092343416183,8
True,2,2,False,0.49432453188644154,134
False,1,1,False,1.3327459728814217,28
True,2,5,False,0.7294956134062933,132
True,3,1,False,0.6790822108071474,138
False,3,5,False,0.2261682706520753,12
True,3,3,False,1.0410759451090859,136
True,2,5,False,0.2385569510430584,121
False,3,5,False,0.8211020146525021,184
False,2,5,False,0.903237002722166,162
True,3,5,False,0.6887712170679989,148
True,2,1,False,0.4240008253568392,146
True,3,3,False,0.23236261084756682,87
False,3,5,False,0.5405570730271526,88
False,2,5,False,1.899985088885444,177
False,1,1,False,1.3700844996965098,37
True,1,2,True,0.12963112345437156,18
True,1,3,True,0.38889337036311467,45
True,1,5,False,0.6997875066728321,120
False,3,1,False,1.734560315044273,128
True,3,3,False,1.8462946133052447,53
True,2,3,False,0.49432453188644154,150
False,3,5,False,1.100383362033855,154
True,1,1,False,1.6525341235167623,21
False,3,1,False,0.37920436410226316,10
False,2,4,False,1.2407043854665996,49
True,3,1,True,0.38889337036311467,16
True,1,4,False,0.4982616257331287,123
True,1,3,True,0.3060721869003758,32
False,3,2,False,0.05881368781533475,94
True,1,3,False,1.0438844157813707,95
True,1,3,True,0.2592622469087431,19
True,1,4,False,0.1176273756306695,149
True,2,5,False,0.9912399413608615,187
True,3,5,False,0.2261682706520753,12
True,3,5,False,0.3087718610305074,144
False,2,1,False,0.9639804995330703,32
True,3,4,True,0.17644106344600424,44
False,3,5,False,0.35579939410644684,23
True,1,2,False,0.26477039171115974,73
True,3,2,False,1.2575552095003095,148
False,3,5,False,0.947347268583667,146
False,3,3,False,0.9817685281843167,145
True,3,3,False,0.9238335020456974,144
True,3,3,False,0.564648238416044,106
False,3,5,False,0.6232694599477382,134
True,3,2,False,0.46472522169513364,70
True,1,2,False,0.37650468997213155,100
False,3,4,False,0.32058314257056897,8
True,2,5,False,0.6501690960089145,157
True,3,5,False,0.9500469427137987,97
False,3,5,False,0.3026863173771692,11
False,3,1,False,0.17924953411828923,5
True,1,2,True,0.6233782564898915,14
True,2,5,False,0.6867064370028352,100
True,3,1,False,0.9293416468481139,113
True,2,3,False,0.0,92
False,3,3,False,0.8178249416714489,130
True,2,5,False,1.0472702853045774,153
True,3,1,False,0.9328363129134739,69
True,3,5,False,0.3708877486275616,96
True,2,1,False,0.2261682706520753,7
False,2,2,False,1.5319058109301673,19
True,3,2,True,1.059081566844639,75
False,3,5,False,0.45505125124833823,87
False,3,5,False,0.3060721869003758,113
True,2,2,False,2.1199590193420277,45
False,1,5,False,0.49374713303552,144
True,3,5,False,1.0465840899115024,83
True,1,3,False,1.2960485340172405,39
False,1,1,False,1.1825183501035188,26
True,1,4,False,0.06481556172718578,100
True,3,5,False,0.3686305022787572,120
False,2,2,False,1.5209983178674877,24
False,3,5,False,0.32058314257056897,11
False,3,4,True,1.2602999910726094,22
True,3,5,False,1.3438710590284084,56
False,3,5,False,0.8430296944206863,131
False,3,1,True,1.2715338737617494,37
True,2,1,False,0.4670549990720403,124
True,1,2,False,0.0,111
False,1,2,False,2.09385437521608,41
True,2,2,False,1.59132202439709,19
False,1,1,False,1.5730988095772303,164
True,3,5,False,0.27027853651357636,21
True,2,4,False,0.3350940982407621,15
True,1,4,False,0.6528687701390461,129
False,1,3,False,2.0813568982829436,40
False,2,1,False,1.129296476832088,28
False,2,2,False,1.685845692857737,30
True,1,1,False,1.1879176983637822,111
False,3,4,True,0.12963112345437156,57
True,1,3,False,0.10202406230012527,105
True,1,1,True,0.0,70
False,2,5,False,1.3940668685432476,65
False,1,4,False,1.2472251152885514,138
False,1,4,False,0.9342723927996089,85
True,3,1,False,0.37650468997213155,84
False,3,1,False,0.8142214790639356,20
True,3,5,False,0.85282360012302,107
True,1,3,False,0.4238446245872498,118
True,1,3,False,1.147302098567641,103
True,2,3,False,0.3350940982407621,75
True,1,2,False,1.014285105590063,24
True,2,4,False,0.43512591150382574,131
False,2,4,False,0.2764728767090679,13
False,3,5,False,0.35579939410644684,14
False,3,4,False,0.23899937882438563,41
False,3,3,False,0.7495147138789031,142
True,3,1,False,0.29781306663972035,78
False,2,1,False,0.9734519127096151,136
True,1,1,True,0.43570331035474735,33
True,2,5,False,0.3842338156093014,41
True,1,5,False,0.27096473190665127,105
False,3,5,False,0.37920436410226316,5
False,2,5,False,0.26477039171115974,16
False,2,5,False,0.6935931664773405,108
False,2,2,False,1.927102318030927,28
True,1,1,False,0.3842338156093014,101
False,3,5,False,1.6469171821721924,98
False,3,4,False,0.5288545880292445,115
False,1,2,False,2.155752669728827,117
True,1,4,False,0.4238446245872498,44
True,3,1,False,1.4105913029504975,41
False,1,1,False,1.6237298052606828,26
False,1,1,False,1.2024286540339753,31
True,3,2,False,0.2592622469087431,85
False,3,1,True,0.38889337036311467,23
False,3,5,False,0.3233916132428539,7
False,1,2,False,1.7037425180511367,21
True,3,4,False,0.9315727186694773,103
True,3,3,False,0.6880850216749239,157
True,3,1,False,1.2465389198954764,41
True,1,4,False,1.147302098567641,87
False,3,1,False,0.6472406900810912,94
False,2,2,False,1.9120139635098123,27
True,2,2,False,0.8259239640618437,172
True,3,1,False,0.8032051894591024,135
True,3,3,False,0.7500921127298248,97
True,3,2,False,0.7734970827256411,190
True,2,2,False,0.5258686868873751,77
True,3,4,False,0.97975504944726,89
False,2,2,False,1.3547785520910882,13
True,1,2,False,0.1530360934501879,68
True,3,2,False,1.798689681378384,156
True,3,3,False,0.06481556172718578,115
True,2,1,False,1.0913805511660783,77
True,3,3,False,0.24687356651776,88
True,3,5,False,1.100383362033855,119
True,3,4,False,2.117259345211896,135
True,3,5,False,0.7680977344653779,184
False,1,5,False,0.6881938182170773,104
True,3,1,False,0.9852631942496766,115
True,3,4,False,0.4513066236852916,117
False,2,2,False,1.5344966885181457,88
False,3,3,False,0.6977952576357705,63
True,1,2,False,1.9237164485077205,26
True,3,2,False,2.0002344952328146,33
False,2,4,False,2.493655238641874,108
True,1,1,False,2.012514379081644,24
True,3,4,False,0.21965143793079475,100
True,1,1,False,1.7022613307228336,72
True,3,5,False,0.3026863173771692,15
False,3,2,False,0.9410441318460221,133
True,1,3,False,0.24687356651776,98
False,3,5,False,0.29781306663972035,132
False,3,2,False,1.2562279261563278,109
True,2,2,False,0.15584456412247288,100
False,3,5,False,0.34679658323867024,15
True,2,5,False,0.6942793618704155,118
True,2,3,False,0.8859175763796878,186
False,3,5,False,0.3350940982407621,12
True,2,5,False,0.20884884430959713,99
False,2,1,False,1.5670132659238918,31
False,3,3,False,0.8466292599275285,99
True,2,5,False,0.8590179403185116,142
True,2,2,False,0.5205379725545429,63
False,2,1,False,1.7559518063030326,14
True,3,1,False,0.25857605151566815,12
False,3,4,False,0.7169981364731569,106
True,2,1,True,0.12963112345437156,19
False,3,5,False,0.6517551827786999,90
True,3,5,False,0.2510031266480877,134
False,1,1,False,1.013598910196988,25
True,2,2,False,0.2826672169045594,67
True,2,4,False,1.0852950075127403,179
True,3,3,False,1.0176709751132695,138
True,3,1,True,0.7169981364731569,66
True,3,4,False,0.34568299587832413,153
True,3,5,False,0.6474694218787829,24
True,3,1,False,1.0086681642454929,109
True,3,5,False,0.5529457534181358,78
True,2,4,False,0.353027188948213,107
False,1,5,False,0.5709513751536889,171
True,2,5,False,0.529431986880166,146
True,3,1,False,0.16473857844809606,150
False,3,1,False,0.29098383237926106,13
True,3,1,False,0.3962375634330035,1
True,3,4,False,0.8473154553206035,100
True,1,2,False,0.6612941821559011,180
True,1,1,False,1.9525207667638,72
True,2,1,False,0.4619167510228487,23
True,1,2,False,1.0176709751132695,19
True,3,5,False,0.22335979997979027,8
True,1,4,False,0.12137200319371615,100
True,2,1,False,0.9432752036673855,10
True,2,1,False,0.4646164251529803,100
False,2,3,False,0.485321721018665,79
True,2,3,False,0.8942341918543895,118
True,3,2,False,0.9328363129134739,125
True,3,2,False,0.8087133342615189,108
False,1,1,False,2.1007349108046465,18
False,2,5,False,0.367501879104355,16
True,3,5,False,1.1794922863469273,162
False,2,5,False,0.3999096599679479,2
True,2,5,False,1.367058435939918,116
True,2,4,False,0.899742336656806,125
False,1,4,False,1.695849397443035,105
True,3,1,False,0.9673663690562768,130
False,3,5,False,0.4116121449658561,17
True,3,4,False,0.367501879104355,8
True,3,5,False,0.7915027044611942,142
False,3,4,False,0.25857605151566815,12
True,1,2,True,0.3641160095811484,13
True,3,4,False,1.2584589979776912,47
True,3,5,False,0.9259557773249074,94
True,1,4,False,1.6841469124451272,30
False,2,5,False,1.0528872266491474,146
False,3,5,False,0.16754704912038104,14
False,2,5,False,0.34679658323867024,6
False,2,4,False,0.19995482998397396,24
False,3,1,False,1.4092640196065158,4
True,1,3,False,0.19444668518155733,90
True,3,5,False,0.26477039171115974,24
True,3,2,False,1.100383362033855,72
False,2,4,False,1.1651989237610407,113
True,1,3,False,0.3350940982407621,110
True,3,2,False,0.3098168144634224,145
True,3,5,False,0.60595003360526,134
False,3,3,False,0.6177613151453216,125
True,1,5,False,0.9673663690562768,91
True,1,1,False,0.3060721869003758,100
False,2,5,False,1.0258787940458176,166
True,2,5,False,1.5236979919976192,133
True,1,3,False,0.6867064370028352,92
True,2,2,False,1.1825183501035188,32
False,3,1,False,1.728474771390935,153
True,3,4,False,0.25857605151566815,14
True,1,5,False,0.43570331035474735,133
True,2,5,False,0.42331462996376423,95
True,3,2,False,0.40610400016343945,123
True,3,5,False,0.3374238756176687,118
True,2,4,False,0.3088806575726608,14
True,3,5,False,0.900428532049881,152
True,3,4,False,1.0059684901153614,79
False,3,2,False,1.0293734601111777,119
False,1,1,False,1.5505976280587954,37
False,2,5,False,0.8762285701188364,168
True,1,4,False,0.3350940982407621,81
False,1,2,False,1.4022746874757959,28
False,2,3,False,1.516599863324746,109
True,3,5,False,0.26477039171115974,9
True,2,5,False,1.0265649894388926,158
False,3,5,False,0.8977288579197494,95
True,1,3,False,0.85282360012302,94
True,2,2,False,0.20884884430959713,9
False,1,1,False,1.8498980759127581,19
True,2,4,False,0.26477039171115974,10
True,3,2,False,0.4116121449658561,7
True,1,4,False,0.1530360934501879,71
False,1,1,False,1.4899178203478765,27
True,2,1,False,0.3060721869003758,91
True,3,4,False,1.1084823844242497,103
True,3,4,False,0.3233916132428539,11
True,2,1,False,1.1673211990402508,59
True,1,1,True,0.3060721869003758,16
False,2,3,False,0.6472406900810912,181
False,2,1,False,2.102857186083856,17
False,2,5,False,0.35299092343416183,17
True,3,1,False,1.9386960064866818,10
True,3,4,False,0.5690790613721656,57
False,1,1,False,1.9144960445556372,181
True,1,1,False,1.0824865368404553,4
False,2,2,False,0.9617494277117069,107
False,2,2,False,1.3057375402780922,35
False,1,2,False,0.9501557392559521,32
False,2,2,False,0.993939615490993,141
True,2,2,False,0.3233916132428539,104
False,3,2,False,1.6905588457249254,29
True,3,5,False,0.17924953411828923,22
True,3,2,False,0.6673797258092392,133
True,1,3,False,0.6590631103345377,139
False,2,1,False,0.5115351616867663,160
False,1,1,False,1.465076770465925,24
True,3,5,False,0.05881368781533475,170
True,2,2,False,0.3143888023750774,96
False,2,5,False,0.506135813426503,122
False,2,5,False,0.8583317449254366,133
True,1,2,False,0.2592622469087431,56
True,1,5,False,0.43570331035474735,113
True,3,3,False,1.4080004253625193,105
True,2,2,False,0.42744419009409196,53
False,1,2,False,1.6442175080420607,27
False,3,2,False,0.6881938182170773,78
True,3,2,False,0.08822053172300212,97
False,2,2,False,0.5419294638133025,113
False,2,5,False,0.19995482998397396,10
False,2,2,False,1.3858590496106995,27
True,3,5,False,0.415106811031216,39
True,2,4,False,1.558914243533497,96
True,1,3,False,0.6149528444730366,143
True,1,2,False,0.27027853651357636,98
True,1,1,True,0.49374713303552,15
True,1,2,False,1.8235758387025034,82
False,3,4,False,0.28817536170697605,17
True,1,1,False,0.7942023785913258,122
True,1,4,False,0.5033273427542181,53
True,2,4,False,1.0796780661681702,95
True,1,2,False,0.6233782564898915,152
False,3,5,False,1.1058915068362716,89
False,2,1,False,1.0086681642454929,41
False,2,1,False,0.2261682706520753,6
False,2,4,False,0.244065095845475,15
False,3,1,False,0.4116121449658561,12
False,2,5,False,0.5736510492838205,124
True,2,1,False,1.6443263045842142,31
True,1,1,False,1.3699757031543562,83
True,3,2,True,0.6949655572634905,28
False,3,5,False,0.37920436410226316,9
True,3,4,False,0.1820580047905742,82
True,1,1,False,0.7967932561793041,88
True,2,5,False,1.1471933020254876,113
False,3,2,False,1.903479754950804,31
True,2,1,False,1.8003884617909938,11
True,1,4,True,0.6701881964815242,32
True,3,1,False,0.8003967187868174,104
True,3,2,False,0.661980377548976,115
False,1,5,False,1.5179722541108958,93
True,2,4,False,0.8377352456019054,175
True,2,1,False,0.16083775011546,12
True,1,4,False,0.17644106344600421,69
True,3,5,False,0.732195287536425,120
True,1,5,False,1.1113996516386881,91
True,1,1,True,0.12963112345437156,28
False,3,1,False,1.6884365704457152,25
False,3,5,False,0.37920436410226316,18
False,3,1,False,0.19995482998397396,13
False,3,2,False,1.5814154250519317,98
True,1,4,False,0.1530360934501879,84
False,1,1,False,1.147302098567641,28
True,3,5,False,0.3026863173771692,17
True,1,5,False,0.8735288959887048,158
True,1,5,False,0.5295407834223195,60
False,2,2,False,2.0669547391549035,132
True,3,3,False,0.8356129703226952,88
False,3,5,False,0.3088806575726608,17
False,3,5,False,0.22335979997979027,7
False,3,5,False,1.4326689896023321,110
False,3,5,False,0.97413810810269,143
True,2,3,False,0.9652440937770668,129
True,1,3,False,1.0148625044409845,135
True,3,5,False,0.9769465787749749,105
False,2,2,False,2.1703724219411735,17
False,3,4,False,0.4116121449658561,21
True,3,5,False,0.8590179403185116,125
True,2,5,False,0.0,83
True,3,2,False,0.7025959773451171,156
True,1,3,False,0.8887260470519729,121
True,3,2,False,0.9948434039683747,150
True,2,4,False,0.9851543977075232,165
True,3,3,False,0.244065095845475,84
True,3,2,False,1.052778430106994,102
False,3,1,False,1.2976385178876972,28
True,2,5,False,0.27027853651357636,66
False,2,4,False,0.4116121449658561,16
True,3,4,False,0.4027181306402329,59
True,3,4,False,0.6969790360005471,138
True,1,5,False,0.9121310170477892,124
True,3,1,False,0.956132486367137,84
True,2,2,False,1.1736243357778957,140
True,3,4,False,0.3088806575726608,3
True,1,4,False,0.6969790360005471,130
False,3,5,False,0.3350940982407621,20
True,3,1,True,0.12963112345437156,66
False,3,5,False,0.7133985709663148,166
True,2,1,True,0.49374713303552,18
True,3,2,False,0.5853535342817286,90
True,3,2,False,0.25576758084338314,65
True,3,4,False,0.7824998935934177,98
False,3,5,False,0.3088806575726608,5
False,3,1,False,1.658728463712254,40
False,3,4,False,0.5171521030313363,101
True,3,5,False,0.1820580047905742,92
False,1,1,False,1.5676994613169668,33
False,2,2,False,1.6506294413218592,38
True,3,4,False,1.2824413668244292,131
True,1,1,False,0.6474694218787829,44
False,2,5,False,0.16754704912038104,18
False,3,3,False,0.831940873787751,24
False,2,5,False,0.7529005834021097,125
True,2,2,False,1.2234937556662748,72
True,3,5,False,0.37031034977664,96
True,2,5,False,0.5708425786115355,163
True,1,4,False,0.18844481126970627,82
True,2,5,False,0.2592622469087431,121
False,3,5,False,1.0237565187666076,182
True,1,4,False,0.5997556934097685,145
True,3,3,False,1.5706167285314052,73
False,2,1,False,0.37920436410226316,6
False,2,5,False,0.244065095845475,5
True,2,2,False,0.42331462996376423,80
False,3,1,True,0.5653344338091189,34
True,3,3,False,0.34960505391095525,95
False,3,1,False,0.26477039171115974,17
False,2,4,True,1.1306688676182377,39
True,3,3,False,0.4670549990720403,126
True,3,2,False,1.0913805511660783,151
True,2,3,False,0.35849906823657846,105
True,3,2,False,2.023639465228631,28
True,3,5,False,0.28817536170697605,8
True,3,2,False,0.1530360934501879,90
False,3,5,False,0.44304750342463617,82
False,2,2,False,0.4116121449658561,116
True,3,5,False,0.35849906823657846,11
True,2,4,False,0.979068854054185,102
False,2,1,False,0.6887712170679989,185
True,2,5,False,0.3060721869003758,74
True,2,2,False,0.6278927491875003,61
False,3,1,False,0.21165731498188212,20
True,1,4,True,0.9762603833819,51
True,3,1,False,0.2942135011328782,122
True,1,3,False,0.5205379725545429,162
False,3,5,False,0.23236261084756682,8
False,3,1,True,1.3651537537450147,36
True,3,5,False,0.34679658323867024,14
False,3,4,False,1.1438074325022811,163
False,2,5,False,1.1678985978911722,71
True,2,5,False,0.17924953411828923,15
True,3,4,False,1.1294052733742412,118
False,2,2,False,1.120871064815233,35
True,3,5,False,0.8384214409949802,50
False,2,1,False,1.2032236459692036,35
True,3,5,False,0.7473924385996931,146
True,1,2,False,2.000125698690661,30
False,1,2,False,0.7557090540743947,113
True,3,5,False,0.6769599355279374,125
False,2,5,False,0.7438977725343332,148
False,2,4,False,1.1947982339523486,184
True,1,1,False,0.73500375820871,160
True,3,1,False,0.4116121449658561,22
True,3,2,False,0.34748277863174526,78
True,2,5,False,1.0321819307834628,64
True,2,2,True,0.7998193199358958,48
True,3,4,False,0.8150164709991639,145
False,3,1,True,1.3651537537450147,45
True,2,5,False,1.0265649894388926,119
True,1,4,False,1.2238201452927349,113
True,3,3,False,0.8887260470519729,149
True,2,1,False,1.1587869904812425,122
False,3,5,False,1.0472702853045774,130
True,3,1,False,0.85282360012302,92
True,3,1,False,0.4116121449658561,16
False,3,1,False,0.3143888023750774,10
True,3,3,False,0.8562094696462266,108
True,3,5,False,0.6032503594751284,104
False,2,5,False,0.22335979997979027,6
True,1,4,False,1.3050513448850172,87
True,2,5,False,0.17644106344600424,91
False,3,1,False,0.35299092343416183,12
True,3,1,False,1.0651671104979772,142
False,2,4,False,0.31807593472407786,111
True,1,5,False,0.5570753135484635,63
True,3,5,False,1.358959413549523,102
True,1,3,False,0.1820580047905742,93
True,3,4,False,0.21165731498188212,2
True,1,2,False,0.31168912824494577,84
True,3,5,False,1.7400684598466896,140
False,3,4,False,1.0969974925106485,120
False,2,5,False,1.1348046216345045,159
True,2,3,False,1.0087769607876462,148
False,2,5,False,1.2086229942294668,108
True,2,5,False,0.6321634742733614,25
False,2,2,False,0.43570331035474735,176
True,3,4,False,0.6867064370028352,137
True,1,3,True,0.48251325034638004,27
True,3,2,False,0.29987784670488427,96
False,3,2,False,1.4844096755454599,16
True,3,3,False,0.947347268583667,138
True,2,5,False,0.8177161451292955,148
True,1,5,False,1.1618130542378342,98
True,1,1,False,0.5977422146727118,94
True,2,4,False,0.932150117520399,95
True,1,4,False,1.1942208351014272,118
False,1,2,False,1.0554781042371255,45
False,3,2,False,1.2693664910403712,132
False,3,4,False,1.2575552095003095,118
True,1,5,False,0.2592622469087431,49
True,1,2,False,0.31168912824494577,86
False,2,5,False,1.331373582095272,102
True,3,2,False,0.40449668369365893,19
True,1,3,True,0.9294504433902673,11
True,3,2,False,0.947347268583667,84
True,3,2,False,0.2748655602392873,80
True,1,4,False,0.5116439582289197,33
False,3,1,True,1.1419027503073778,45
True,3,5,False,0.9411529283881755,68
True,1,5,False,0.48813019169095,114
True,1,4,False,0.12137200319371615,119
False,2,5,False,0.3143888023750774,12
True,3,5,False,0.19995482998397396,8
True,3,1,False,1.0789918707750954,118
False,3,1,False,0.16754704912038104,17
False,3,4,False,0.26477039171115974,12
True,2,3,False,0.27027853651357636,100
False,2,1,False,1.293348859887109,25
True,3,5,False,0.6294638001432298,131
False,3,3,False,0.9204476325224908,128
True,1,3,False,1.1769014087589489,132
False,2,5,False,1.0830639356913767,53
True,3,1,False,0.9976518746406596,130
True,1,1,False,0.8818455114634063,29
True,1,2,False,0.5221240593243284,88
True,2,3,False,0.08822053172300212,94
False,3,2,False,1.0824865368404553,132
True,1,5,False,0.8377352456019054,119
False,1,5,False,0.7535867787951847,178
False,1,5,False,0.5763507234139521,164
True,3,1,False,0.3026863173771692,20
False,3,3,False,0.5369575075203105,172
True,1,1,True,0.7417754972551232,44
False,2,5,False,0.35299092343416183,9
True,2,2,False,0.19444668518155733,89
True,3,1,False,1.5354004769955274,29
True,3,5,False,0.367501879104355,14
False,2,1,False,1.856201212650403,37
False,3,5,False,0.42331462996376423,166
True,2,3,False,1.0389536698298758,119
False,1,5,False,1.4024922805601026,77
True,3,5,False,0.4178064851613476,158
False,2,2,False,1.5994210467874848,27
False,3,3,False,1.4575100394842835,24
True,1,1,False,0.47065456457888244,93
False,3,2,False,2.17937523280895,6
False,3,4,True,0.5405570730271527,21
True,1,3,True,0.6233782564898915,37
True,2,5,False,0.7562864529253164,6
False,2,2,False,1.7235440254394396,20
True,1,1,False,0.5065207459937842,93
False,2,1,False,1.3993574202613575,44
True,3,1,False,1.1120858470317632,86
False,2,1,False,1.6194401472600946,117
True,1,1,False,1.100383362033855,116
False,3,5,False,0.22335979997979027,14
False,3,1,False,0.25576758084338314,11
True,3,3,False,1.132104947504373,127
False,2,3,False,1.1210886578995396,146
True,3,5,False,0.46811109121834027,76
False,1,5,False,1.9841335556921647,63
True,3,4,False,1.1120858470317632,89
True,3,1,False,0.6680659212023142,111
False,3,5,False,0.13513926825678818,11
False,2,4,False,1.414303562100164,185
True,1,2,False,1.9738034614804063,24
False,1,1,False,1.6051467846742082,118
False,2,1,False,0.28817536170697605,15
False,3,4,False,0.28817536170697605,22
True,2,2,True,0.6949655572634905,66
False,1,2,False,1.4201715126691956,14
True,1,5,False,0.27027853651357636,67
True,3,3,False,1.855188627630868,150
True,3,1,False,0.9328363129134739,84
False,2,5,False,0.27027853651357636,113
False,2,5,False,1.0969974925106485,126
True,2,5,False,0.5356263270756576,119
False,2,5,False,0.685276551002639,143
True,2,5,False,0.9086363509824292,185
True,3,5,False,0.35299092343416183,20
False,1,2,False,1.1879176983637822,24
False,3,5,False,0.26477039171115974,17
False,2,2,False,1.527192658062979,4
True,3,5,False,0.6060588301474135,124
False,3,5,False,0.3999096599679479,7
False,3,3,False,1.6347460948655161,64
False,3,5,False,0.32058314257056897,6
True,1,3,False,1.143121237109206,166
True,1,3,False,0.34748277863174526,92
False,3,5,False,0.855632070795305,104
False,3,1,False,0.8529323966651734,47
True,1,5,False,0.5341278071480305,85
True,1,2,False,0.5798453894793121,44
False,2,1,False,0.7886942337889091,185
True,2,4,False,0.3528821268920085,146
True,2,1,False,0.13513926825678818,18
True,2,1,True,0.3060721869003758,29
False,2,2,False,1.0155486998340595,158
False,3,5,False,0.6701881964815242,106
True,2,5,False,1.023179119915686,90
True,1,1,False,1.6816648313993023,33
False,3,2,False,0.4771139020861168,96
True,3,5,False,0.3350940982407621,18
True,1,2,True,0.5405570730271527,59
True,1,5,False,0.37688962253941255,40
False,2,1,False,1.8622867563037413,6
False,3,5,False,0.3143888023750774,10
True,2,5,False,1.3823643835453394,166
True,3,3,False,0.7204928025385169,124
False,1,3,False,0.6645712551369543,152
True,2,2,False,0.24125662517319002,90
False,1,4,False,2.117259345211896,149
False,2,1,False,1.3175488218181537,197
False,2,3,False,0.8445069846483184,148
False,1,1,False,1.4947848771993861,19
False,1,1,False,1.9152910364908655,32
False,2,2,False,1.1651989237610407,106
True,3,5,False,0.37920436410226316,10
True,1,1,False,0.5998644899519219,121
True,1,5,False,0.2943697019024676,116
True,1,4,False,0.3648858747157105,104
True,1,1,False,1.0824865368404553,104
True,3,3,False,0.9762603833819,125
True,3,5,False,0.5570753135484635,80
True,2,1,False,1.4285969246860506,108
True,3,4,False,0.6528687701390461,85
False,1,2,False,1.6642366085146705,42
True,3,5,False,1.2500335859608362,88
True,2,2,True,0.2592622469087431,17
True,1,2,False,0.3842338156093014,90
True,1,2,False,0.3350940982407621,79
True,2,4,False,0.8645260851209282,107
True,3,1,False,1.7119503369836848,36
False,2,5,False,0.5690790613721656,74
True,3,2,False,1.4228711867993273,38
False,3,2,False,1.631937624193231,17
False,3,5,False,1.0582865749094106,120
True,1,3,False,0.08822053172300212,84
True,2,3,True,0.5653344338091189,49
True,3,4,True,0.6121443738007516,47
True,2,2,False,0.7908165090681192,154
True,3,5,False,0.3350940982407621,19
True,1,1,False,0.9997741499198698,108
True,2,3,False,0.6377804156179313,145
True,1,4,False,0.4798135762162484,100
True,1,4,False,1.047161488762424,87
False,3,4,False,2.053021182335632,128
True,2,1,False,0.9115536181968676,89
False,3,2,False,1.1707070685634573,180
True,3,1,False,0.8204158192594271,92
True,2,4,False,0.3350940982407621,98
False,2,3,False,2.226185172800583,58
True,2,2,False,2.0622415862877155,35
False,3,5,False,0.2764728767090679,15
True,2,4,False,1.4462761567951434,58
False,3,5,False,0.23236261084756682,8
True,3,4,False,1.2824413668244292,70
True,3,3,False,0.8383126444528268,88
True,2,5,False,0.26477039171115974,17
True,1,1,False,0.9266419727179823,136
False,1,2,False,1.2727523605635778,9
False,3,5,False,0.13513926825678818,16
True,3,5,False,0.9535416087791586,116
True,1,5,False,1.257664006042463,87
False,2,3,False,0.8914257211821045,157
True,2,2,False,1.1093861729016314,93
False,2,2,False,1.2617360709587444,27
True,2,3,False,0.24125662517319002,80
True,2,1,False,1.1590045835655491,152
True,1,2,False,0.947347268583667,60
True,1,3,False,0.3708877486275616,106
True,3,3,False,0.5736510492838205,142
False,3,5,False,1.0183571705063446,128
False,2,2,False,1.285936032889789,26
True,3,1,False,1.1769014087589489,109
False,3,5,False,0.3088806575726608,3
True,3,3,False,1.0500787559768623,80
True,1,3,True,0.7530093799442631,60
False,2,1,False,0.9348497916505305,39
True,1,1,False,0.5809377471396632,179
True,3,2,False,0.9762603833819,124
False,2,1,False,0.9645578983839919,31
True,2,4,False,1.0645897116470555,96
True,2,4,False,0.5881620049540137,74
False,1,2,False,1.452796886617095,38
True,3,5,False,0.17924953411828923,14
True,1,3,False,1.7089242732270933,122
True,1,4,False,0.3350940982407621,91
True,1,4,False,0.34102344112451083,35
False,3,5,False,0.3098168144634224,179
False,2,1,True,1.1419027503073778,29
False,3,3,False,0.5115351616867663,146
True,3,5,False,0.235254751261339,66
True,1,5,False,0.7734970827256411,107
False,3,1,True,1.1419027503073778,38
True,1,3,True,0.2592622469087431,70
True,3,3,True,0.3060721869003758,13
False,1,2,False,0.7467062432066182,26
True,2,5,False,0.27027853651357636,74
False,3,1,False,0.8122080003268789,135
False,3,4,False,0.9238335020456974,100
False,3,5,False,0.6196336289268448,109
True,3,4,False,1.3706618985474313,89
False,1,1,False,0.8701430264654981,22
False,3,5,False,0.898243816729179,164
True,1,3,False,1.179709879431234,104
True,1,3,False,0.9735607092517684,117
True,1,3,False,0.3240778086359289,42
False,2,1,False,1.5734251992036903,25
True,2,5,False,0.6494829006158395,99
False,3,5,False,0.2261682706520753,9
True,1,2,False,0.0,86
True,3,2,False,0.9535416087791586,114
False,3,5,False,0.8294186301272037,132
False,3,2,False,0.7254023187900168,69
True,2,5,False,0.784730965414781,131
True,1,3,False,0.4268092960291242,48
False,3,2,False,1.179709879431234,124
False,3,5,False,0.29098383237926106,16
True,2,2,False,0.24687356651776,80
False,2,1,False,1.6712259406453904,30
True,3,4,False,0.16754704912038104,17
False,3,5,False,2.0200360026211177,124
True,1,5,False,0.6618715810068226,115
True,3,2,False,0.35299092343416183,122
True,3,5,False,0.49983267668885817,131
False,2,1,False,0.4116121449658561,18
False,2,5,False,0.8832179022495563,116
False,3,1,False,0.3088806575726608,24
False,1,2,False,1.9117963704255057,28
False,2,5,False,1.2148173344249584,181
True,3,2,False,0.564648238416044,72
True,1,1,True,0.3641160095811484,16
False,2,1,False,0.9555550875162153,113
False,3,5,False,0.34679658323867024,15
True,3,5,False,0.17644106344600421,74
True,3,5,False,0.485321721018665,65
False,2,5,False,1.1563049094354176,169
True,2,5,False,0.9500469427137987,99
False,2,5,False,0.19995482998397396,5
False,2,1,False,0.3350940982407621,11
False,3,2,False,1.2286420947020766,42
False,1,1,False,1.1755290179727989,39
False,3,4,False,0.16754704912038104,17
False,1,2,False,1.5059099633463728,27
True,1,4,False,0.537857398897021,82
False,3,5,False,0.3143888023750774,8
True,3,3,False,0.608758504277545,130
False,1,5,False,0.9948434039683747,151
False,1,1,False,1.4651855670080784,22
False,3,1,True,1.083858927626605,27
False,1,2,False,1.8235758387025034,5
False,3,1,True,1.2715338737617494,33
True,1,4,False,0.18844481126970627,81
True,2,4,False,0.10202406230012527,111
True,3,3,True,1.059081566844639,37
True,1,3,False,0.35849906823657846,97
False,2,2,False,0.9114448216547142,31
True,3,1,False,1.9586063104171383,67
False,2,5,False,0.7087903175406087,145
True,2,1,False,0.12137200319371615,140
True,3,5,False,0.5809377471396632,169
True,1,2,True,0.6121443738007516,22
True,3,5,False,0.7942023785913258,80
True,3,5,False,1.1327911428974478,136
True,1,1,False,0.6680659212023142,182
False,1,2,False,2.2799844449229356,14
True,3,1,False,0.7915027044611942,107
False,2,5,False,1.0852950075127403,181
True,3,4,False,0.3350940982407621,81
True,2,5,False,1.0879946816428718,133
True,1,3,False,0.34748277863174526,89
True,1,2,False,1.790373065903682,154
False,2,1,True,0.5405570730271527,32
True,1,4,True,0.8826405033986346,67
True,2,5,False,0.72938681686414,70
True,2,3,False,0.9024420107869376,151
True,2,5,False,0.882422910314328,176
False,2,1,False,1.5286287379491144,138
False,3,2,False,0.8122080003268789,148
False,3,3,False,0.2826672169045594,151
False,1,2,False,1.5464167666003605,29
True,3,5,False,1.479587726136118,128
True,3,1,False,1.188603893756857,76
True,3,4,False,0.21165731498188212,13
True,2,5,False,0.39371531977245633,27
True,3,3,False,0.6701881964815242,37
True,3,1,False,0.899742336656806,96
True,3,2,False,0.5825450636094437,100
True,3,2,False,1.249924789418683,84
False,2,2,False,1.749071270714466,15
True,3,4,False,0.779114024070211,154
True,3,2,False,1.2410307750930598,106
True,3,2,False,0.9438526025183072,124
False,3,5,False,0.3233916132428539,13
True,3,2,False,1.1755290179727989,18
True,3,5,False,0.1530360934501879,139
False,3,5,False,0.34679658323867024,8
True,3,1,True,0.43570331035474735,31
True,3,2,False,0.6434960625180445,73
False,3,2,False,0.8412299116672652,107
True,1,2,False,0.7143134981570815,109
False,3,5,False,0.26477039171115974,18
True,3,3,False,0.1820580047905742,90
True,1,4,False,0.1176273756306695,79
False,3,4,False,0.35579939410644684,18
True,2,3,False,0.46472522169513364,69
False,3,1,False,0.21165731498188212,9
False,1,4,False,1.0615636478904638,169
True,3,4,False,0.23899937882438563,138
True,3,1,False,0.2233960654938414,40
True,3,2,False,1.3293601033582152,24
True,3,5,False,1.1942208351014272,112
True,3,4,False,1.100383362033855,91
True,2,4,False,0.2510031266480877,106
True,3,1,False,0.6583769149414627,104
False,3,2,False,0.3998371289398457,118
True,1,1,True,0.17644106344600424,23
False,2,1,False,1.4092640196065158,18
True,3,2,True,0.43570331035474735,36
True,1,5,False,0.5763507234139521,188
False,3,2,False,1.140998961829996,105
True,3,3,True,0.7169981364731569,24
False,3,5,False,0.13513926825678818,12
True,3,5,False,0.97975504944726,126
True,1,5,False,0.25025943604096657,51
True,3,4,False,1.1707070685634573,124
True,2,3,False,1.371239297398353,52
True,3,5,False,0.9907713390520931,124
False,3,1,False,0.44401992582944894,6
True,3,5,False,0.853509795516095,101
True,2,5,False,0.25857605151566815,16
False,3,5,False,0.48813019169095,173
False,3,5,False,0.3233916132428539,20
False,2,4,False,0.5240326386199028,119
True,1,3,False,0.1820580047905742,94
False,1,2,False,1.259504999137381,104
True,2,3,False,0.900428532049881,119
False,2,1,False,2.319913849326002,41
False,3,1,False,1.059081566844639,48
False,2,5,False,0.25576758084338314,17
False,3,3,False,0.6278927491875003,150
True,2,3,False,0.6177613151453216,177
True,3,5,False,1.0148625044409845,102
False,2,5,False,1.270738881826521,122
False,2,3,False,1.1856866265424186,50
False,3,1,True,0.6481556172718578,22
True,1,4,False,1.1769014087589489,151
False,3,3,False,1.2265198194228666,146
False,3,5,False,0.17924953411828923,16
True,2,4,False,0.20404812460025054,18
True,2,1,False,1.4912902111340263,127
True,3,5,False,0.3350940982407621,16
True,3,4,False,0.3350940982407621,66
False,2,1,True,0.9294504433902673,36
True,1,1,False,0.2592622469087431,78
True,2,2,False,0.3350940982407621,97
True,1,2,False,1.935201340421322,15
True,2,5,False,0.4771139020861168,89
False,3,2,False,1.8270705047678633,35
True,3,3,False,0.08822053172300212,92
False,2,2,False,0.6389815698204357,105
True,3,5,False,0.19995482998397396,8
True,1,2,True,0.9294504433902673,18
False,3,5,False,0.3350940982407621,9
False,2,1,False,1.2472251152885514,28
True,1,5,False,0.813644080213014,34
True,3,2,False,0.42331462996376423,108
False,3,1,True,1.4479749372077535,41
False,3,5,False,0.2764728767090679,7
False,2,2,False,1.6293467466052527,18
False,2,4,False,1.0327593296343842,152
True,2,3,False,0.08822053172300212,104
True,1,1,False,0.8633712874190851,84
True,1,4,False,0.3842338156093014,107
False,3,5,False,0.7853083642657026,159
True,2,4,False,0.35299092343416183,21
True,2,5,False,0.2764728767090679,11
True,3,4,False,0.8177161451292955,136
True,1,5,False,0.26286181241558526,57
False,3,3,False,0.6411662851411379,161
False,2,4,False,0.3233916132428539,18
True,3,4,False,0.235254751261339,139
False,3,2,False,0.5819676647585221,153
False,1,2,False,1.3768562387429228,34
True,2,1,False,2.2531936054039123,22
True,3,1,False,0.24687356651776,86
True,3,4,False,0.5853535342817286,105
False,2,5,False,0.28817536170697605,3
True,3,3,False,0.7880080383958342,144
False,2,1,False,1.0671805892350337,12
False,3,5,False,0.9472384720415137,142
True,3,3,False,0.3999096599679479,100
True,3,1,False,1.4030696794110242,143
True,2,2,False,0.5763507234139521,155
True,3,1,False,1.1701296697125358,10
True,2,3,False,0.3686305022787572,55
True,1,2,False,0.3999096599679479,79
True,1,1,True,0.49374713303552,24
False,3,1,False,1.379664709415208,33
True,3,2,False,0.7204928025385169,102
True,3,2,False,0.4413202516993173,83
True,2,5,False,1.2003063787547652,140
True,3,4,False,0.7763055533979261,160
True,2,3,False,0.3999096599679479,70
False,1,2,False,1.0879946816428718,146
True,2,5,False,0.6818906814794323,101
False,3,4,True,1.318343813753382,37
False,3,4,False,2.3406191451916865,83
True,3,4,False,0.979068854054185,93
True,3,5,False,0.9617494277117069,111
False,3,5,False,0.3143888023750774,11
False,3,1,False,0.2261682706520753,20
True,3,5,False,0.244065095845475,18
False,3,2,False,1.0651671104979772,145
False,1,5,False,0.6797684062002223,105
False,3,1,False,1.502197704196706,33
True,2,2,False,0.31168912824494577,65
True,3,5,False,1.3767474422007695,135
False,2,1,False,0.3999096599679479,6
False,3,5,False,0.21165731498188212,15
True,3,5,False,0.7529005834021097,61
True,3,4,False,1.2410307750930598,151
True,2,4,False,1.1382992876998645,144
False,3,5,False,0.25857605151566815,21
True,3,5,False,1.1294052733742412,131
True,3,4,False,0.45640860622043206,42
False,3,3,False,0.81542263326644,44
True,3,5,False,1.0589727703024856,98
False,3,3,False,0.5880532084118603,161
False,1,3,False,1.0265649894388926,192
False,3,4,False,0.73500375820871,94
False,3,1,False,0.17924953411828923,11
True,1,2,False,1.021056844636476,172
True,1,1,True,0.17644106344600424,28
True,3,5,False,0.6446609512064978,166
True,3,5,False,0.5853535342817286,139
False,2,2,False,1.1880264949059356,40
False,2,4,True,1.6244160006537578,56
False,1,4,False,0.614375445622115,105
True,1,2,False,1.2410307750930598,143
True,2,2,True,0.9294504433902673,25
False,2,1,False,1.5966125761151997,71
False,3,1,False,0.7438977725343332,48
True,2,1,True,0.5405570730271527,31
True,1,5,False,0.5065207459937842,125
True,2,5,False,0.608758504277545,145
False,3,2,False,1.6435313126489859,21
True,1,3,False,0.761794597727733,97
True,1,3,False,0.784730965414781,133
False,2,3,False,0.8355041737805419,145
True,1,2,False,1.3258654372928553,20
False,3,3,False,1.0141763090479095,179
True,1,5,False,0.5295407834223195,90
False,3,5,False,0.3026863173771692,9
False,2,5,False,0.2261682706520753,12
True,2,5,False,0.49702420601657316,116
True,3,1,False,0.9355359870436055,126
True,1,4,False,0.9266419727179823,105
True,2,2,False,0.18825234498606577,85
False,2,1,False,1.5830054089223884,26
False,2,2,False,0.412298340358931,165
True,3,5,False,0.367501879104355,8
True,1,5,False,0.9238335020456974,83
False,3,1,False,1.4624858928779467,17
False,1,2,False,1.6002160387227131,37
False,3,5,False,0.5570753135484635,71
True,1,3,False,0.4791273808231734,80
True,3,4,True,0.7169981364731569,52
False,2,2,False,1.1762152133658739,130
False,3,4,True,0.9762603833819,13
True,3,5,False,0.42744419009409196,73
True,1,5,False,0.6295725966853831,114
True,1,1,True,0.6701881964815242,16
True,3,1,False,0.37920436410226316,13
True,3,2,False,1.1031918327061399,128
False,1,1,False,1.9642232517617082,15
False,2,2,False,1.0589727703024856,133
False,2,4,False,0.7023097503333794,11
False,3,2,False,1.4173630419969105,30
False,3,3,False,0.48251325034638004,126
False,3,4,False,1.1505791715486942,63
True,3,4,False,0.8942341918543895,116
True,1,5,False,0.291670027772336,115
True,2,3,False,0.16458237767850667,126
True,2,5,False,0.08822053172300212,96
False,2,5,False,0.26477039171115974,19
True,1,3,False,0.7998193199358958,34
False,3,1,False,0.6260779306200231,143
False,3,4,False,1.1147855211618949,124
False,2,5,False,1.605506590440823,114
True,1,1,True,0.2592622469087431,20
True,1,5,False,0.06481556172718578,87
True,1,4,False,0.2233960654938414,114
True,2,3,False,0.24125662517319002,78
False,1,2,False,0.7288094180132185,9
False,3,5,False,0.7169981364731569,124
False,2,1,False,0.34748277863174526,160
True,2,4,False,0.36469340843207,120
True,3,5,False,1.0879946816428718,147
True,2,5,False,0.6646800516791076,133
False,1,2,False,1.5532973021889271,20
False,3,3,False,0.4771139020861168,178
True,3,5,False,1.150110569239926,141
True,3,5,False,1.312040677015737,126
True,1,4,False,0.5412432684202276,147
False,3,2,False,1.2169396097041685,18
True,1,5,False,0.17644106344600424,97
False,1,2,False,2.003511568213868,25
False,1,2,False,1.46788524113821,120
True,2,4,False,0.28220975330917614,15
True,3,4,False,0.25857605151566815,17
False,1,5,False,1.0589727703024856,165
True,3,5,False,0.27027853651357636,14
True,1,5,False,0.3350940982407621,78
True,3,5,False,0.23236261084756682,18
True,1,1,True,0.3060721869003758,12
False,3,4,False,1.1769014087589489,109
True,3,2,False,0.6473606253366295,84
True,3,3,False,0.26747006584129135,46
True,3,4,False,0.35299092343416183,17
True,2,5,False,1.3499566026817467,97
False,3,4,False,1.1644039318258126,117
True,2,1,False,1.020370649243401,11
True,3,5,False,0.06481556172718578,67
True,2,5,False,0.9176391618502058,102
True,2,1,False,0.6680659212023142,125
True,1,4,False,0.2160518724239526,103
True,3,5,False,0.9914575344451682,159
False,1,4,False,1.2886357070199208,186
True,3,5,False,0.2592622469087431,97
True,2,5,False,0.8941253953122361,152
True,2,1,False,0.8791458373332748,13
True,2,5,False,0.16754704912038104,21
True,1,2,False,0.27027853651357636,98
True,3,1,False,0.8439295857973969,107
True,3,1,False,1.053464625500069,74
True,2,2,False,0.06481556172718578,78
True,1,1,True,0.5185244938174862,68
False,3,3,False,0.12963112345437156,130
False,2,5,False,0.23236261084756682,7
False,2,1,True,0.8826405033986346,36
True,1,4,False,0.38201283477454817,84
False,3,1,True,0.9294504433902673,22
False,2,4,False,0.35579939410644684,11
True,3,1,False,1.0645897116470555,138
True,3,1,False,1.1534964387631326,126
False,2,2,False,0.9438526025183072,138
False,2,3,False,0.8122080003268789,165
False,3,4,False,0.21165731498188212,22
True,3,1,False,2.0359193490774605,29
False,3,5,False,0.16754704912038104,11
True,1,5,False,1.646339783321271,90
False,3,1,False,0.9726608178750578,135
False,1,1,False,1.3485842118955969,91
True,3,3,False,0.24687356651776,97
False,2,1,False,1.9883144171505993,30
False,1,3,False,1.188603893756857,167
True,3,4,False,0.7438977725343332,76
False,3,5,False,0.2261682706520753,19
False,1,1,False,1.2211204711626034,24
True,1,5,False,1.46439057507285,137
False,2,4,False,0.9942660051174531,95
True,2,2,True,0.7530093799442631,67
True,3,2,False,0.9997741499198698,152
True,3,2,False,0.535048928224736,148
True,2,1,False,1.3547785520910882,38
True,1,2,True,0.2592622469087431,17
False,2,1,False,0.3233916132428539,18
True,3,2,False,0.7674115390723029,156
True,3,2,False,0.5322404575524511,30
True,2,5,False,0.23236261084756682,21
False,3,5,False,0.3853987042977547,150
True,3,3,False,0.13513926825678818,43
True,3,1,False,1.100383362033855,108
True,3,5,False,1.4436852792071653,144
True,2,2,False,1.4583050314195118,28
True,2,5,False,0.3143888023750774,14
True,3,2,True,0.3528821268920085,57
True,3,3,False,0.8880398516588979,141
True,3,4,False,0.6846991521517174,150
True,2,3,False,0.2592622469087431,79
False,3,4,False,0.16458237767850667,117
True,2,4,False,0.8412299116672652,53
True,1,2,False,0.5295407834223195,77
True,1,4,True,0.17644106344600424,40
False,3,4,False,1.253419455484043,121
True,3,5,False,0.6880850216749239,123
False,3,1,False,0.28817536170697605,14
True,3,1,False,0.9319325244360922,85
False,1,2,False,1.443902872291472,34
False,2,1,False,1.4754068646776832,22
True,3,5,False,0.5846823747027098,123
False,1,3,False,1.6178952708318062,116
True,3,5,False,1.0024738240500013,97
True,3,1,False,1.0645897116470555,127
True,3,5,False,1.0651671104979772,91
True,1,2,False,0.6434960625180445,53
False,1,1,False,1.1673211990402508,29
False,2,2,False,2.1889554425276483,26
True,3,3,False,0.8411211151251119,150
False,2,1,False,1.9580289115662168,139
False,1,5,False,0.9381268646315838,82
False,2,5,False,0.3233916132428539,7
False,1,2,False,0.8405437162741902,10
True,1,3,False,0.08822053172300212,101
False,3,5,False,0.8384214409949802,155
True,1,1,False,1.4203891057535023,138
True,2,2,False,0.1530360934501879,98
True,2,1,False,0.7763055533979261,141
True,3,5,False,0.761794597727733,67
False,1,5,False,0.8880398516588979,123
True,3,1,False,0.9645578983839919,80
True,3,3,False,0.900428532049881,72
True,3,3,False,1.0672893857771872,117
True,3,4,False,0.3999096599679479,140
True,3,2,False,0.31168912824494577,67
True,3,2,False,0.6434960625180445,105
True,3,5,False,0.7176843318662318,113
True,2,5,False,0.3350940982407621,116
False,2,5,False,0.19995482998397396,16
False,2,1,False,0.27027853651357636,18
True,1,5,False,0.3492825613851663,62
False,3,4,False,0.21165731498188212,6
True,3,1,True,1.2355226302906432,33
True,1,2,False,0.2592622469087431,71
True,2,5,False,1.1327911428974478,189
False,2,5,False,0.244065095845475,19
False,2,3,False,0.6411662851411379,109
True,1,4,False,0.6434960625180445,114
False,1,3,False,0.5405570730271527,145
False,1,3,False,1.3354456470115534,84
False,1,2,False,2.2144826878026747,32
False,2,2,False,1.2769332220220124,30
True,1,1,False,1.22662861596502,17
True,3,3,False,0.32058314257056897,180
True,3,2,False,0.811521804933804,132
False,1,5,False,0.6411662851411379,163
True,1,4,False,0.60595003360526,66
False,1,2,False,1.5816330181362384,12
True,3,5,False,1.0465840899115024,117
False,3,4,False,0.21165731498188212,11
True,3,5,False,0.3026863173771692,11
False,2,2,False,1.7388499730448612,23
True,1,1,True,0.9762603833819,19
True,3,4,False,0.7383896277319166,116
True,3,5,False,0.3648858747157105,41
True,2,4,False,0.5439429425503592,156
True,1,2,True,0.2592622469087431,74
True,1,4,False,0.4240008253568392,184
True,3,1,False,0.34679658323867024,14
False,1,1,False,1.5023065007388596,34
False,2,5,False,0.3254201277939667,150
False,2,3,False,1.798689681378384,101
True,2,2,False,0.31807593472407786,129
True,3,2,True,1.2355226302906432,60
True,1,1,True,0.5405570730271527,27
True,3,3,True,0.7530093799442631,65
False,3,4,False,0.17924953411828923,23
False,3,5,False,0.17924953411828923,21
False,3,5,False,0.3999096599679479,83
True,1,3,False,0.3648858747157105,168
False,1,4,False,1.3016654753618107,34
True,1,2,False,0.353027188948213,125
False,2,4,False,0.25576758084338314,13
True,2,4,False,0.2826672169045594,77
True,1,5,False,0.8149076744570105,109
True,1,1,True,0.12963112345437156,38
False,2,5,False,0.690893492347209,114
True,2,4,False,0.42744419009409196,77
True,2,4,False,0.37650468997213155,74
True,3,4,False,0.33367924805462207,50
True,1,4,True,0.43570331035474735,13
True,1,5,False,0.8673345557932132,113
False,2,3,False,0.9652440937770668,119
False,3,2,False,0.7115987882128937,75
True,2,1,False,1.599529843329638,78
True,1,1,False,2.0497441093545787,30
True,2,1,True,0.6701881964815242,25
False,2,5,False,0.35299092343416183,17
True,3,1,False,0.21165731498188212,16
True,1,1,False,0.9121310170477892,96
False,3,3,False,0.41769768861919426,85
False,2,2,False,1.0349904014557476,20
False,2,1,False,1.2176258050972435,44
False,3,1,False,1.5532973021889271,19
True,1,2,False,0.4178064851613476,139
True,3,5,False,0.8412299116672652,134
False,2,1,False,1.185795423084572,112
False,1,2,False,1.46226829979364,82
False,3,5,False,0.48625787790942665,39
True,2,5,False,0.5474376086157191,115
True,1,5,False,0.6328496696664363,163
True,2,3,False,0.08822053172300212,108
True,2,5,False,0.8176073485871421,156
True,1,1,True,0.5405570730271527,24
False,3,5,False,1.6347460948655161,172
True,2,5,False,0.6735740660047308,69
True,1,1,False,0.565334433809119,68
True,3,1,False,1.9711037873502748,20
False,1,1,False,1.4182668304742923,11
True,1,5,False,1.0906943557730036,103
True,2,1,False,0.5221240593243284,119
False,3,3,False,1.1121946435739165,134
True,1,2,True,0.9294504433902673,15
True,2,4,False,0.49091743266323995,111
True,1,4,False,0.06481556172718578,99
True,3,1,False,0.3492825613851663,138
True,3,2,True,0.9294504433902673,45
True,1,2,False,1.5714117204666336,22
False,1,5,False,1.790590658987989,131
True,1,5,False,1.2410307750930598,94
True,1,4,False,1.2148173344249584,147
True,1,4,True,0.8466292599275285,26
True,2,5,False,0.6322722708155147,187
False,1,2,False,0.5171521030313363,124
True,3,5,False,0.9142532923269993,71
True,1,1,False,1.488699333546048,34
True,2,1,False,0.43570331035474735,16
True,1,4,False,0.9149394877200742,94
True,2,5,False,1.3086548074925304,88
False,3,4,False,0.16754704912038104,23
True,1,2,True,0.6701881964815242,69
True,3,2,False,0.1820580047905742,109
True,2,1,True,0.6233782564898915,19
False,1,3,False,1.3617678842218082,115
False,3,2,False,0.5171521030313363,146
False,3,4,False,0.22335979997979027,4
False,3,1,True,1.2715338737617494,57
False,3,4,False,0.37920436410226316,8
False,2,5,False,1.5236979919976192,118
False,2,5,False,0.8322271007994887,136
False,2,1,True,1.2602999910726094,34
True,3,3,True,0.5653344338091189,44
False,2,1,False,1.540222426404869,119
True,2,2,False,0.08822053172300212,89
True,1,4,False,0.12137200319371615,138
True,2,3,False,1.0886808770359466,169
False,3,3,False,1.2734385559566526,143
True,1,3,True,0.48251325034638004,62
False,3,3,False,1.4353686637324636,104
True,2,1,False,0.35579939410644684,19
False,3,5,False,0.26477039171115974,15
True,2,5,False,0.5942475486073518,154
True,2,4,False,0.7377034323388416,173
True,2,5,False,0.85844054146759,147
True,2,1,False,0.6293550036010763,125
False,2,5,False,0.8646348816630816,120
False,2,5,False,0.2427440063874323,90
True,3,5,False,0.8383126444528268,109
True,2,5,False,0.4502142660249405,137
True,3,5,False,0.9031282061800125,111
True,1,2,False,1.1113996516386881,136
True,1,1,False,0.5570753135484635,91
True,2,1,True,0.7998193199358958,29
True,3,5,False,1.3265516326859303,129
True,3,3,False,0.35849906823657846,72
True,3,2,False,0.4646164251529803,88
True,1,1,False,0.5690790613721656,78
False,1,2,False,0.8963564671335995,33
True,2,5,False,1.0741699213657536,146
True,3,5,False,0.4826583124025845,115
False,3,1,True,0.38889337036311467,39
False,1,1,False,1.621030131130551,18
True,2,5,False,1.9559066362870066,25
False,3,4,False,0.35579939410644684,21
False,3,5,False,0.29098383237926106,12
False,1,1,False,2.2406961284707765,12
False,3,4,False,1.572630207268462,112
False,2,1,False,1.2079367988363918,21
True,1,4,True,0.7998193199358958,29
False,1,2,False,1.3382541176838385,15
True,1,5,False,0.0,90
True,1,3,False,0.84371199271309,78
False,1,3,False,1.1934258431661986,151
True,1,1,False,0.25857605151566815,147
False,1,2,False,1.4166768466038357,29
True,3,3,False,0.805904863589234,135
False,3,2,False,0.9699572466442551,141
False,2,2,False,1.3912583978709627,170
True,3,5,False,2.1875830517414987,130
True,1,5,False,0.6501690960089145,168
True,2,2,False,0.4261231006360492,142
False,1,2,False,1.5651085837289886,37
True,3,5,False,1.22662861596502,130
True,1,5,False,1.312040677015737,93
True,3,4,False,0.3088806575726608,21
False,2,1,False,0.244065095845475,17
False,3,1,True,1.1887126902990104,38
True,1,3,False,1.0237565187666076,55
False,3,2,False,1.7506612545849227,19
True,2,1,False,1.334650655076325,114
False,3,5,False,0.6970878325427006,145
True,2,5,False,1.2086229942294668,96
True,1,1,False,0.488816387084025,109
True,1,4,False,0.6528687701390461,105
True,3,3,False,1.1996201833616904,122
False,3,4,False,0.19995482998397396,15
False,3,2,False,0.5419294638133025,99
True,2,5,False,0.8445069846483184,104
True,3,4,False,0.19995482998397396,18
False,2,1,False,1.0936116229874417,37
False,3,4,False,0.26477039171115974,13
True,1,1,True,0.2592622469087431,46
False,3,5,False,0.21165731498188212,15
False,1,2,False,1.6326238195863059,30
False,3,3,False,1.5823192135293134,111
True,1,1,False,0.0,86
True,3,3,False,0.7590949235976013,42
False,2,5,False,1.0155486998340595,164
True,3,4,True,0.38889337036311467,14
True,2,5,False,1.1762152133658739,135
True,1,4,False,0.1820580047905742,82
True,2,5,False,0.770688612053356,116
True,2,4,False,0.2784651257461295,50
True,2,1,False,0.9941572085752997,131
False,2,4,False,1.6083150611131078,81
True,2,5,False,1.2355226302906432,84
False,3,5,False,0.25576758084338314,11
True,2,2,False,0.1820580047905742,117
True,3,5,False,0.6411662851411379,175
False,2,4,False,0.3999096599679479,12
True,3,4,False,1.0321819307834628,105
True,3,1,True,0.8466292599275285,69
True,1,2,False,0.1530360934501879,101
False,1,4,False,0.8383126444528268,121
True,3,3,False,0.42331462996376423,106
False,3,5,False,0.19995482998397396,16
True,1,1,False,1.1990427845107687,23
False,2,1,False,1.252047064697893,23
True,2,2,False,2.2151688831957497,21
True,3,4,False,0.04411026586150106,62
False,1,3,False,1.0465840899115024,177
True,2,5,False,1.8028705428368186,97
True,3,5,False,1.164512728367966,88
False,1,2,False,1.3464619366163868,14
True,2,3,True,0.12963112345437156,77
True,2,5,False,0.8005055153289707,86
True,2,5,False,0.4619167510228487,97
True,3,2,False,0.7908165090681192,97
True,1,3,False,0.3350940982407621,105
False,2,1,False,0.9349585881926841,23
True,3,3,False,0.4116121449658561,93
True,2,3,False,0.17644106344600424,93
True,3,1,False,0.8969338659845211,109
True,3,1,False,0.38063425010245927,122
True,1,2,True,0.17644106344600424,19
True,3,1,False,1.1382992876998645,117
False,2,5,False,0.32058314257056897,13
False,3,4,False,0.16754704912038104,8
True,1,3,True,0.7169981364731569,56
False,3,5,False,0.17924953411828923,12
True,3,4,False,0.2942135011328782,148
True,1,4,False,0.5295407834223195,78
False,2,1,False,0.2261682706520753,15
True,3,4,False,0.9114448216547142,105
False,2,2,False,0.3879784431723481,72
False,2,5,False,0.22335979997979027,10
True,3,4,False,0.6590993758485887,105
True,3,4,False,1.1231021366365963,122
True,2,3,False,0.8673345557932132,101
True,3,3,False,0.1820580047905742,94
True,1,1,False,0.36128630920886834,103
True,3,4,False,0.35299092343416183,23
True,1,5,False,0.0,102
False,3,2,False,0.8328044996504103,163
False,1,2,False,1.7037425180511367,36
True,1,2,False,1.9165095232926936,50
True,1,1,False,1.0677579880859553,108
True,3,5,False,0.21785165517737368,99
False,3,1,False,2.1297568221450325,29
False,3,1,False,0.0,125
True,3,2,False,1.1113996516386881,123
True,3,3,False,0.6618715810068226,125
True,3,1,False,0.32058314257056897,13
True,3,5,False,0.3143888023750774,6
True,1,5,False,1.520420919016566,90
True,2,5,False,0.23236261084756682,17
True,1,4,False,1.7145412145716632,166
True,2,1,False,1.509187036327426,32
True,2,2,False,0.8825317068564813,127
False,1,2,False,1.46788524113821,13
True,1,2,False,0.4633103715089937,82
True,3,1,False,0.5115351616867663,83
True,1,1,False,1.614618197850753,9
True,2,1,False,0.5709513751536889,161
True,2,1,False,1.656246382666429,13
True,3,1,False,0.6411662851411379,109
True,2,3,False,0.9948434039683747,124
False,2,4,False,0.244065095845475,18
True,3,5,False,0.34679658323867024,12
True,2,5,False,0.8645260851209282,88
False,3,4,False,0.7233012732108018,194
True,3,5,False,0.32058314257056897,14
False,3,1,False,0.3350940982407621,14
False,3,3,False,0.7648680657117607,64
True,2,5,False,0.1530360934501879,83
True,3,4,False,0.6762737401348624,127
True,3,3,False,0.4413202516993173,135
False,3,2,False,1.9470126219613835,6
False,3,1,False,0.31168912824494577,156
True,3,5,False,0.3350940982407621,19
False,1,1,False,1.3174400252760003,30
False,3,2,False,1.378978514022133,14
False,1,1,False,1.2382223044207747,42
True,3,1,False,0.8707204253164198,69
True,2,5,False,1.3355544435537068,130
True,3,2,False,0.9969656792475847,122
False,3,3,False,0.4289315713083342,100
False,2,5,False,0.35579939410644684,15
True,2,4,False,0.9493607473207237,147
True,3,5,False,0.23165518575449684,92
True,1,3,True,0.5653344338091189,62
True,3,5,False,0.6969790360005471,133
False,2,1,False,1.737368785716558,14
True,2,4,False,0.7880080383958342,77
True,3,1,False,0.7260009473409335,183
True,2,2,False,1.0644809151049022,26
True,3,1,True,0.5653344338091189,28
False,2,3,False,0.8874624528079763,169
False,2,1,False,0.9465522766484388,106
False,1,3,False,0.852137404729945,100
True,2,5,False,1.0914893477082317,128
False,2,5,False,1.2589276002864596,102
True,3,2,True,0.5405570730271527,32
False,2,5,False,1.4912902111340263,108
False,1,1,False,1.8236846352446567,25
True,2,4,False,0.8555232742531517,138
True,1,1,True,0.0,13
False,3,3,False,1.1465071066324126,115
True,1,5,False,0.7915027044611942,79
False,2,4,False,0.3233916132428539,18
True,3,1,False,0.9466610731905922,13
True,2,5,False,1.2913353811500523,130
True,3,4,False,1.1113996516386881,75
True,1,2,False,1.3648273641185547,188
True,1,2,False,1.2238201452927349,72
True,2,1,False,0.1530360934501879,85
False,3,5,False,0.7530093799442631,110
True,2,5,False,0.7087903175406087,167
True,2,4,False,0.899742336656806,139
True,2,4,False,1.4030696794110242,123
True,2,1,False,1.3375679222907635,96
False,2,3,False,0.8646348816630816,141
True,3,5,False,0.5150298277521264,40
False,2,1,False,1.880183581497141,35
False,3,5,False,0.3143888023750774,11
True,2,5,False,0.7328814829295,52
True,3,3,False,0.3350940982407621,96
False,2,1,False,0.6846991521517174,160
False,3,5,False,0.8646348816630816,134
False,3,5,False,0.37920436410226316,12
True,3,1,False,0.6294638001432298,151
False,3,4,False,1.5844414888085234,114
False,1,1,False,1.3870775364125278,104
False,3,5,False,0.8473154553206035,152
False,3,1,False,2.1152458664748393,20
False,2,1,False,0.7585175247466798,156
True,1,3,True,0.3060721869003758,11
True,3,4,False,0.26286181241558526,89
True,2,2,False,1.2500335859608362,80
True,3,4,False,1.09757489136157,177
False,2,5,False,1.5434994993859221,39
False,2,1,True,0.3528821268920085,27
False,1,3,False,0.7880080383958342,174
True,2,1,False,2.099939918869418,120
False,2,1,False,2.162055806466472,31
True,2,1,False,0.49983267668885817,70
False,2,5,False,0.13513926825678818,20
True,3,5,False,0.7529005834021097,107
True,1,3,False,0.24687356651776,81
False,2,5,False,0.5846823747027098,143
True,3,4,False,0.1530360934501879,76
True,3,4,False,0.5322404575524511,163
False,3,3,False,0.2510031266480877,84
False,3,4,False,0.44401992582944894,16
False,3,5,False,1.2093091896225419,98
False,3,4,False,0.8088221308036724,15
True,1,2,False,0.7940935820491725,97
True,1,5,False,1.188603893756857,106
True,2,1,False,2.1766755586788187,21
False,3,1,False,1.2816463748892009,20
False,2,5,False,0.2764728767090679,14
True,3,1,True,0.8714066207094947,46
True,3,4,False,0.25857605151566815,8
True,2,1,False,0.9624356231047818,150
True,3,4,False,0.18844481126970627,43
True,2,5,False,1.156087316351111,115
True,3,5,False,0.8680207511862881,182
False,2,2,False,1.5852364807437518,18
False,3,2,False,0.506135813426503,139
True,1,2,False,1.7876733917735506,16
True,3,4,False,1.100383362033855,103
False,1,2,False,1.530001128735264,31
True,1,5,False,0.3882071749700397,21
False,3,5,False,0.23236261084756682,19
True,1,2,False,1.8201899691792969,29
True,2,4,False,2.1379646410775806,115
False,2,1,False,1.502197704196706,33
True,1,4,False,0.5149210312099729,142
False,1,2,False,1.6272244713260429,31
False,2,1,False,1.5670132659238918,30
True,1,4,False,0.29781306663972035,50
True,3,2,False,0.926533176175829,169
True,1,5,False,1.2731121663301925,87
True,1,2,False,0.6701881964815242,131
True,3,5,False,1.055586900779279,135
False,1,2,False,1.9326104628333436,27
True,3,2,False,1.1969205092315587,144
False,3,5,False,0.2764728767090679,18
True,3,2,True,0.6121443738007516,49
True,1,2,False,1.0230703233735325,70
True,1,4,True,0.3528821268920085,48
True,3,5,False,0.4854305175608184,162
False,3,5,False,0.5585626947627058,118
False,1,2,False,1.4320915907514105,22
False,2,2,False,0.8418073105181868,144
False,3,1,False,0.3026863173771692,8
False,2,4,False,0.8583317449254366,110
False,2,4,False,0.612289435856956,74
False,3,2,False,1.4002612087387392,25
True,2,2,False,1.864986430433873,22
True,3,4,False,0.5591400936136274,181
True,1,1,True,0.17644106344600424,23
True,1,2,False,0.8818455114634063,18
False,2,1,False,0.9411529283881755,14
True,1,2,True,0.49374713303552,22
True,3,2,False,0.08822053172300212,80
True,1,5,False,0.1530360934501879,99
True,1,1,False,0.10202406230012527,61
True,2,2,False,0.2385569510430584,121
False,3,5,False,0.7336614390506723,129
True,2,2,False,2.117945540604971,20
False,3,1,False,1.0229615268313794,81
False,2,5,False,0.4116121449658561,15
True,2,3,False,0.4670549990720403,191
False,3,5,False,0.7640256695490963,102
True,3,4,False,0.1530360934501879,159
True,1,2,False,0.1530360934501879,74
True,1,4,False,1.5344966885181457,110
False,3,1,False,0.34679658323867024,7
False,2,1,False,1.5023065007388596,40
True,3,5,False,0.27027853651357636,9
False,2,5,False,0.8701430264654981,110
False,3,4,False,0.35579939410644684,25
True,3,5,False,0.5690790613721656,53
False,1,1,False,0.8405437162741902,139
True,1,5,False,1.6353234937164376,115
False,2,2,False,0.4826583124025845,107
True,3,4,False,0.8411211151251119,148
True,2,5,False,0.39249293586995676,51
True,2,2,False,0.44671959995958055,117
False,2,1,False,0.9549776886652936,22
True,3,2,False,1.9560154328291601,41
True,2,4,False,0.16754704912038104,141
False,3,1,False,1.2906491857569775,17
True,3,1,False,0.12963112345437156,80
True,1,2,True,0.12963112345437156,59
False,2,5,False,0.32058314257056897,21
True,2,2,False,0.72938681686414,71
False,2,5,False,0.2764728767090679,16
True,3,5,False,0.6150616410151899,126
False,2,5,False,2.049635312812425,169
False,3,5,False,0.2764728767090679,11
False,3,4,False,0.17924953411828923,13
True,2,5,False,0.7267959392761618,129
False,1,5,False,1.1581007950881674,38
False,2,5,False,0.3088806575726608,15
False,3,5,False,0.2764728767090679,16
True,3,4,False,0.8501239259928884,79
False,2,1,False,1.606519175460358,6
True,3,2,False,0.2904688735698316,39
True,1,1,True,0.17644106344600424,4
False,3,1,False,0.3233916132428539,5
False,3,1,False,1.656246382666429,13
True,1,3,False,1.2913353811500523,70
False,1,2,False,0.6969790360005471,99
False,2,2,False,0.7176843318662318,171
True,2,5,False,2.0579519282871273,110
True,2,5,False,0.6033591560172817,116
True,3,3,False,0.8356129703226952,91
False,3,4,False,0.19995482998397396,22
True,1,2,True,0.3641160095811484,11
True,2,2,True,0.6121443738007516,58
True,3,5,False,0.35299092343416183,184
True,2,2,False,0.441211455157164,117
True,1,1,False,0.49374713303552,178
True,1,1,False,0.30247262139353365,102
True,1,2,False,2.0772211442666766,32
True,2,5,False,0.3054947880494542,144
True,3,1,False,1.1237883320296713,102
True,2,5,False,0.2764728767090679,11
False,2,5,False,0.37920436410226316,12
True,1,3,True,0.12963112345437156,10
True,1,2,False,0.37650468997213155,84
True,2,2,False,0.1530360934501879,71
True,2,5,False,1.2402357831578312,41
False,3,5,False,0.28817536170697605,18
True,1,2,False,1.358273218156448,20
False,2,1,False,0.7701112132024345,119
True,2,1,False,1.0528872266491474,17
True,3,5,False,0.44401992582944894,13
True,3,2,False,0.7121761870638152,116
True,1,5,False,0.8673345557932132,176
True,2,3,False,1.6519567246658409,126
False,3,1,False,0.25857605151566815,19
False,3,3,False,1.2445254411584197,172
True,3,1,False,0.2904688735698316,114
True,1,3,False,1.5705079319892519,28
True,3,4,False,0.1820580047905742,88
False,3,2,False,0.8174985520449887,89
True,3,4,False,0.5240326386199028,44
True,1,1,False,0.9094313429176575,124
True,1,3,False,0.31788346844043736,84
True,3,1,False,0.8851225844444596,79
False,2,2,False,0.36469340843207,127
False,1,1,False,0.7199154036875952,97
False,3,2,False,0.34748277863174526,127
True,3,5,False,0.244065095845475,12
True,2,5,False,1.0761834001028103,172
True,2,4,False,0.5474376086157191,188
True,3,4,False,1.2941438518223374,91
False,1,2,False,1.6077376622621864,27
False,2,1,True,1.318343813753382,6
True,3,2,True,0.6701881964815242,26
False,1,5,False,0.6177613151453216,124
False,1,1,False,1.2995432000826006,36
False,1,1,False,1.7469489954352562,19
True,2,5,False,1.250610984811758,142
False,3,5,False,0.26477039171115974,14
False,1,1,False,1.6500520424709375,21
False,2,5,False,0.8211020146525021,122
True,3,5,False,0.7853083642657026,92
True,2,5,False,0.7211789979315918,131
True,2,3,False,0.5826538601515971,106
True,3,3,True,0.6121443738007516,51
False,2,1,False,0.9940484120331463,113
True,1,1,False,0.10892582758868684,135
False,2,2,False,1.8002796652488404,15
True,3,5,False,0.7410893018620481,123
True,2,2,False,0.7294956134062933,81
True,3,2,True,0.8826405033986346,28
True,3,2,False,1.1355996135697328,110
True,1,1,True,0.12963112345437156,17
True,2,3,False,0.03240778086359289,82
True,1,5,False,0.45505125124833823,123
False,2,4,False,0.8707204253164198,145
True,3,1,False,1.358959413549523,110
True,3,3,False,1.6698535498592406,96
True,1,1,False,0.5440517390925126,39
True,1,5,False,0.9328363129134739,74
False,2,4,False,1.7999532756223804,60
True,2,5,False,0.35299092343416183,106
True,3,4,False,0.8797232361841962,94
True,1,4,False,0.6278927491875003,95
False,2,1,False,1.7450443132403528,21
False,1,3,False,0.9562412829092903,108
False,3,3,False,0.9059366768522976,153
True,2,4,False,1.0259875905879712,84
False,1,5,False,1.2290019004686916,102
True,2,5,False,0.4178064851613476,150
True,2,2,False,1.0672893857771872,115
False,3,5,False,0.37920436410226316,14
False,3,5,False,0.37920436410226316,19
True,3,5,False,0.22335979997979027,22
False,3,2,False,1.0258787940458176,98
True,3,5,False,1.147302098567641,125
True,2,4,False,0.685276551002639,51
False,2,5,False,0.26477039171115974,7
False,2,3,False,1.446711342963757,64
True,3,3,False,1.052778430106994,85
False,1,1,False,1.6884365704457152,21
False,2,2,False,1.5534060987310805,17
False,1,5,False,1.161486664611374,105
True,3,5,False,0.5653344338091189,182
False,2,1,True,0.7777867407262293,4
False,3,2,False,0.6825768768725073,100
False,1,1,False,1.6201263426531696,29
True,3,5,False,0.6735740660047308,137
True,3,1,False,1.6912450411180002,70
True,3,5,False,0.47992237275840177,91
False,3,2,False,0.5065207459937842,90
False,3,5,False,0.23236261084756682,14
True,1,5,False,0.7915027044611942,178
True,3,2,True,0.7169981364731569,71
False,3,5,False,1.276824425479859,119
True,3,2,False,0.3999096599679479,82
False,3,4,False,1.283018765675351,96
True,3,3,False,1.067975581170262,115
True,2,5,False,1.09757489136157,148
True,3,1,False,0.9535416087791586,116
False,3,1,True,0.5185244938174862,43
False,3,4,False,0.27027853651357636,5
True,3,5,False,0.44401992582944894,13
False,3,1,True,1.083858927626605,53
True,2,1,False,0.1530360934501879,76
True,3,2,False,1.6681998768887987,129
True,1,1,False,1.2148173344249584,107
True,3,2,False,1.0734837259726788,91
True,2,3,False,0.9356447835857589,128
True,3,2,True,0.8826405033986346,69
True,2,3,False,0.8412299116672652,148
False,3,3,False,0.47799875764877126,84
True,2,1,True,0.43570331035474735,63
False,1,5,False,0.7644942718578646,169
True,2,2,False,1.0991197677898583,43
False,2,5,False,1.0383762709789541,147
True,3,5,False,0.32058314257056897,12
True,3,4,False,0.612289435856956,124
False,3,1,False,0.8646348816630816,117
True,1,4,False,0.17644106344600424,97
False,3,2,False,0.44671959995958055,179
True,2,3,False,0.9231473066526223,137
False,2,5,False,0.7418842937972765,151
False,1,2,False,1.1182801872272548,144
True,2,1,False,1.388558723740831,131
True,2,3,False,1.0293734601111777,183
False,1,4,False,1.6780613687917887,75
True,3,3,False,0.7417754972551232,145
True,1,5,False,0.8349267749296203,117
True,1,2,True,0.3528821268920085,36
False,2,2,False,0.5384347977479427,131
False,2,2,False,1.6381319643887227,36
False,3,5,False,0.899742336656806,113
True,2,5,False,0.24687356651776,84
True,1,3,True,0.38889337036311467,74
True,1,4,False,1.1026144338552184,66
True,1,1,False,0.7915027044611942,115
True,3,2,False,0.6384666110110062,92
False,3,5,False,0.2261682706520753,20
True,1,5,False,0.1530360934501879,106
True,3,5,False,0.28817536170697605,11
True,3,1,False,0.3088806575726608,10
False,2,5,False,0.7260009473409335,175
False,2,3,False,0.5177295018822579,133
True,3,1,False,1.0438844157813707,132
False,3,4,False,0.2764728767090679,10
False,3,1,False,1.5473205550777422,16
True,1,1,True,0.38889337036311467,46
True,3,2,False,0.34748277863174526,64
False,2,5,False,0.44401992582944894,8
False,3,1,False,0.3350940982407621,7
True,1,1,False,1.7126365323767598,34
False,1,2,False,1.6787475641848637,22
False,3,1,True,0.6949655572634905,20
False,1,2,False,1.526506462669904,25
False,2,5,False,1.114894317704048,127
False,1,1,False,1.6113411248696998,122
True,3,4,False,0.5497311204785746,62
True,1,4,False,1.0226017210647644,100
True,3,1,False,0.8680207511862881,94
True,1,2,False,0.3619937343019384,69
False,2,1,False,1.0672893857771872,19
False,1,4,False,1.902793559557729,104
False,3,5,False,0.29098383237926106,17
True,2,2,False,0.5233464432268279,102
True,1,2,False,1.0788830742329418,54
False,1,5,False,1.8291927800470735,72
True,3,5,False,0.16754704912038104,168
False,3,3,False,0.6301499955363047,122
True,3,5,False,0.25576758084338314,16
True,3,5,False,0.21165731498188212,13
False,3,5,False,0.22335979997979027,16
True,1,4,False,0.35569059756429344,168
True,3,5,False,0.9231473066526223,149
True,3,2,True,0.7169981364731569,72
False,2,5,False,0.7239874686038767,179
False,1,1,False,1.6031333059371515,27
True,2,5,False,1.0059684901153614,100
True,3,5,False,0.5005188720819331,158
True,2,1,False,1.94161327370112,36
True,2,2,False,1.4610047055496436,20
True,3,4,False,0.8680207511862881,106
False,3,4,False,0.901843382236021,153
False,3,1,False,0.26477039171115974,19
True,3,2,False,0.8032051894591024,109
True,3,3,False,0.7585175247466798,108
True,1,5,False,0.9148306911779208,16
True,3,3,True,0.9762603833819,47
False,1,1,False,1.6829284256432988,29
True,1,1,False,2.1973808545445035,25
False,1,5,False,0.3999096599679479,142
False,2,4,True,0.49374713303552,16
True,1,1,True,0.9294504433902673,16
False,1,5,False,1.067975581170262,131
True,2,4,False,0.40449668369365893,110
False,1,4,False,0.9624356231047818,192
True,3,5,False,0.3999096599679479,12
False,3,1,False,0.3233916132428539,11
True,3,5,False,1.067975581170262,91
False,2,2,False,1.7031651192002153,34
True,3,5,False,0.12343678325888,79
False,3,5,False,0.34679658323867024,12
True,3,1,False,1.0526696335648404,81
True,3,4,False,0.7473924385996931,113
False,2,4,False,0.29098383237926106,16
False,2,3,False,1.1990427845107687,39
True,1,5,False,1.1265968027019562,79
False,1,1,False,2.04153629042203,23
True,1,1,False,0.1820580047905742,76
False,2,5,False,0.900428532049881,140
True,3,5,False,0.37920436410226316,12
True,3,5,False,0.19995482998397396,8
True,2,3,False,0.6825768768725073,158
False,3,1,False,1.0582865749094106,73
True,3,3,False,0.24125662517319002,40
True,2,1,False,0.3350940982407621,16
True,1,5,False,1.6579334717770258,103
True,1,5,False,0.8032051894591024,29
True,3,3,False,0.8439295857973969,106
False,2,5,False,1.4912902111340263,141
True,1,4,False,0.9858405931005981,158
False,2,2,False,0.27027853651357636,65
True,1,4,False,0.29781306663972035,36
False,2,2,False,1.6685262665152587,24
True,3,4,False,0.9941572085752997,64
False,3,5,False,0.28817536170697605,8
True,1,4,False,0.12137200319371615,118
True,1,1,False,1.2665580203680862,187
True,3,2,False,0.732195287536425,78
True,3,5,False,0.8418073105181868,128
False,2,3,False,0.5673479125461756,59
False,3,3,False,0.9500469427137987,55
True,3,2,True,0.49374713303552,67
True,3,5,False,0.7025959773451171,115
True,1,1,False,1.0874172827919502,58
True,2,1,False,0.27027853651357636,63
False,2,1,False,2.040741298486802,34
True,3,4,False,1.100383362033855,130
True,3,4,False,0.899742336656806,84
True,3,5,False,0.6204609892754531,95
True,3,5,False,0.979068854054185,79
True,3,4,False,0.4238446245872498,69
False,3,5,False,0.19995482998397396,19
False,1,5,False,0.6770687320700908,189
False,2,4,False,0.17644106344600421,95
True,1,2,True,0.3641160095811484,49
False,2,5,False,0.8590179403185116,133
True,1,1,True,0.6701881964815242,17
True,3,3,True,0.12963112345437156,58
True,1,3,False,0.06481556172718578,99
True,2,3,False,0.27027853651357636,87
True,3,2,False,1.218203203948165,76
True,3,4,False,0.9528554133860836,96
False,3,1,False,0.32058314257056897,14
False,1,5,False,0.5791591940862371,134
False,2,2,False,1.6526429200589157,13
False,3,4,False,0.7590949235976013,121
True,3,4,False,1.8199723760949902,71
False,2,1,False,0.28817536170697605,9
False,3,2,False,0.3098168144634224,90
True,3,2,False,1.0238653153087611,129
True,1,3,True,0.7530093799442631,52
False,1,3,False,0.6467832264857079,105
True,1,4,False,0.27027853651357636,97
True,3,4,False,0.36128630920886834,47
False,3,1,False,0.7204928025385169,120
True,3,2,False,0.3971011892956629,107
True,1,1,False,0.9907713390520931,109
True,2,1,False,0.1452344367849158,87
True,3,2,False,0.8646348816630816,139
True,1,5,False,1.0031600194430763,129
True,1,1,True,0.7998193199358958,18
True,3,3,True,0.5653344338091189,53
True,1,2,False,0.08822053172300212,71
True,3,5,False,0.8880398516588979,130
True,3,5,False,0.4289315713083342,140
True,1,5,False,0.43851178102703237,44
False,2,2,False,1.3968753392155326,15
False,3,4,False,0.37920436410226316,16
False,3,3,False,1.3755926444989264,81
False,1,1,False,1.4472887418146785,19
True,1,4,False,0.2904688735698316,38
True,1,4,False,0.7646030684000179,131
False,3,3,False,0.5115351616867663,110
True,3,5,False,0.6204609892754531,85
False,3,3,False,1.7939765285111957,126
True,3,1,False,1.0176709751132695,136
True,3,2,False,0.4321037448479052,60
True,2,3,False,0.3254201277939667,18
True,3,5,False,0.5138649390636729,157
True,1,5,False,0.24687356651776,111
True,1,3,False,0.40880367429357106,114
False,2,4,False,0.8087133342615189,154
False,2,1,False,1.3844866588245495,23
True,2,5,False,0.19995482998397396,25
True,2,5,False,0.4149980144890626,78
False,2,4,False,1.899516486576676,137
False,3,5,False,0.897620061377596,128
False,1,2,False,1.6697447533170873,34
False,2,4,False,0.8232242899317121,92
False,3,5,False,0.28817536170697605,11
True,1,3,False,0.17644106344600424,77
True,2,1,False,0.5221240593243284,77
True,2,1,False,0.3962375634330035,108
True,3,1,False,0.24725849908504105,117
False,3,5,False,1.1740929380866638,137
True,2,5,False,0.5557542240904207,109
True,1,5,False,0.38063425010245927,127
True,3,5,False,0.7763055533979261,91
False,1,5,False,0.9417303272390971,166
False,3,5,False,0.741005632120561,161
True,2,5,False,1.3883411306565243,90
True,2,4,False,1.3353368504694,66
True,3,3,False,0.3686305022787572,32
False,1,1,False,1.4593510325792016,141
False,2,3,False,1.0969974925106485,183
False,3,2,False,1.4821786037240963,36
False,3,3,False,0.7133985709663148,101
False,3,5,False,0.35579939410644684,17
True,3,4,False,1.09969716664078,91
True,2,5,False,0.5970560192796368,71
True,3,2,False,1.893213349839031,138
True,2,3,False,0.35849906823657846,111
True,3,2,False,0.9025508073290911,8
False,3,4,False,0.44401992582944894,14
False,3,5,False,0.7169981364731569,167
True,2,5,False,0.9887578603150365,136
True,2,3,False,0.8177161451292955,126
True,1,2,False,1.1154717165549697,95
True,3,5,False,0.19995482998397396,15
True,2,1,False,1.6738168182333688,109
False,3,1,True,0.9294504433902673,27
False,2,1,False,0.26477039171115974,3
True,1,1,True,0.49374713303552,35
True,3,1,True,0.0,6
True,2,1,False,0.9673663690562768,128
False,3,1,False,0.5239238420777494,158
True,2,3,False,0.5846823747027098,87
False,2,5,False,0.3143888023750774,9
False,1,2,False,1.3403763929630483,37
True,3,5,False,0.17924953411828923,7
True,3,2,False,1.1914123644291421,24
False,1,2,False,1.1762152133658739,119
True,1,4,False,0.3060721869003758,89
True,2,5,False,0.6680659212023142,172
True,3,5,False,0.2261682706520753,18
True,3,2,False,1.1112908550965348,40
True,1,4,False,1.3265516326859303,121
True,3,1,False,0.4633103715089937,133
True,2,2,False,1.581524221594085,16
True,3,2,False,0.27027853651357636,100
False,2,2,False,0.8908483223311829,18
True,3,5,False,0.7707974085955094,111
False,2,5,False,1.0087769607876462,174
True,3,1,False,1.3706618985474313,99
False,2,2,False,1.1086999775085566,26
True,3,3,False,0.24125662517319002,76
True,2,2,False,0.6680659212023142,41
False,2,5,False,0.5837674475119431,113
True,3,4,True,0.5653344338091189,68
True,3,5,False,0.8149076744570105,96
False,3,2,False,1.871071974087211,40
True,3,4,False,0.244065095845475,13
True,2,3,False,0.26286181241558526,153
False,2,5,False,0.45879587881138484,54
False,3,4,False,1.4877955450686664,89
False,3,2,False,0.2592622469087431,157
False,3,3,False,0.23165518575449684,145
True,3,5,False,0.367501879104355,17
True,3,1,True,0.0,27
True,2,5,False,0.535048928224736,149
True,1,2,False,1.1265968027019562,43
True,3,1,False,0.27027853651357636,79
False,2,2,False,1.7409722483240713,6
True,2,5,False,0.3026863173771692,19
True,3,4,False,0.7824998935934177,97
False,3,3,False,0.8118230677595979,119
True,1,4,False,0.35299092343416183,170
False,3,5,False,0.9879628683798082,141
True,2,2,False,0.3915930444932463,71
False,3,4,False,0.7731271859724161,176
False,1,5,False,0.4771139020861168,142
False,1,5,False,2.0469356386822937,110
True,1,1,True,0.49374713303552,11
True,3,2,True,0.8714066207094947,41
False,1,1,False,1.6078464588043397,49
False,3,4,False,0.29098383237926106,11
False,2,2,False,1.4299693154722006,29
False,2,4,False,0.17924953411828923,12
False,2,4,False,0.831940873787751,37
False,3,5,False,0.2261682706520753,7
False,2,2,False,1.0964200936597268,71
True,3,5,False,0.44470612122252395,159
True,3,5,False,0.08822053172300212,123
False,2,4,False,0.16754704912038104,11
True,1,3,False,0.42331462996376423,130
True,3,5,False,0.6590631103345377,120
True,1,1,False,0.6517551827786999,113
True,1,1,False,0.31168912824494577,89
True,3,4,False,0.6053726347543384,115
False,3,1,True,0.6121443738007516,29
True,2,2,True,0.5653344338091189,27
False,1,2,False,1.0610950455816957,11
False,3,4,False,0.13513926825678818,17
True,1,1,False,0.28536689103469104,102
False,3,4,False,0.25576758084338314,6
True,1,1,True,0.7998193199358958,17
True,1,2,False,0.7299168114876254,86
True,1,1,True,0.9294504433902673,72
False,2,3,False,0.6527599735968926,78
True,1,1,True,0.7530093799442631,26
True,2,5,False,1.3380365245995316,93
False,3,2,False,0.30155769420276707,94
False,1,1,False,1.58570508305252,25
False,2,4,False,1.3594280158582912,124
True,1,2,False,2.0758487534805266,62
False,2,3,False,0.6053726347543384,119
True,2,3,False,0.9700660431864085,148
False,3,5,False,0.27027853651357636,119
True,3,4,False,0.8122080003268789,127
True,3,5,False,0.9941572085752997,116
True,2,3,False,0.17644106344600424,82
True,2,3,False,0.5440517390925126,127
True,3,2,True,0.7530093799442631,12
True,1,1,False,1.1327911428974478,88
True,3,4,False,0.38259023362546973,131
True,2,3,True,0.6701881964815242,15
True,3,2,False,0.6969790360005471,96
False,3,1,False,0.29098383237926106,14
True,2,3,False,1.1680073944333258,161
False,3,2,False,1.0673981823193404,32
True,3,4,False,0.12343678325888,136
True,3,5,False,1.0562730961723539,105
True,3,2,False,1.0293734601111777,130
True,1,5,False,0.4670549990720403,148
True,2,3,False,0.27027853651357636,83
True,2,1,False,0.9645578983839919,30
False,2,2,False,1.6401454431257791,12
True,3,2,False,0.8149076744570105,77
True,3,5,False,1.2734385559566526,131
True,1,1,False,0.353027188948213,154
False,3,2,False,0.2592622469087431,147
True,1,1,False,1.09969716664078,104
True,1,1,False,0.353027188948213,119
False,2,1,False,1.411168701801419,37
False,3,4,False,0.26477039171115974,10
True,1,1,True,0.9294504433902673,12
True,3,5,False,0.4116121449658561,11
False,3,5,False,0.561839767743759,140
True,1,1,False,1.0500787559768623,79
True,1,4,False,0.42744419009409196,101
True,1,4,False,1.0086681642454929,129
False,2,2,False,2.129539229060726,181
False,3,2,False,1.261158672107823,44
True,2,2,False,0.34748277863174526,144
False,2,2,False,1.3615502911375015,22
True,3,3,True,0.8466292599275285,32
False,2,5,False,0.5709513751536889,106
True,3,2,False,1.0651671104979772,157
True,3,5,False,0.1530360934501879,58
False,2,2,False,0.4080962492005011,89
False,3,5,False,0.3233916132428539,19
False,3,5,False,0.26477039171115974,13
False,3,2,False,1.7031651192002153,31
False,3,1,True,0.5653344338091189,45
True,2,5,False,0.37920436410226316,14
False,2,4,False,1.2824413668244292,150
True,1,5,False,0.9617494277117069,144
False,3,2,False,1.4023834840179492,24
True,3,1,False,0.21965143793079475,20
False,3,4,False,0.22335979997979027,11
False,2,1,False,1.6829284256432988,25
False,3,1,False,0.16754704912038104,14
True,3,3,False,0.3350940982407621,85
True,2,5,False,0.35849906823657846,97
True,3,4,False,0.7763055533979261,95
False,3,5,False,0.3026863173771692,16
True,1,4,False,0.49432453188644154,99
False,3,5,False,0.3088806575726608,17
True,1,1,False,1.1376130923067895,10
True,2,2,False,0.8590179403185116,87
True,1,5,False,0.3962375634330035,149
True,2,2,False,1.0651671104979772,77
False,1,2,False,1.317657618360307,13
False,1,1,False,2.1124373958025546,10
False,3,4,False,0.22335979997979027,6
True,1,2,False,0.8371578467509837,82
True,2,5,False,0.897620061377596,168
True,3,3,False,0.1176273756306695,70
False,2,5,False,0.4116121449658561,8
False,3,1,True,0.43570331035474735,55
False,2,5,False,0.35579939410644684,7
True,3,1,False,0.5005188720819331,133
True,2,1,True,0.3641160095811484,26
True,3,4,False,0.6701881964815242,134
True,2,2,True,0.7998193199358958,34
False,3,2,False,1.058395371451564,27
True,3,3,False,0.08822053172300212,98
False,1,1,False,2.243395802600908,121
True,3,5,False,0.947347268583667,70
True,1,1,True,0.9294504433902673,19
False,2,5,False,0.28817536170697605,19
False,2,1,False,1.388558723740831,138
True,1,4,False,1.1120858470317632,68
True,3,4,False,0.8377352456019054,76
True,3,5,False,0.9707522385794833,80
True,1,2,False,0.5295407834223195,65
True,3,5,False,1.09757489136157,125
True,3,2,False,1.172720547300514,69
True,1,4,False,0.5809377471396632,162
False,1,2,False,1.0617812409747704,23
False,3,5,False,0.3143888023750774,12
True,2,5,False,0.19444668518155733,92
False,2,1,False,1.2554329342210997,21
True,1,2,False,1.214239935574037,39
False,3,5,False,0.4116121449658561,19
True,3,3,False,0.8618264109907965,103
True,2,5,False,0.5881620049540137,80
True,3,1,False,1.2410307750930598,112
True,1,1,True,0.43570331035474735,18
True,3,3,False,0.38889337036311467,147
True,3,1,False,0.6205697858176066,84
True,1,2,True,0.2592622469087431,39
False,2,2,False,1.2994344035404473,23
True,2,3,False,0.08822053172300212,55
False,2,1,False,0.5943563451495052,169
True,3,4,False,0.5501372827458508,188
False,3,5,False,0.24125662517319002,158
True,2,5,False,0.17644106344600424,67
True,3,2,True,0.49374713303552,64
True,1,1,True,0.43570331035474735,14
True,3,5,False,0.8707204253164198,82
False,3,5,False,0.5966861225264118,74
False,3,5,False,1.7352465104373478,62
True,1,5,False,1.6724444274472188,79
True,2,1,False,0.23236261084756682,3
True,3,5,False,0.7183705272593068,83
False,1,2,False,1.6595234556474823,27
False,2,3,False,0.8586330077512305,143
True,3,5,False,0.44770705817844947,88
False,3,5,False,0.13513926825678818,21
False,2,1,False,1.521107114409641,12
True,1,2,False,0.7410893018620481,147
False,3,5,False,0.9562412829092903,138
True,2,4,False,1.09969716664078,152
True,1,2,False,0.9762603833819,15
False,3,5,False,0.29098383237926106,16
False,2,1,False,0.43570331035474735,111
False,3,5,False,0.19995482998397396,11
True,2,2,False,0.2592622469087431,100
False,3,4,False,0.35579939410644684,9
False,3,5,False,0.18844481126970627,68
True,1,2,False,0.06481556172718578,107
True,2,5,False,0.6797684062002223,95
True,3,5,False,0.3171972730473624,165
True,3,4,False,0.367501879104355,131
True,2,5,False,1.0941890218383634,106
True,3,4,False,0.47023336649755026,52
False,2,5,False,0.7562864529253164,147
True,1,5,False,0.3254201277939667,116
True,2,4,False,0.20404812460025054,164
False,3,5,False,0.37920436410226316,20
True,1,4,True,0.3060721869003758,12
True,1,2,False,0.9031282061800125,76
False,3,1,False,1.1617042576956809,128
False,3,5,False,0.21165731498188212,7
False,1,1,False,1.6973305847713385,28
False,3,3,False,0.6701881964815242,151
False,3,4,False,1.0913805511660783,97
True,3,4,False,0.7500921127298248,134
False,3,2,False,1.4593510325792016,119
True,3,5,False,0.6528687701390461,111
True,2,4,True,0.7169981364731569,52
False,2,2,False,0.9735607092517684,156
True,2,2,False,1.0265649894388926,112
False,1,1,False,0.9259557773249074,30
False,1,2,False,1.4588824302704333,30
True,3,1,False,1.470476118726188,16
False,3,4,False,0.5887394038049352,99
True,2,3,False,0.08822053172300212,107
False,3,4,False,0.44401992582944894,15
False,3,1,False,0.3143888023750774,10
False,3,2,False,0.9115536181968676,27
True,2,4,False,0.7557090540743947,85
True,1,2,True,0.8714066207094947,51
False,2,5,False,0.8053274647383124,122
False,2,5,False,0.3350940982407621,21
False,1,5,False,1.308546010950377,99
True,2,3,False,0.42331462996376423,98
False,2,2,False,2.1379646410775806,27
False,3,5,False,0.3088806575726608,13
True,2,5,False,0.6278927491875003,27
False,3,1,False,0.16754704912038104,20
True,1,3,False,0.3350940982407621,26
False,1,2,False,0.9411529283881755,121
True,1,3,False,0.1820580047905742,62
True,2,2,False,0.7500921127298248,135
False,2,5,False,1.5351828839112207,71
True,3,1,False,0.16083775011546,86
True,1,5,False,0.6914708911981305,133
True,3,1,False,0.12963112345437156,62
True,3,1,False,0.3350940982407621,12
False,3,1,False,1.7372599891744047,182
True,3,5,False,0.37688962253941255,151
True,3,4,False,1.2822237737401225,139
True,1,2,False,0.3350940982407621,102
True,2,5,False,0.7226150778177269,147
True,1,3,True,1.2355226302906432,63
False,2,3,False,0.4289315713083342,150
True,2,1,False,0.8680207511862881,135
True,3,5,False,1.2238201452927349,121
False,3,5,False,0.7674115390723029,179
True,2,5,False,0.655677240811331,105
True,3,2,False,0.855632070795305,113
False,3,2,False,1.4051919546902343,37
True,1,5,False,0.4633103715089937,152
True,3,5,False,0.811521804933804,121
True,1,1,False,0.24687356651776,89
False,1,1,False,1.0411847416512392,28
False,3,3,False,0.48813019169095,132
True,2,2,False,1.052778430106994,103
False,1,5,False,2.2199908326050917,83
True,3,1,False,0.13513926825678818,11
False,1,1,False,1.2789467007590694,131
True,3,2,False,1.4947848771993861,18
True,3,5,False,0.8852313809866129,97
True,1,2,True,0.2592622469087431,19
False,2,2,False,1.4292831200791256,40
True,2,1,False,0.6742602613978057,40
True,2,3,True,0.0,20
True,2,1,False,1.8137780358994986,133
True,2,3,False,0.3233916132428539,55
False,2,4,False,0.6472406900810912,8
False,3,2,False,1.34307606709318,18
True,3,2,False,1.1529190399122111,81
False,3,1,False,0.3350940982407621,19
True,1,4,True,0.6233782564898915,20
False,3,4,False,0.367501879104355,17
False,2,5,False,1.109277376359478,149
True,2,2,False,0.6881938182170773,167
False,1,4,False,1.8385553966814647,31
True,1,5,False,1.4002612087387392,153
True,2,3,False,0.0910290023952871,118
False,2,1,False,1.2617360709587444,142
False,3,3,False,0.9996653533777163,134
True,1,2,True,0.8714066207094947,61
True,2,5,False,0.27027853651357636,96
True,2,3,False,1.7470577919774095,89
True,1,2,False,0.7695338143515129,78
True,3,1,False,1.5553107809259838,35
True,2,5,False,0.7584087282045263,165
False,2,5,False,0.3026863173771692,18
True,3,4,False,0.9941572085752997,120
True,3,4,False,0.441211455157164,168
True,3,5,False,0.9121310170477892,80
False,2,4,False,2.0469356386822937,101
True,3,1,False,0.565334433809119,55
True,1,2,False,1.2355226302906432,21
False,3,3,False,1.6869553831174118,88
True,2,3,False,0.3686305022787572,81
True,1,2,True,0.6949655572634905,76
True,1,1,False,1.728943373699703,120
False,1,5,False,0.9355359870436055,175
False,2,5,False,0.5171521030313363,146
True,3,4,False,1.3058463368202455,84
False,1,5,False,0.12963112345437156,145
True,1,2,False,0.6411662851411379,97
False,3,5,False,0.7121761870638152,119
True,1,1,False,0.8797232361841962,136
True,3,3,False,0.46472522169513364,75
True,1,1,False,0.5115351616867663,171
True,3,1,True,0.17644106344600424,48
True,2,2,False,0.9762603833819,30
True,2,3,False,1.4793701330518114,31
False,3,1,False,0.5405570730271526,46
False,1,1,False,1.6003248352648665,19
True,2,5,False,1.150110569239926,171
False,3,5,False,1.2416081739439813,101
True,2,4,False,0.6674885223513927,129
False,3,1,False,0.16754704912038104,16
True,3,1,False,0.244065095845475,5
False,1,1,False,1.784973717643419,9
True,3,3,False,0.6529775666811994,103
False,3,1,False,1.2472251152885514,32
True,3,1,False,1.0500787559768623,84
False,1,1,False,1.3787609209378262,37
True,3,5,False,0.22955414017528183,68
False,3,5,False,0.35299092343416183,10
True,2,4,False,1.100383362033855,185
True,3,1,False,0.8087133342615189,107
True,2,2,False,1.6707573383366223,15
True,3,4,False,1.267930411154236,75
False,3,5,False,0.28817536170697605,17
False,2,1,False,0.7619033942698863,165
True,1,5,False,1.0472702853045774,129
True,3,5,False,0.5115351616867663,104
True,1,5,False,0.8501239259928884,122
False,3,5,False,0.6149528444730366,156
False,3,3,False,0.4321037448479052,101
True,1,3,False,0.24125662517319002,74
True,1,2,True,1.059081566844639,46
False,3,4,False,0.3999096599679479,11
True,2,2,False,1.6966443893782635,16
True,1,4,True,0.8826405033986346,50
True,2,2,False,1.270052686433446,13
True,1,1,False,2.103543381476931,35
False,2,1,False,0.561839767743759,124
True,2,2,False,0.31168912824494577,83
False,3,1,False,0.8944991891661322,10
False,3,1,False,0.32058314257056897,18
False,2,2,False,1.2286420947020766,20
True,1,1,False,0.7707974085955094,131
False,2,4,True,0.49374713303552,16
True,3,5,False,0.2943697019024676,57
False,1,1,False,1.8676861045640045,30
True,3,2,False,2.0173363284909858,36
True,3,4,False,1.3317333878618867,25
True,3,5,False,0.2592622469087431,91
False,3,3,False,0.7239874686038767,97
True,1,2,True,0.3641160095811484,21
False,3,3,False,0.9101025024966765,69
False,1,2,False,1.4610047055496436,123
True,3,4,False,1.1411077583721494,83
True,1,2,False,0.3357802936338371,118
False,2,3,False,1.9937137654108628,70
False,2,5,False,0.3143888023750774,24
False,1,1,False,1.4030696794110242,20
True,3,4,False,0.35579939410644684,128
True,3,5,False,0.23236261084756682,22
False,3,3,False,0.8880398516588979,156
True,1,4,False,0.9438526025183072,139
True,3,1,False,0.23236261084756682,22
True,1,4,False,1.367058435939918,25
True,2,5,False,1.7587602769753174,102
False,3,5,False,0.27027853651357636,10
False,3,2,False,1.0783056753820204,84
False,2,3,False,0.12963112345437156,86
False,1,3,False,2.0200360026211177,98
True,3,5,False,0.08822053172300212,92
True,1,2,False,0.1801856910090509,68
True,2,1,False,0.2904688735698316,70
True,1,3,False,0.3060721869003758,103
False,2,5,False,0.44401992582944894,15
True,1,5,False,1.2829099691331975,72
False,3,4,False,0.44401992582944894,9
True,3,2,False,0.244065095845475,140
False,2,5,False,0.412298340358931,138
False,3,3,False,0.7023097503333794,94
True,1,2,False,0.12963112345437156,104
True,3,5,False,0.655677240811331,163
True,3,2,False,1.284923447870254,48
False,3,5,False,0.3350940982407621,19
False,2,2,False,0.7169981364731569,169
True,1,2,False,1.2324965665340513,115
False,3,4,False,0.2764728767090679,20
True,1,1,True,0.6701881964815242,14
True,2,5,False,0.9410441318460221,179
False,1,1,False,1.844498727652495,21
True,2,5,False,1.0321819307834628,110
True,2,3,False,0.367501879104355,63
True,2,4,False,0.2904688735698316,70
True,3,5,False,0.3088806575726608,19
False,1,5,False,1.391040804786656,97
True,3,4,False,0.899742336656806,133
True,3,2,False,0.5681429044814039,108
True,2,1,False,0.28547568757684444,70
True,1,5,False,0.73500375820871,105
False,3,3,False,0.0,52
True,1,5,False,0.37369621929984653,79
True,3,5,False,0.5736510492838205,143
False,3,5,False,0.1801856910090509,102
True,1,5,False,0.08822053172300212,80
True,3,4,False,0.9617494277117069,147
True,2,5,False,0.5295407834223195,66
True,3,3,False,0.5138649390636729,69
True,3,1,False,1.2355226302906432,150
True,1,2,True,0.43570331035474735,24
True,3,3,False,0.1801856910090509,124
True,2,4,False,0.35849906823657846,75
False,2,3,False,2.031738487619026,85
False,3,3,False,1.1139905292266663,92
True,3,2,False,1.7579652850400893,106
False,3,5,False,0.25857605151566815,9
False,3,1,False,0.28817536170697605,17
True,3,5,False,0.16754704912038104,20
False,3,1,False,0.7707974085955094,177
True,2,1,False,0.5791591940862371,113
True,1,5,False,1.09757489136157,90
False,3,4,False,0.4116121449658561,12
True,1,5,False,0.9700660431864085,176
True,3,3,False,0.06481556172718578,105
False,1,2,False,1.5615051211214752,37
True,2,5,False,0.12963112345437156,77
True,2,5,False,1.861491764368513,44
False,1,1,False,1.406564345476384,38
False,2,3,False,1.0969974925106485,152
False,1,1,False,1.3168626264250787,33
True,2,5,False,0.3143888023750774,23
True,3,5,False,0.8673345557932132,71
True,3,3,False,0.5846823747027098,61
True,2,1,False,1.5525023102536988,20
False,2,1,False,1.9290070002258304,21
True,1,5,False,1.702370127264987,75
False,2,4,False,0.29098383237926106,12
False,2,5,False,0.8501239259928884,120
True,1,2,True,0.0,23
True,2,2,False,0.24687356651776,85
False,3,3,False,0.8653210770561565,110
True,1,1,False,0.08822053172300212,145
False,2,1,False,1.847775800633548,33
False,3,5,False,0.16754704912038104,12
True,2,2,False,0.34748277863174526,74
True,2,2,False,0.3350940982407621,97
False,3,4,True,1.083858927626605,1
False,3,5,False,0.22335979997979027,7
False,2,3,False,1.0416533439600073,146
False,2,1,False,1.4754068646776832,41
True,3,3,False,0.5502460792880042,80
False,1,5,False,0.9085275544402758,129
False,2,4,False,0.34679658323867024,18
False,3,5,False,0.3708877486275616,100
False,2,1,False,1.2880583081689991,8
True,3,2,False,0.06481556172718578,64
False,3,5,False,0.706054377896426,21
True,2,3,False,0.35299092343416183,151
False,3,5,False,0.29098383237926106,8
True,1,1,False,0.49162485775631,88
False,1,4,False,1.8698083798432146,157
False,2,1,False,1.1465071066324126,27
True,2,1,False,0.6142666490799616,104
True,1,2,True,0.9294504433902673,17
False,2,4,False,1.1852180242336505,141
False,3,3,False,1.714072612262895,56
False,2,2,False,1.2052371247062603,20
True,2,2,False,1.7029475261159086,23
False,3,1,True,0.17644106344600424,48
True,1,4,False,1.0238653153087611,98
True,3,1,False,1.0879946816428718,100
False,2,2,False,0.7183705272593068,72
False,2,5,False,0.8120992037847254,136
True,1,1,False,0.2592622469087431,80
True,2,1,False,0.367501879104355,19
False,2,4,True,0.3641160095811484,8
True,3,4,True,0.48251325034638004,28
False,2,3,False,0.42331462996376423,111
True,3,5,False,1.2617360709587444,102
True,3,5,False,0.9176391618502058,108
False,2,2,False,0.8645260851209282,127
True,2,1,False,0.7942023785913258,103
False,1,1,False,1.3562597394193916,19
True,3,3,False,0.42331462996376423,79
True,2,5,False,0.5177295018822579,179
False,3,4,False,1.7213129536180765,75
True,2,4,False,1.1590045835655491,135
True,1,1,True,0.49374713303552,24
False,1,2,False,0.5033273427542181,152
False,3,1,False,0.26477039171115974,14
True,3,1,False,0.7383896277319166,137
True,1,1,False,1.3734703692197163,21
True,3,5,False,0.5095216829497097,122
False,2,4,False,0.9138471300597231,106
True,1,2,False,1.6292379500630993,31
True,2,1,False,1.3491616107465183,29
True,1,3,False,0.5033273427542181,138
True,3,1,False,0.9438526025183072,109
False,3,1,True,0.6233782564898915,15
True,3,3,False,0.9500469427137987,106
True,1,1,True,0.0,53
True,1,1,False,0.6528687701390461,114
True,1,3,False,0.24125662517319002,95
True,1,4,False,0.5295407834223195,83
True,3,3,False,0.5619485642859123,129
True,1,2,True,0.6701881964815242,48
True,1,3,False,0.7887304993029604,166
False,2,1,False,0.367501879104355,17
True,2,2,False,0.9969656792475847,19
True,3,4,False,1.3355544435537068,157
False,1,5,False,0.5115351616867663,171
False,3,5,False,0.4502142660249405,149
False,3,5,False,0.32058314257056897,14
True,2,1,False,0.16754704912038104,5
True,1,2,False,0.761794597727733,144
True,2,2,False,1.0796780661681702,91
False,2,2,False,1.8476670040913947,24
False,2,1,False,1.5064873621972943,15
True,3,4,True,0.5405570730271527,26
True,1,5,False,1.6877503750526401,38
True,3,1,False,1.220325479227375,158
False,3,2,False,0.6645712551369543,111
True,3,4,False,0.42744419009409196,81
True,1,2,False,0.1820580047905742,77
False,3,2,False,1.4326689896023321,165
True,1,5,False,1.2238201452927349,102
True,2,2,False,1.202319857491822,13
False,3,1,False,0.7023097503333794,70
False,2,2,False,1.8111871583115202,42
True,3,5,False,1.0789918707750954,144
True,1,2,False,0.7942023785913258,163
False,1,1,False,1.2472251152885514,17
False,1,2,False,2.0586381236802023,13
True,3,2,False,0.7557090540743947,107
False,3,1,True,0.17644106344600424,27
False,3,2,False,1.6940535117902853,45
True,3,3,False,1.1354908170275795,65
True,3,1,False,0.7356899536017849,124
True,1,2,False,1.173406742693589,152
True,3,3,False,0.7970108492636108,132
False,2,1,False,1.1348046216345045,160
False,3,4,False,0.5054496180334281,125
False,3,4,False,0.3088806575726608,19
False,1,2,False,1.8683722999570795,22
False,3,5,False,0.9281868491462709,100
False,2,1,False,1.199511386819537,32
True,1,3,False,0.06481556172718578,71
True,3,1,True,0.3641160095811484,15
True,1,2,False,0.24687356651776,109
True,3,4,False,1.312040677015737,89
True,2,1,False,1.0651671104979772,96
False,2,3,False,0.9058278803101443,103
True,1,4,False,0.5295407834223195,77
False,3,2,False,0.8494377305998135,192
True,1,5,False,0.7824998935934177,81
True,3,5,False,0.4350171149616724,169
True,3,1,False,1.0941890218383634,116
True,1,4,False,1.164512728367966,106
False,1,1,False,1.3852816507597778,19
False,3,5,False,0.2261682706520753,19
False,2,1,False,2.3855244029884157,42
False,2,5,False,0.3026863173771692,11
False,3,1,False,1.5947078939202965,33
False,3,1,False,0.3233916132428539,13
True,1,2,False,1.5167086598668993,20
True,3,5,False,0.8204158192594271,165
True,1,5,False,0.2826672169045594,77
False,2,5,False,0.44671959995958055,114
True,3,1,False,0.4116121449658561,25
False,3,4,False,0.44401992582944894,17
True,1,4,True,0.5185244938174862,60
True,3,5,False,1.270738881826521,87
True,3,3,False,0.42331462996376423,102
False,2,5,False,1.4175806350812175,128
False,2,2,False,1.7534697252572078,36
True,1,1,False,0.9498293496294918,103
False,1,1,False,2.2827929155952207,32
False,3,5,False,0.7566089454511052,162
True,2,2,False,0.28220975330917614,106
True,3,3,False,0.7619033942698863,147
False,2,2,False,1.1883863006725504,55
True,1,5,False,1.4346824683393886,50
True,1,1,False,0.439447937917794,147
True,3,1,False,1.4228711867993273,27
False,2,4,False,0.26477039171115974,14
True,2,2,False,1.9233900588812605,130
False,3,5,False,0.244065095845475,12
True,1,2,False,1.7682316901518624,128
False,2,4,False,0.897620061377596,148
True,1,3,True,0.3641160095811484,13
True,3,1,False,1.6768428819899603,32
False,1,2,False,1.7065509887234216,5
True,1,2,False,0.5467514132226442,165
True,1,3,False,0.10202406230012527,128
False,2,3,False,1.597407568050428,95
True,3,1,False,1.5710853308401735,43
True,1,5,False,0.3962375634330035,35
False,2,5,False,0.7086815209984553,151
False,3,1,False,0.25857605151566815,13
True,3,2,False,1.1825183501035188,146
False,3,5,False,0.3088806575726608,9
False,3,5,False,0.37920436410226316,13
False,1,4,False,1.5354004769955274,55
True,1,5,False,0.5005188720819331,80
True,3,4,False,0.23236261084756682,116
False,1,1,False,1.847775800633548,35
False,3,5,False,0.462395444318227,150
False,3,4,False,0.7411980984042016,122
True,3,2,False,2.4054347069188724,133
True,3,5,False,1.2176258050972435,113
False,3,2,False,2.117259345211896,15
False,3,5,False,1.347256928551615,118
True,3,4,False,0.0,58
True,2,4,False,0.4982616257331287,73
True,3,5,False,0.9722971150077719,86
False,2,3,False,1.8787023941688377,79
False,3,4,False,0.34679658323867024,18
True,3,2,True,0.5653344338091189,53
True,2,1,False,1.3790873105642862,9
False,3,4,False,0.26477039171115974,17
True,2,1,False,0.16754704912038104,17
True,2,4,False,1.0651671104979772,107
True,3,4,False,0.4080962492005011,67
False,2,1,False,1.5181898471952027,23
True,3,5,False,0.21965143793079475,54
False,2,5,False,0.13513926825678818,10
False,3,1,False,1.296843525952469,32
True,2,4,False,0.34568299587832413,126
True,1,1,False,0.8825317068564813,145
False,3,2,False,1.5911044313127833,14
True,1,1,True,0.0,13
True,1,5,False,0.6867064370028352,49
True,2,3,False,0.2233960654938414,24
False,2,3,False,0.8880398516588979,110
True,2,3,True,1.1058915068362716,30
True,3,2,False,0.34748277863174526,55
True,1,2,False,1.1438074325022811,129
True,3,3,False,0.08822053172300212,106
True,2,2,False,0.1820580047905742,92
True,3,1,False,0.7438977725343332,93
True,2,5,False,0.7590949235976013,129
True,2,2,False,1.9202217824423609,104
False,2,1,False,1.7883595871666256,119
True,1,1,False,1.0824865368404553,89
True,3,2,True,0.7169981364731569,72
True,2,4,False,1.4227623902571738,86
True,3,5,False,0.22335979997979027,111
True,3,4,False,0.9528554133860836,150
True,2,1,False,0.05881368781533475,73
True,1,5,False,0.7328814829295,124
True,3,3,False,0.1820580047905742,96
True,2,2,False,1.0059684901153614,130
True,1,5,False,0.32058314257056897,117
False,3,4,False,0.7584087282045263,128
False,2,5,False,1.2472251152885514,116
True,2,1,False,1.7478527839126377,43
True,3,4,False,0.9590497535815752,131
True,3,2,False,0.12963112345437156,77
True,3,5,False,1.1382992876998645,152
True,2,2,False,1.5059099633463728,45
False,3,5,False,0.7180581257201281,141
True,3,5,False,1.1678985978911722,188
True,2,4,False,0.04411026586150106,148
False,2,1,True,0.3641160095811484,49
False,2,2,False,1.0465840899115024,17
False,1,4,False,1.3856414565263926,162
True,3,5,False,1.0851862109705868,92
True,3,5,False,0.27027853651357636,12
False,1,2,False,1.4823961968084032,45
True,3,4,False,0.3999096599679479,71
False,1,1,False,1.2671354192190076,112
True,3,5,False,0.8211020146525021,130
True,3,2,False,0.8645260851209282,110
False,2,5,False,1.1617042576956809,150
True,3,4,False,0.7355811570596316,131
False,2,1,False,0.7970108492636108,121
True,2,2,False,0.9259557773249074,9
False,2,5,False,1.511995506999711,127
False,3,5,False,0.3350940982407621,21
False,2,2,False,1.9829150688903363,37
False,1,4,False,1.6517391315815342,60
False,3,2,False,1.5651085837289886,19
True,3,1,False,0.7059818468683237,133
True,2,5,False,0.6798772027423757,83
False,2,2,False,2.1001575119537246,11
False,2,2,False,0.8445069846483184,133
True,3,5,False,0.23236261084756682,24
True,2,5,False,1.1209798613573863,127
True,1,2,False,0.24687356651776,86
True,1,5,False,0.0,84
True,1,1,False,1.8877052050366143,36
True,1,2,False,1.0784144719241737,24
False,3,5,False,1.0211656411786294,178
True,1,2,False,0.3350940982407621,91
False,3,1,False,1.441780597012262,38
True,2,2,False,0.46742489582526525,138
False,2,5,False,0.6665886309746821,139
True,1,5,False,0.6708743918745992,78
True,3,5,False,0.9025508073290911,73
True,1,4,False,0.855632070795305,74
False,3,5,False,0.8586330077512305,138
False,2,1,False,0.6628440034116354,127
True,2,5,False,1.141685157223071,55
False,3,5,False,0.9294504433902673,90
True,2,4,False,0.21965143793079475,99
False,3,2,False,1.8201899691792969,21
True,3,1,False,1.1299826722251627,123
True,1,3,False,1.3547785520910882,99
True,1,4,False,0.21965143793079475,68
False,3,5,False,0.5529457534181358,136
True,3,2,False,0.6384666110110062,144
True,3,1,False,0.13513926825678818,11
True,3,4,False,0.8940165987700828,36
False,2,5,False,1.9642232517617082,52
True,2,4,False,1.3181262206690754,134
True,1,1,True,0.5653344338091189,35
True,1,5,False,0.7149846577361003,165
False,2,2,False,1.1342272227835828,31
True,1,4,True,0.6233782564898915,64
True,1,1,False,1.270738881826521,118
True,1,5,False,0.5267323127500345,137
True,3,2,False,0.7529005834021097,80
True,3,4,False,0.20404812460025054,79
False,1,1,False,1.6712259406453904,30
False,1,1,False,0.6383578144688529,75
True,3,4,False,1.0913805511660783,98
False,3,5,False,0.2261682706520753,11
True,1,2,True,0.12963112345437156,54
True,1,1,False,1.2913353811500523,19
False,3,2,False,1.7326556328493696,34
True,3,5,False,1.1175939918341797,102
True,2,1,False,0.7455201248181699,68
False,1,2,False,1.7993758767714587,6
False,2,3,False,0.9114448216547142,115
False,2,5,False,0.2764728767090679,11
False,3,2,False,1.3181262206690754,67
False,1,3,False,0.7203840059963634,55
False,1,1,False,0.85844054146759,45
True,3,1,False,1.4768880520059866,34
True,3,2,False,1.1058915068362716,90
False,3,1,False,1.3441220682528698,129
False,3,5,False,0.5088354875566348,103
True,3,5,False,0.7936249797404042,180
True,1,4,False,0.1176273756306695,56
False,3,1,False,1.3259742338350087,27
False,2,1,False,2.1441589812730726,20
True,3,1,False,1.1879176983637822,73
False,3,2,False,0.85844054146759,163
False,1,5,False,0.8143302756060891,141
True,1,4,False,0.750887104665053,130
False,2,3,False,0.8653210770561565,128
False,2,1,False,0.9645578983839919,36
False,1,2,False,1.3554647474841632,12
False,1,5,False,0.9410441318460221,148
False,2,5,False,0.23236261084756682,21
True,3,4,False,0.8150164709991639,137
True,1,1,True,0.7530093799442631,18
True,2,3,True,0.3528821268920085,69
False,1,1,False,2.04153629042203,25
True,1,1,False,1.7740662245807393,25
False,1,1,False,1.7181446771791766,39
True,2,5,False,0.9231473066526223,140
False,3,1,False,0.16754704912038104,13
False,3,1,False,0.37920436410226316,17
False,1,4,False,0.36469340843207,150
False,3,5,False,0.26477039171115974,11
True,1,2,False,0.35569059756429344,83
True,3,4,False,0.899742336656806,137
True,3,5,False,0.6914708911981305,84
True,3,5,False,0.47372803256291024,30
False,1,2,False,1.6119185237206215,13
True,1,3,False,1.023179119915686,121
False,3,5,False,0.22335979997979027,9
True,1,4,False,0.5258686868873751,54
True,2,4,False,0.9914575344451682,137
False,2,1,True,0.17644106344600424,38
True,1,5,False,0.9466610731905922,78
True,1,4,False,0.3350940982407621,93
True,3,4,True,1.1058915068362716,35
False,2,1,False,0.13513926825678818,14
False,3,2,False,0.8617176144486431,160
False,3,4,True,0.6233782564898915,31
True,1,4,False,0.08822053172300212,110
True,1,3,True,0.3528821268920085,31
True,3,4,False,0.732195287536425,105
False,2,1,True,0.9074178641806009,53
False,3,5,False,1.0906943557730036,178
True,3,5,False,1.1941120385592736,112
False,3,1,False,0.29098383237926106,13
False,1,2,False,0.6701881964815242,113
False,3,5,False,0.4116121449658561,13
False,3,1,True,1.4479749372077535,29
True,3,5,False,0.2233960654938414,79
False,2,2,False,0.4523365413041506,91
True,3,5,False,0.27027853651357636,84
True,3,3,True,0.43570331035474735,52
True,1,5,False,0.3267774827660605,125
True,3,3,False,0.24125662517319002,86
True,2,1,False,0.9176391618502058,102
False,2,5,False,0.2261682706520753,14
False,2,5,False,1.500761624310571,115
True,3,2,False,1.2618448675008977,28
True,2,4,False,0.9700660431864085,112
True,3,1,True,1.1058915068362716,74
True,3,2,False,0.27027853651357636,69
True,2,2,False,0.42744419009409196,129
True,1,2,False,0.3999096599679479,75
True,1,1,False,1.708455670918325,29
False,2,1,False,0.6349719449456463,144
True,3,2,False,0.9824547235773916,109
False,1,3,False,1.2526244635488144,48
True,3,5,False,1.465076770465925,144
False,3,5,False,0.19995482998397396,9
True,1,5,False,0.32058314257056897,43
False,3,3,False,0.3350940982407621,102
True,1,5,False,0.5943563451495052,110
True,2,4,False,0.9852631942496766,131
False,2,1,False,0.49702420601657316,175
True,1,1,False,1.9310204789628873,82
False,2,1,False,1.538100151125659,28
False,2,4,False,0.6241481216244537,92
True,2,2,False,1.1086999775085566,92
True,1,1,False,0.08822053172300212,60
False,1,5,False,0.9555550875162153,117
True,1,1,False,0.37650468997213155,69
True,1,1,False,2.009705908409359,30
True,2,3,False,0.6644624585948009,180
False,2,5,False,1.3140541557527938,126
True,2,4,False,0.4633103715089937,155
True,3,5,False,0.32058314257056897,5
False,2,1,False,1.6533291154519907,15
False,1,2,False,1.5734251992036903,33
True,1,2,False,0.27027853651357636,65
True,1,2,False,0.12963112345437156,83
False,3,4,False,1.4319827942092571,80
False,3,5,False,0.19995482998397396,12
True,2,3,False,0.4261231006360492,84
True,1,4,False,1.4737531917072413,94
True,3,4,False,0.6517551827786999,132
False,2,5,False,0.9138471300597231,35
False,3,5,False,0.7731271859724161,76
True,1,1,True,0.3641160095811484,5
True,3,2,False,0.9203388359803374,179
False,1,2,False,1.2348364348975682,80
False,2,2,False,0.8198384204085055,143
True,1,4,False,0.1530360934501879,91
True,3,2,False,1.0086681642454929,127
True,2,5,False,0.899742336656806,186
True,3,5,False,0.8032051894591024,105
False,3,1,False,0.17924953411828923,11
True,1,1,False,1.2086229942294668,87
True,3,1,False,0.7969020527214574,128
False,2,4,False,0.24125662517319002,114
False,2,5,False,1.2059233200993353,147
True,3,1,False,0.3171972730473624,175
False,2,1,False,0.7530093799442631,111
False,2,5,False,0.17924953411828923,18
False,3,1,True,0.6481556172718578,15
False,3,5,False,0.367501879104355,12
False,3,5,False,0.367501879104355,15
True,3,2,False,1.0086681642454929,101
True,3,3,False,1.2994344035404473,59
False,2,5,False,0.27027853651357636,14
False,2,5,False,1.5786069543796466,104
True,3,5,False,0.9914575344451682,125
True,2,2,False,1.6794337595779387,22
True,3,1,False,0.3492825613851663,69
True,2,2,False,1.3374591257486101,104
False,2,2,False,0.8908483223311829,136
False,3,2,False,1.6491482539935558,37
False,2,3,False,0.4268092960291242,107
True,3,5,False,0.6790822108071474,115
True,1,2,True,0.6701881964815242,27
True,2,3,False,0.8445069846483184,103
False,2,5,False,1.2969523224946222,100
True,1,1,False,1.0108992360668563,115
True,3,5,False,0.2261682706520753,20
True,1,5,False,0.8204158192594271,88
True,3,2,False,0.5591400936136274,110
True,3,5,False,0.3708877486275616,64
False,2,1,False,2.0145278578187007,87
False,1,1,False,0.19444668518155733,144
False,3,5,False,1.1058915068362716,137
True,1,5,False,0.35849906823657846,76
False,3,4,False,0.6701881964815242,89
False,2,4,False,1.3259742338350087,121
True,2,2,False,1.5200945293901058,22
True,3,4,False,1.312040677015737,150
True,1,5,False,0.5322404575524511,24
False,2,2,False,1.809282476116617,20
False,3,4,True,0.7530093799442631,39
True,3,5,False,0.16754704912038104,8
True,2,5,False,0.3350940982407621,72
True,2,2,False,0.2510031266480877,88
False,1,5,False,0.6941705653282622,145
False,2,2,False,1.3174400252760003,144
False,2,5,False,1.1182801872272548,180
True,3,2,False,0.853509795516095,104
True,2,5,False,0.08822053172300212,84
False,2,1,False,1.0438844157813707,115
False,2,5,False,0.3098168144634224,91
False,3,3,False,0.8466292599275285,133
False,3,5,False,0.7584087282045263,125
True,1,5,False,1.4030696794110242,71
True,3,3,False,0.0,89
False,1,1,False,1.4725983940053982,44
True,1,4,False,0.2592622469087431,111
True,3,4,False,0.5295407834223195,63
False,3,1,False,0.9287642479971924,24
True,2,5,False,0.37650468997213155,63
False,3,5,False,0.34679658323867024,11
True,3,4,False,0.8473154553206035,104
False,3,4,False,0.6177613151453216,96
True,1,1,True,1.059081566844639,67
True,3,3,False,0.3350940982407621,94
False,2,1,False,2.0772211442666766,37
False,3,1,False,1.873194249366421,29
True,3,2,False,0.39249293586995676,32
True,1,1,True,0.5405570730271527,22
True,2,1,True,0.5653344338091189,32
True,3,4,False,0.35662675445505515,68
True,2,1,False,0.9914575344451682,98
True,3,2,False,0.4321037448479052,127
False,3,5,False,0.19995482998397396,12
True,1,2,False,0.3999096599679479,82
False,2,5,False,0.9052504814592228,179
True,2,1,False,0.34748277863174526,85
False,1,2,False,2.0655186592687684,17
True,1,2,False,0.3350940982407621,63
True,3,1,False,1.0645897116470555,113
True,1,3,False,0.6645712551369543,6
True,3,1,True,0.38889337036311467,29
True,2,2,False,1.7993758767714587,12
True,2,5,False,0.2530679067132515,100
True,2,2,False,0.8053274647383124,120
False,3,2,False,0.97975504944726,159
False,3,2,False,0.7183705272593068,180
False,3,4,False,0.26477039171115974,24
True,3,3,False,0.925846980782754,115
True,3,5,False,0.40610400016343945,107
False,3,5,False,0.4289315713083342,109
False,3,5,False,0.27027853651357636,8
False,3,5,False,0.7556002575322414,184
True,1,1,False,0.5258686868873751,82
False,3,3,False,1.250610984811758,166
True,2,2,False,1.349379203830825,28
True,3,1,False,1.238331100962928,127
True,3,5,False,0.7149846577361003,90
True,2,2,False,0.3999096599679479,101
True,1,3,False,0.9347409951083772,107
False,2,1,False,1.4803827180713465,21
True,3,5,False,0.903237002722166,105
False,1,2,False,0.8846539821356914,37
False,1,1,False,1.4228711867993273,130
True,1,2,False,0.2592622469087431,89
False,3,2,False,1.1086999775085566,21
True,3,1,False,0.367501879104355,16
True,3,4,False,1.2176258050972435,84
True,3,2,False,2.143363989337844,89
False,3,5,False,0.3999096599679479,9
False,1,1,False,1.614618197850753,34
True,3,4,False,0.3999096599679479,12
False,3,5,False,1.150110569239926,113
False,3,4,False,0.35579939410644684,10
True,1,1,True,0.3641160095811484,37
True,2,5,False,0.6278927491875003,56
True,3,5,False,0.2792813473813529,156
True,2,4,False,0.6060588301474135,105
False,3,5,False,0.3088806575726608,9
False,3,5,False,0.831940873787751,84
True,2,2,True,0.6233782564898915,50
False,2,2,False,1.882305856776351,27
False,3,5,False,0.35579939410644684,6
True,1,1,True,0.6701881964815242,19
False,2,2,False,1.4754068646776832,40
True,1,2,False,0.2592622469087431,86
True,2,4,False,1.1050965149010432,98
True,3,2,False,0.5966861225264118,47
True,1,1,False,0.9376582623228156,59
True,2,2,True,0.9762603833819,79
True,1,2,False,2.111751200409479,15
True,3,4,False,0.979068854054185,91
False,2,2,False,1.22662861596502,7
False,2,2,False,2.2034663981978415,19
True,1,5,False,0.7176843318662318,110
True,3,2,True,0.43570331035474735,55
True,1,5,False,0.2826672169045594,102
False,3,4,False,0.7679889379232245,155
False,3,2,False,1.4768880520059866,45
True,2,5,False,0.9535416087791586,139
False,1,3,False,1.1327911428974478,130
True,2,4,False,0.8019415952151058,122
False,2,5,False,0.6356581403387213,101
True,3,5,False,1.1769014087589489,79
False,3,2,False,1.6443263045842142,17
True,3,3,False,0.39249293586995676,113
True,3,5,False,0.34679658323867024,13
True,3,4,True,0.48251325034638004,57
False,3,4,False,0.25857605151566815,11
True,2,5,False,1.1969205092315587,152
True,1,3,False,0.06481556172718578,83
True,2,1,False,0.7356899536017849,65
True,1,2,False,0.3501824527618769,67
True,1,1,True,0.49374713303552,26
False,2,5,False,0.19995482998397396,22
True,3,4,False,0.9886490637728831,97
False,1,5,False,0.7087903175406087,125
True,3,1,False,2.0847427678061496,153
False,3,5,False,0.3088806575726608,5
True,2,5,False,0.903237002722166,97
True,2,5,False,0.32058314257056897,10
True,3,2,False,0.9211338279155658,106
True,3,4,False,0.9645578983839919,106
True,3,4,False,0.8005055153289707,126
False,3,5,False,0.35579939410644684,22
False,2,5,False,0.7059818468683237,132
True,2,4,False,0.5329266529455261,81
True,1,5,False,0.5440517390925126,55
False,3,5,False,0.23236261084756682,9
False,2,2,False,0.9934710131822249,11
True,1,4,False,1.6787475641848637,72
False,1,5,False,1.7034161284246765,121
False,3,5,False,0.2764728767090679,14
True,3,5,False,0.367501879104355,9
True,2,5,False,0.5088354875566348,94
True,2,2,False,0.8494377305998135,150
True,2,1,False,0.9734519127096151,140
False,3,4,False,0.7695338143515129,110
True,2,2,False,1.537413955732584,36
True,1,2,True,0.5653344338091189,17
False,3,1,False,1.2347276383554149,5
True,1,1,False,0.39371531977245633,86
True,3,3,False,0.9328363129134739,84
True,3,3,True,0.12963112345437156,31
True,3,3,False,0.1530360934501879,102
True,1,1,False,1.5792931497727218,65
False,3,1,False,2.0380416243566706,37
True,2,2,False,0.8673345557932132,170
True,3,1,False,1.0176709751132695,151
False,3,1,False,0.7467062432066182,117
True,2,5,False,0.5322404575524511,54
True,3,1,False,0.34102344112451083,123
False,2,1,False,1.8945857406251807,10
False,2,3,False,1.0851862109705868,105
True,1,1,False,0.703282172738192,81
True,3,3,False,0.5323492540946044,72
False,3,1,True,0.8826405033986346,45
False,3,1,False,0.16754704912038104,21
False,1,2,False,1.4554965607472268,26
True,3,2,False,0.08822053172300212,86
False,3,1,False,0.7887304993029604,93
True,3,5,False,1.2148173344249584,132
False,3,5,False,0.25576758084338314,17
False,3,3,False,1.5222168046693159,174
False,1,3,False,1.5909956347706298,86
True,2,1,False,0.8915345177242578,153
True,2,3,False,0.1530360934501879,88
True,1,3,True,0.9294504433902673,42
False,1,1,False,1.1761064168237205,19
False,2,1,False,0.21165731498188212,9
True,1,3,True,0.49374713303552,15
True,1,5,False,0.3888933703631147,135
False,3,2,False,0.5942475486073518,95
False,2,5,False,1.2176258050972435,112
False,2,5,False,0.29098383237926106,21
True,2,1,False,0.34568299587832413,128
True,1,2,True,0.38889337036311467,31
True,3,5,False,0.5763507234139521,152
True,3,4,True,0.6701881964815242,21
False,3,5,False,0.3088806575726608,10
False,2,5,False,1.6173178719808845,65
False,1,1,False,1.1521240479769825,39
False,2,5,False,0.48813019169095,171
True,1,2,False,1.2059233200993353,146
False,3,1,False,0.26477039171115974,9
True,3,1,False,0.8701430264654981,94
False,2,5,False,0.6293550036010763,166
True,2,3,False,0.27027853651357636,101
False,3,5,False,0.13513926825678818,17
False,3,5,False,1.5319058109301673,40
True,3,5,False,0.826718955997072,119
True,2,5,False,0.6969790360005471,89
False,3,4,False,0.08822053172300212,116
False,3,1,False,0.244065095845475,8
True,3,2,True,0.38889337036311467,26
False,3,5,False,0.44401992582944894,7
True,2,5,False,0.5819676647585221,126
False,3,1,False,1.521107114409641,11
True,2,3,False,0.97413810810269,148
True,2,2,False,0.21785165517737368,100
False,2,1,False,1.5620825199723969,109
True,3,2,False,0.8433521869464753,70
False,1,2,False,1.2292194935529983,29
False,3,1,False,0.37920436410226316,15
True,3,1,False,0.6735740660047308,122
False,3,5,False,0.35849906823657846,184
True,2,5,False,1.1294052733742412,111
False,2,5,False,0.2592622469087431,112
True,1,4,False,0.12963112345437156,113
False,2,2,False,0.4771139020861168,167
False,1,1,False,1.0729063271217572,49
False,3,5,False,0.4116121449658561,13
False,3,3,False,1.09969716664078,129
True,2,1,False,0.34128843843625367,108
True,1,5,False,1.766968095907866,153
False,3,5,False,0.28817536170697605,10
True,3,4,False,0.5825450636094437,74
True,2,1,False,0.9886490637728831,108
False,1,4,False,1.4175806350812175,121
True,2,1,False,0.45921707689271707,120
True,2,5,False,0.826718955997072,104
True,1,1,True,0.43570331035474735,31
False,2,5,False,1.347256928551615,155
True,3,3,False,0.6239556553408132,165
False,2,4,False,0.2261682706520753,16
False,2,2,False,1.3147403511458686,26
True,2,4,True,0.3528821268920085,51
True,2,3,False,0.8618264109907965,179
True,2,4,False,0.4619167510228487,144
True,1,4,False,0.8418073105181868,132
True,3,4,False,0.5736510492838205,106
True,3,2,False,0.9087451475245826,152
False,3,1,True,0.9542278041722336,20
True,1,5,False,0.7763055533979261,154
False,2,5,False,0.22335979997979027,20
True,2,2,False,0.40880367429357106,60
False,3,4,False,0.73500375820871,132
True,3,2,False,1.3417487837491984,36
True,3,3,False,0.39249293586995676,50
True,2,3,False,0.7853083642657026,94
True,2,2,False,1.1237883320296713,134
False,1,1,False,2.0606516024172588,142
True,1,4,False,0.24687356651776,93
True,2,5,False,0.3233916132428539,10
True,1,5,False,1.1294052733742412,124
False,3,5,False,0.13513926825678818,4
True,1,4,False,0.9645578983839919,116
True,2,3,False,1.2322455573095898,77
True,1,2,False,1.46089590900749,42
True,1,2,True,0.43570331035474735,13
False,1,1,False,1.8648776338917195,18
True,3,4,False,0.4295089701592558,179
True,3,3,False,0.0,67
False,1,5,False,0.8679119546441347,179
False,3,5,False,0.8260327606039972,134
False,3,2,False,0.5585626947627058,153
True,3,1,False,1.026673785981046,87
True,1,1,False,1.9766119321526912,40
False,2,2,False,1.5507064246009488,42
True,3,1,False,1.0438844157813707,78
True,1,2,False,1.9092054928375273,39
True,1,1,False,0.3686305022787572,53
True,3,1,False,0.19995482998397396,23
False,3,5,False,0.29098383237926106,13
False,2,5,False,0.35579939410644684,19
False,2,5,False,0.37920436410226316,22
True,3,5,False,0.5557542240904207,85
False,1,2,False,1.6821334337080704,34
True,3,2,False,0.9762603833819,101
True,2,5,False,2.281997923659992,74
False,1,3,False,1.791059261296757,115
True,1,5,False,0.12137200319371615,83
True,1,3,False,0.1820580047905742,100
True,1,4,True,0.0,47
True,2,5,False,1.1533876422209792,107
False,3,1,False,1.4499884159448102,20
True,1,3,True,0.48251325034638004,54
True,3,3,False,1.1500017726977725,76
True,1,4,True,1.1058915068362716,61
False,3,2,False,0.16754704912038104,76
True,1,2,False,0.0,65
False,2,2,False,1.8904048791667458,36
True,3,5,False,0.8756511712679147,91
True,3,5,False,1.5706167285314052,86
True,3,4,False,0.7500921127298248,135
True,3,2,False,0.2592622469087431,89
True,2,3,False,1.620235139195323,84
True,2,3,False,1.2472251152885514,174
True,1,1,False,0.43851178102703237,141
True,1,5,False,0.244065095845475,127
True,3,5,False,0.8087133342615189,131
True,3,5,False,1.0086681642454929,83
False,3,5,False,0.27027853651357636,13
True,2,5,False,1.150110569239926,155
True,3,4,False,0.9231473066526223,153
False,2,2,False,1.1031918327061399,22
True,2,2,False,0.2826672169045594,90
True,2,1,False,0.6517551827786999,59
True,1,4,False,0.2205513293075053,121
False,1,2,False,1.8972854147553122,27
False,2,3,False,0.43570331035474735,125
False,3,5,False,0.3999096599679479,12
True,3,1,False,1.502197704196706,59
True,3,4,False,0.8790370407911213,99
False,3,5,False,0.08822053172300212,124
False,1,1,False,1.3754838479567728,12
False,2,5,False,0.3350940982407621,18
True,1,4,False,0.5341278071480305,130
True,3,4,False,0.6501690960089145,154
True,3,1,False,0.7204928025385169,117
False,1,5,False,1.0065458889662828,143
True,2,2,False,1.727147488046953,23
True,3,5,False,0.564648238416044,147
True,1,2,True,0.5405570730271527,75
False,2,4,False,1.0734837259726788,140
True,3,1,False,1.0851862109705868,138
True,1,5,False,0.6942793618704155,105
False,3,1,False,0.367501879104355,9
True,1,5,False,0.4633103715089937,109
True,2,5,False,0.49162485775631,110
True,1,2,False,0.46472522169513364,67
True,3,5,False,0.4764277066930418,118
True,2,4,False,1.1057827102941182,177
True,1,4,False,1.1500017726977725,96
True,1,1,False,0.9466610731905922,125
False,3,2,False,0.7804713790423049,129
True,1,4,False,1.2341502395044932,116
True,3,4,False,1.312040677015737,109
False,3,1,True,0.9294504433902673,19
True,1,5,False,1.4180492373899856,184
True,3,5,False,0.3915930444932463,115
True,1,2,False,0.353027188948213,35
False,3,1,False,1.6049291915899015,34
True,2,3,False,0.36130753890886347,82
True,2,5,False,0.6357669368808747,65
True,3,5,False,1.021056844636476,147
True,2,4,True,0.38889337036311467,18
False,1,4,False,0.9651352972349134,150
False,2,1,False,1.636118485651666,5
True,3,2,False,1.1175939918341797,130
False,3,1,False,2.397226887986324,21
False,1,5,False,0.7203840059963634,155
True,1,5,False,0.08822053172300212,96
True,1,1,True,0.6701881964815242,58
False,2,5,False,0.26477039171115974,20
True,1,5,False,0.7445839679274081,129
True,2,5,False,0.9086363509824292,150
True,1,4,False,0.0,107
True,1,2,False,0.19444668518155733,74
False,3,1,False,1.7759709067756424,25
True,2,1,False,0.6267641260130982,105
True,1,5,False,0.3999096599679479,77
True,1,5,False,0.7211789979315918,120
True,2,5,False,0.35579939410644684,13
False,3,1,False,0.42744419009409196,10
True,2,4,False,0.6969790360005471,12
True,1,3,False,0.4413202516993173,96
True,1,5,False,0.30247262139353365,51
True,3,2,False,0.6260779306200231,64
False,3,5,False,0.25576758084338314,22
True,3,5,False,1.2734385559566526,129
False,3,1,False,1.8380867943726966,8
False,1,1,False,1.2850322444124074,36
True,3,3,False,1.1824095535613655,91
True,3,3,False,0.5908616790841452,119
False,1,5,False,2.3082113643280935,123
True,1,5,False,0.9975430780985064,110
True,3,4,False,0.3088806575726608,13
True,1,3,False,0.3880983784278863,167
False,3,1,False,0.2160518724239526,151
True,3,2,False,1.0003515487707912,59
False,2,5,False,0.7859945596587776,164
False,3,3,False,1.1355996135697328,124
True,2,2,False,1.794085325053349,8
True,3,3,True,0.5405570730271527,28
True,2,3,False,0.24687356651776,109
True,2,2,False,0.1820580047905742,85
True,3,4,False,1.2706300852843677,186
True,1,5,False,0.42331462996376423,96
True,3,1,False,0.8032051894591024,93
True,2,1,False,0.7081041221475337,101
True,2,5,False,0.9500469427137987,137
False,1,3,False,2.173072096071305,99
True,3,1,False,0.6646800516791076,84
True,3,4,False,0.6446609512064978,78
False,1,5,False,0.7115987882128937,150
True,1,1,True,0.38889337036311467,13
True,2,5,False,1.1740929380866638,156
True,3,2,False,0.6005506853449968,98
True,1,3,False,0.32167550023092,96
False,3,2,False,0.7372610045575144,76
True,2,1,False,1.8388817863079248,19
True,1,2,False,0.1530360934501879,84
False,2,3,False,1.8523801569585832,138
False,3,5,False,0.35579939410644684,10
False,2,5,False,1.1065777022293466,137
True,2,5,False,0.4080962492005011,27
False,3,5,False,0.7764143499400794,94
False,3,4,False,0.25576758084338314,15
False,2,2,False,1.055586900779279,27
False,3,5,False,0.32058314257056897,17
False,3,4,False,0.8118230677595979,126
False,2,1,False,1.7974711945765554,31
True,1,3,False,0.6652574505300293,74
False,1,1,False,1.6037107047880732,7
True,3,1,False,0.4238446245872498,91
False,2,2,False,1.347256928551615,47
True,3,5,False,0.20404812460025054,67
True,2,4,False,1.0964200936597268,125
True,3,3,False,0.34748277863174526,94
True,1,2,False,0.06481556172718578,88
False,1,1,False,1.417471838539064,18
True,2,5,False,0.8673345557932132,81
True,2,3,False,0.4439111292872956,108
False,1,2,False,1.5058011668042195,21
False,2,5,False,0.46614007188127365,166
True,3,3,False,0.35849906823657846,91
True,1,4,False,0.06481556172718578,72
True,2,2,False,1.249924789418683,140
True,1,1,False,1.0589727703024856,105
False,1,5,False,0.40880367429357106,92
False,3,1,True,0.6233782564898915,58
True,3,2,False,0.4789136848395379,38
True,3,5,False,0.8887260470519729,61
False,3,4,False,0.6113745086661895,143
True,3,4,False,0.4633103715089937,175
True,3,3,False,0.08822053172300212,71
True,3,1,False,1.012162830310853,141
False,2,5,False,0.8384214409949802,152
True,1,2,False,0.3350940982407621,77
True,3,2,True,0.8714066207094947,53
False,2,5,False,0.49374713303552,117
True,3,1,False,0.9700660431864085,97
True,3,1,False,1.5499114326657204,31
False,3,4,False,1.244307848074113,131
True,2,1,True,0.17644106344600424,20
True,3,5,False,1.2500335859608362,113
True,1,1,False,0.608758504277545,108
False,2,1,False,0.8762285701188364,166
False,3,5,False,1.8785935976266843,188
True,1,5,False,1.3940668685432476,139
True,3,5,False,0.5673479125461756,29
True,2,4,False,0.5998644899519219,150
True,3,4,False,0.49702420601657316,164
True,1,4,False,1.238331100962928,89
True,3,1,False,0.8177161451292955,108
True,1,2,False,0.06481556172718578,85
True,2,5,False,0.5240326386199028,72
True,1,4,True,0.9294504433902673,20
True,1,2,False,1.0018964251990798,32
True,2,4,False,1.0321819307834628,124
True,1,1,False,0.6645712551369543,121
False,3,1,False,0.3999096599679479,14
False,2,1,False,1.259036396828613,24
False,3,5,False,0.46614007188127365,121
False,1,4,False,0.8908483223311829,140
True,2,4,False,1.3299375022091369,133
True,3,4,False,0.3962375634330035,80
True,2,3,False,0.441211455157164,68
False,3,5,False,0.4513066236852916,130
True,2,1,False,0.8590179403185116,127
False,1,1,False,1.7065509887234216,21
True,2,1,False,1.2500335859608362,100
True,1,3,False,1.8220946513742002,149
False,1,5,False,0.5405570730271527,177
True,2,5,False,0.2904688735698316,127
True,3,4,False,0.614375445622115,89
False,3,3,False,0.21785165517737368,156
True,1,5,False,0.5534757480416214,120
False,3,1,False,0.2427440063874323,41
True,3,3,True,0.0,63
False,3,5,False,0.45505125124833823,114
True,3,3,False,1.0321819307834628,90
False,3,2,False,0.49374713303552,108
True,2,5,False,0.8942341918543895,168
True,3,2,False,0.8349267749296203,89
False,3,5,False,0.5171521030313363,118
True,3,1,False,1.1113996516386881,124
True,2,1,True,0.6233782564898915,47
False,3,1,False,0.3492825613851663,173
True,2,3,False,0.3350940982407621,95
True,2,5,False,0.0,103
True,2,1,False,1.9505072880267433,18
True,3,2,False,0.34748277863174526,80
True,3,5,False,0.8411211151251119,104
True,2,1,True,0.12963112345437156,86
False,1,1,False,1.129296476832088,20
True,1,4,True,0.9294504433902673,4
True,3,5,False,0.25576758084338314,19
False,1,2,False,1.0437756192392174,23
False,3,4,False,0.3143888023750774,18
True,3,4,False,0.7734970827256411,79
False,1,5,False,0.535048928224736,173
False,2,2,False,1.3932718766080194,10
True,2,3,False,0.9273281681110573,153
True,1,1,False,1.661536934384539,43
True,3,2,False,0.2592622469087431,77
True,2,5,False,0.9024420107869376,183
True,2,3,True,0.8714066207094947,77
True,3,2,False,0.46472522169513364,97
False,3,3,False,0.8065910589823089,122
False,1,2,False,1.6093276461326431,18
True,3,1,False,0.8680207511862881,91
False,2,5,False,1.0734837259726788,155
False,3,5,False,0.13513926825678818,9
False,3,5,False,0.367501879104355,12
False,3,4,False,0.17924953411828923,6
True,3,1,False,0.97975504944726,92
True,3,2,False,1.820876164572372,7
True,2,3,False,0.9852631942496766,197
True,1,5,False,1.1559785198089574,25
True,3,1,False,0.5762419268717988,39
False,2,4,False,0.34679658323867024,12
True,1,5,False,0.3350940982407621,92
False,3,2,False,1.3960803472803043,23
True,1,5,False,0.5221240593243284,69
False,2,3,False,1.8323610564859734,77
True,3,5,False,0.27027853651357636,13
True,3,3,False,1.1154717165549697,139
False,2,4,False,1.5703991354470985,98
True,3,2,False,0.6880850216749239,110
True,3,2,False,0.25857605151566815,86
True,3,1,False,1.0886808770359466,70
True,1,5,False,0.1530360934501879,79
True,2,5,False,1.3147403511458686,123
False,3,5,False,0.9466610731905922,149
False,3,3,False,2.0468268421401405,41
True,2,1,False,1.164295135283659,142
True,1,2,False,0.31507499776815234,96
True,3,1,False,0.19995482998397396,4
False,3,1,False,0.34679658323867024,22
True,3,1,False,1.0383762709789541,66
False,1,1,False,1.2878407150846924,25
True,2,3,False,0.367501879104355,139
True,1,1,False,1.423088779883634,120
True,2,3,False,0.35849906823657846,83
True,1,3,False,0.4413202516993173,66
True,2,1,True,0.7530093799442631,22
False,2,2,False,1.4497708228605035,33
True,2,5,False,1.822780846767275,65
True,1,2,False,0.2592622469087431,60
True,2,4,False,1.114894317704048,109
True,3,2,True,0.5405570730271527,50
False,1,2,False,0.8438207892552434,99
True,2,2,False,0.49983267668885817,169
True,2,4,False,1.058863973760332,177
True,3,4,False,0.6349719449456463,89
False,3,5,False,0.37920436410226316,9
True,1,4,False,0.45505125124833823,171
True,2,3,False,0.49432453188644154,145
True,3,1,False,0.12137200319371615,103
True,3,1,False,0.3088806575726608,15
True,3,1,True,1.1058915068362716,72
False,3,5,False,0.28817536170697605,6
True,3,2,True,1.059081566844639,61
True,3,4,False,1.245961521044555,51
True,1,4,False,0.19444668518155733,90
True,3,2,False,0.3254201277939667,128
False,1,1,False,1.5355092735376807,41
False,3,1,False,0.32058314257056897,16
True,1,1,True,0.0,17
False,2,2,False,1.5707255250735588,32
True,3,2,True,0.6233782564898915,67
True,1,3,False,1.1108222527877665,136
False,1,2,False,2.244190794536136,43
True,3,5,False,0.16754704912038104,15
True,2,5,False,1.3504252049905148,104
False,3,5,False,0.25857605151566815,24
True,1,1,True,0.2592622469087431,27
False,2,5,False,1.6945221140990536,114
True,3,3,True,0.7169981364731569,58
False,1,4,False,1.6402542396679327,131
True,2,1,False,1.8566698149591714,20
True,3,5,False,0.5005188720819331,178
True,2,5,False,0.6790822108071474,98
False,2,2,False,1.2680392076963893,15
False,3,5,False,0.244065095845475,6
True,2,3,False,0.40329552949115444,94
True,2,1,False,0.13513926825678818,21
True,3,1,False,1.4942074783484647,40
True,3,5,False,0.7467062432066182,103
True,2,1,False,0.9003197355077277,131
False,3,5,False,0.9294504433902674,54
False,2,1,False,1.831892454177205,24
True,2,3,False,0.9438526025183072,106
False,2,1,False,1.6174266685230378,22
False,3,3,False,1.3271290315368518,107
False,1,2,False,1.4429990838140903,124
True,2,5,False,1.011476634917778,129
True,1,3,False,0.4238446245872498,75
False,2,2,False,1.5411262148822507,26
True,1,3,False,0.08822053172300212,78
True,3,1,True,0.5185244938174862,40
False,3,1,False,0.9294504433902674,91
True,1,5,False,0.6445521546643445,60
False,2,4,False,0.3026863173771692,10
True,1,2,False,0.46742489582526525,106
True,2,2,False,1.0796780661681702,146
False,3,5,False,0.25576758084338314,20
True,1,1,False,0.612289435856956,117
True,3,4,False,0.6241481216244537,94
False,3,1,False,0.8274263810901421,180
False,1,1,False,0.98187732472647,5
False,3,5,False,0.44401992582944894,23
False,2,5,False,0.926533176175829,167
False,2,4,False,0.2261682706520753,13
True,3,1,False,0.9149394877200742,106
True,2,3,False,0.7348949616665565,93
True,3,4,False,0.9466610731905922,147
False,2,5,False,1.0735925225148322,169
True,2,5,False,0.3999096599679479,80
True,2,5,False,0.21165731498188212,10
True,1,3,False,1.4269432517156087,105
False,3,4,False,0.35579939410644684,7
False,3,1,True,0.7998193199358958,65
True,3,3,False,0.46472522169513364,91
True,2,4,False,0.5065207459937842,73
False,3,3,False,0.2592622469087431,130
False,3,4,False,0.35299092343416183,19
False,3,4,False,0.9761515868397467,77
True,1,5,False,0.29781306663972035,100
True,3,2,False,0.21785165517737368,76
False,3,1,False,0.3233916132428539,11
True,2,1,False,0.36188493775978503,99
True,3,4,False,0.35299092343416183,10
False,3,4,True,0.8826405033986346,31
False,2,1,False,1.0411847416512392,22
True,3,4,False,0.6122531703429049,74
False,2,1,False,1.46788524113821,28
False,1,2,False,2.1532705886830024,12
True,3,1,False,0.7184793238014602,47
False,2,1,False,1.5553107809259838,39
True,1,3,True,0.5405570730271527,35
True,3,1,False,1.6732394193824471,101
False,2,5,False,1.1651989237610407,92
True,1,5,False,0.16473857844809606,89
False,2,1,False,1.4320915907514105,45
True,1,2,True,0.7998193199358958,6
False,3,5,False,0.7183705272593068,95
True,2,5,False,0.85282360012302,83
True,3,3,False,1.1135219269178982,121
False,1,2,False,1.800857064099762,12
True,3,2,False,0.9500469427137987,135
True,3,4,False,0.5267323127500345,165
False,2,2,False,0.9591585501237285,156
True,3,1,False,1.2617360709587444,123
True,3,4,False,1.0059684901153614,143
True,2,5,False,0.39249293586995676,77
True,3,2,False,0.8645260851209282,181
False,3,3,False,0.4513066236852916,137
True,3,2,False,0.8088221308036724,102
False,2,1,True,1.2602999910726094,18
False,2,5,False,0.6977952576357705,121
False,1,1,False,1.871071974087211,11
True,3,4,False,0.9590497535815752,138
False,3,5,False,1.053464625500069,177
False,3,3,False,1.6436401091911392,107
False,3,5,False,0.3999096599679479,22
True,1,4,False,0.3033725127702442,96
False,3,4,False,0.4116121449658561,23
False,1,2,False,1.6380231678465693,9
False,2,1,False,1.352873869896185,13
True,1,3,False,0.5065207459937842,89
False,2,5,False,0.7998193199358958,132
True,3,3,False,1.1411077583721494,122
False,3,1,True,1.2355226302906432,23
True,3,1,False,0.9231473066526223,106
False,3,2,False,0.5419294638133025,94
False,2,5,False,1.391367194413116,114
True,3,1,False,0.7880080383958342,134
True,3,5,False,0.4557224108273571,107
False,3,1,False,0.16754704912038104,16
True,2,4,False,0.1530360934501879,89
False,2,2,False,0.8466292599275285,30
False,3,5,False,0.244065095845475,20
True,2,2,False,0.6384666110110062,144
True,1,2,False,0.44770705817844947,141
True,3,3,True,0.7530093799442631,82
False,3,1,False,1.612136116804928,42
True,3,3,False,0.900428532049881,95
False,2,4,False,0.8122080003268789,124
True,3,4,False,1.0651671104979772,121
False,2,5,False,0.8328044996504103,151
False,3,5,False,0.16754704912038104,15
True,3,5,False,0.6645712551369543,187
False,3,5,False,0.35579939410644684,13
False,3,5,False,0.17924953411828923,22
False,3,5,False,0.9831409189704665,148
False,2,4,False,0.28817536170697605,11
False,2,1,False,2.2144826878026747,25
True,2,5,False,1.82346704216035,69
False,3,3,False,1.7916366601476788,158
False,2,2,False,1.0644809151049022,27
True,3,3,False,1.276824425479859,146
True,2,1,False,0.9914575344451682,145
True,3,3,False,0.9997741499198698,104
True,1,2,False,0.08822053172300212,79
True,3,5,False,0.44401992582944894,58
False,3,4,False,0.32058314257056897,22
True,2,2,False,1.7993758767714587,38
True,1,5,False,0.4149980144890626,86
True,2,5,False,0.37650468997213155,78
True,1,3,True,0.2592622469087431,22
True,2,2,False,1.6175354650651914,19
True,2,5,False,0.8769147655119113,137
True,3,1,True,0.3641160095811484,8
True,1,2,False,0.3492825613851663,71
True,1,5,False,0.5591400936136274,101
False,3,3,False,0.1801856910090509,74
True,2,4,False,0.42331462996376423,95
False,2,2,False,1.1147855211618949,160
True,1,2,False,0.3060721869003758,104
True,1,5,False,0.2592622469087431,88
True,2,5,False,0.996748086163278,105
True,3,1,False,0.9204476325224908,105
True,1,4,False,0.1820580047905742,79
False,3,4,True,0.7998193199358958,56
False,1,4,False,1.1029742396218332,191
True,2,2,False,0.9645578983839919,122
True,3,2,False,0.8797232361841962,147
True,2,5,False,0.2592622469087431,88
False,3,2,False,0.9294504433902673,87
True,1,1,False,0.38063425010245927,78
False,3,4,False,0.3143888023750774,20
True,2,4,False,0.8825317068564813,79
False,2,1,False,0.9493607473207237,12
True,1,5,False,0.34748277863174526,95
True,3,1,False,0.5819676647585221,108
False,1,2,False,1.452001894681867,43
False,3,5,False,0.32058314257056897,22
False,1,2,False,1.261627274416591,20
True,3,4,False,0.6867064370028352,95
False,3,5,False,0.3026863173771692,21
False,2,1,False,0.3233916132428539,5
True,3,4,False,0.08822053172300212,70
False,2,2,False,1.596721372657353,27
True,3,1,True,0.43570331035474735,70
True,1,4,False,0.3708877486275616,110
False,3,2,False,0.3942927186233779,84
True,2,4,False,0.0,77
False,1,2,False,1.2361000291415647,33
False,3,5,False,0.35579939410644684,16
True,2,2,False,0.5123301536219946,122
True,1,1,True,0.7998193199358958,14
True,3,1,True,0.7998193199358958,16
True,3,5,False,0.16754704912038104,3
False,2,1,False,0.44401992582944894,9
True,3,5,False,0.5585626947627058,141
True,3,4,False,0.3502912493040302,141
True,3,2,False,1.4443714746002403,13
False,3,5,False,0.22335979997979027,8
True,3,4,True,0.6701881964815242,33
False,1,1,False,1.1707070685634573,26
False,3,5,False,0.21165731498188212,21
True,3,4,False,0.17284149793916206,70
True,1,2,True,0.7530093799442631,68
True,1,4,False,1.1796010828890806,148
True,3,4,False,0.18844481126970627,108
True,3,5,False,0.35579939410644684,15
False,3,4,False,1.5738938015124584,105
True,2,5,False,1.053464625500069,99
True,3,2,True,0.5405570730271527,42
True,1,5,False,0.12137200319371615,57
True,3,1,False,0.732195287536425,75
True,3,5,False,0.3999096599679479,4
True,2,2,False,1.5146951811298426,130
True,1,2,False,1.5615051211214752,48
False,3,5,False,0.8383126444528268,171
True,2,2,False,0.4350171149616724,88
True,3,3,False,0.899742336656806,101
True,1,5,False,0.4619167510228487,53
True,3,3,False,1.132104947504373,96
True,1,5,False,0.703282172738192,178
True,3,1,False,0.22335979997979027,8
True,2,5,False,0.5440517390925126,148
True,1,3,False,0.3842338156093014,81
False,2,4,False,1.4701163129595733,81
True,3,1,False,1.0141763090479095,126
True,2,1,False,0.2261682706520753,16
True,3,3,False,0.1530360934501879,110
True,2,5,False,1.0789918707750954,135
True,2,2,False,1.0734837259726788,105
True,3,5,False,0.8204158192594271,135
False,2,4,True,1.2602999910726094,22
True,3,4,False,0.24687356651776,105
True,1,2,True,0.9762603833819,80
True,2,1,False,0.43851178102703237,73
True,1,2,False,0.3999096599679479,71
True,1,4,False,0.17644106344600424,91
True,1,1,False,0.7288094180132185,33
True,3,2,False,0.37688962253941255,112
True,2,5,False,0.24125662517319002,98
True,2,5,False,0.27027853651357636,107
True,1,4,False,0.26477039171115974,141
True,3,4,False,1.1438074325022811,98
True,1,4,False,0.38063425010245927,93
True,1,2,False,2.19028272587163,89
True,3,1,False,0.7970108492636108,92
False,2,2,False,0.5239238420777494,79
True,3,5,False,0.5502460792880042,51
False,2,1,False,0.2764728767090679,14
True,2,4,False,1.1299826722251627,108
True,3,5,False,0.6769599355279374,56
True,1,2,False,0.42331462996376423,95
False,3,5,False,0.7383896277319166,121
True,3,4,False,0.732195287536425,160
True,2,3,False,1.7558430097608793,150
True,3,2,False,0.45505125124833823,94
False,3,5,False,0.21165731498188212,10
False,3,1,True,0.7530093799442631,27
True,1,1,False,1.6373369724534943,21
True,3,1,False,0.8177161451292955,171
True,1,4,False,0.30247262139353365,18
True,3,2,False,2.084851564348303,28
True,1,2,False,0.30247262139353365,95
True,3,4,False,1.0824865368404553,123
True,3,4,True,0.3528821268920085,35
False,2,5,False,0.16754704912038104,8
True,3,1,False,0.7500921127298248,115
False,3,5,False,0.6411662851411379,141
True,3,1,False,2.317900370588945,32
True,2,1,False,1.655919993039969,51
True,1,1,False,1.0500787559768623,81
False,1,1,False,1.7407546552397646,32
True,3,5,False,0.16754704912038104,22
True,3,2,True,0.3528821268920085,53
True,3,2,False,0.2904688735698316,55
True,1,4,True,0.6701881964815242,64
False,3,5,False,0.7530093799442632,47
False,3,4,False,0.25857605151566815,16
False,3,1,False,0.17924953411828923,11
False,1,2,False,1.7649546171708093,12
True,1,5,False,0.28220975330917614,27
False,2,1,False,1.378978514022133,13
True,3,1,True,0.17644106344600424,30
True,1,1,False,1.4203891057535023,15
True,1,5,False,0.485321721018665,105
True,1,1,True,0.5405570730271527,23
False,3,5,False,0.8562094696462266,105
True,3,5,False,0.28817536170697605,13
False,1,2,False,0.9259557773249074,38
False,3,2,False,2.3441138112570465,18
True,1,5,False,0.2970693760325992,62
True,3,1,False,2.094540570609155,8
True,2,1,False,1.2438392457653447,21
True,1,5,False,0.45370893209030044,161
False,3,5,False,0.16754704912038104,9
False,3,3,False,0.5819676647585221,156
True,2,4,False,1.1019282384621434,96
True,2,4,False,0.7998193199358958,102
True,3,4,False,1.1769014087589489,77
True,3,5,False,0.9231473066526223,130
True,3,2,False,0.8880398516588979,141
True,3,5,False,0.8349267749296203,103
True,1,4,False,0.656363436204406,144
True,3,4,False,1.1735155392357424,118
False,2,2,False,1.803665534772047,31
True,2,5,False,1.0265649894388926,87
False,1,1,False,1.7704627619732258,35
True,3,5,False,1.0176709751132695,103
False,2,3,False,0.9411529283881755,131
False,3,1,False,0.8080784401965513,85
False,3,4,False,0.5060270168843497,190
False,3,3,False,0.9555550875162153,158
False,3,5,False,0.3233916132428539,8
False,3,4,False,0.28817536170697605,16
False,2,5,False,0.7445839679274081,195
True,2,5,False,0.13513926825678818,20
True,3,5,False,0.47065456457888244,72
True,3,2,False,0.7646030684000179,94
False,2,1,False,0.792475126866007,96
False,1,5,False,1.3616590876796548,119
True,3,4,False,1.3407361987296633,161
True,1,2,False,0.5971648158217902,129
True,1,2,False,1.7270386915047997,11
False,2,1,False,1.3559333497929313,39
False,3,1,False,0.13513926825678818,4
True,3,1,False,1.052778430106994,71
True,3,1,True,0.0,43
True,2,5,False,0.7356899536017849,105
False,3,1,False,0.8321183042573352,168
False,3,4,False,0.32058314257056897,19
True,3,4,False,0.779800219463286,46
False,2,3,False,0.8501239259928884,128
False,1,4,False,0.6528687701390461,148
False,2,5,False,0.7566089454511052,80
True,1,4,False,1.0850774144284334,97
False,2,4,False,0.5570753135484635,36
True,2,1,False,0.26477039171115974,8
True,3,5,False,0.7557090540743947,168
True,3,5,False,0.8590179403185116,129
True,3,4,False,1.1237883320296713,78
True,2,2,True,0.2592622469087431,60
False,3,4,False,0.25576758084338314,6
True,2,4,False,0.9231473066526223,125
True,3,1,False,1.0824865368404553,79
True,3,1,False,0.7211789979315918,94
False,2,1,False,1.4466025464216037,6
False,3,5,False,1.0615636478904638,72
True,1,5,False,0.982563520119545,151
True,3,2,False,1.5707255250735588,33
True,3,4,False,0.2826672169045594,72
False,2,5,False,0.19995482998397396,6
True,3,5,False,0.732195287536425,80
True,3,5,False,0.353027188948213,43
True,1,1,True,0.49374713303552,20
True,3,2,False,1.0796780661681702,116
True,3,5,False,0.5770369188070271,76
False,1,1,False,1.1646215249101193,24
True,1,2,False,1.7614599511054492,33
False,1,2,False,1.8911998711019742,46
True,3,5,False,0.6434960625180445,94
False,3,1,False,0.35579939410644684,23
True,3,4,False,0.4054178047703645,76
True,3,3,False,0.9025508073290911,98
True,1,3,False,0.1530360934501879,83
True,2,3,False,0.3350940982407621,83
False,1,5,False,0.5467514132226442,141
False,1,2,False,1.967609121284915,37
False,3,1,True,1.0010377441638663,45
False,1,2,False,1.441780597012262,28
False,3,3,False,0.6411662851411379,103
True,1,1,False,0.5143436323590513,136
True,2,1,True,0.6233782564898915,31
False,2,5,False,0.8211020146525021,138
True,1,4,False,0.8825317068564813,120
False,2,1,False,1.656246382666429,27
False,1,1,False,1.8497892793706046,14
False,2,1,False,0.19995482998397396,20
False,2,4,False,0.25576758084338314,12
True,1,2,False,0.29781306663972035,57
True,3,1,False,1.164512728367966,127
False,3,1,False,0.25857605151566815,17
True,1,2,True,0.48251325034638004,37
True,2,4,False,0.7646030684000179,118
True,2,2,False,0.8294186301272037,139
True,3,5,False,0.5102653735568309,108
False,3,4,False,0.3026863173771692,6
False,3,3,False,0.35849906823657846,102
True,2,4,False,0.3233916132428539,11
False,3,5,False,0.22335979997979027,13
True,3,2,False,0.5763507234139521,117
True,2,1,False,1.2025374505761286,2
True,3,4,False,1.1031918327061399,82
True,3,5,False,0.44401992582944894,18
True,3,3,False,0.9624356231047818,52
True,3,4,False,0.06481556172718578,99
True,2,2,False,1.7505524580427694,21
True,1,4,False,0.24125662517319002,98
True,3,3,False,0.6673584961092441,36
False,2,2,False,1.3995750133456641,19
False,3,5,False,0.3999096599679479,21
True,3,5,False,0.35579939410644684,17
False,3,1,False,0.8818455114634063,9
True,1,2,False,0.08822053172300212,89
False,2,3,False,0.8205246158015804,99
True,2,2,False,1.2810689760382794,96
False,1,1,False,1.9918090832159594,21
True,3,1,False,0.6914708911981305,111
True,3,4,False,0.44401992582944894,128
True,3,1,False,1.1707070685634573,119
False,3,1,False,1.5244929839328474,28
False,3,1,False,1.9234988554234138,42
True,2,2,False,0.28536689103469104,60
True,1,3,False,0.8212108111946554,137
False,1,4,False,1.1617042576956809,141
True,3,5,False,1.2410307750930598,124
True,3,5,False,1.276824425479859,104
True,1,2,False,0.979068854054185,119
False,3,5,False,0.17924953411828923,11
True,3,3,False,0.1530360934501879,109
False,3,5,False,0.4116121449658561,14
False,1,5,False,0.7976970446566858,127
False,3,4,False,1.0694116610563973,131
False,2,1,False,2.032533479554254,11
True,3,3,False,1.132104947504373,94
True,1,3,False,0.0,82
True,3,2,False,0.2592622469087431,97
True,2,2,False,0.17644106344600424,105
True,1,2,False,0.7266871427340084,121
False,2,2,False,1.1238971285718247,28
True,2,1,True,0.43570331035474735,20
True,3,1,False,1.3616590876796548,184
False,2,5,False,0.3088806575726608,4
True,1,2,False,1.6857368963155837,14
False,1,4,False,2.3964318960510957,72
True,3,5,False,1.2176258050972435,112
False,1,3,False,0.8646348816630816,151
False,3,4,False,0.7239874686038767,85
False,2,1,False,1.5436082959280757,37
True,3,1,False,0.7818136982003427,150
False,1,4,False,1.7427681339768213,99
False,3,2,False,1.3940668685432476,26
True,3,4,False,0.8266101594549187,84
False,3,1,False,1.4093728161486692,17
True,2,3,False,0.17644106344600424,104
True,3,3,False,0.7529005834021097,55
True,3,2,False,0.21785165517737368,90
True,1,5,False,0.3060721869003758,94
False,1,2,False,1.5471029619934356,8
False,2,1,False,1.558228048140422,32
True,1,4,False,0.855632070795305,154
False,3,4,False,0.25576758084338314,7
True,3,5,False,0.8473154553206035,149
False,3,2,False,2.408929372984232,28
True,1,3,False,0.1530360934501879,106
False,2,3,False,0.7059818468683237,162
True,1,3,False,0.9438526025183072,108
False,3,1,False,0.13513926825678818,17
False,3,5,False,0.2261682706520753,7
True,3,4,False,0.6735740660047308,93
True,3,5,False,0.726578346191855,89
True,1,3,False,1.0211656411786294,141
False,1,2,False,1.3196710970973637,17
True,3,5,False,0.43782558563395735,77
False,3,1,False,2.103434584934778,37
False,1,5,False,1.9553292374360853,169
True,2,5,False,0.44671959995958055,162
False,3,1,True,0.7417754972551232,31
False,2,2,False,0.6212559812106815,93
True,3,5,False,0.5377273726548726,5
True,3,5,False,0.3143888023750774,18
True,1,1,False,1.6402542396679327,91
False,1,1,False,0.8644172885787749,101
True,2,5,False,1.1762152133658739,59
False,2,5,False,1.1085911809664033,120
True,2,2,False,0.805904863589234,95
False,3,5,False,0.5405570730271527,165
False,1,1,False,1.487686748526513,9
False,3,5,False,1.1150031142462016,128
False,2,4,False,1.764845820628656,183
True,3,1,False,0.8495465271419669,133
False,2,5,False,0.6790822108071474,169
True,3,1,False,0.3026863173771692,17
True,3,5,False,0.9238335020456974,109
True,2,1,False,0.23236261084756682,16
True,3,5,False,1.100383362033855,118
True,1,2,True,0.5653344338091189,54
False,3,1,False,1.6272244713260429,20
True,3,1,False,0.2764728767090679,17
True,3,1,False,1.0383762709789541,90
False,3,5,False,0.28817536170697605,18
True,3,3,True,0.38889337036311467,74
True,3,5,False,1.020370649243401,143
True,3,2,False,1.3265516326859303,84
True,1,4,False,0.7267959392761618,125
True,2,2,False,0.878928244248968,62
True,1,2,False,0.8908483223311829,153
True,1,2,False,0.4413202516993173,65
True,2,4,False,1.0672893857771872,137
False,3,5,False,0.7025959773451171,130
False,1,2,False,1.9876282217575245,25
False,2,1,False,0.37920436410226316,11
True,3,1,False,0.19995482998397396,12
True,3,3,False,0.1530360934501879,77
False,2,1,False,1.6271156747838895,31
False,1,2,False,1.7298471621770848,25
True,3,1,False,1.6579334717770258,91
True,2,2,False,0.5798453894793121,61
True,3,5,False,1.2176258050972435,107
False,2,5,False,0.8862400689054768,59
True,3,2,False,0.3350940982407621,73
False,3,4,False,1.018248373964191,126
False,3,4,False,0.22335979997979027,22
True,3,1,False,0.7824998935934177,132
False,2,2,False,2.249590142796399,36
True,3,5,False,0.44401992582944894,13
False,2,1,False,1.789154579101854,40
True,3,1,False,0.44401992582944894,16
False,3,5,False,0.3641160095811484,115
True,3,1,False,0.7764143499400794,165
True,3,1,False,0.3999096599679479,18
True,2,3,False,0.4670549990720403,85
True,3,5,False,1.0596589656955606,169
False,3,4,True,1.1306688676182377,38
True,1,4,False,0.9114448216547142,114
True,1,4,True,0.0,29
True,3,5,False,1.3706618985474313,151
True,1,1,True,0.2592622469087431,25
True,3,4,True,0.6949655572634905,51
True,1,4,False,1.0438844157813707,65
False,3,5,False,0.26477039171115974,9
False,2,2,False,1.3355544435537068,20
False,1,2,False,1.2024286540339753,11
False,2,2,False,1.4444802711423936,26
True,3,2,False,0.8295274266693571,123
True,3,5,False,0.16458237767850667,93
True,3,2,False,0.08822053172300212,72
True,1,2,False,0.8742150913817797,96
True,2,5,False,0.4116121449658561,97
False,2,1,True,1.4947848771993861,31
True,3,5,False,1.011476634917778,106
False,2,2,False,1.270738881826521,20
True,2,5,False,0.9418391237812505,129
True,3,5,False,0.6887712170679989,76
True,2,1,False,0.5825450636094437,165
True,1,1,False,1.6120273202627748,16
True,2,1,False,0.2748655602392873,85
True,3,2,False,0.27027853651357636,76
True,1,5,False,0.33367924805462207,26
True,3,1,True,0.6701881964815242,21
True,1,4,False,0.6825768768725073,164
True,1,1,False,0.46472522169513364,85
True,1,4,False,0.46472522169513364,101
True,3,2,False,1.2941438518223374,125
True,1,3,False,0.7734970827256411,147
False,3,1,False,0.367501879104355,24
False,1,1,False,1.59693896574166,31
True,3,5,False,1.0293734601111777,106
True,1,4,False,0.29781306663972035,49
True,2,5,False,0.25857605151566815,21
True,1,2,False,0.6887712170679989,35
True,1,1,False,0.34748277863174526,72
True,1,2,False,0.38063425010245927,102
False,3,5,False,0.16754704912038104,13
True,3,1,False,2.0144190612765476,144
True,1,2,False,0.826718955997072,157
True,3,5,False,0.0,60
False,2,2,False,1.9533157586990284,15
True,3,5,False,1.608641450739568,93
True,2,2,False,1.4093728161486692,18
False,3,4,False,0.21165731498188212,5
False,1,1,False,2.0800296149389617,27
False,1,4,False,1.0031600194430763,55
True,1,5,False,0.6528687701390461,70
True,3,4,False,1.418158033932139,80
False,2,1,False,0.905359278001376,39
False,3,1,False,0.4116121449658561,14
True,1,2,True,0.8466292599275285,71
True,3,1,False,0.9886490637728831,128
True,2,1,False,0.1820580047905742,71
True,3,4,False,1.3057375402780922,131
True,2,2,False,0.8239104853247871,131
False,2,1,False,1.429391916621279,31
True,3,1,False,0.8295274266693571,96
False,3,3,False,0.2826672169045594,90
True,3,4,False,0.9445387979113821,141
True,3,2,False,1.070784051842547,87
False,3,4,False,1.4345736717972355,60
True,1,5,False,0.6267641260130982,134
True,3,2,True,0.8826405033986346,33
True,1,5,False,0.9293416468481139,92
True,1,5,False,0.34748277863174526,71
True,3,2,False,0.46472522169513364,65
True,1,4,False,1.144493627895356,146
True,1,4,False,0.2592622469087431,101
False,3,2,False,1.0729063271217572,19
True,2,2,False,1.6905588457249254,2
True,2,2,False,0.5764595199561056,70
False,2,3,False,0.26466159516900634,111
True,3,3,False,0.5026411473611432,62
True,1,4,False,0.19995482998397396,103
True,2,2,True,0.9762603833819,66
True,2,1,False,0.32058314257056897,21
False,2,2,False,1.3382541176838385,117
False,1,2,False,1.181832154710444,14
True,3,1,True,0.5405570730271527,9
True,3,3,False,0.4413202516993173,130
False,3,5,False,0.22335979997979027,25
True,1,2,True,0.3060721869003758,4
False,3,4,False,0.7473924385996931,99
True,3,3,False,0.47372803256291024,191
True,1,1,False,0.5295407834223195,173
True,2,4,False,0.9879628683798082,114
False,3,5,False,0.35299092343416183,16
True,3,4,False,1.1411077583721494,101
False,2,2,False,1.973694664938253,87
True,1,5,False,0.5680341079392506,119
True,3,3,False,1.1639353295170443,97
True,1,2,False,0.2736644060367829,77
False,2,5,False,2.09035970915072,120
False,3,5,False,0.3233916132428539,12
False,3,5,False,0.17924953411828923,11
True,2,3,False,1.0410759451090859,100
True,1,2,True,0.2592622469087431,13
True,3,2,False,0.1530360934501879,68
True,1,4,False,1.164512728367966,173
False,1,2,False,1.3624540796148832,18
False,3,4,False,0.49374713303552,84
True,2,2,False,1.5355092735376807,29
True,3,4,False,0.38201283477454817,136
False,3,5,False,0.2427440063874323,95
True,1,2,False,1.8937907486899523,102
True,3,5,False,0.9879628683798082,119
True,2,4,False,1.0913805511660783,128
True,1,5,False,2.1702636253990204,161
False,2,5,False,0.6528687701390461,158
True,2,5,False,0.855632070795305,142
False,3,4,False,1.5503800349744887,74
False,2,1,False,1.0671805892350337,22
False,2,2,False,1.525711470734676,37
True,1,4,False,0.8418073105181868,59
True,3,2,False,0.7239874686038767,156
False,3,5,False,0.27027853651357636,18
True,3,5,False,0.28547568757684444,142
True,2,4,False,0.3842338156093014,19
False,2,5,False,1.2060321166414885,54
False,3,3,False,0.6287776047501548,109
True,2,5,False,0.2826672169045594,145
True,2,2,False,1.9772981275457662,18
True,1,5,False,0.6735740660047308,118
False,1,1,False,2.1889554425276483,27
True,3,1,False,1.2197480803764535,77
False,3,5,False,0.35299092343416183,15
False,2,1,False,1.2906491857569775,22
False,3,5,False,0.831940873787751,80
True,1,1,True,0.7998193199358958,12
False,3,5,False,0.26477039171115974,21
False,3,1,False,1.316971422967232,23
False,2,3,False,1.8352783237004116,58
False,3,5,False,0.3233916132428539,16
True,2,5,False,1.0445706111744457,139
True,1,2,True,0.0,10
True,2,2,False,1.2638583462379545,45
False,2,2,False,0.3350940982407621,96
True,1,3,True,1.059081566844639,51
True,2,1,True,0.2592622469087431,63
False,1,1,False,1.1965941196050986,124
True,2,1,False,2.0524437834847102,15
True,1,4,False,1.0886808770359466,76
False,2,3,False,1.0851862109705868,156
True,3,5,False,0.8529323966651734,163
True,1,4,False,0.4826220468885334,98
True,2,2,False,1.8291927800470735,36
False,2,1,True,0.6701881964815242,39
True,3,4,False,1.3732527761354096,107
False,3,1,True,0.6481556172718578,39
True,3,5,False,0.44952807063186556,28
True,3,4,False,0.803096392916949,116
True,3,5,False,1.0327593296343842,112
True,1,4,False,0.4475145918948089,24
True,1,4,False,0.3350940982407621,109
True,3,5,False,0.9438526025183072,108
False,1,1,False,1.6707573383366223,40
False,3,3,False,0.8032051894591024,154
True,2,4,False,0.805904863589234,87
True,1,3,True,0.48251325034638004,66
True,2,2,False,0.5258686868873751,82
False,2,1,False,1.7111553450484567,20
True,2,3,False,0.9975430780985064,177
False,3,5,False,0.25857605151566815,5
True,3,2,False,1.5613963245793219,115
False,2,1,True,1.083858927626605,42
True,3,5,False,0.4116121449658561,12
True,2,4,False,0.08822053172300212,100
True,3,5,False,0.35579939410644684,14
True,1,1,False,0.8529323966651734,24
True,3,5,False,0.932150117520399,149
True,2,5,False,0.2826672169045594,92
True,3,5,False,0.367501879104355,9
True,1,5,False,0.7500921127298248,128
True,2,5,False,1.1355996135697328,102
False,2,5,False,0.3143888023750774,7
True,3,5,False,1.0024738240500013,138
True,2,5,False,0.9445387979113821,126
True,3,5,False,0.9238335020456974,139
True,3,4,False,1.0465840899115024,84
True,1,5,False,0.6969790360005471,79
False,3,4,False,0.7742920746608694,154
True,3,2,False,0.35849906823657846,100
False,2,5,False,0.6707655953324458,119
False,3,4,False,0.13513926825678818,5
False,1,2,False,1.178337488645084,31
True,2,2,False,0.17644106344600421,153
False,1,1,False,1.5830054089223884,24
True,3,1,False,0.3350940982407621,21
True,3,3,False,0.2904688735698316,142
True,1,2,False,1.6256344874555861,27
False,2,5,False,1.0699890599073187,127
False,3,5,False,0.19444668518155733,107
False,3,4,False,0.19995482998397396,4
True,1,2,True,0.6233782564898915,51
True,2,5,False,1.09757489136157,126
True,1,2,True,0.5653344338091189,69
False,2,1,False,1.5258202672768293,30
False,2,4,False,1.1343360193257364,99
True,3,2,False,0.6357669368808747,83
False,3,1,False,0.244065095845475,24
False,2,4,False,1.2264110228807132,114
False,3,1,False,0.16754704912038104,11
False,1,3,False,0.6701881964815242,37
True,1,5,False,0.7204928025385169,102
True,3,5,False,0.367501879104355,17
False,2,2,False,1.5292061368000358,9
True,2,5,False,0.26477039171115974,17
True,1,2,True,0.8466292599275285,51
True,3,5,False,0.5233464432268279,92
True,1,5,False,1.4664040538099066,80
False,3,1,False,0.3088806575726608,10
True,2,3,False,0.6473606253366295,165
False,1,2,False,1.649616856302324,56
True,3,1,False,1.4793701330518114,82
True,3,1,True,1.2355226302906432,32
True,1,2,False,0.8177161451292955,158
False,2,1,False,1.405878150083309,15
False,1,4,False,1.731751844371988,78
True,3,3,False,0.655677240811331,97
True,3,3,False,0.08642074896958103,73
False,1,2,False,1.4875779519843595,98
True,3,4,False,1.374047768070638,169
False,3,3,False,0.7183705272593068,71
True,3,3,False,0.7556002575322414,132
True,3,2,False,1.517612448344281,24
False,3,5,False,0.32058314257056897,12
True,3,2,False,0.2826672169045594,85
False,3,1,True,0.9542278041722336,10
True,1,5,False,0.31168912824494577,59
False,3,1,False,0.9114448216547142,168
True,3,3,False,0.30247262139353365,61
True,3,4,False,0.7529005834021097,88
True,3,1,False,0.6618715810068226,113
True,3,5,False,0.32058314257056897,141
True,3,4,False,0.9735607092517684,116
False,2,4,False,1.1001657689495483,159
False,1,2,False,1.71825347372133,4
True,2,3,False,0.3350940982407621,99
False,1,1,False,0.7530093799442631,156
False,2,4,False,1.0761834001028103,95
True,2,4,False,0.3233916132428539,18
True,3,4,False,0.3143888023750774,19
True,2,3,False,1.4809150094800998,73
False,1,1,False,1.7201581559162331,25
False,2,3,False,0.6177613151453216,146
True,3,5,False,0.85282360012302,139
True,3,4,True,0.6949655572634905,35
True,1,4,False,0.08822053172300212,95
True,3,3,False,0.8681295477284414,120
False,2,1,False,1.7623637395828309,36
False,3,5,False,1.1154717165549697,150
True,1,5,False,0.5529457534181358,120
True,3,4,False,1.0031600194430763,125
True,3,5,False,0.28817536170697605,10
False,3,1,False,0.26477039171115974,9
True,2,2,False,1.5520337079449307,24
False,3,1,True,0.7417754972551232,15
True,3,5,False,0.899742336656806,189
True,2,1,True,0.17644106344600424,28
True,1,2,False,1.2410307750930598,115
True,2,5,False,0.9852631942496766,77
False,2,2,False,2.097926440132361,16
False,3,2,False,1.476310653155065,23
True,3,1,False,0.7059818468683237,100
True,3,2,False,0.9528554133860836,128
False,1,4,False,1.1973891115403268,126
False,2,2,False,0.5473288120735658,120
False,2,1,False,1.8240444410112717,147
True,3,4,False,0.8970426625266745,122
True,2,5,False,0.44401992582944894,8
False,3,2,False,0.29781306663972035,62
True,3,2,False,1.2238201452927349,104
False,1,3,False,1.8647688373495663,13
True,2,5,False,0.0,89
True,3,1,False,0.9907713390520931,120
False,2,1,False,0.29098383237926106,21
False,2,5,False,0.44401992582944894,19
True,1,1,False,0.2160518724239526,135
False,1,2,False,1.1707070685634573,173
True,3,4,False,0.19444668518155733,63
False,2,2,False,1.2348364348975682,32
True,1,2,False,2.1124373958025546,18
True,3,1,False,1.0065458889662828,78
True,3,5,False,0.44401992582944894,18
False,1,1,False,1.147302098567641,13
True,2,5,False,0.6053726347543384,163
False,1,2,False,1.3844866588245495,22
False,3,3,False,1.9813250850198796,97
True,1,2,False,0.12137200319371615,47
False,3,1,False,1.9092054928375273,25
False,2,2,False,0.7171069330153104,9
True,1,5,False,1.021056844636476,163
False,2,1,False,1.1914123644291421,115
True,2,1,True,0.38889337036311467,14
False,2,3,False,0.953312876981467,105
True,2,2,False,1.2755608312358626,38
True,1,5,False,0.46811109121834027,11
True,1,1,False,0.3322856275684771,135
True,2,4,False,0.6942793618704155,94
True,3,4,False,0.35849906823657846,88
True,1,2,False,0.19444668518155733,65
True,3,4,False,1.0355678003066693,67
True,3,4,False,0.16754704912038104,18
False,2,1,False,1.6127135156558496,43
False,3,2,False,1.7120591335258382,42
False,2,5,False,0.26477039171115974,18
True,1,5,False,0.5763507234139521,39
True,1,4,False,0.37688962253941255,87
False,2,3,False,0.3060721869003758,29
True,3,5,False,0.947347268583667,89
True,2,2,False,0.8328044996504103,72
False,2,4,False,1.0258787940458176,118
False,2,5,False,0.26477039171115974,20
True,3,4,True,0.48251325034638004,54
True,2,1,False,0.8377352456019054,126
False,1,2,False,1.2079367988363918,170
True,2,4,False,0.4789136848395379,61
True,1,4,False,0.8177161451292955,110
True,2,5,False,0.6859627463957139,89
True,2,5,False,0.5005188720819331,166
True,3,2,False,1.2355226302906432,96
False,2,1,False,2.0056338434930776,14
True,2,3,True,0.38889337036311467,69
True,2,4,False,0.9210250313734123,114
False,1,1,False,1.8282889915696918,87
True,2,3,False,1.9579201150240633,105
False,3,5,False,0.732195287536425,151
False,3,5,False,0.26477039171115974,19
False,3,1,False,0.13513926825678818,13
False,1,5,False,0.4523365413041506,176
True,3,2,False,0.4789136848395379,50
False,3,3,False,0.6763825366770158,10
False,3,2,False,1.1085911809664033,24
False,3,4,False,0.9294504433902674,134
False,3,1,False,0.2764728767090679,19
True,2,2,False,1.1623904530887557,153
False,2,2,False,1.6203439357374763,15
True,1,2,False,0.19444668518155733,72
True,3,1,False,0.16473857844809606,104
False,3,2,False,1.3056287437359388,56
True,2,5,False,1.2093091896225419,166
True,2,4,True,0.3060721869003758,34
True,2,5,False,0.22335979997979027,8
True,3,2,False,0.1452344367849158,95
False,3,4,False,0.3026863173771692,21
False,3,1,False,0.3350940982407621,12
False,2,1,False,0.6617627844646692,92
True,1,1,False,0.6004418888028434,72
False,3,1,False,1.6318288276510777,35
True,1,1,True,0.7998193199358958,7
True,2,5,False,0.7584087282045263,126
False,1,1,False,1.7545794155168828,46
True,1,3,False,0.1820580047905742,83
False,3,4,False,0.6734652694625775,147
True,1,1,False,0.44770705817844947,54
False,2,3,False,0.9465522766484388,183
True,3,5,False,0.5584538982205524,85
True,3,1,False,0.26286181241558526,64
False,1,1,False,2.1047618682787594,49
True,3,2,False,1.067975581170262,111
True,1,3,False,0.6278927491875003,31
True,3,3,False,0.8149076744570105,69
True,1,4,False,0.5294682523942172,132
True,3,5,False,0.2261682706520753,11
False,3,4,False,0.8735288959887048,136
True,2,4,False,0.6411662851411379,127
True,1,1,False,1.8931045532968775,143
True,1,2,False,0.06481556172718578,82
True,3,2,False,1.782165246971134,12
True,2,1,False,1.9594013023523666,18
False,3,1,False,0.26477039171115974,16
False,3,5,False,0.4116121449658561,7
True,3,4,False,1.482756002575018,104
True,1,2,False,1.6769516785321137,22
False,1,1,False,1.3121494735578905,13
True,3,2,False,0.31168912824494577,67
True,1,4,True,0.9294504433902673,4
True,2,4,True,0.17644106344600424,61
False,3,3,False,1.461113502091797,152
True,1,1,True,0.38889337036311467,14
False,2,3,False,0.8550334422443884,114
True,3,5,False,0.2592622469087431,117
True,1,2,True,0.9762603833819,60
True,3,5,False,1.511995506999711,166
True,3,5,False,1.1500017726977725,138
True,2,5,False,1.5761248733338218,158
True,3,4,False,0.3026863173771692,6
True,1,3,False,0.4854305175608184,134
False,3,4,False,0.6680659212023142,191
False,3,5,False,0.37920436410226316,21
True,2,1,False,1.9178819140788437,113
False,3,1,False,0.2261682706520753,14
True,3,1,True,0.38889337036311467,22
True,1,2,False,0.5138649390636729,110
True,3,1,False,1.0735925225148322,26
False,2,5,False,0.9410441318460221,148
True,2,1,False,1.5236979919976192,33
True,2,4,False,0.97975504944726,146
True,2,1,False,0.26286181241558526,102
True,3,5,False,0.9114448216547142,152
False,1,3,False,1.7055384037038865,83
False,2,2,False,1.4352598671903103,130
True,2,4,False,0.7619033942698863,70
False,3,4,False,0.5239238420777494,90
True,3,1,False,0.6735740660047308,90
True,2,5,False,0.4205061592914792,128
True,1,5,False,0.27027853651357636,125
True,1,5,False,0.3026863173771692,143
True,3,3,False,0.8149076744570105,87
True,3,5,False,0.8122080003268789,102
True,3,1,False,1.179709879431234,107
True,1,3,False,0.1820580047905742,85
False,3,2,False,0.932150117520399,187
True,3,3,True,0.8466292599275285,61
True,1,4,False,1.2851410409545607,151
True,3,5,False,0.8880398516588979,81
False,2,1,True,0.43570331035474735,15
True,1,2,False,0.5764595199561056,103
False,2,1,False,0.35299092343416183,12
True,3,1,False,0.17924953411828923,130
True,2,2,False,2.2799844449229356,34
True,3,1,False,0.0,80
True,1,3,False,0.600285688033254,122
False,2,1,False,1.7787793774479272,32
False,3,5,False,0.5920265677725985,160
False,3,3,False,0.8466292599275285,115
True,3,5,False,0.7881168349379877,163
True,3,5,False,0.2385569510430584,176
False,2,1,False,1.252733260090968,163
False,3,5,False,0.25857605151566815,7
True,3,4,False,1.0176709751132695,136
False,3,1,False,1.8228896433094284,14
True,3,5,False,0.36818807449742996,68
True,3,4,True,1.059081566844639,59
True,3,1,False,1.0003515487707912,70
False,2,1,False,0.12137200319371615,116
True,2,1,False,1.2858272363476357,115
False,3,5,False,0.32058314257056897,16
True,3,2,False,0.4206149558336326,100
False,1,5,False,1.7353553069795014,83
False,2,1,False,1.1879176983637822,134
True,2,5,False,0.08822053172300212,87
True,1,2,True,0.8826405033986346,65
True,3,5,False,1.1590045835655491,92
False,3,4,False,0.35579939410644684,3
True,2,4,False,0.7176843318662318,84
False,2,5,False,0.6818906814794323,125
True,1,4,False,0.5915478744772202,132
True,3,2,False,0.8266101594549187,75
True,3,4,False,1.1294052733742412,66
True,3,5,False,1.6491482539935558,17
True,1,1,False,0.23899937882438563,157
False,3,4,False,1.5200945293901058,93
True,1,5,False,0.761794597727733,85
False,1,2,False,1.9704175919571998,23
False,3,5,False,0.29098383237926106,8
True,1,2,True,0.6701881964815242,23
False,2,5,False,0.4619167510228487,127
True,1,1,False,1.387872528347756,26
False,3,4,True,0.49374713303552,53
True,1,4,False,0.5258686868873751,29
False,2,1,False,1.0879946816428718,98
False,3,1,False,0.367501879104355,13
False,1,1,False,1.5407998252557906,45
False,3,4,False,0.35299092343416183,11
False,3,1,False,0.2764728767090679,17
False,2,4,False,1.1856866265424186,146
False,3,3,False,1.5561057728612122,172
True,3,3,False,1.0644809151049022,144
False,3,2,False,0.235254751261339,17
True,3,2,False,0.7680977344653779,118
True,1,1,False,1.4231975764257874,39
False,2,2,False,0.9701748397285619,4
True,3,5,False,0.24125662517319002,107
True,1,2,False,0.27027853651357636,90
True,1,2,False,0.2826672169045594,69
True,1,3,False,0.1530360934501879,78
True,3,5,False,0.7943111751334792,16
True,3,5,False,0.25857605151566815,10
False,3,4,False,1.0791006673172487,113
False,2,1,False,1.8111871583115202,22
False,2,5,False,0.8562094696462266,127
True,2,5,False,0.6915796877402839,88
True,1,4,False,0.9211338279155658,90
False,3,5,False,0.3942927186233779,82
True,3,3,False,0.9824547235773916,85
True,2,1,False,0.7472836420575397,174
True,3,1,False,0.8383126444528268,95
False,2,5,False,0.32058314257056897,22
True,2,2,False,1.9607285856963483,72
False,3,1,True,1.6244160006537578,28
True,3,5,False,0.17644106344600424,89
True,3,5,False,1.0969974925106485,132
True,3,2,False,0.47531411933269574,140
False,3,1,True,1.4479749372077535,30
False,3,5,False,0.19995482998397396,7
True,3,5,False,0.4323174408315408,105
True,1,5,False,0.13513926825678818,158
True,1,4,False,0.5708425786115355,154
False,3,5,False,1.1271742015528778,120
False,3,5,False,1.2093091896225419,167
True,1,2,False,1.6174266685230378,23
False,3,1,False,0.3088806575726608,8
False,1,2,False,1.7787793774479272,35
True,3,2,True,0.38889337036311467,50
False,2,2,False,1.1294052733742412,25
False,2,4,False,0.22335979997979027,15
True,3,1,False,0.9762603833819,122
True,3,4,True,0.12963112345437156,8
True,1,2,False,1.6560287895821224,26
False,3,1,False,2.0648324638756934,18
False,3,1,False,0.5585626947627058,113
True,1,3,False,0.3888933703631147,146
True,1,1,False,0.12963112345437156,153
False,3,5,False,0.3233916132428539,6
False,1,1,False,0.570265179760614,76
True,1,5,False,1.1382992876998645,113
True,1,2,False,0.1530360934501879,103
False,3,5,False,0.21165731498188212,14
False,2,1,False,1.0438844157813707,12
True,2,1,False,1.0327593296343842,110
True,3,4,False,0.6653662470721826,106
False,1,5,False,1.740863451781918,124
True,3,2,False,0.761794597727733,149
False,1,2,False,2.009019713016284,18
True,3,5,False,0.23899937882438563,56
False,3,5,False,0.13513926825678818,6
False,2,2,False,0.7851995677235493,135
True,3,2,False,0.732195287536425,141
False,1,2,False,1.3760612468076945,68
False,3,1,False,0.2261682706520753,8
True,2,5,False,1.2644357450888761,138
True,1,2,False,0.6177613151453216,115
True,3,5,False,0.16754704912038104,3
False,3,1,False,0.37920436410226316,12
True,2,4,False,1.6021207209176165,97
True,2,1,False,0.27096473190665127,86
True,3,5,False,0.29098383237926106,17
False,2,1,False,1.0666031903841122,90
False,3,5,False,1.0238653153087611,171
False,3,4,False,0.19995482998397396,2
False,1,1,False,1.1169077964411047,6
True,2,1,False,1.250610984811758,143
True,1,4,False,1.1618130542378342,86
False,2,5,False,0.9714384339725584,135
False,1,2,False,2.0152140532117757,29
True,3,5,False,0.5881620049540137,70
False,3,4,False,0.28817536170697605,5
False,2,3,False,0.5529457534181358,90
False,1,3,False,1.3030378661479605,108
False,2,1,False,2.0000169021485075,35
True,3,3,False,0.42009999702420314,90
False,1,1,False,1.7733800291876642,41
False,3,4,False,0.38889337036311467,115
False,1,2,False,0.8646348816630816,37
True,2,1,False,0.5846823747027098,104
True,3,2,False,0.12137200319371615,124
True,1,1,False,1.6104373363923181,158
False,2,5,False,0.35299092343416183,18
False,1,2,False,1.6063015823760514,44
True,3,2,False,0.7183705272593068,183
False,3,1,False,0.2261682706520753,8
False,3,5,False,0.26477039171115974,19
True,2,3,False,0.24125662517319002,97
True,1,1,True,0.9294504433902673,11
True,2,5,False,0.9886490637728831,143
False,1,1,False,1.781479051578059,25
True,3,2,False,1.0914893477082317,43
True,3,5,False,0.8439295857973969,79
False,3,5,False,0.41769768861919426,109
False,1,1,False,1.8408952650449817,27
False,2,2,False,1.420280309211349,26
True,1,5,False,0.415106811031216,90
True,2,4,False,1.0851862109705868,106
False,3,4,False,0.20779275216329718,114
False,3,5,False,0.29098383237926106,9
True,3,1,False,0.8418073105181868,101
True,3,2,False,0.8494377305998135,166
False,3,1,False,1.081691544905227,12
True,2,1,False,0.932150117520399,101
True,1,5,False,0.6177613151453216,131
False,3,2,False,0.5943563451495052,108
True,1,3,False,0.5501372827458508,148
True,3,1,False,0.10202406230012527,62
True,3,5,False,0.6528687701390461,90
False,3,1,True,0.9074178641806009,23
False,3,1,False,0.5853535342817286,146
True,2,2,False,0.8763373666609897,108
False,3,5,False,0.26477039171115974,8
False,3,1,True,1.083858927626605,34
False,1,4,False,1.314849147688022,81
True,1,4,True,0.6701881964815242,34
False,3,2,False,1.4051919546902343,27
True,2,2,False,0.9549776886652936,38
False,2,5,False,1.423774975276709,128
False,3,4,True,0.9762603833819,31
True,2,3,False,1.3030378661479605,139
False,3,4,False,1.2677128180699293,97
True,1,5,False,0.9528554133860836,116
True,1,1,False,1.0148625044409845,99
True,1,2,False,0.779800219463286,73
False,2,1,False,2.0063200388861526,22
True,2,4,False,0.24687356651776,79
True,1,2,False,1.8668911126287762,104
False,1,2,False,1.7471665885195629,7
True,3,4,False,0.9411529283881755,112
False,3,4,False,1.0416533439600073,119
False,2,1,False,0.8025189940660273,7
True,3,4,False,1.0445706111744457,144
True,3,5,False,0.8120992037847254,166
True,1,1,True,0.3641160095811484,69
True,3,2,True,0.7417754972551232,36
True,3,5,False,0.17924953411828923,15
False,2,1,False,0.38063425010245927,130
False,2,2,False,1.7733800291876642,16
True,3,4,True,1.2355226302906432,54
True,3,1,False,1.885800522841711,38
False,2,1,False,1.0935028264452884,37
True,1,1,True,0.7530093799442631,26
True,2,5,False,0.7557090540743947,99
True,3,5,False,0.5065207459937842,63
False,2,5,False,1.0417621405021606,154
True,3,3,False,0.3999096599679479,150
True,3,1,False,0.27027853651357636,21
True,1,5,False,1.9434091593538703,138
True,1,1,True,0.9294504433902673,46
True,3,1,False,0.8818455114634063,78
True,2,5,False,0.35849906823657846,86
False,2,5,False,0.6673584961092441,44
True,3,4,False,0.4633103715089937,99
False,3,1,False,1.0610950455816957,25
False,3,2,False,0.2592622469087431,118
True,2,5,False,0.9624356231047818,124
True,3,4,False,0.23236261084756682,7
True,2,4,False,0.8508101213859633,182
False,3,5,False,0.2261682706520753,6
True,1,2,False,0.37369621929984653,112
False,2,5,False,0.22335979997979027,10
True,1,3,False,0.43570331035474735,56
False,2,4,False,1.4023834840179492,65
True,2,5,False,0.39090684910017137,75
True,3,5,False,1.0176709751132695,137
False,2,1,False,1.5581192515982687,33
True,1,5,False,0.1530360934501879,91
False,3,5,False,0.7183705272593068,85
True,3,1,False,0.12137200319371615,102
True,3,4,False,0.8914257211821045,96
True,3,5,False,0.685276551002639,118
False,3,1,False,0.7881168349379877,28
True,2,1,False,1.1563049094354176,8
True,3,5,False,0.6529775666811994,81
True,2,4,False,1.3388315165347602,91
True,2,4,False,0.24687356651776,100
True,1,2,False,1.8000620721645337,20
True,3,4,False,1.020370649243401,104
True,3,5,False,0.4502142660249405,59
True,1,1,False,1.3059551333623989,19
False,3,4,False,0.26477039171115974,17
True,2,3,False,0.6177613151453216,123
False,1,2,False,1.3231657631627236,30
True,3,4,False,0.9990879545267948,125
False,2,5,False,0.8412299116672652,127
False,2,5,False,0.8618264109907965,149
True,3,4,False,1.067975581170262,112
True,3,3,False,1.0321819307834628,130
False,2,2,False,1.2327141596183582,120
True,3,4,False,1.0031600194430763,95
False,1,2,False,1.7642684217777342,16
True,1,4,False,0.7356899536017849,187
False,1,2,False,1.0941890218383634,22
False,1,5,False,1.0473790818467306,160
False,3,5,False,0.244065095845475,14
False,3,1,False,0.3708877486275616,165
True,3,1,False,0.4826583124025845,31
True,2,5,False,0.3143888023750774,5
False,2,1,False,1.5960351772642782,33
False,3,1,False,0.28817536170697605,3
False,2,5,False,0.34679658323867024,24
True,3,2,False,0.36130753890886347,154
False,3,3,False,1.0589727703024856,176
False,2,1,False,1.037581279043726,19
False,2,1,False,1.1377218888489429,11
True,3,5,False,0.2261682706520753,8
True,2,3,False,0.43300363622461574,98
False,3,5,False,0.13513926825678818,4
True,2,2,False,1.58782735833173,31
True,2,5,False,0.2261682706520753,12
False,3,1,False,0.2764728767090679,11
False,2,5,False,1.0644809151049022,126
True,3,2,False,0.34748277863174526,175
False,3,2,False,1.4739707847915482,121
True,1,1,False,1.3732527761354096,43
True,2,2,False,0.37650468997213155,89
True,3,3,False,0.9562412829092903,122
True,1,5,False,0.3999096599679479,89
True,2,5,False,0.439447937917794,121
False,3,1,True,1.3651537537450147,37
False,1,1,False,1.880183581497141,27
True,2,2,False,1.3795559128730543,18
True,1,3,False,0.6942793618704155,46
True,2,1,True,0.38889337036311467,43
True,2,5,False,0.367501879104355,14
True,3,4,False,0.9059366768522976,134
True,1,2,False,0.08822053172300212,69
True,3,2,True,0.7530093799442631,31
True,3,2,False,1.1086999775085566,97
True,3,3,False,0.08822053172300212,106
False,3,4,False,0.23236261084756682,11
True,1,5,False,0.16083775011546,98
True,1,3,False,0.0,116
True,3,2,False,0.5065207459937842,82
True,1,5,False,0.5295407834223195,76
False,3,4,False,1.185795423084572,141
True,3,2,False,0.31168912824494577,86
False,3,4,False,0.1801856910090509,81
True,3,3,False,1.1528102433700576,89
False,1,2,False,1.1762152133658739,32
False,3,3,False,0.72938681686414,89
False,2,3,False,0.8908483223311829,172
False,3,1,False,1.8890775958227641,36
True,2,1,False,1.3787609209378262,9
True,2,4,False,0.2826672169045594,72
False,3,5,False,0.7686126932748074,124
False,2,2,False,1.5051149714111445,27
False,3,5,False,0.16754704912038104,10
True,3,1,True,0.9294504433902673,21
False,2,2,False,1.6373369724534943,38
True,2,4,False,0.37650468997213155,80
True,3,3,False,0.24687356651776,80
False,2,2,False,1.8179588973579335,12
True,3,2,False,0.34679658323867024,90
False,2,5,False,1.2802102950030658,66
False,3,5,False,0.29098383237926106,16
True,2,3,True,0.17644106344600424,35
True,3,1,False,0.17924953411828923,15
False,2,3,False,0.850015129450735,150
True,3,3,False,0.932150117520399,93
False,2,3,False,1.4532654889258634,99
True,1,1,False,0.5065207459937842,95
True,3,4,False,0.36469340843207,90
True,1,5,False,0.46811109121834027,70
False,3,5,False,0.13513926825678818,11
False,2,3,False,0.21965143793079475,171
True,1,1,False,1.3677446313329928,45
False,3,2,False,0.8232242899317121,154
True,3,5,False,0.7943111751334792,119
True,1,2,True,0.9294504433902673,25
True,3,5,False,0.6645712551369543,170
True,3,5,False,0.6446609512064978,95
False,3,5,False,0.2261682706520753,13
True,1,3,False,0.37650468997213155,70
True,2,2,False,0.17284149793916206,53
False,3,4,False,0.3143888023750774,9
True,1,3,False,0.24125662517319002,83
True,3,1,False,1.1525926502857509,142
False,3,5,False,0.9349585881926841,164
True,1,2,False,1.9704175919571998,89
True,3,4,False,0.22335979997979027,21
True,3,2,False,1.8289751869627666,20
True,1,2,False,0.3564855894995218,46
True,1,3,False,0.1820580047905742,91
True,1,5,False,0.3888933703631147,26
True,1,5,False,0.37688962253941255,92
True,1,1,True,0.12963112345437156,37
True,1,1,True,0.43570331035474735,15
True,1,4,False,1.855188627630868,156
True,2,5,False,0.7701112132024345,110
True,3,5,False,0.8880398516588979,154
False,2,4,False,0.3233916132428539,12
True,3,5,False,0.5943563451495052,142
True,3,5,False,0.16754704912038104,10
False,3,5,False,0.3026863173771692,13
False,2,4,False,0.32058314257056897,20
True,3,4,False,0.2233960654938414,98
True,2,5,False,1.0445706111744457,157
False,3,4,False,0.565334433809119,114
True,2,5,False,1.0003515487707912,80
False,2,3,False,0.7707974085955094,106
True,1,5,False,0.3502912493040302,56
True,1,3,False,0.2144657856541671,166
True,2,4,False,0.9935798097243782,42
False,3,4,False,0.26477039171115974,11
True,2,3,False,0.8770235620540647,105
True,2,3,False,1.193894445474967,57
True,1,4,False,0.12137200319371615,90
False,3,5,False,0.9294504433902674,123
False,2,1,False,0.7612171988768114,25
False,1,2,False,1.3996838098878177,31
True,2,4,False,1.502883899589781,118
True,3,1,False,1.132573549813141,111
False,1,1,False,1.7153362065068916,24
True,3,4,False,1.0796780661681702,105
True,1,1,False,1.3706618985474313,121
True,3,5,False,0.7355811570596316,174
True,2,2,False,1.8733030459085744,36
False,1,5,False,0.9465522766484388,162
False,2,2,False,1.058863973760332,119
False,2,3,False,0.7949973705265542,110
True,1,1,True,0.43570331035474735,19
True,3,1,False,0.5825450636094437,178
True,3,1,False,1.0562730961723539,106
False,3,2,False,1.4410944016191871,13
False,2,2,False,1.7589778700596244,20
True,3,3,False,0.17644106344600424,154
True,3,1,False,0.2510031266480877,104
True,3,1,False,1.011476634917778,101
True,1,1,False,0.9886490637728831,89
True,3,5,False,1.4257884540137655,70
True,3,5,False,0.7619033942698863,159
False,1,1,False,2.3297116521290064,33
True,1,4,False,0.44770705817844947,117
True,2,5,False,0.3033725127702442,134
False,3,1,False,1.9151822399487122,33
True,3,5,False,0.5221240593243284,119
True,3,4,True,1.2355226302906432,23
True,1,1,False,0.19444668518155733,81
False,2,4,False,0.22335979997979027,8
False,2,1,False,1.3471481320094616,43
True,3,1,False,0.24687356651776,109
True,1,5,False,0.5977422146727118,136
False,3,5,False,1.0741699213657536,140
False,2,5,False,0.26466159516900634,168
False,1,1,False,1.2115402614439053,66
False,2,5,False,0.1820580047905742,80
True,3,2,False,1.6967531859204168,84
False,2,2,False,1.5438258890123824,19
True,3,4,False,0.44304750342463617,161
False,1,1,False,1.7292697633261631,33
False,3,5,False,1.2645445416310295,140
False,2,5,False,0.28817536170697605,20
True,2,4,False,1.6995616565927019,9
True,3,4,False,1.9346239415704005,68
False,3,4,False,1.272861157105731,127
False,1,5,False,1.775862110233489,141
False,3,5,False,0.32058314257056897,14
True,3,5,False,0.9879628683798082,120
False,2,1,True,0.824596680717862,4
False,3,5,False,0.37920436410226316,21
True,2,5,False,0.7417754972551232,195
True,1,4,False,0.3999096599679479,74
True,3,3,False,0.9355359870436055,129
True,2,1,False,1.356150942877238,27
True,3,5,False,1.0148625044409845,147
True,3,4,False,1.2408131820087531,133
False,2,5,False,1.106468905687193,68
True,3,5,False,0.7527917868599563,152
True,2,1,True,0.43570331035474735,65
True,2,1,False,0.17924953411828923,5
False,1,4,False,1.5552019843838305,83
True,3,2,False,0.0,108
True,3,2,False,0.18825234498606577,58
True,3,5,False,1.011476634917778,82
True,2,4,True,0.9294504433902673,20
True,1,1,False,1.4816012048731748,150
True,3,5,False,0.7584087282045263,145
False,2,1,True,0.6233782564898915,23
False,3,5,False,0.35579939410644684,14
True,3,2,False,0.7410893018620481,91
False,2,1,False,1.4466025464216037,16
True,1,4,False,0.7320864909942717,148
True,3,4,False,1.0734837259726788,99
True,3,5,False,1.0969974925106485,88
False,2,4,False,0.8701430264654981,161
True,2,1,True,0.17644106344600424,16
True,2,5,False,0.6645712551369543,160
True,3,2,False,0.5757733245630305,95
False,1,4,False,1.7229666265885182,104
False,3,3,False,2.3378106745194014,125
True,2,5,False,1.1348046216345045,104
True,2,1,False,0.9880716649219616,24
True,1,5,False,1.1500017726977725,117
True,3,4,False,0.8384214409949802,103
True,1,2,False,0.2592622469087431,87
True,3,4,False,0.8701430264654981,101
False,1,2,False,0.5321316610102977,110
False,3,4,False,0.6818906814794323,137
True,3,5,False,0.9824547235773916,102
True,3,2,False,0.45505125124833823,21
False,2,5,False,0.9259557773249074,126
True,3,2,False,0.46472522169513364,99
False,1,2,False,1.8766889154317812,17
False,1,1,False,1.2349452314397216,37
True,1,5,False,1.509187036327426,137
False,2,2,False,2.0352331536843855,32
False,1,5,False,1.075714797794042,99
True,1,3,False,0.5414720002179193,41
False,3,4,False,0.2764728767090679,21
False,3,5,False,0.23236261084756682,8
False,3,4,False,1.102505637313065,126
False,3,5,False,0.5997556934097685,139
False,3,1,False,1.055586900779279,100
True,3,5,False,0.9328363129134739,92
True,1,5,False,1.316971422967232,67
False,3,1,False,0.29098383237926106,11
False,2,2,False,2.0119369802307228,23
True,3,2,False,1.1411077583721494,121
False,3,5,False,0.35299092343416183,12
False,2,1,False,2.020939791098499,34
True,3,3,False,0.7707974085955094,150
True,3,4,False,0.10202406230012527,73
False,2,2,False,1.635432290258591,38
True,3,5,False,0.5736510492838205,86
True,3,5,False,0.6088673008196984,139
False,3,4,False,0.8109444060828823,188
True,3,5,False,0.899742336656806,99
True,1,1,True,0.43570331035474735,28
False,3,1,False,2.232488309538228,10
False,1,2,False,1.7911680578389104,15
True,3,3,True,0.12963112345437156,61
False,3,2,False,0.953312876981467,41
False,3,2,False,1.8408952650449817,31
False,3,5,False,1.011476634917778,142
False,2,2,False,1.3059551333623989,96
False,3,2,False,1.8435949391751132,23
True,3,5,False,1.2355226302906432,113
False,2,1,False,1.608641450739568,24
False,2,1,False,1.5851276842015984,27
False,1,1,False,1.1500017726977725,27
False,3,2,False,0.7149846577361003,121
True,1,4,False,0.23899937882438563,113
True,1,4,False,0.0,106
True,1,3,False,0.06481556172718578,91
False,1,4,False,1.419594113818274,63
False,1,1,False,1.5851276842015984,33
False,3,5,False,0.244065095845475,17
True,1,4,False,0.0,110
False,3,1,True,0.38889337036311467,40
False,2,2,False,0.5411344718780743,143
True,2,3,False,1.2003063787547652,106
False,2,1,False,1.2052371247062603,12
True,1,5,False,0.6005506853449968,86
True,2,5,False,0.8625126063838715,115
False,2,2,False,1.387872528347756,30
False,1,2,False,0.8529323966651734,28
True,2,1,False,1.653437911994144,22
True,3,1,False,0.8384214409949802,91
True,2,2,False,1.3321685740305003,28
True,1,2,False,0.855632070795305,96
False,2,5,False,1.309232206343452,166
True,2,2,False,0.3492825613851663,74
False,3,4,False,1.7972536014922487,10
True,2,5,False,0.08822053172300212,85
False,3,5,False,0.3350940982407621,15
True,3,5,False,0.3098168144634224,96
True,3,4,False,0.23899937882438563,57
True,3,5,False,0.3350940982407621,17
False,3,3,False,1.5090782397852727,154
False,3,1,False,0.2764728767090679,18
True,2,1,False,0.8120992037847254,170
False,1,5,False,1.3382541176838385,100
True,1,1,True,0.43570331035474735,30
False,3,1,False,0.3350940982407621,17
True,3,3,True,0.9294504433902673,29
True,3,2,False,0.4854305175608184,69
False,3,5,False,0.22335979997979027,19
True,3,3,False,0.5356263270756576,63
True,2,5,False,0.35299092343416183,17
True,3,4,False,0.8087133342615189,115
False,3,3,False,0.45910828035056367,106
False,1,5,False,0.06481556172718578,188
True,3,1,False,1.0465840899115024,102
True,1,3,False,1.0617812409747704,134
False,2,3,False,1.0445706111744457,182
True,1,3,False,0.6287776047501548,110
False,2,2,False,0.8494377305998135,115
True,3,2,False,1.1735155392357424,117
True,3,2,True,0.5653344338091189,74
True,2,5,False,0.9618582242538603,150
False,1,1,False,1.1622816565466023,165
True,3,2,False,1.0522010312560723,50
True,2,2,False,1.5664358670729706,135
True,1,1,False,0.6294638001432298,57
True,1,1,False,0.2826672169045594,74
False,1,1,False,1.7450443132403528,31
True,3,4,False,1.0652759070401305,135
False,2,1,False,1.3526562768118782,150
False,3,4,False,1.2149261309671118,150
False,2,1,False,0.9404667329951005,34
False,1,1,False,1.1701296697125358,9
False,3,1,False,0.44671959995958055,113
True,2,3,True,0.5185244938174862,68
False,1,1,False,1.4464937498794503,16
True,3,2,True,0.5405570730271527,43
False,2,5,False,1.1872315029707072,117
False,1,1,False,1.3410625883561234,20
True,2,5,False,0.3853987042977547,116
True,3,2,False,0.367501879104355,97
True,3,5,False,1.144493627895356,129
True,3,3,False,0.1530360934501879,106
True,1,2,False,0.8439295857973969,82
True,3,4,False,0.8645260851209282,85
True,3,2,False,0.7299168114876254,14
True,2,1,False,0.5323492540946044,124
True,1,4,False,0.855632070795305,108
True,1,4,True,0.12963112345437156,15
False,2,2,False,1.8326874461124334,31
False,2,4,False,0.9935798097243782,149
True,1,1,True,0.7998193199358958,27
False,3,5,False,0.4289315713083342,104
True,2,2,False,0.5887394038049352,24
False,1,1,False,1.1942208351014272,9
True,3,5,False,0.608758504277545,135
True,2,4,False,0.16754704912038104,14
False,2,1,False,1.2967347294103155,29
False,2,1,False,0.17924953411828923,5
False,2,1,False,0.9996653533777163,172
True,3,4,False,0.5065207459937842,101
True,3,5,False,0.9590497535815752,103
False,3,1,False,0.35849906823657846,121
False,3,2,False,0.5171521030313363,144
True,1,5,False,0.38889337036311467,171
True,3,1,False,0.8701430264654981,118
True,2,2,False,0.8761197735766829,112
False,2,1,False,0.6942793618704155,123
True,3,4,False,0.34568299587832413,88
False,2,3,False,1.2234937556662748,71
True,1,5,False,0.8411211151251119,84
True,3,5,False,0.6680659212023142,176
False,3,2,False,0.3888933703631147,128
True,1,3,False,0.38063425010245927,76
True,3,5,False,0.6328496696664363,132
False,2,5,False,0.37920436410226316,6
False,2,5,False,1.3354456470115534,171
False,2,2,False,1.317657618360307,23
True,1,5,False,0.25025943604096657,106
False,2,4,False,1.108122578657635,163
False,3,1,False,2.026230342816609,29
True,1,2,True,0.12963112345437156,40
False,3,4,False,0.17924953411828923,24
False,3,5,False,0.32058314257056897,10
True,1,3,False,0.7997105233937424,141
False,2,1,False,0.5439429425503592,96
False,2,4,False,1.014285105590063,88
True,1,3,False,0.7557090540743947,124
True,2,4,False,0.2826672169045594,62
False,3,5,False,0.28817536170697605,8
False,3,5,False,1.2410307750930598,181
True,3,1,False,0.34679658323867024,5
True,3,5,False,0.5377486023548677,91
True,2,4,True,1.1058915068362716,24
True,3,1,False,1.156196112893264,115
False,2,1,False,0.6232694599477382,113
True,3,2,False,0.39249293586995676,98
False,1,2,False,1.4311878022740288,80
True,3,5,False,0.5674567090883289,76
False,1,1,False,1.358959413549523,21
True,2,1,False,1.5262888695855974,47
True,3,1,True,0.6233782564898915,27
True,2,4,False,1.179709879431234,124
False,1,2,False,1.2761382300867843,37
True,3,1,False,0.9294504433902673,88
False,1,1,False,0.4295089701592558,164
True,2,4,True,0.8714066207094947,72
True,3,2,False,0.49983267668885817,100
True,3,2,False,1.125801810766728,23
True,2,3,False,0.1530360934501879,88
True,3,5,False,0.9907713390520931,122
False,3,1,False,1.8890775958227641,22
False,1,5,False,0.805904863589234,125
True,2,5,False,0.0,99
False,3,5,False,0.43118881765713857,125
True,3,2,False,1.7959900072482524,54
True,2,4,False,0.1176273756306695,87
True,3,1,False,0.34679658323867024,17
True,1,1,True,0.6701881964815242,24
False,3,4,False,0.97975504944726,173
False,1,2,False,1.8200811726371435,31
True,3,5,False,1.1382992876998645,135
False,2,1,False,0.35299092343416183,21
True,1,1,True,0.5185244938174862,21
True,1,5,False,0.7644942718578646,169
False,3,2,False,1.35568234056847,64
True,2,5,False,0.9879628683798082,86
False,3,1,False,1.5526111067958521,26
True,2,5,False,0.7824998935934177,78
False,2,4,False,0.6887712170679989,141
True,2,5,False,0.6411662851411379,118
True,3,2,True,0.7169981364731569,47
True,3,1,False,0.8818455114634063,107
True,1,5,False,0.35849906823657846,101
True,3,2,False,0.19444668518155733,137
True,1,4,False,0.40610400016343945,74
True,3,1,False,0.7500921127298248,124
False,1,2,False,0.8645260851209282,114
False,2,4,False,1.0947664206892849,121
True,2,5,False,0.9384532542580439,131
True,2,1,True,0.49374713303552,24
False,3,4,False,1.0878858851007185,95
False,1,1,False,1.4140859690158574,37
True,3,3,False,0.1820580047905742,90
True,1,2,True,0.38889337036311467,22
True,2,5,False,0.45505125124833823,41
True,3,5,False,0.8149076744570105,132
True,1,1,False,0.2942135011328782,38
False,2,5,False,0.5452166277809659,128
True,3,4,False,0.7763055533979261,103
True,3,3,False,1.1500017726977725,124
True,2,5,False,0.9673663690562768,100
True,3,2,False,0.3060721869003758,61
True,1,1,True,0.0,26
True,3,3,False,0.06481556172718578,99
False,1,5,False,0.6121443738007516,180
True,2,2,False,1.0025826205921546,29
True,2,1,True,0.9294504433902673,8
True,3,2,False,1.7586514804331643,87
True,3,3,False,1.0913805511660783,117
False,1,1,False,1.026673785981046,109
True,1,3,True,0.8826405033986346,76
False,2,4,False,1.2059233200993353,149
True,3,1,False,1.067975581170262,124
True,1,3,False,0.43570331035474735,54
True,2,3,False,0.7383896277319166,59
True,1,2,False,1.055586900779279,176
False,3,4,False,0.16754704912038104,18
True,3,5,False,0.9384532542580439,54
True,2,2,False,1.9772981275457662,26
True,1,1,False,0.5295407834223195,77
True,3,4,False,0.1176273756306695,114
False,2,2,False,1.4292831200791256,4
True,3,1,False,1.3492704072886716,29
False,2,1,False,1.7885771802509323,21
True,2,5,False,0.8467380564696818,187
False,2,5,False,0.28817536170697605,8
True,3,1,False,0.7115987882128937,88
True,1,5,False,0.6680659212023142,158
True,2,5,False,0.26477039171115974,21
False,2,2,False,1.2349452314397216,29
True,3,3,False,0.4238446245872498,86
True,3,5,False,0.9969656792475847,148
True,3,2,False,0.19714635931168895,69
True,1,5,False,0.03240778086359289,150
True,1,3,True,0.3528821268920085,20
False,2,5,False,0.25576758084338314,19
True,1,2,False,0.3999096599679479,85
False,2,5,False,0.27027853651357636,12
False,2,1,True,0.0,41
True,2,2,False,1.2796328961521442,117
False,1,5,False,0.9742469046448434,116
True,3,5,False,1.1327911428974478,88
True,3,3,False,0.08822053172300212,84
True,2,5,False,0.6259691340778698,93
False,2,1,False,2.1145596710817642,30
False,2,2,False,1.6057241835251297,33
True,2,3,False,0.7736058792677944,166
False,1,2,False,1.9918090832159594,13
False,2,5,False,1.2644357450888761,158
True,1,4,False,0.28547568757684444,80
True,3,5,False,1.1058915068362716,112
False,1,1,False,1.6442175080420607,42
False,3,2,False,1.4167856431459889,21
False,2,5,False,0.6646800516791076,158
True,3,3,False,0.9025508073290911,87
True,3,2,True,0.43570331035474735,78
True,3,5,False,0.28817536170697605,86
False,3,5,False,0.6233782564898915,102
True,2,4,False,0.8852313809866129,195
False,1,3,False,0.45910828035056367,143
False,3,3,False,0.6701881964815242,85
True,2,3,False,0.29781306663972035,40
True,3,2,False,0.9293416468481139,72
True,1,4,False,0.3962375634330035,61
False,3,4,False,0.25576758084338314,12
False,3,5,False,0.3143888023750774,22
True,2,5,False,0.9851543977075232,163
True,1,4,True,0.8826405033986346,22
False,1,1,False,1.4994980300665746,40
True,3,2,False,1.0824865368404553,119
True,1,5,False,0.44470612122252395,76
False,2,5,False,0.6032503594751284,137
True,3,1,False,1.514477588045536,30
True,3,4,False,0.855632070795305,84
False,2,2,False,2.124139880800463,23
False,1,2,False,1.6201263426531696,117
True,3,5,False,0.44401992582944894,3
False,2,2,False,1.3554647474841632,39
True,1,5,False,0.40449668369365893,115
True,3,5,False,0.5495598838949292,47
True,3,1,False,1.4320915907514105,173
False,3,1,False,1.8240444410112717,100
True,2,5,False,0.8150164709991639,163
False,3,3,False,0.6977952576357705,46
True,3,4,False,0.5798453894793121,155
True,3,3,False,0.3060721869003758,65
True,1,1,False,0.6673797258092392,43
False,2,4,True,1.1306688676182377,40
True,2,1,False,0.726578346191855,133
True,2,2,True,0.5405570730271527,73
True,1,5,False,0.367501879104355,143
True,1,5,False,0.9211338279155658,114
True,3,2,False,1.1382992876998645,79
False,2,1,False,1.2112138718174452,29
True,1,2,False,2.1386508364706556,21
False,3,1,False,0.28817536170697605,14
True,2,1,False,0.8941253953122361,133
True,3,2,False,1.5355092735376807,36
True,1,2,False,0.31168912824494577,59
True,3,1,False,1.0734837259726788,109
False,3,3,False,0.5534757480416214,128
True,1,2,True,0.48251325034638004,27
False,1,2,False,2.2179773538680347,19
True,3,1,False,1.6635504131215957,82
False,3,2,False,0.9294504433902673,123
True,3,1,False,0.9466610731905922,87
True,2,2,False,0.27027853651357636,76
True,1,4,False,1.0148625044409845,109
False,1,2,False,1.2472251152885514,30
True,3,1,False,0.13513926825678818,16
True,3,4,False,0.9142532923269993,104
False,2,5,False,0.3999096599679479,20
False,3,1,True,0.9074178641806009,41
False,3,1,False,1.6435313126489859,166
True,3,2,False,0.2904688735698316,52
False,3,1,False,0.7619033942698863,122
False,2,5,False,1.2905403892148242,105
True,3,4,False,1.156196112893264,141
True,3,2,False,0.9087451475245826,82
False,2,1,False,0.4513066236852916,65
False,3,1,False,0.23236261084756682,16
False,3,2,False,1.9882056206084462,78
False,2,1,True,0.7530093799442631,24
False,3,5,False,0.367501879104355,19
True,1,5,False,0.72938681686414,133
False,2,1,False,0.6122531703429049,111
True,3,4,False,1.267930411154236,105
False,1,2,False,1.7589778700596244,27
True,1,5,False,0.6728878706116559,54
True,1,1,True,0.6949655572634905,76
True,1,5,False,1.3665898336311497,30
True,1,4,False,1.702370127264987,108
True,3,1,False,0.9886490637728831,102
False,1,1,False,1.621030131130551,39
True,3,4,False,0.7445839679274081,117
False,2,5,False,0.7472836420575397,153
True,3,1,False,1.3375679222907635,23
True,2,2,False,1.263749549695801,17
False,3,2,False,1.394861860478476,17
True,2,4,False,0.8377352456019054,110
True,2,2,False,2.3289166601937783,77
False,2,1,False,1.9228126600303388,32
False,3,1,True,1.318343813753382,30
False,2,4,False,1.7579652850400893,50
False,2,2,False,1.4534830820101703,24
False,3,1,False,0.35299092343416183,3
True,1,2,False,1.1377218888489429,21
False,2,1,False,1.043198220388296,21
False,1,1,False,0.9822371304930848,114
True,1,5,False,0.31788346844043736,164
False,3,4,False,2.3640241151875028,91
False,2,2,False,1.1529190399122111,152
True,2,4,False,1.3918357967218842,74
True,3,2,False,0.7059818468683237,123
False,1,4,False,1.8200811726371435,104
True,1,2,False,0.8618264109907965,107
True,1,1,False,2.102857186083856,40
False,2,5,False,0.32058314257056897,13
False,2,4,False,0.5332128799572639,11
False,2,2,False,0.5026411473611432,179
False,1,1,False,1.5859226761368266,33
True,2,5,False,0.703282172738192,118
True,1,5,False,0.2160518724239526,48
False,3,5,False,0.8430296944206863,84
True,1,2,False,0.6434960625180445,103
True,2,4,False,0.4670549990720403,94
True,3,2,False,0.44770705817844947,78
False,1,1,False,1.2617360709587444,35
False,3,5,False,0.9114448216547142,174
False,3,5,False,0.4116121449658561,18
False,3,1,False,1.7298471621770848,37
True,3,5,False,0.6644624585948009,97
True,3,1,False,1.179709879431234,116
False,1,2,False,1.6505206447797058,24
False,2,4,True,1.083858927626605,29
True,1,3,False,0.8232242899317121,156
False,1,2,False,0.9645578983839919,33
True,2,5,False,0.7266871427340084,133
True,3,3,False,0.9211338279155658,115
False,1,2,False,1.047161488762424,95
True,3,4,False,0.3350940982407621,34
True,1,3,False,0.5240326386199028,59
True,2,4,False,1.0183571705063446,103
True,3,3,False,1.1590045835655491,86
False,3,5,False,0.35579939410644684,12
False,1,1,False,1.7442493213051244,39
True,2,2,False,1.47000751641742,25
True,1,2,False,1.5725214107263086,143
False,3,5,False,0.9934710131822249,125
True,1,3,False,0.1820580047905742,97
True,3,5,False,1.053464625500069,92
True,3,5,False,0.46811109121834027,50
False,3,4,False,0.35579939410644684,16
True,2,4,False,0.6701881964815242,108
False,2,1,False,1.996631032625301,16
True,3,5,False,0.26477039171115974,20
False,1,2,False,1.7153362065068916,48
True,3,2,False,0.6825768768725073,166
True,1,1,True,0.49374713303552,6
False,1,3,False,0.9844682023144482,101
True,3,4,False,0.17644106344600424,75
True,2,4,False,1.0672893857771872,151
False,1,3,False,1.4353686637324636,71
False,2,2,False,1.979997801675898,21
True,3,5,False,0.3350940982407621,18
False,2,4,False,0.25857605151566815,10
True,1,5,False,0.4798135762162484,100
True,1,4,False,0.17644106344600421,89
True,2,5,False,0.8211020146525021,144
True,2,3,False,0.42744419009409196,53
True,1,5,False,0.23165518575449684,100
False,3,5,False,0.19995482998397396,5
False,2,5,False,0.37920436410226316,12
False,2,4,False,0.8301048255202786,146
False,2,5,False,0.367501879104355,10
True,1,4,False,0.8818455114634063,88
True,1,3,False,0.4826220468885334,61
True,2,5,False,0.4413202516993173,175
True,3,5,False,0.2261682706520753,15
False,3,5,False,0.25857605151566815,5
False,3,1,False,0.6942793618704155,169
True,3,5,False,0.3882071749700397,151
True,2,5,False,0.3686305022787572,66
False,3,1,False,1.678856360727017,28
False,3,5,False,0.6711031236722907,114
True,1,4,False,1.8192861807019152,75
True,3,3,False,0.859126736860665,61
True,1,2,False,0.31507499776815234,82
True,3,2,True,0.5653344338091189,2
False,3,4,False,0.2764728767090679,15
False,2,2,False,1.306641328755474,43
False,1,2,False,1.6560287895821224,34
True,1,2,False,1.2059233200993353,100
True,1,3,False,0.24125662517319002,81
False,2,1,False,1.026673785981046,19
False,3,2,False,1.2320279642252832,110
False,2,3,False,0.8646348816630816,93
True,1,5,False,0.1530360934501879,72
False,3,1,False,0.28817536170697605,20
True,1,3,False,0.5150298277521264,123
True,1,4,False,1.7813702550359058,124
True,3,2,True,0.7530093799442631,29
True,2,1,False,1.2587100072021526,153
False,3,4,False,0.37920436410226316,14
False,1,2,False,1.2788379042169158,28
True,2,5,False,1.3299375022091369,132
True,1,1,False,0.9404667329951005,33
True,2,3,False,0.1530360934501879,97
True,1,3,False,0.38063425010245927,52
True,1,2,False,1.0258787940458176,147
True,3,4,False,0.9528554133860836,110
True,3,5,False,0.6673797258092392,81
False,3,5,False,0.32058314257056897,6
True,3,4,False,0.8915345177242578,136
True,2,4,False,0.8707204253164198,132
True,1,5,False,0.40880367429357106,73
True,3,1,False,0.612289435856956,116
True,3,5,False,0.235254751261339,120
True,3,2,False,1.4589912268125866,4
True,1,3,True,0.49374713303552,83
True,3,4,False,1.300120598933522,151
True,1,3,False,0.5102653735568309,109
True,1,5,False,1.0031600194430763,133
True,2,4,False,1.1678985978911722,131
True,3,2,False,0.5143436323590513,90
True,1,5,False,0.6887712170679989,163
True,3,5,False,0.28817536170697605,105
True,1,2,False,1.485890862873763,26
True,2,4,False,0.7410893018620481,133
False,2,1,True,1.2355226302906432,33
False,2,1,False,0.3294771568961921,184
False,3,4,True,0.7530093799442631,12
False,2,2,False,0.7818136982003427,108
False,2,1,False,1.5879361548738833,22
False,2,2,False,1.4754068646776832,39
False,3,4,False,0.37650468997213155,108
True,3,3,False,1.8779074022336095,112
False,3,1,False,0.44401992582944894,15
True,3,3,False,0.3350940982407621,107
True,3,5,False,0.4116121449658561,12
True,2,4,False,0.900428532049881,81
True,3,3,False,0.612289435856956,191
False,1,5,False,0.6259691340778698,89
True,1,4,False,0.7734970827256411,128
True,1,4,False,0.7266871427340084,139
True,1,3,False,0.6880850216749239,73
False,3,5,False,0.21165731498188212,5
False,3,5,False,0.26477039171115974,13
True,3,5,False,0.3999096599679479,81
True,3,1,False,1.023179119915686,101
False,1,1,False,0.7142984623430253,115
False,2,1,False,1.8055702169669503,24
True,1,4,False,1.7587602769753174,105
True,3,5,False,0.561839767743759,49
False,1,1,False,1.6299241454561744,28
True,2,4,False,1.766968095907866,97
True,1,1,False,1.5914308209392434,42
True,1,5,False,0.0,64
False,2,5,False,0.3350940982407621,12
True,1,3,False,1.1294052733742412,153
False,3,4,False,0.770688612053356,157
True,2,5,False,1.2589276002864596,157
False,1,1,False,1.1563049094354176,30
True,1,5,False,0.8680207511862881,104
False,2,2,False,2.0594331156154304,19
False,3,1,False,0.30247262139353365,129
True,1,3,False,0.40329552949115444,104
True,1,5,False,1.0265649894388926,115
True,3,1,False,0.9025508073290911,90
True,1,5,False,1.1086999775085566,162
True,1,2,True,0.9762603833819,62
False,3,4,False,0.5221240593243284,168
True,3,3,False,0.9121310170477892,175
True,1,2,False,0.31168912824494577,74
True,2,1,False,0.9762603833819,136
False,2,5,False,0.21165731498188212,6
True,3,4,False,0.4205061592914792,92
True,3,5,False,1.3491616107465183,69
False,2,4,False,0.43570331035474735,120
False,2,5,False,0.7418842937972765,140
True,3,5,False,1.1265968027019562,156
True,3,3,False,0.5970560192796368,115
True,3,3,False,0.10892582758868684,15
True,3,2,False,0.06481556172718578,66
False,3,5,False,0.35299092343416183,18
True,2,5,False,0.9645578983839919,160
True,1,2,True,0.7998193199358958,67
True,3,3,False,0.27027853651357636,102
True,3,4,False,1.631937624193231,94
False,2,5,False,0.8617176144486431,98
True,1,5,False,1.7620373499563708,149
True,2,5,False,1.0651671104979772,143
True,1,2,False,0.27027853651357636,74
True,3,5,False,0.6411662851411379,108
True,2,5,False,0.7383896277319166,148
False,1,1,False,1.7795743693831556,38
True,1,2,True,0.6121443738007516,61
False,2,2,False,1.7009340473788517,24
False,2,2,False,0.3944015151655313,115
False,1,2,False,1.8181764904422402,18
True,2,2,False,0.24687356651776,97
False,3,1,False,2.029725008881969,31
False,1,1,False,1.2112138718174452,8
False,3,5,False,1.0756060012518887,123
True,3,2,True,0.6121443738007516,27
True,3,5,False,0.35579939410644684,3
False,3,5,False,0.35299092343416183,13
True,3,5,False,0.21965143793079475,66
True,2,3,False,1.4291743235369723,110
False,2,2,False,0.9680525644493518,141
True,2,3,False,0.42331462996376423,107
True,1,5,False,0.6445521546643445,115
True,2,3,True,0.17644106344600424,63
False,2,2,False,0.9732343196253083,115
True,2,3,False,1.8324698530281267,40
False,3,2,False,0.897620061377596,146
True,1,1,False,1.1175939918341797,39
True,1,5,False,0.17644106344600424,79
False,3,2,False,1.4579786417930518,131
False,3,2,False,0.7764143499400794,84
True,3,2,True,0.5653344338091189,72
True,3,1,False,0.811521804933804,99
False,2,4,False,0.6797684062002223,109
False,1,3,False,1.212117660294827,108
True,2,2,False,1.7166634898508732,60
False,3,2,False,1.308546010950377,8
False,3,5,False,0.2261682706520753,25
False,3,2,False,0.3641160095811484,96
True,3,5,False,0.8418073105181868,94
False,1,1,False,1.7147588076559699,17
False,2,5,False,0.6645712551369543,154
False,1,4,False,1.9849285476273928,83
True,2,2,False,0.926533176175829,152
True,3,5,False,0.564648238416044,100
False,3,5,False,0.29098383237926106,9
True,3,5,False,0.37920436410226316,10
False,2,5,False,0.8494377305998135,121
True,3,4,False,0.9204476325224908,68
True,1,3,False,0.31168912824494577,68
True,2,1,False,0.6294638001432298,148
True,1,3,True,0.6233782564898915,26
False,2,1,False,1.884787937822176,127
True,1,2,False,0.5557542240904207,65
True,1,2,True,0.2592622469087431,17
True,2,2,True,0.9762603833819,67
True,3,5,False,1.1299826722251627,135
False,3,1,False,0.43570331035474735,103
False,2,5,False,0.4116121449658561,5
True,1,3,False,1.1533876422209792,158
False,2,2,False,1.8443899311103416,15
False,2,1,False,1.656246382666429,10
True,3,4,False,0.9411529283881755,92
False,3,2,False,1.5078146455412762,12
True,3,4,False,0.23236261084756682,16
True,2,5,False,1.541377224106712,139
False,2,5,False,0.27027853651357636,17
True,2,2,False,1.147302098567641,39
True,2,5,False,0.7356899536017849,101
True,3,2,False,0.48251325034638004,132
True,3,5,False,1.0913805511660783,96
True,3,5,False,0.9348497916505305,113
True,1,5,False,0.5138649390636729,69
True,1,2,False,0.9018646119360161,161
False,1,3,False,0.8294186301272037,113
True,3,5,False,1.1204024625064648,63
False,3,5,False,1.0791006673172487,149
False,3,5,False,0.2764728767090679,12
False,3,2,False,1.1108222527877665,32
True,3,4,False,1.22662861596502,120
False,2,4,False,0.9094313429176575,115
True,1,5,False,0.244065095845475,89
True,3,5,False,0.35299092343416183,20
False,2,5,False,1.034772808371441,150
False,2,3,False,0.2942135011328782,37
False,2,5,False,0.8590179403185116,156
False,3,5,False,0.72938681686414,146
True,2,1,False,1.379664709415208,91
True,3,5,False,1.0086681642454929,95
True,2,4,False,0.31507499776815234,166
True,2,2,False,1.7594464723683925,19
True,2,3,True,0.5653344338091189,26
True,1,1,True,0.5185244938174862,40
True,3,4,False,0.4261231006360492,176
True,3,2,False,0.7455201248181699,31
False,3,3,False,0.659171906876691,107
True,3,5,False,0.27027853651357636,16
True,1,4,False,0.7149846577361003,112
False,2,1,False,1.2935664529714157,19
True,2,5,False,0.9204476325224908,120
False,3,5,False,0.8122080003268789,100
True,3,3,True,0.8714066207094947,61
True,2,5,False,0.5322404575524511,107
True,3,5,False,1.465076770465925,153
True,1,1,False,1.0018964251990798,21
True,1,3,True,0.2592622469087431,17
False,1,1,False,1.0818003414473802,34
True,3,5,False,1.114894317704048,129
False,3,2,False,0.5819676647585221,94
True,3,4,False,1.1824095535613655,130
True,3,1,True,0.7169981364731569,26
False,3,5,False,0.3350940982407621,13
True,1,4,True,0.9762603833819,41
False,2,2,False,1.2997607931669073,21
False,2,2,False,1.3354456470115534,31
True,2,5,False,0.4350171149616724,139
True,3,5,False,0.5033273427542181,164
False,2,5,False,0.3350940982407621,5
True,3,2,False,0.7731271859724161,106
True,3,4,False,0.8356129703226952,127
True,1,4,False,0.7114899916707402,117
True,1,2,False,0.3350940982407621,109
False,3,5,False,0.38889337036311467,96
False,2,5,False,0.8122080003268789,84
True,3,4,False,0.6205697858176066,128
True,3,5,False,0.28817536170697605,128
True,2,4,False,0.8617176144486431,179
False,3,1,False,0.6322722708155147,80
True,3,2,False,0.9328363129134739,142
False,1,1,False,1.6148357909350597,27
True,3,4,False,0.3999096599679479,124
True,3,5,False,0.6907846958050556,82
True,3,2,False,0.9121310170477892,68
True,1,2,True,0.3060721869003758,29
False,3,2,False,1.4464937498794503,70
True,1,2,False,0.5674567090883289,115
True,2,1,False,0.3357802936338371,96
True,1,2,False,0.36130753890886347,111
True,3,1,False,1.732764429391523,24
False,2,2,False,2.1558614662709807,18
True,3,3,True,0.2592622469087431,74
False,2,2,False,1.782851442364209,23
False,3,1,False,0.41184087676354775,19
True,2,4,False,1.1237883320296713,103
True,3,2,False,1.9002026819697508,21
True,2,4,False,0.9700660431864085,99
True,1,5,False,1.129296476832088,147
False,1,1,False,1.199511386819537,17
True,2,2,True,1.2355226302906432,55
True,1,4,False,0.2530679067132515,87
True,2,5,False,1.0762921966449637,109
True,1,2,False,1.5734251992036903,20
True,2,4,False,0.5770369188070271,132
False,3,5,False,0.3999096599679479,14
True,3,4,False,0.6528687701390461,90
True,1,4,False,0.441211455157164,98
True,2,2,False,0.21785165517737368,88
False,1,1,False,1.4554965607472268,19
True,2,3,False,0.34748277863174526,82
False,2,4,False,0.6287776047501548,109
True,2,4,False,0.9583635581885004,110
True,3,2,False,0.10202406230012527,67
True,2,5,False,1.2209028780782967,66
False,3,5,False,0.13513926825678818,10
True,3,5,False,0.7736058792677944,160
False,3,5,False,0.7943111751334792,156
True,2,1,False,1.4969071524785962,19
False,1,5,False,1.3299375022091369,113
True,1,5,False,0.43300363622461574,108
True,1,2,True,1.1058915068362716,76
True,3,5,False,1.1050965149010432,92
True,3,5,False,1.733874119651198,178
False,3,4,False,0.23236261084756682,7
True,3,5,False,0.10202406230012527,39
True,1,5,False,1.8662049172357014,59
False,2,5,False,1.2907579822991306,58
True,1,5,False,1.1735155392357424,157
False,3,1,False,0.7059818468683237,172
True,3,2,False,0.1530360934501879,81
False,2,4,False,0.9618582242538603,132
True,2,2,False,1.2886357070199208,37
True,3,5,False,1.1411077583721494,122
True,3,3,False,1.2410307750930598,84
False,3,2,False,1.1997289799038438,25
True,3,3,False,0.8936567930034679,125
