external,year,test_1,session_3,session_4,test_2,dropout,outside_interaction,first_sessions
0,3,5,40.0,67.0,5.0,0,1.9237164485077205,148
1,1,1,76.0,77.0,5.0,0,2.377207787513714,94
1,1,1,46.0,36.0,3.0,0,2.871172513633541,12
1,1,1,23.0,33.0,2.0,0,3.2998864918575683,7
0,3,5,15.0,69.0,1.0,0,1.246756512979783,154
1,2,1,22.0,40.0,3.0,0,2.3168543694292554,34
1,2,5,28.0,10.0,2.0,1,0.5185244938174862,94
1,3,3,50.0,52.0,1.0,1,2.211783013672543,148
1,1,5,48.0,47.0,2.0,1,0.8826405033986346,98
1,1,5,91.0,25.0,3.0,0,2.4586565801903033,111
1,3,5,93.0,35.0,5.0,0,1.9705263884993531,84
1,2,5,10.0,22.0,2.0,0,0.7169981364731569,101
1,2,5,39.0,51.0,5.0,0,1.047847684155499,63
0,2,2,22.0,31.0,1.0,0,2.4062296988541005,15
1,1,5,50.0,62.0,2.0,0,1.0714702472356221,89
1,1,5,88.0,55.0,1.0,0,0.900428532049881,88
0,2,2,57.0,49.0,2.0,0,2.9535585109276665,18
0,1,2,36.0,51.0,2.0,0,3.5647656801108814,29
1,2,5,17.0,31.0,2.0,0,0.6985651227703326,61
1,3,3,68.0,41.0,4.0,0,3.030327566877222,102
1,3,2,35.0,62.0,4.0,0,0.4393028758615895,39
0,1,2,31.0,46.0,3.0,0,2.163383089810454,20
1,1,5,4.0,83.0,1.0,0,1.307109931064242,20
0,2,5,73.0,43.0,5.0,0,1.3109996206834933,120
1,2,2,43.0,35.0,4.0,0,3.823810333935318,24
1,1,2,68.0,82.0,2.0,1,0.43570331035474735,146
1,1,5,89.0,83.0,3.0,0,1.2482962432489073,54
1,2,5,66.0,11.0,1.0,1,0.49374713303552,104
1,1,2,35.0,39.0,3.0,0,3.075045504549475,38
1,1,1,66.0,54.0,3.0,0,2.45325723193004,91
0,3,5,3.0,39.0,5.0,0,0.6701881964815242,7
0,3,1,4.0,49.0,2.0,0,0.5529457534181358,8
1,2,2,70.0,5.0,2.0,0,1.323960755097952,61
0,3,4,82.0,41.0,3.0,0,1.6658265923851272,162
0,3,5,50.0,20.0,3.0,0,0.9800050109449466,70
0,3,3,64.0,9.0,1.0,1,0.8934391999191611,102
0,3,2,59.0,34.0,1.0,0,4.653806362913443,13
0,1,3,11.0,7.0,1.0,0,4.428747782521043,121
0,3,1,50.0,42.0,2.0,0,2.599086400165201,15
0,3,5,89.0,4.0,5.0,0,2.3524304267317477,134
1,1,5,81.0,0.0,3.0,0,0.5956261332794407,123
1,3,1,76.0,46.0,4.0,0,1.2479113106816264,88
0,2,1,26.0,47.0,1.0,0,3.669184256614673,26
0,2,2,11.0,97.0,5.0,0,2.594841849606781,115
1,3,3,27.0,16.0,1.0,1,0.3528821268920085,106
0,2,1,11.0,26.0,2.0,0,0.5819676647585221,14
1,1,2,75.0,56.0,4.0,0,2.0711356006133386,106
1,1,2,43.0,20.0,1.0,1,0.3528821268920085,115
0,1,1,8.0,68.0,2.0,0,3.177964312067146,112
1,3,1,67.0,51.0,4.0,0,1.147302098567641,161
1,3,5,52.0,13.0,1.0,1,0.0,87
1,1,2,41.0,33.0,1.0,0,2.7249081592297664,34
1,2,1,62.0,55.0,5.0,0,1.4353686637324636,95
0,3,1,20.0,30.0,5.0,0,0.6196336289268448,97
0,1,4,14.0,56.0,1.0,0,3.245652033566602,128
0,2,5,11.0,8.0,4.0,0,0.27027853651357636,9
1,3,1,88.0,41.0,4.0,0,2.4118466401986707,102
0,3,5,8.0,40.0,3.0,0,0.5819676647585221,18
0,3,4,67.0,55.0,2.0,0,2.1455950611592076,124
1,3,2,17.0,30.0,1.0,1,0.7998193199358958,89
1,3,1,81.0,98.0,2.0,0,1.6120273202627748,87
0,3,1,3.0,21.0,5.0,0,0.5819676647585221,15
1,2,5,14.0,16.0,5.0,0,0.792475126866007,98
1,1,5,88.0,64.0,3.0,0,2.2588105467484825,113
1,2,1,43.0,33.0,3.0,0,2.6112574874718777,76
1,3,4,13.0,22.0,4.0,0,0.35849906823657846,7
1,2,2,80.0,94.0,4.0,0,1.5046463691023764,75
0,3,5,5.0,55.0,4.0,0,0.8880398516588979,10
0,3,1,8.0,32.0,3.0,0,0.6935931664773405,20
1,2,5,58.0,24.0,2.0,0,2.9177648605408666,138
0,3,5,5.0,55.0,4.0,0,0.27027853651357636,19
1,3,4,6.0,16.0,3.0,0,0.4523365413041506,14
0,3,1,43.0,16.0,5.0,0,1.535977875846449,69
1,2,5,64.0,4.0,1.0,1,0.49374713303552,92
1,3,5,99.0,52.0,1.0,0,0.8936567930034679,50
0,2,2,22.0,44.0,2.0,0,2.7015031892339496,20
1,3,4,66.0,71.0,1.0,0,1.5706167285314052,51
1,2,2,44.0,12.0,1.0,1,0.2592622469087431,95
0,3,3,84.0,74.0,5.0,0,2.4654283192367163,142
1,1,4,68.0,67.0,4.0,0,0.9266207430179874,62
1,2,2,19.0,42.0,1.0,1,0.17644106344600424,83
1,1,4,69.0,27.0,4.0,0,0.7417754972551232,86
0,2,2,53.0,42.0,2.0,0,3.888408302578197,28
1,2,4,83.0,94.0,1.0,0,2.19514978272314,150
0,2,1,12.0,34.0,1.0,0,0.5529457534181358,5
1,2,4,52.0,14.0,5.0,0,1.871071974087211,144
0,2,5,5.0,22.0,2.0,0,0.42331462996376423,14
1,1,3,88.0,55.0,3.0,0,0.7942023785913258,96
1,2,4,61.0,37.0,5.0,0,1.7416584437171463,88
1,3,1,64.0,27.0,4.0,0,1.5706167285314052,79
1,3,5,35.0,47.0,5.0,0,1.1720794593496073,164
1,3,5,1.0,18.0,2.0,0,0.6411662851411379,9
1,3,2,21.0,50.0,1.0,1,0.12963112345437156,70
0,3,2,20.0,51.0,2.0,0,3.533936191815732,8
0,3,2,48.0,49.0,4.0,0,1.6161568803931026,53
0,3,1,81.0,86.0,2.0,0,1.7718351527593756,162
0,2,1,46.0,37.0,4.0,0,2.7575218418756524,39
1,1,5,95.0,75.0,5.0,0,1.864300235040798,71
0,3,1,53.0,31.0,3.0,0,3.530344420510232,20
1,3,2,29.0,55.0,3.0,0,0.8590179403185116,172
1,1,2,15.0,43.0,5.0,0,0.8700342299233448,76
1,1,2,7.0,44.0,2.0,1,0.43570331035474735,87
1,1,4,2.0,42.0,1.0,1,0.38889337036311467,58
1,3,5,47.0,6.0,3.0,0,0.5473288120735658,188
0,3,1,4.0,37.0,3.0,0,0.48813019169095,14
1,3,5,43.0,28.0,1.0,0,2.053347571962092,166
0,1,2,44.0,30.0,2.0,0,3.175437123579153,15
1,3,4,30.0,64.0,3.0,0,0.8178249416714489,99
0,2,2,28.0,31.0,1.0,0,3.4241182670516763,24
0,1,2,55.0,47.0,4.0,0,4.001406195083165,31
1,2,5,8.0,85.0,1.0,0,1.2713162806774425,108
0,2,5,4.0,55.0,1.0,0,0.8880398516588979,8
0,1,2,22.0,46.0,2.0,0,3.8402259718004146,23
0,3,1,2.0,37.0,5.0,0,0.42331462996376423,25
1,2,1,73.0,99.0,4.0,0,2.8709549205492344,105
1,2,2,53.0,33.0,2.0,0,3.189415787840593,8
0,3,5,1.0,41.0,2.0,0,0.7115987882128937,20
0,3,2,93.0,29.0,5.0,0,0.0,104
0,3,5,6.0,46.0,5.0,0,0.5115351616867663,12
0,3,5,99.0,70.0,4.0,0,1.3815693916101113,67
1,3,1,3.0,33.0,3.0,0,0.6467832264857079,19
1,1,1,58.0,47.0,3.0,0,2.129179423294111,37
1,1,3,51.0,84.0,5.0,0,2.1345787715543745,146
0,1,2,61.0,66.0,5.0,1,1.9525207667638,141
1,2,2,34.0,76.0,2.0,0,1.3347169922184883,100
1,3,3,50.0,55.0,4.0,0,1.8462946133052447,98
1,1,2,89.0,67.0,5.0,0,1.7358239092882695,129
1,3,5,50.0,55.0,4.0,0,2.0173363284909858,84
1,2,2,62.0,4.0,1.0,1,0.5405570730271527,103
0,1,1,32.0,48.0,3.0,0,2.7244729730611525,69
1,3,2,48.0,11.0,3.0,0,0.0,145
1,3,2,1.0,30.0,4.0,0,1.0442481186486567,113
0,3,1,46.0,45.0,2.0,0,3.9658301377806726,14
1,3,2,19.0,13.0,3.0,0,0.7831860889864926,112
0,1,4,51.0,53.0,3.0,0,1.95813770810837,59
0,1,1,82.0,55.0,1.0,0,2.312392225786528,160
0,1,1,28.0,7.0,2.0,0,1.96375464945294,135
0,2,5,8.0,16.0,1.0,0,0.6177613151453216,16
1,1,4,2.0,9.0,4.0,0,0.8401999940484063,105
1,3,1,40.0,28.0,1.0,0,1.0754547453097452,14
0,3,5,2.0,11.0,3.0,0,0.7998193199358958,8
1,3,3,64.0,64.0,3.0,0,2.157983741550191,99
0,2,5,3.0,44.0,3.0,0,0.8880398516588979,9
0,2,5,79.0,71.0,2.0,0,2.8943598905450503,136
1,3,5,12.0,54.0,2.0,0,0.27027853651357636,5
1,3,5,50.0,78.0,3.0,0,1.5415948171910188,71
0,2,5,81.0,18.0,2.0,0,2.530243880963902,143
1,3,4,61.0,33.0,4.0,0,2.4586565801903033,113
1,3,5,17.0,65.0,1.0,0,2.6128474713423344,57
0,3,5,7.0,42.0,4.0,0,0.73500375820871,15
1,1,1,54.0,4.0,5.0,0,1.3181262206690754,46
1,1,4,20.0,63.0,2.0,0,2.2815627374913783,67
1,1,3,32.0,2.0,1.0,1,0.12963112345437156,93
1,1,3,43.0,16.0,1.0,1,0.6701881964815242,91
0,2,5,65.0,40.0,5.0,0,1.9471214185035368,128
1,3,5,59.0,17.0,5.0,0,3.8235927408510113,99
0,3,4,18.0,77.0,4.0,0,1.224578871713912,79
0,3,5,1.0,48.0,2.0,0,0.5405570730271527,18
0,3,2,71.0,60.0,5.0,0,1.6464485798634243,141
1,2,1,34.0,30.0,2.0,0,1.200571376066508,118
0,3,2,27.0,62.0,3.0,0,0.8401999940484063,174
0,3,5,9.0,14.0,1.0,0,0.73500375820871,15
1,2,5,95.0,72.0,4.0,0,1.9347327381125536,118
1,2,4,42.0,34.0,4.0,0,2.2462042732731926,143
1,3,4,72.0,68.0,5.0,0,1.4119636937366473,96
0,3,1,70.0,37.0,3.0,0,2.1001575119537246,168
1,3,3,41.0,1.0,1.0,1,0.6701881964815242,114
0,1,5,72.0,4.0,2.0,0,3.1122115457224244,131
0,3,4,12.0,8.0,4.0,0,0.42331462996376423,18
1,2,4,8.0,43.0,3.0,0,0.7998193199358958,19
0,3,1,13.0,53.0,1.0,0,0.5115351616867663,15
1,1,1,30.0,38.0,2.0,0,2.4460503067150134,24
0,3,5,45.0,61.0,2.0,1,1.1774788076098703,118
1,3,1,18.0,48.0,2.0,0,2.4420233492409,176
1,3,5,66.0,69.0,3.0,0,1.71825347372133,46
0,1,2,31.0,48.0,4.0,0,2.774372665909362,14
0,2,5,78.0,82.0,3.0,0,2.0173363284909858,96
0,2,2,90.0,53.0,2.0,0,3.481509310479529,90
1,2,2,31.0,17.0,1.0,1,0.8826405033986346,100
1,3,3,22.0,26.0,5.0,0,0.35288212689200843,86
1,3,5,14.0,58.0,3.0,0,3.1878258039701364,85
1,1,3,37.0,40.0,2.0,0,1.406564345476384,115
0,1,1,41.0,50.0,4.0,0,2.5882877036446748,18
1,3,4,40.0,92.0,3.0,0,1.4009474041318142,160
0,2,5,8.0,55.0,5.0,0,0.48813019169095,14
0,2,2,31.0,52.0,1.0,0,2.069980802911495,15
1,3,3,54.0,68.0,2.0,0,2.1593561323363404,136
1,3,1,20.0,47.0,3.0,0,2.9510313224396736,97
1,3,2,40.0,24.0,5.0,0,1.7524571402376727,167
1,1,4,45.0,32.0,1.0,1,0.38889337036311467,68
0,2,3,89.0,36.0,2.0,0,2.2873972719202555,92
0,3,5,54.0,99.0,5.0,0,1.794085325053349,148
1,2,3,24.0,4.0,3.0,0,1.3887763168251377,98
1,3,1,3.0,49.0,4.0,0,0.8880398516588979,20
1,3,5,94.0,34.0,5.0,0,2.3414141371269146,74
0,2,2,52.0,86.0,1.0,1,1.7180358806370233,104
0,1,1,93.0,65.0,4.0,0,1.9003114785119042,35
0,3,2,21.0,35.0,4.0,0,2.8295443288178648,107
1,3,5,70.0,5.0,2.0,0,1.2713162806774425,54
1,1,1,34.0,16.0,2.0,1,0.7530093799442631,63
1,3,5,53.0,73.0,5.0,0,1.1997289799038438,171
1,3,5,99.0,58.0,4.0,0,1.8890775958227641,133
0,3,5,89.0,78.0,2.0,0,4.493563344248228,142
1,1,4,53.0,6.0,4.0,0,0.6196336289268448,121
0,3,5,9.0,24.0,3.0,0,0.5171521030313363,16
1,1,1,32.0,5.0,2.0,1,0.5185244938174862,79
1,3,4,72.0,42.0,5.0,0,1.3761700433498478,186
0,3,3,14.0,52.0,1.0,0,2.980772845313289,107
1,3,5,9.0,56.0,1.0,0,2.4890508823168394,135
1,3,5,1.0,30.0,5.0,0,0.5763507234139521,7
1,3,5,50.0,66.0,1.0,0,1.5706167285314052,100
1,3,5,56.0,45.0,3.0,0,0.6355493437965679,90
1,3,3,81.0,6.0,1.0,0,1.5760160767916684,132
1,1,2,29.0,52.0,2.0,0,4.428965375605349,5
1,3,5,67.0,75.0,2.0,0,0.5887394038049352,126
0,3,2,58.0,87.0,2.0,1,1.0230703233735325,95
0,3,2,23.0,34.0,2.0,0,3.8762372152715203,24
1,3,5,79.0,36.0,5.0,0,2.193994985021297,122
1,2,1,57.0,34.0,5.0,0,1.0410759451090859,146
1,3,4,26.0,1.0,1.0,1,0.6701881964815242,84
0,3,4,11.0,56.0,3.0,0,0.7059818468683237,9
1,2,5,55.0,31.0,3.0,0,1.1169077964411047,63
0,2,1,92.0,63.0,5.0,0,2.174616972499594,90
1,3,2,52.0,54.0,5.0,0,0.5349401316825827,22
1,3,3,79.0,88.0,3.0,0,3.9586232125656458,66
0,1,1,59.0,42.0,2.0,0,4.275929282155161,16
0,3,5,4.0,17.0,4.0,0,0.5171521030313363,19
0,2,3,19.0,22.0,3.0,0,1.9464686392506165,165
1,3,3,93.0,37.0,3.0,0,3.246087219735216,113
1,2,2,65.0,63.0,3.0,0,0.706054377896426,88
0,2,1,43.0,42.0,1.0,0,4.324111612932944,17
1,2,1,30.0,0.0,2.0,1,0.6233782564898915,61
1,3,5,12.0,98.0,4.0,0,0.73500375820871,137
0,3,1,94.0,17.0,5.0,0,0.6895361373751151,117
0,3,2,36.0,54.0,2.0,0,3.623964300493497,32
0,3,4,11.0,8.0,3.0,0,0.7059818468683237,25
1,1,5,27.0,43.0,2.0,0,1.395330462787244,111
1,3,1,96.0,47.0,4.0,0,2.1303342209959544,121
1,3,5,7.0,35.0,2.0,0,0.5295407834223195,19
0,2,4,39.0,42.0,3.0,0,0.2592622469087431,119
1,3,5,72.0,41.0,3.0,0,2.5882877036446748,115
1,3,5,65.0,77.0,3.0,0,0.9886490637728831,117
1,3,3,88.0,4.0,1.0,0,3.1461976191544605,114
1,3,1,65.0,76.0,4.0,0,1.9759257367596164,137
0,3,3,78.0,96.0,1.0,1,0.49374713303552,134
1,2,4,68.0,67.0,5.0,0,1.8712895671715177,89
1,3,2,70.0,38.0,3.0,0,0.5005188720819331,125
1,2,5,90.0,63.0,5.0,0,1.1182801872272548,149
1,1,2,40.0,39.0,3.0,0,3.0654016057307913,19
0,1,2,48.0,48.0,2.0,0,4.265130585634635,15
0,3,5,58.0,88.0,2.0,0,2.3303978475220815,98
1,3,1,62.0,74.0,4.0,0,2.2599653444503254,80
1,2,5,43.0,17.0,5.0,0,1.5872499594808085,131
0,3,2,41.0,52.0,3.0,0,2.768973317649099,35
1,2,5,40.0,73.0,2.0,0,1.5938041054429148,162
1,2,3,15.0,12.0,1.0,1,0.6949655572634905,81
0,2,1,28.0,51.0,2.0,0,2.7509676959135456,24
0,3,5,44.0,29.0,3.0,0,1.3091697663019601,159
0,1,1,40.0,50.0,2.0,0,2.7879161440021885,11
0,3,5,8.0,15.0,2.0,0,0.5405570730271527,17
1,3,3,10.0,12.0,1.0,0,1.2557854983750005,72
1,2,3,66.0,49.0,5.0,0,2.3828247288582842,162
0,3,1,54.0,30.0,2.0,1,0.824596680717862,146
1,1,5,27.0,47.0,2.0,1,0.49374713303552,98
0,1,5,89.0,81.0,1.0,0,2.782734388826232,114
0,3,2,26.0,43.0,2.0,0,4.19469808256288,40
0,3,5,13.0,56.0,4.0,0,0.7059818468683237,19
1,3,4,56.0,60.0,1.0,0,1.141685157223071,165
0,1,3,33.0,38.0,1.0,0,4.1874911573478535,71
1,1,5,98.0,21.0,4.0,0,3.4639388749125892,56
1,1,2,68.0,9.0,4.0,0,2.4888332892325327,165
0,3,1,2.0,32.0,4.0,0,0.6287776047501548,18
1,3,5,12.0,55.0,3.0,0,0.7998193199358958,18
1,2,5,73.0,18.0,3.0,0,2.4006127575095304,183
0,2,1,8.0,28.0,4.0,0,0.5115351616867663,11
0,3,3,73.0,71.0,4.0,0,2.099939918869418,162
1,3,4,46.0,82.0,4.0,0,0.8161924984010022,132
1,3,5,10.0,12.0,1.0,0,0.44671959995958055,12
0,3,2,76.0,83.0,3.0,1,0.8714066207094947,91
0,2,1,48.0,31.0,3.0,0,2.7455683476532826,24
1,1,3,21.0,39.0,3.0,1,1.059081566844639,60
0,3,1,8.0,48.0,4.0,0,0.6177613151453216,19
1,2,5,83.0,69.0,5.0,0,1.8298789754401483,66
1,3,1,8.0,26.0,2.0,0,0.6935931664773405,16
1,2,3,18.0,56.0,5.0,0,1.6878591715947937,139
1,2,5,82.0,37.0,4.0,0,2.2531936054039123,150
0,3,1,33.0,42.0,4.0,0,2.9193548444113233,7
1,1,3,55.0,8.0,1.0,1,0.8466292599275285,80
0,2,5,8.0,51.0,3.0,0,0.6935931664773405,15
1,3,5,72.0,83.0,5.0,0,1.7594464723683925,143
1,3,5,99.0,66.0,5.0,0,1.9415044771589667,117
0,3,3,78.0,99.0,2.0,1,0.7282320191622969,124
0,3,4,3.0,16.0,4.0,0,0.5405570730271527,14
0,3,4,11.0,26.0,3.0,0,0.6935931664773405,11
0,2,2,49.0,36.0,2.0,0,2.169000031155024,34
0,3,5,2.0,30.0,4.0,0,0.44671959995958055,18
0,1,1,31.0,36.0,3.0,0,3.546324872206715,31
1,1,5,24.0,6.0,2.0,0,0.9582547616463468,59
1,1,3,58.0,19.0,2.0,1,0.3528821268920085,73
0,2,2,45.0,53.0,2.0,0,2.0875512384784347,31
1,3,2,4.0,51.0,3.0,0,1.2479113106816264,22
1,1,1,15.0,48.0,1.0,0,0.5809377471396632,98
0,3,5,13.0,49.0,3.0,0,0.6411662851411379,9
1,3,1,68.0,50.0,5.0,0,1.9815426781041863,130
1,1,2,98.0,2.0,5.0,0,1.7110465485063033,97
1,3,5,72.0,76.0,5.0,0,2.264209895008746,130
0,2,1,21.0,32.0,1.0,0,3.7835545399057917,26
0,2,1,28.0,35.0,1.0,0,2.3882240771185472,25
0,3,5,13.0,42.0,3.0,0,0.4523365413041506,17
0,3,1,13.0,17.0,5.0,0,0.5295407834223195,11
1,3,3,77.0,58.0,4.0,0,1.1817233581682904,170
0,3,5,8.0,32.0,1.0,0,0.8232242899317121,20
1,3,5,13.0,19.0,5.0,0,0.6177613151453216,9
0,3,1,62.0,92.0,4.0,0,1.2893219024129956,115
0,3,5,5.0,40.0,4.0,0,0.6701881964815242,17
0,3,2,31.0,15.0,4.0,0,1.1216398822230202,100
0,3,4,83.0,5.0,5.0,0,1.4051919546902343,132
1,3,5,28.0,12.0,1.0,1,0.5405570730271527,77
1,3,1,80.0,51.0,5.0,0,2.4946678236614095,171
0,3,5,2.0,33.0,3.0,0,0.44671959995958055,14
1,2,1,13.0,38.0,2.0,0,0.6121443738007516,78
0,1,2,44.0,78.0,5.0,0,2.9641396143638863,58
0,2,2,56.0,36.0,2.0,0,3.076200302251318,21
0,2,4,58.0,78.0,3.0,1,1.8589008867805346,97
1,2,4,46.0,56.0,5.0,0,1.2245063406858099,152
1,2,2,40.0,33.0,1.0,1,0.9294504433902673,58
0,3,5,83.0,83.0,2.0,1,1.2823325702822759,134
0,3,4,8.0,14.0,5.0,0,0.7115987882128937,8
0,3,5,9.0,21.0,5.0,0,0.44671959995958055,17
1,3,1,60.0,45.0,4.0,0,2.022953269835556,90
0,3,5,82.0,92.0,5.0,0,3.1988420935749695,147
0,2,5,54.0,91.0,2.0,1,1.1527014468279042,110
1,1,2,51.0,31.0,2.0,0,3.193442745314706,19
1,1,4,55.0,1.0,2.0,1,0.3528821268920085,105
1,3,4,56.0,42.0,5.0,0,1.3471481320094616,164
0,2,5,47.0,11.0,4.0,0,2.0821518902181717,188
1,2,4,59.0,10.0,1.0,1,0.6701881964815242,82
0,3,2,62.0,45.0,3.0,0,1.8685447855992179,80
1,3,5,69.0,67.0,4.0,0,1.4821786037240963,153
1,2,2,14.0,21.0,1.0,1,0.5653344338091189,86
1,1,2,64.0,2.0,3.0,0,1.5305785275861856,57
0,3,5,4.0,26.0,2.0,0,0.5295407834223195,8
1,2,2,69.0,24.0,4.0,0,1.9772981275457662,90
1,2,3,86.0,96.0,2.0,0,2.7188560317165824,154
0,3,3,37.0,7.0,1.0,1,1.4339962729463138,118
1,1,2,71.0,94.0,3.0,0,0.7237698755195701,60
1,2,5,52.0,37.0,5.0,0,1.9579201150240633,151
1,3,5,74.0,20.0,3.0,0,1.6766252889056537,107
0,3,4,6.0,44.0,3.0,0,0.73500375820871,5
0,2,1,32.0,35.0,2.0,0,3.4889338287788623,25
1,1,4,54.0,43.0,3.0,0,2.029725008881969,86
0,3,1,12.0,44.0,5.0,0,0.5171521030313363,14
0,1,2,62.0,34.0,1.0,1,1.199511386819537,134
0,2,2,25.0,39.0,3.0,0,2.9994312463017625,32
1,2,5,80.0,22.0,3.0,0,2.830481533435401,60
0,2,1,31.0,63.0,1.0,1,2.3414141371269146,163
1,1,2,25.0,39.0,1.0,1,0.38889337036311467,89
0,3,5,3.0,57.0,4.0,0,0.5171521030313363,5
0,2,1,47.0,81.0,2.0,0,2.0506027903897923,108
1,2,2,22.0,51.0,1.0,0,2.057592122520512,27
1,2,5,20.0,98.0,5.0,0,0.8232242899317121,140
1,2,5,57.0,6.0,1.0,1,0.12963112345437156,83
0,1,1,33.0,46.0,2.0,0,1.887922798120921,8
0,2,1,27.0,44.0,4.0,0,2.7539300705701524,28
1,1,1,71.0,13.0,4.0,0,0.900428532049881,37
0,2,4,4.0,8.0,5.0,0,0.6177613151453216,6
0,2,5,80.0,73.0,4.0,0,2.333052414210045,82
1,3,5,99.0,60.0,3.0,0,2.45325723193004,109
1,1,5,76.0,48.0,5.0,0,2.8595034447757874,93
1,3,5,81.0,24.0,3.0,0,2.364819107122731,100
1,2,2,25.0,99.0,1.0,0,1.0010377441638663,77
1,3,2,38.0,22.0,1.0,1,0.49374713303552,89
1,3,1,52.0,24.0,3.0,0,2.0587469202223554,99
1,1,5,32.0,56.0,1.0,0,1.3347169922184883,166
1,1,1,85.0,74.0,5.0,0,2.0643638615669255,75
1,2,3,27.0,24.0,1.0,1,0.8466292599275285,93
1,2,1,78.0,70.0,5.0,0,1.5181898471952027,117
0,3,4,4.0,38.0,2.0,0,0.7115987882128937,19
1,3,4,50.0,74.0,4.0,0,2.2711992271394656,69
1,3,5,82.0,48.0,1.0,0,1.1650901272188874,88
1,2,3,40.0,10.0,1.0,1,0.0,93
1,1,5,67.0,62.0,5.0,0,1.1941120385592736,112
1,3,4,60.0,61.0,3.0,0,1.0277298781273458,107
1,1,2,9.0,49.0,1.0,1,0.6949655572634905,76
0,3,2,25.0,33.0,4.0,0,3.494115583954819,31
1,2,1,67.0,44.0,1.0,0,2.1703724219411735,131
1,1,1,82.0,4.0,1.0,0,0.6913659917566483,62
1,2,4,82.0,66.0,1.0,0,3.0123219451416685,125
1,2,2,81.0,88.0,5.0,0,1.977515720630073,156
0,1,1,34.0,39.0,4.0,0,3.612948010888664,18
0,3,4,26.0,63.0,3.0,0,1.8901075134416232,101
1,1,5,51.0,43.0,2.0,0,1.0892582758868683,121
0,2,1,8.0,40.0,2.0,0,0.27027853651357636,8
0,3,5,4.0,23.0,2.0,0,0.48813019169095,15
1,3,3,92.0,33.0,2.0,0,2.2063836654122797,130
1,2,4,58.0,19.0,3.0,0,0.7777867407262294,82
0,2,5,12.0,23.0,4.0,0,0.5529457534181358,24
0,2,2,35.0,35.0,2.0,0,2.399240366723381,33
1,3,4,95.0,24.0,1.0,0,1.9649094471547832,113
1,2,1,4.0,37.0,1.0,1,0.3641160095811484,79
0,2,4,11.0,31.0,3.0,0,0.5115351616867663,12
1,1,2,71.0,7.0,3.0,0,1.1381581227443311,132
0,3,5,12.0,39.0,4.0,0,0.48813019169095,11
0,2,5,59.0,67.0,2.0,1,0.3528821268920085,102
1,3,1,85.0,73.0,4.0,0,2.229788635408096,115
1,1,2,64.0,33.0,3.0,0,1.6934761129393636,131
1,3,5,56.0,65.0,3.0,0,0.9942660051174531,107
0,1,2,31.0,84.0,2.0,0,1.9415044771589667,141
0,1,1,52.0,45.0,2.0,0,3.4414711095343096,31
0,1,2,49.0,90.0,1.0,0,2.6238637609471676,163
0,2,4,13.0,23.0,2.0,0,0.3999096599679479,17
1,2,4,60.0,71.0,3.0,0,2.028570211180126,71
1,1,4,33.0,34.0,3.0,1,0.5405570730271527,82
1,3,5,52.0,25.0,5.0,0,1.8699171763853681,100
1,1,5,71.0,96.0,3.0,0,2.218772345803263,146
1,3,5,87.0,64.0,4.0,0,1.4713799072035698,106
1,3,4,82.0,43.0,5.0,0,2.3538028175178978,111
1,2,5,20.0,16.0,3.0,0,0.1530360934501879,75
1,2,1,51.0,36.0,3.0,0,4.194480489478573,18
0,2,5,1.0,8.0,1.0,0,0.5763507234139521,11
1,1,5,54.0,93.0,3.0,0,1.795240122755192,138
1,1,4,68.0,40.0,1.0,0,0.8476892491744996,52
0,1,5,48.0,46.0,5.0,1,0.6121443738007516,142
0,2,1,2.0,41.0,3.0,0,0.44671959995958055,11
0,3,1,6.0,37.0,2.0,0,0.6935931664773405,15
1,1,1,26.0,41.0,2.0,0,3.471145800127616,41
0,1,1,25.0,40.0,1.0,0,2.7935330853467586,21
1,2,4,12.0,48.0,5.0,0,0.6287776047501548,10
0,3,1,43.0,53.0,2.0,0,2.8047669680358984,32
1,1,5,59.0,13.0,1.0,1,0.12963112345437156,102
1,1,5,11.0,79.0,2.0,0,1.3035103655573999,45
0,1,3,39.0,96.0,1.0,0,2.6882441365057397,102
1,3,1,77.0,42.0,1.0,0,2.5000671719216725,122
1,3,1,95.0,49.0,2.0,0,1.788468383708779,114
1,3,5,51.0,60.0,3.0,0,0.7777867407262294,36
0,2,1,40.0,32.0,2.0,0,1.316971422967232,41
0,3,2,55.0,54.0,3.0,0,4.070248714284464,104
1,1,1,30.0,40.0,1.0,0,4.335345495622084,27
1,2,1,27.0,44.0,4.0,0,0.6361518694481557,142
1,1,2,11.0,67.0,1.0,0,3.1338089387634773,123
1,2,5,81.0,18.0,4.0,0,1.4409856050770338,120
0,3,5,68.0,30.0,3.0,0,1.3181987516971774,42
1,1,5,76.0,47.0,5.0,0,1.7402860529309963,132
1,3,2,50.0,44.0,4.0,0,1.635432290258591,136
0,2,4,8.0,55.0,4.0,0,0.8232242899317121,16
1,1,5,35.0,22.0,1.0,1,0.7169981364731569,88
1,3,2,80.0,32.0,5.0,0,1.788468383708779,150
0,2,5,75.0,87.0,5.0,1,1.1527014468279042,134
0,1,2,54.0,46.0,3.0,0,1.798329875611769,28
0,1,2,16.0,38.0,4.0,0,3.2872802183822785,73
1,3,1,50.0,33.0,4.0,0,1.95813770810837,136
1,2,5,10.0,21.0,3.0,0,0.6467832264857079,20
1,2,5,53.0,32.0,5.0,0,1.725025212767743,156
1,3,4,10.0,12.0,3.0,0,0.3350940982407621,14
0,2,3,71.0,11.0,5.0,0,2.4706100744126727,141
0,2,4,40.0,33.0,2.0,0,1.9302705944698269,136
1,2,3,48.0,20.0,1.0,1,0.3060721869003758,116
1,3,2,45.0,59.0,3.0,0,0.08642074896958103,121
1,2,2,24.0,33.0,1.0,1,0.5405570730271527,78
1,2,2,67.0,73.0,5.0,0,1.693258519855057,37
1,3,4,67.0,20.0,2.0,0,2.19939433328156,123
1,3,5,55.0,54.0,5.0,0,1.9234988554234138,95
1,2,4,49.0,36.0,5.0,0,2.0765349488736016,134
1,3,4,23.0,67.0,4.0,0,2.91055793532584,49
0,2,1,9.0,51.0,3.0,0,0.5171521030313363,17
1,1,1,52.0,31.0,2.0,0,3.923047155263153,31
1,1,4,93.0,73.0,5.0,0,2.359419758862468,94
0,3,1,2.0,37.0,4.0,0,0.6701881964815242,18
1,2,3,68.0,20.0,5.0,0,1.2533106589418894,149
1,3,4,12.0,1.0,1.0,0,1.2317780027275964,79
0,3,4,78.0,62.0,3.0,0,2.1345787715543745,123
1,1,3,75.0,24.0,5.0,0,1.5935865123586082,108
0,1,1,45.0,34.0,1.0,0,1.6810874325483804,20
1,3,2,72.0,79.0,1.0,0,2.4820615501861196,107
1,2,2,20.0,33.0,2.0,0,1.781479051578059,16
1,3,5,78.0,41.0,4.0,0,1.6766252889056537,128
1,1,1,29.0,47.0,2.0,0,3.7051955000857797,27
1,1,1,55.0,33.0,1.0,0,1.7402860529309963,41
0,3,5,10.0,4.0,4.0,0,3.0001508578349925,125
1,3,4,50.0,69.0,3.0,0,1.3761700433498478,84
1,3,1,66.0,22.0,1.0,0,1.629815348914021,80
1,3,5,23.0,1.0,1.0,0,2.277753373101572,80
0,2,4,60.0,75.0,3.0,0,2.8644007745871276,94
1,2,1,40.0,80.0,5.0,0,2.0599017179241983,158
1,3,1,27.0,64.0,3.0,0,0.792475126866007,150
1,2,1,32.0,46.0,3.0,0,4.065284552192814,37
0,3,1,39.0,25.0,5.0,0,1.482011264241122,99
1,3,2,31.0,41.0,3.0,1,0.2592622469087431,103
1,3,4,23.0,9.0,3.0,0,1.1058915068362716,74
1,3,1,56.0,36.0,4.0,0,1.46439057507285,92
1,2,5,75.0,41.0,5.0,0,1.6244160006537578,158
1,2,4,54.0,9.0,1.0,1,0.6701881964815242,107
1,2,3,75.0,77.0,5.0,0,2.45325723193004,158
0,1,3,98.0,29.0,1.0,0,3.7653313250859317,172
1,2,1,32.0,10.0,2.0,0,0.37688962253941255,53
0,3,5,88.0,59.0,2.0,1,0.9762603833819,100
1,1,3,38.0,19.0,1.0,1,0.48251325034638004,80
0,1,2,20.0,41.0,3.0,0,2.133423973852531,30
1,3,3,67.0,24.0,2.0,0,2.193994985021297,129
1,3,4,70.0,58.0,5.0,0,2.2408049250129296,91
1,3,5,71.0,24.0,5.0,0,0.9474560651258205,128
1,1,2,59.0,7.0,1.0,1,0.8466292599275285,86
1,1,5,63.0,3.0,2.0,1,0.17644106344600424,83
1,3,5,74.0,43.0,2.0,0,1.1858829899267305,76
0,2,5,92.0,16.0,3.0,0,2.1493697603503663,100
0,3,3,49.0,5.0,5.0,0,2.816938055342575,118
1,2,4,57.0,73.0,5.0,0,2.1717448127273236,117
1,3,5,56.0,68.0,1.0,0,1.8699171763853681,147
1,1,5,39.0,35.0,1.0,0,1.8298789754401483,73
1,3,5,90.0,57.0,4.0,0,1.623043609867608,107
0,2,4,79.0,94.0,5.0,0,1.551456309094009,85
1,1,4,88.0,20.0,5.0,0,1.300338192017829,151
1,3,5,46.0,37.0,4.0,0,0.4321037448479052,31
0,3,5,4.0,43.0,1.0,0,2.235405576752666,149
1,2,3,53.0,39.0,5.0,0,1.3181262206690754,89
0,3,5,13.0,24.0,1.0,0,0.5529457534181358,13
0,3,5,4.0,18.0,3.0,0,0.3350940982407621,17
1,2,2,57.0,22.0,2.0,1,0.3060721869003758,96
1,1,5,43.0,53.0,4.0,0,2.19514978272314,147
1,1,2,42.0,14.0,2.0,1,0.7169981364731569,80
1,3,1,1.0,39.0,3.0,0,0.42331462996376423,15
1,3,5,3.0,39.0,3.0,0,0.3350940982407621,5
1,2,3,78.0,9.0,5.0,0,2.1413505106007875,152
0,2,5,98.0,21.0,4.0,0,3.023991013999422,50
1,2,5,57.0,24.0,5.0,0,2.629698295376044,115
0,2,1,25.0,36.0,2.0,0,3.983618166431919,43
1,3,2,79.0,43.0,1.0,0,1.0589365047884345,139
1,3,4,81.0,22.0,5.0,0,1.6878591715947937,105
0,3,5,5.0,44.0,3.0,0,0.5171521030313363,18
1,1,1,6.0,31.0,4.0,0,0.7612685002049185,98
0,3,5,40.0,83.0,2.0,1,0.3060721869003758,136
1,3,1,71.0,70.0,2.0,0,2.1717448127273236,135
0,1,2,52.0,52.0,2.0,0,4.418166679084823,11
1,1,2,51.0,28.0,1.0,0,1.5181898471952027,104
0,3,4,9.0,42.0,2.0,0,0.5405570730271527,24
0,1,1,59.0,51.0,2.0,0,3.2820984632063217,20
1,3,5,89.0,30.0,2.0,1,1.0946576241471315,119
1,1,5,30.0,83.0,2.0,0,1.5830054089223884,59
0,2,3,26.0,27.0,1.0,0,2.912147919196297,154
1,3,5,3.0,12.0,3.0,0,0.8232242899317121,21
1,3,2,95.0,47.0,3.0,0,2.1345787715543745,123
1,3,5,87.0,28.0,4.0,0,1.3471481320094616,56
0,2,1,58.0,18.0,5.0,0,2.6531032653718607,110
0,1,1,43.0,48.0,3.0,0,3.3050682470335246,26
1,3,3,61.0,69.0,5.0,0,1.864300235040798,129
1,3,4,80.0,70.0,5.0,0,2.3180091671310983,113
1,1,5,93.0,22.0,3.0,0,1.3761700433498478,116
1,3,1,91.0,23.0,3.0,0,2.4118466401986707,70
1,1,3,69.0,77.0,3.0,0,3.8620409579257746,146
1,1,5,29.0,15.0,1.0,1,0.0,103
0,1,3,9.0,68.0,2.0,0,1.1349134181766578,76
1,3,4,46.0,19.0,5.0,0,2.093168179823005,142
0,2,5,10.0,11.0,1.0,0,0.5295407834223195,2
0,1,5,67.0,70.0,4.0,0,2.2477942571436493,137
1,3,5,80.0,70.0,1.0,0,0.8826405033986346,58
1,1,5,19.0,61.0,3.0,0,2.8227725897714517,73
1,3,3,77.0,77.0,3.0,0,2.2655822857948955,117
1,3,2,46.0,46.0,3.0,0,1.9223440577215705,31
1,3,1,66.0,96.0,2.0,1,0.12963112345437156,142
1,1,4,56.0,43.0,5.0,0,1.730642154112313,116
1,2,4,83.0,75.0,3.0,0,2.312392225786528,112
0,3,4,63.0,49.0,3.0,1,0.7530093799442631,90
1,3,4,64.0,6.0,1.0,1,0.3528821268920085,77
0,3,1,6.0,41.0,3.0,0,0.7059818468683237,9
0,3,1,58.0,51.0,2.0,0,3.546324872206715,11
1,3,3,52.0,37.0,4.0,0,1.8877052050366143,74
0,3,1,10.0,9.0,4.0,0,0.6177613151453216,13
1,2,4,63.0,38.0,1.0,0,2.115418352116978,67
1,3,3,8.0,20.0,1.0,0,0.4633103715089937,66
0,1,1,56.0,43.0,2.0,0,2.7591118257461087,30
1,2,2,39.0,54.0,2.0,0,2.2754437776978857,28
1,2,1,10.0,33.0,4.0,0,0.5529457534181358,7
1,3,2,52.0,81.0,3.0,0,0.9184341537854341,73
1,3,4,98.0,37.0,3.0,0,2.8061393588220485,139
1,3,5,91.0,35.0,1.0,0,1.5001842254596496,89
1,2,3,9.0,73.0,1.0,0,3.521765104509056,52
1,1,1,20.0,48.0,2.0,0,4.364149813878164,31
0,3,5,96.0,59.0,3.0,0,0.8146527681318778,175
0,2,2,34.0,39.0,3.0,0,3.7891714812503614,24
0,3,5,8.0,10.0,2.0,0,0.73500375820871,13
1,3,2,22.0,62.0,4.0,0,0.4467921309876828,145
1,2,4,46.0,91.0,2.0,0,2.2887696627064056,50
1,1,5,4.0,89.0,3.0,0,1.8807158729058946,26
1,2,4,72.0,41.0,4.0,0,2.2588105467484825,81
0,2,2,22.0,53.0,3.0,0,2.615937224198911,21
1,2,2,36.0,31.0,3.0,0,2.876571861893804,37
1,1,3,98.0,9.0,3.0,0,2.6447415424549905,132
1,3,5,51.0,30.0,5.0,0,1.3415311906648917,132
0,2,5,5.0,19.0,3.0,0,0.5405570730271527,8
1,2,2,26.0,56.0,3.0,0,2.9451967880107963,82
1,2,2,70.0,48.0,4.0,0,1.5179722541108958,172
1,1,5,94.0,54.0,5.0,0,2.527716692475909,39
0,2,2,90.0,29.0,3.0,0,1.8422676558311315,137
1,3,5,79.0,26.0,3.0,0,2.2173999550171133,65
1,2,2,50.0,5.0,5.0,0,0.6196336289268448,38
0,2,5,14.0,8.0,1.0,1,0.7998193199358958,107
1,2,2,44.0,13.0,3.0,0,2.763356376304529,102
0,3,2,42.0,34.0,2.0,0,3.3588675191558774,32
1,2,5,79.0,9.0,1.0,0,3.605741085673637,98
1,3,5,92.0,35.0,4.0,0,1.4934124864132363,100
1,2,1,44.0,34.0,2.0,0,2.982362829183746,51
0,3,1,8.0,24.0,3.0,0,0.5115351616867663,14
0,3,3,53.0,74.0,1.0,0,2.434816424025873,76
0,3,1,79.0,85.0,5.0,0,2.0063200388861526,149
0,2,1,30.0,45.0,5.0,1,1.1058915068362716,165
0,2,5,82.0,19.0,1.0,0,1.4407680119927269,179
1,2,5,1.0,38.0,4.0,0,0.6935931664773405,15
1,3,3,55.0,46.0,1.0,0,1.8877052050366143,129
0,1,2,51.0,44.0,4.0,0,2.9233818018854367,27
1,2,1,43.0,36.0,2.0,0,3.771601045683422,45
1,3,4,84.0,79.0,5.0,0,2.3828247288582842,93
1,2,2,88.0,51.0,1.0,1,1.9057108267721672,150
0,3,5,3.0,24.0,3.0,0,0.6411662851411379,17
0,3,5,9.0,48.0,4.0,0,0.5295407834223195,21
0,2,2,42.0,39.0,3.0,0,3.641752329144744,35
1,3,4,95.0,57.0,5.0,0,1.8242620340955784,103
0,1,4,67.0,56.0,2.0,0,2.4158735976727836,150
0,2,1,28.0,50.0,3.0,0,3.251486567995479,16
1,2,2,27.0,16.0,2.0,0,0.8401999940484063,103
0,1,2,31.0,32.0,4.0,0,3.193660338399013,12
1,3,3,56.0,25.0,1.0,0,1.8422676558311315,148
1,2,1,30.0,51.0,4.0,0,2.864183181502821,33
0,2,4,90.0,85.0,1.0,0,3.023991013999422,43
0,1,2,31.0,34.0,2.0,0,3.4182837326228,28
1,3,3,27.0,1.0,2.0,1,0.0,96
1,3,3,60.0,45.0,5.0,0,2.1649730736809105,121
1,3,4,75.0,88.0,5.0,0,1.151546649126061,65
1,1,1,94.0,35.0,5.0,0,1.1805685604664473,92
1,3,2,79.0,48.0,5.0,0,0.7584087282045263,45
0,3,1,7.0,46.0,2.0,0,0.6935931664773405,9
0,3,5,8.0,27.0,3.0,0,0.7059818468683237,22
1,3,2,90.0,45.0,5.0,0,2.3470310784714847,125
0,3,5,2.0,12.0,3.0,0,0.5171521030313363,23
0,2,1,55.0,63.0,4.0,0,4.146080565616483,88
0,1,1,24.0,51.0,2.0,0,3.505349466643959,37
1,1,3,58.0,49.0,3.0,0,0.8356129703226952,163
0,1,1,50.0,47.0,1.0,0,3.2348533370460757,19
1,2,3,62.0,18.0,1.0,1,0.3528821268920085,100
0,2,3,55.0,93.0,5.0,0,1.5719891193175553,131
1,3,2,54.0,76.0,3.0,0,0.8232242899317121,83
1,3,4,88.0,96.0,2.0,0,1.1072638976224214,56
0,2,2,57.0,30.0,2.0,0,3.217282901479136,9
1,3,5,1.0,40.0,4.0,0,1.5462543719448323,52
0,2,5,8.0,19.0,3.0,0,0.27027853651357636,20
0,2,1,47.0,30.0,2.0,0,3.229236395701506,19
0,1,2,64.0,63.0,4.0,0,2.269609243269009,159
1,2,4,15.0,13.0,1.0,0,2.334207211911888,120
0,3,5,61.0,93.0,4.0,0,2.7354892626659857,63
1,1,2,56.0,93.0,2.0,1,0.3060721869003758,169
0,1,5,60.0,23.0,5.0,0,1.4173630419969105,143
1,1,5,38.0,46.0,3.0,0,1.0935028264452884,166
1,2,3,50.0,76.0,3.0,0,1.553983497582002,42
1,1,4,37.0,39.0,1.0,1,0.7530093799442631,83
1,2,4,17.0,83.0,5.0,0,2.022953269835556,137
1,3,3,24.0,86.0,3.0,0,2.069980802911495,184
0,3,5,48.0,85.0,1.0,1,1.4339962729463138,136
1,2,4,88.0,38.0,4.0,0,1.0517373737747502,84
0,1,2,21.0,46.0,2.0,0,2.187005652890577,22
1,3,5,74.0,52.0,4.0,0,0.6049452427870673,101
0,2,2,45.0,43.0,2.0,0,3.2872802183822785,30
0,1,5,85.0,33.0,1.0,0,1.723652821981593,143
1,1,4,56.0,5.0,1.0,1,0.6701881964815242,89
1,2,3,74.0,54.0,3.0,0,1.7002478519857769,129
1,2,5,83.0,68.0,5.0,0,1.316971422967232,89
1,2,5,66.0,37.0,4.0,0,2.3524304267317477,112
0,2,5,46.0,10.0,3.0,0,1.4189530258673673,130
1,3,1,2.0,55.0,5.0,0,0.5529457534181358,7
0,2,5,65.0,20.0,3.0,0,2.5124558523126557,127
1,3,5,14.0,52.0,5.0,0,1.627288160426028,158
0,2,4,3.0,29.0,1.0,0,0.6287776047501548,14
1,2,5,61.0,8.0,5.0,0,2.593687051904938,156
0,1,5,65.0,62.0,2.0,1,1.9057108267721672,186
1,3,5,63.0,39.0,1.0,0,2.782734388826232,153
0,3,4,13.0,14.0,2.0,0,0.6411662851411379,12
0,3,1,25.0,33.0,1.0,0,4.3765384942691465,48
1,2,2,18.0,42.0,3.0,0,1.2521558612400463,131
0,3,5,45.0,53.0,5.0,0,1.2080606311926012,95
1,3,5,69.0,52.0,5.0,0,1.6588372602544075,66
1,2,5,89.0,68.0,4.0,0,1.5760160767916684,95
1,3,2,71.0,8.0,3.0,0,0.4080962492005011,43
1,2,5,87.0,33.0,5.0,0,2.600676384035658,145
0,3,5,70.0,12.0,5.0,0,2.523472141917489,133
0,1,2,47.0,35.0,2.0,0,3.4239006739673696,32
0,2,5,51.0,17.0,2.0,0,1.9705263884993531,152
0,2,5,66.0,26.0,2.0,1,0.9074178641806009,161
1,3,3,28.0,19.0,1.0,1,0.6701881964815242,73
1,2,1,77.0,11.0,2.0,0,0.9506282386653915,153
1,3,2,70.0,38.0,1.0,0,1.286992125036089,22
0,2,5,46.0,90.0,5.0,0,1.364936160660708,126
1,2,5,83.0,52.0,4.0,0,1.694630910641207,94
1,1,4,26.0,19.0,2.0,1,0.12963112345437156,102
1,3,1,11.0,55.0,3.0,0,0.27027853651357636,18
0,3,4,42.0,95.0,2.0,1,1.6356498833428978,117
1,1,5,50.0,27.0,4.0,0,1.1002745654917017,169
0,3,3,50.0,49.0,1.0,0,3.5161481631644853,25
0,3,5,40.0,67.0,3.0,0,3.1976872958731266,140
1,1,5,67.0,25.0,3.0,0,1.6478209706495741,119
0,3,3,40.0,66.0,5.0,1,1.5996386398717917,147
1,2,5,68.0,11.0,5.0,0,1.381786984694418,131
0,2,4,13.0,48.0,2.0,0,0.5171521030313363,3
1,2,4,48.0,78.0,3.0,0,2.0007030975415825,127
1,2,3,74.0,8.0,4.0,0,1.9113277681167373,140
1,1,5,40.0,32.0,3.0,0,1.0829440004358386,79
1,3,5,66.0,45.0,4.0,0,1.6464485798634243,81
0,3,1,8.0,54.0,1.0,0,0.7059818468683237,17
1,3,3,60.0,19.0,4.0,0,2.4778169996276995,124
1,3,4,10.0,24.0,3.0,0,1.229905688946073,74
1,3,4,1.0,75.0,5.0,0,3.7051955000857797,134
1,2,4,63.0,25.0,4.0,0,1.0277298781273458,65
1,2,1,81.0,47.0,5.0,0,1.1527014468279042,141
0,1,1,24.0,34.0,2.0,0,3.5949423891531107,23
0,1,1,16.0,53.0,5.0,0,1.8037292238720322,101
0,1,2,32.0,74.0,1.0,0,3.1889806016719797,90
1,1,5,50.0,58.0,1.0,0,3.204241441835233,130
1,1,4,38.0,66.0,5.0,0,1.2645445416310295,60
0,3,3,11.0,74.0,1.0,1,2.035341950226539,92
1,2,4,60.0,2.0,2.0,0,2.41119386094575,52
1,3,1,67.0,76.0,1.0,0,1.6064103789182047,95
1,2,3,80.0,45.0,5.0,1,1.9057108267721672,141
1,2,4,6.0,14.0,4.0,0,0.48813019169095,11
0,3,5,6.0,50.0,4.0,0,0.44671959995958055,9
1,2,3,64.0,61.0,1.0,0,1.7526747333219794,77
0,3,4,51.0,50.0,1.0,0,2.2419597227147725,186
0,3,1,50.0,44.0,3.0,0,2.8751994711076545,27
0,3,4,10.0,48.0,3.0,0,0.6467832264857079,14
0,1,2,35.0,34.0,3.0,0,3.9588408056499524,15
1,3,2,42.0,88.0,4.0,0,1.1858829899267305,84
1,3,2,73.0,8.0,1.0,0,1.141685157223071,183
1,3,5,7.0,44.0,1.0,0,1.3595368124004445,68
0,3,1,3.0,29.0,2.0,0,0.7059818468683237,20
0,3,1,2.0,52.0,5.0,0,0.5819676647585221,11
1,3,2,56.0,72.0,5.0,0,2.1827611023321567,100
1,3,5,72.0,34.0,3.0,0,0.9542278041722336,92
1,3,1,96.0,65.0,1.0,0,1.8699171763853681,126
1,3,5,67.0,53.0,1.0,0,1.6766252889056537,132
1,1,3,53.0,9.0,1.0,1,0.3641160095811484,79
0,3,4,4.0,9.0,3.0,0,0.5171521030313363,22
1,3,4,42.0,59.0,2.0,1,0.7530093799442631,92
1,3,2,68.0,86.0,4.0,0,3.640162345274287,75
1,3,1,66.0,46.0,5.0,0,1.2482962432489073,36
0,3,5,2.0,47.0,2.0,0,0.6411662851411379,11
0,2,4,12.0,96.0,1.0,0,1.3626265652570215,125
1,3,1,19.0,19.0,2.0,1,0.3060721869003758,71
0,2,5,1.0,26.0,3.0,0,0.73500375820871,14
1,1,1,46.0,38.0,2.0,0,3.377090733975737,4
1,2,3,42.0,54.0,2.0,0,2.118163133689278,177
0,3,5,61.0,88.0,1.0,0,3.288217422999815,49
0,1,5,50.0,76.0,5.0,0,1.7166634898508732,162
0,2,4,2.0,47.0,5.0,0,0.46472522169513364,9
0,2,3,45.0,43.0,5.0,0,2.3758353967275645,117
1,2,5,68.0,71.0,5.0,0,1.3651537537450147,104
1,3,5,85.0,43.0,1.0,0,1.7704627619732258,119
1,2,3,23.0,26.0,5.0,0,4.169703128696606,89
1,1,1,53.0,36.0,4.0,0,2.3774253805980208,29
1,3,1,9.0,36.0,1.0,0,3.098450474545291,67
1,2,4,87.0,59.0,1.0,0,3.394661169542677,83
1,3,1,60.0,52.0,5.0,0,2.4820615501861196,96
0,3,4,75.0,26.0,1.0,0,0.882422910314328,191
0,2,1,43.0,44.0,2.0,0,4.171293112567064,4
0,3,1,9.0,24.0,5.0,0,0.7115987882128937,16
1,1,5,12.0,11.0,3.0,1,0.9294504433902673,98
0,3,3,84.0,66.0,1.0,0,2.122407684247698,67
1,1,3,4.0,43.0,2.0,0,0.9596271524324969,82
1,2,1,50.0,42.0,3.0,0,1.727897372540013,32
0,1,2,37.0,51.0,3.0,0,3.5422979147326012,25
1,3,4,96.0,76.0,1.0,0,2.6531032653718607,116
0,2,2,44.0,53.0,2.0,0,2.1996119263658667,20
0,3,5,7.0,50.0,2.0,0,0.8880398516588979,17
1,1,5,65.0,69.0,2.0,0,0.7818136982003427,22
1,3,5,46.0,7.0,4.0,0,0.7132535089101103,73
1,2,1,86.0,23.0,4.0,0,2.629698295376044,108
0,3,5,3.0,8.0,4.0,0,0.3999096599679479,21
0,2,3,95.0,57.0,2.0,0,1.2177346016393968,91
1,3,3,73.0,77.0,4.0,0,0.9762603833819,167
1,3,1,84.0,40.0,5.0,0,2.435251610194487,128
0,2,5,63.0,9.0,1.0,0,1.7582916746665496,101
1,3,4,81.0,22.0,5.0,0,1.9649094471547832,98
0,3,2,28.0,11.0,4.0,0,2.127807032507961,107
1,2,2,49.0,35.0,2.0,0,2.887805744582944,26
1,1,3,6.0,91.0,3.0,0,1.3775424341359979,80
1,1,2,27.0,9.0,1.0,1,0.6949655572634905,98
1,3,4,5.0,41.0,4.0,0,0.6467832264857079,19
0,2,4,0.0,77.0,2.0,1,1.4339962729463138,74
1,1,4,81.0,58.0,3.0,0,1.3651537537450147,81
1,2,3,15.0,28.0,1.0,1,0.12963112345437156,92
1,3,4,88.0,79.0,4.0,0,1.7580740815822427,125
1,3,1,39.0,30.0,2.0,0,3.277853912647902,19
1,3,3,45.0,8.0,4.0,0,3.6385723614038303,87
0,2,2,33.0,61.0,4.0,0,3.427927631441483,165
1,1,2,36.0,33.0,2.0,0,3.357712721454034,21
1,2,5,92.0,65.0,5.0,0,1.388558723740831,108
0,3,5,2.0,17.0,3.0,0,0.3999096599679479,6
0,1,4,75.0,70.0,5.0,0,1.4009474041318142,139
1,1,1,71.0,97.0,1.0,1,2.3414141371269146,157
0,3,1,11.0,52.0,2.0,0,0.44671959995958055,15
1,3,3,57.0,3.0,1.0,1,0.3641160095811484,91
1,3,3,56.0,57.0,5.0,0,2.4476402905854697,168
1,1,4,25.0,25.0,1.0,0,3.1599586903315933,106
0,2,2,71.0,93.0,2.0,1,1.199511386819537,185
1,3,2,41.0,51.0,1.0,0,0.7597811189906762,50
1,3,1,55.0,48.0,1.0,0,1.6754704912038108,77
1,3,4,15.0,57.0,2.0,0,1.224578871713912,95
1,2,5,42.0,23.0,1.0,1,0.6701881964815242,91
1,3,2,58.0,47.0,1.0,0,1.788468383708779,118
0,3,1,11.0,18.0,4.0,0,0.6053726347543384,15
0,2,3,69.0,90.0,4.0,0,1.934515145028247,138
1,1,3,28.0,51.0,2.0,1,0.6701881964815242,75
1,1,1,68.0,52.0,1.0,0,0.8548883801881839,90
0,1,1,23.0,30.0,3.0,0,3.1468503984073806,18
0,2,1,82.0,25.0,5.0,0,0.900428532049881,180
1,3,5,30.0,99.0,3.0,0,1.2589276002864596,164
1,2,3,41.0,38.0,3.0,0,2.4420233492409,137
1,3,5,13.0,50.0,3.0,0,0.73500375820871,14
1,1,4,60.0,5.0,1.0,0,1.114150627096927,87
1,3,5,12.0,25.0,4.0,0,0.8232242899317121,12
1,2,1,75.0,52.0,2.0,0,2.363664309420888,148
1,1,3,25.0,12.0,1.0,1,0.12963112345437156,82
0,1,2,22.0,22.0,3.0,0,3.3039134493316817,110
0,1,1,46.0,4.0,3.0,0,1.6921037221532138,63
1,3,2,61.0,66.0,3.0,0,0.8089933673873179,146
1,3,4,87.0,72.0,5.0,0,1.799484673313612,88
0,2,3,8.0,40.0,3.0,0,3.505131873559652,70
1,1,1,22.0,47.0,2.0,0,3.5011049160855388,28
1,3,1,66.0,77.0,2.0,0,2.106929251000138,123
0,3,2,54.0,36.0,2.0,0,2.069980802911495,21
1,2,1,27.0,46.0,2.0,0,3.533936191815732,15
0,1,3,23.0,28.0,1.0,0,4.221912416948502,95
1,2,1,58.0,19.0,1.0,0,1.0277298781273458,67
0,3,5,8.0,49.0,2.0,0,0.7584087282045263,10
0,2,3,72.0,37.0,1.0,0,2.031742384719697,63
1,2,1,46.0,41.0,5.0,0,2.244831882487043,134
1,3,4,24.0,8.0,4.0,0,2.464273521534873,111
1,2,5,47.0,89.0,4.0,0,0.7684676312186028,95
1,3,5,12.0,41.0,4.0,0,0.7059818468683237,18
0,3,1,10.0,32.0,2.0,0,0.6053726347543384,7
0,1,2,33.0,38.0,2.0,0,3.312492765332858,24
0,2,2,39.0,33.0,2.0,0,3.1662284109290835,7
1,3,2,35.0,85.0,4.0,0,2.1001575119537246,109
1,1,1,20.0,33.0,2.0,0,2.7701281153509423,32
1,3,3,18.0,7.0,1.0,0,1.1858829899267305,146
1,1,3,61.0,11.0,1.0,1,0.3060721869003758,91
1,2,1,66.0,3.0,3.0,0,0.5809377471396632,50
1,2,1,2.0,20.0,3.0,0,2.893924704376437,152
0,3,3,1.0,94.0,5.0,0,1.7267425748381702,124
1,1,3,33.0,41.0,4.0,0,0.706054377896426,34
1,1,2,31.0,30.0,1.0,1,0.6949655572634905,70
1,2,3,82.0,53.0,4.0,0,3.482881701265679,147
1,1,2,66.0,76.0,5.0,0,1.45877363372828,138
0,3,5,55.0,66.0,2.0,0,2.106929251000138,151
0,3,3,2.0,88.0,1.0,0,1.4533742854680167,122
1,1,4,35.0,3.0,2.0,0,1.5706167285314052,147
0,3,2,78.0,25.0,2.0,0,1.3637813629588647,175
0,1,2,4.0,85.0,4.0,0,1.6530027258255306,34
1,3,5,29.0,55.0,3.0,0,1.0424483358952357,80
1,1,5,29.0,34.0,3.0,0,1.7166634898508732,93
0,3,5,2.0,53.0,3.0,0,0.27027853651357636,20
0,1,1,47.0,86.0,3.0,0,3.40006051780294,112
0,2,5,79.0,76.0,5.0,0,1.869699583301061,128
1,3,5,62.0,44.0,5.0,0,2.3938410184631174,74
1,3,3,65.0,1.0,2.0,1,0.3641160095811484,97
1,3,2,37.0,13.0,1.0,1,0.0,102
1,2,4,11.0,24.0,2.0,0,0.8232242899317121,20
0,3,4,3.0,35.0,3.0,0,0.44671959995958055,25
1,3,4,57.0,52.0,5.0,0,1.2521558612400463,110
1,3,1,49.0,10.0,4.0,0,0.2592622469087431,102
1,3,3,65.0,59.0,5.0,0,2.6531032653718607,119
1,3,5,54.0,32.0,5.0,0,1.3527650733540315,131
0,3,5,12.0,41.0,3.0,0,0.7998193199358958,23
1,3,5,5.0,43.0,3.0,0,0.4523365413041506,7
0,1,3,43.0,57.0,4.0,0,3.1920703545285565,134
0,3,5,13.0,57.0,4.0,0,0.7998193199358958,13
1,1,5,99.0,40.0,5.0,0,1.0286872647181027,68
0,2,4,86.0,64.0,2.0,0,1.4947848771993861,161
1,1,2,41.0,42.0,2.0,1,0.8826405033986346,70
0,3,3,61.0,58.0,1.0,1,1.7760797033177957,78
0,1,1,44.0,47.0,2.0,0,1.1873402995128606,12
1,2,1,37.0,52.0,2.0,0,3.5535317974217415,13
1,3,2,73.0,62.0,2.0,0,2.312392225786528,86
1,2,5,97.0,76.0,4.0,0,0.7239874686038767,79
1,3,5,17.0,65.0,3.0,0,0.7003649055237537,60
1,3,2,38.0,58.0,1.0,1,0.6949655572634905,66
1,1,5,29.0,42.0,4.0,0,0.5809377471396632,122
1,3,4,51.0,34.0,4.0,0,1.8051016146581822,82
0,3,5,7.0,56.0,2.0,0,0.6701881964815242,19
1,2,4,2.0,37.0,1.0,1,0.7530093799442631,62
0,3,4,46.0,67.0,5.0,0,1.0130414919875683,106
1,1,2,36.0,36.0,1.0,0,0.27027853651357636,73
1,1,2,66.0,33.0,3.0,0,1.4189530258673673,146
0,3,5,1.0,45.0,4.0,0,0.42331462996376423,17
1,3,1,72.0,79.0,1.0,0,1.5058011668042195,96
0,2,2,62.0,40.0,2.0,1,0.7885854372467558,184
1,2,5,43.0,29.0,2.0,0,1.8298789754401483,141
0,3,5,7.0,28.0,5.0,0,0.42331462996376423,21
0,2,1,38.0,50.0,2.0,0,3.9424251677848563,11
1,2,1,13.0,54.0,5.0,0,0.7998193199358958,8
0,2,2,37.0,54.0,3.0,0,2.3924686276769673,26
1,3,4,80.0,35.0,5.0,0,1.8766889154317812,129
0,3,5,9.0,18.0,2.0,0,0.7115987882128937,17
1,3,5,96.0,49.0,5.0,0,2.546877111913305,93
0,2,5,5.0,36.0,5.0,0,0.6935931664773405,3
1,1,3,47.0,39.0,5.0,0,2.0599017179241983,123
1,3,4,52.0,48.0,3.0,0,2.435251610194487,129
0,2,4,3.0,51.0,4.0,0,0.3999096599679479,6
1,3,2,66.0,36.0,2.0,0,2.7573042487913457,93
1,2,1,9.0,48.0,1.0,0,0.44671959995958055,16
1,3,2,80.0,28.0,3.0,0,1.71126414159061,83
0,2,5,9.0,27.0,2.0,0,0.3350940982407621,25
1,1,5,82.0,62.0,1.0,0,0.26466159516900634,81
0,3,5,8.0,38.0,4.0,0,0.5171521030313363,6
1,3,1,9.0,20.0,4.0,0,0.3350940982407621,8
0,2,5,62.0,13.0,1.0,0,1.1363282683627978,128
0,3,2,29.0,20.0,5.0,0,3.3363997537775973,144
1,3,5,3.0,8.0,4.0,0,0.35849906823657846,12
1,2,2,57.0,12.0,2.0,1,0.6701881964815242,112
1,3,5,59.0,20.0,5.0,0,1.2065007189502568,81
0,1,2,25.0,13.0,2.0,0,2.934180498405963,85
1,3,3,29.0,20.0,2.0,0,0.0,72
1,3,1,87.0,83.0,2.0,0,1.635432290258591,125
1,2,5,65.0,35.0,1.0,0,1.5816330181362384,130
0,3,5,4.0,15.0,2.0,0,0.7059818468683237,13
1,3,1,80.0,74.0,5.0,0,1.9939313584951694,138
0,3,5,4.0,21.0,2.0,0,0.5819676647585221,21
0,3,5,10.0,35.0,2.0,0,0.7584087282045263,16
1,3,1,62.0,72.0,2.0,0,1.9705263884993531,112
1,2,5,13.0,49.0,5.0,0,0.7059818468683237,8
0,1,5,16.0,58.0,2.0,0,3.682727734707499,23
0,3,3,58.0,56.0,2.0,1,1.4231975764257874,120
0,2,2,26.0,44.0,2.0,0,2.6213365724591746,23
1,3,5,81.0,69.0,5.0,0,1.4119636937366473,102
1,2,1,33.0,48.0,2.0,0,1.6410492316031609,28
0,3,5,6.0,34.0,2.0,0,0.6467832264857079,12
0,2,5,66.0,64.0,3.0,0,1.8105009629184456,123
0,3,5,5.0,37.0,1.0,0,0.5115351616867663,9
1,2,2,40.0,36.0,3.0,0,2.676508235367677,34
1,3,5,21.0,36.0,2.0,0,0.19444668518155733,46
1,3,5,69.0,60.0,3.0,0,1.9829150688903363,123
0,3,1,5.0,15.0,5.0,0,0.6935931664773405,15
1,2,3,72.0,71.0,1.0,0,3.553096611253128,67
1,3,1,75.0,32.0,3.0,0,0.2427440063874323,26
1,1,5,49.0,80.0,5.0,0,0.2904688735698316,19
1,3,1,96.0,54.0,5.0,0,1.9167271163770008,129
1,2,2,89.0,98.0,5.0,0,1.8051016146581822,185
1,2,3,50.0,47.0,3.0,0,2.050820383474099,71
0,2,1,59.0,44.0,2.0,0,3.9356534287384433,27
1,3,5,37.0,45.0,2.0,0,0.1176273756306695,119
1,1,1,71.0,35.0,5.0,0,0.6985651227703326,108
1,2,5,10.0,52.0,1.0,0,0.46472522169513364,15
1,1,4,4.0,7.0,3.0,0,3.287497811466585,93
0,1,2,25.0,76.0,1.0,0,1.5528286998801588,64
0,1,2,75.0,56.0,5.0,0,2.1759893632857437,114
1,2,3,14.0,70.0,5.0,0,1.5222168046693159,75
1,2,2,5.0,32.0,4.0,0,1.2557854983750005,125
1,2,1,53.0,35.0,2.0,0,2.7705633015195557,35
1,3,3,86.0,25.0,5.0,0,2.494450230577103,97
0,2,5,7.0,35.0,2.0,0,0.35849906823657846,19
1,2,5,5.0,16.0,3.0,0,0.4080962492005011,116
1,1,4,25.0,34.0,3.0,0,1.3109996206834933,47
0,1,5,18.0,5.0,2.0,0,1.881151059074508,106
1,1,3,62.0,69.0,2.0,0,0.9965232514662574,100
1,3,5,68.0,34.0,5.0,0,2.094540570609155,105
1,2,1,75.0,77.0,2.0,0,1.1639353295170443,148
0,1,1,46.0,43.0,3.0,0,2.6157196311146045,25
1,3,2,8.0,3.0,4.0,0,3.93384585178368,137
0,2,2,95.0,79.0,3.0,0,1.663881747575502,66
0,3,2,83.0,64.0,2.0,0,0.7707974085955094,128
1,2,2,28.0,52.0,4.0,0,4.023656367377138,19
0,2,1,6.0,19.0,4.0,0,0.7584087282045263,15
0,3,1,19.0,71.0,1.0,0,1.553983497582002,103
1,3,1,78.0,57.0,3.0,0,2.1829786954164634,65
1,1,1,28.0,48.0,2.0,0,2.5754638370850778,33
1,1,5,81.0,34.0,5.0,0,1.4243523741276305,157
1,2,4,35.0,10.0,1.0,1,0.48251325034638004,94
1,2,1,41.0,46.0,2.0,0,4.2304917329496785,21
0,2,4,9.0,11.0,2.0,0,0.35849906823657846,11
1,1,3,51.0,1.0,1.0,1,0.0,95
1,3,1,80.0,75.0,5.0,0,1.9358875358143968,118
0,3,5,57.0,95.0,1.0,0,1.9525207667638,115
0,2,1,55.0,37.0,4.0,0,4.682828274253829,19
0,1,2,50.0,30.0,2.0,0,1.452001894681867,34
1,1,4,74.0,44.0,3.0,0,0.9762603833819,54
1,1,2,75.0,36.0,2.0,0,0.7942023785913258,90
1,1,2,31.0,19.0,2.0,1,0.3641160095811484,102
1,2,2,68.0,64.0,3.0,0,2.129179423294111,166
1,1,5,82.0,79.0,5.0,0,0.97064344203733,90
1,3,5,85.0,55.0,4.0,0,1.4477573441234468,63
1,3,2,52.0,43.0,4.0,0,2.693359059401387,35
0,1,1,48.0,45.0,2.0,0,4.471748358122869,23
1,3,5,66.0,49.0,5.0,0,1.71126414159061,92
0,2,5,65.0,11.0,3.0,0,1.8766889154317812,145
1,1,1,56.0,79.0,5.0,0,1.7580740815822427,85
1,3,3,76.0,4.0,2.0,0,1.534605485060299,133
1,2,1,29.0,46.0,2.0,0,2.483651534056576,17
1,3,4,22.0,50.0,5.0,0,0.37650468997213155,146
0,3,1,61.0,38.0,2.0,0,3.575781969715715,143
1,3,5,13.0,9.0,2.0,0,0.73500375820871,3
0,3,5,9.0,51.0,2.0,0,0.5171521030313363,17
1,1,4,64.0,59.0,3.0,0,1.7580740815822427,97
0,3,5,12.0,46.0,4.0,0,0.5171521030313363,13
0,2,5,59.0,70.0,2.0,0,1.1830957489544405,172
0,2,4,66.0,85.0,5.0,0,1.7718351527593756,156
1,1,5,68.0,80.0,5.0,0,1.533450687358456,81
1,1,5,33.0,78.0,5.0,0,0.2904688735698316,40
1,3,5,17.0,49.0,3.0,0,4.122675595620667,18
1,2,3,85.0,44.0,5.0,0,1.8174902950491651,116
1,3,2,44.0,1.0,2.0,1,0.7169981364731569,86
1,1,4,82.0,42.0,5.0,0,1.8118733537045952,98
0,3,5,5.0,42.0,3.0,0,1.3568946334843595,84
1,2,3,4.0,45.0,4.0,0,0.32916475535701334,140
0,3,5,1.0,47.0,1.0,0,0.35849906823657846,6
0,3,3,15.0,63.0,3.0,0,2.0629490113807853,120
0,2,4,72.0,15.0,1.0,0,1.635432290258591,129
0,1,1,23.0,49.0,2.0,0,3.4180661395384933,14
1,3,1,52.0,76.0,4.0,0,2.276598575399729,122
0,3,1,84.0,37.0,1.0,0,1.200571376066508,72
1,2,5,81.0,34.0,3.0,0,1.22875089124423,128
1,2,4,58.0,30.0,5.0,0,2.66930131015265,83
0,3,1,5.0,49.0,3.0,0,0.6053726347543384,20
1,3,3,51.0,24.0,1.0,1,0.3641160095811484,97
1,3,1,43.0,9.0,2.0,1,1.059081566844639,60
0,2,3,20.0,98.0,2.0,0,1.6640190154303638,113
0,2,2,69.0,68.0,5.0,0,1.0822689437561486,151
0,3,5,61.0,53.0,1.0,1,1.1887126902990104,153
1,3,2,44.0,5.0,2.0,0,1.229905688946073,140
1,2,1,83.0,57.0,4.0,0,1.4533742854680167,78
1,1,4,27.0,10.0,1.0,1,0.17644106344600424,73
0,2,2,41.0,49.0,3.0,0,1.792712934267199,21
0,3,5,10.0,36.0,4.0,0,0.5405570730271527,7
0,3,5,85.0,82.0,2.0,0,2.1455950611592076,84
0,3,4,66.0,1.0,2.0,1,1.2823325702822759,100
0,3,2,42.0,46.0,5.0,0,1.8172727019648585,159
0,3,3,61.0,51.0,1.0,0,2.281997923659992,120
0,2,2,86.0,20.0,1.0,0,0.5809377471396632,162
1,1,2,54.0,97.0,1.0,0,3.0584122736000716,122
1,3,5,89.0,78.0,5.0,0,1.3939580720010942,154
1,1,1,90.0,66.0,5.0,0,1.6588372602544075,129
1,2,3,71.0,96.0,1.0,0,3.442625907236153,132
0,1,2,53.0,60.0,2.0,0,1.7580740815822427,86
1,1,2,49.0,40.0,4.0,0,3.060002257470528,30
0,3,3,55.0,38.0,1.0,1,0.5405570730271527,125
0,3,5,89.0,30.0,1.0,1,1.9057108267721672,145
1,3,4,74.0,94.0,4.0,0,2.6805351928417904,30
0,3,1,34.0,26.0,1.0,1,0.7417754972551232,141
1,1,2,6.0,33.0,5.0,0,1.9700912023307398,104
1,1,2,18.0,0.0,2.0,1,0.2592622469087431,81
1,3,5,77.0,28.0,5.0,0,1.629815348914021,109
1,3,5,59.0,83.0,2.0,0,2.3110198350003786,142
1,3,4,52.0,27.0,5.0,0,1.9000938854275975,127
0,2,3,45.0,27.0,3.0,0,2.364819107122731,172
1,3,5,50.0,3.0,5.0,0,1.4173630419969105,145
0,1,2,16.0,73.0,4.0,0,1.3289249171896018,140
1,1,2,43.0,40.0,3.0,1,0.6701881964815242,68
1,2,4,49.0,92.0,1.0,0,2.018708719277136,147
1,1,4,63.0,92.0,1.0,0,2.5648827336488584,67
0,2,5,2.0,23.0,4.0,0,0.6411662851411379,8
1,3,2,58.0,52.0,5.0,0,2.20076672406771,99
1,3,4,91.0,61.0,4.0,0,2.211783013672543,104
1,3,3,73.0,28.0,5.0,1,1.1058915068362716,165
0,2,5,90.0,64.0,5.0,0,1.7724801378109536,115
1,1,4,49.0,23.0,1.0,0,0.792475126866007,50
0,3,4,2.0,33.0,4.0,0,0.6467832264857079,16
1,3,3,74.0,40.0,4.0,0,0.17284149793916206,146
0,1,1,44.0,36.0,2.0,0,2.8986044411034704,26
1,2,5,67.0,94.0,2.0,0,1.6588372602544075,145
1,2,2,29.0,19.0,1.0,1,0.3060721869003758,103
0,1,2,30.0,30.0,2.0,0,3.541360710115065,30
0,2,2,32.0,36.0,3.0,0,2.224389287147833,30
1,3,5,3.0,51.0,1.0,0,0.8880398516588979,20
1,1,1,61.0,77.0,2.0,0,2.1345787715543745,95
1,3,3,58.0,27.0,2.0,0,0.9542278041722336,91
1,3,3,53.0,90.0,4.0,0,1.3181262206690754,131
0,1,1,38.0,49.0,2.0,0,2.053347571962092,19
0,3,5,3.0,25.0,1.0,0,0.73500375820871,10
1,2,5,80.0,34.0,4.0,0,1.882305856776351,123
1,3,3,26.0,31.0,2.0,0,3.66940184969898,60
0,2,1,59.0,41.0,2.0,0,4.077455639499491,5
1,2,1,65.0,70.0,1.0,0,0.5115351616867663,75
1,1,2,0.0,53.0,1.0,1,0.5653344338091189,99
0,2,1,49.0,44.0,2.0,0,3.647151677405007,29
1,1,4,44.0,44.0,1.0,0,1.7873135860069358,42
0,3,3,88.0,87.0,1.0,1,1.2575552095003095,171
1,3,5,78.0,76.0,4.0,0,1.8352783237004116,87
1,3,1,51.0,81.0,1.0,0,1.216362210853247,98
0,2,2,41.0,42.0,2.0,0,2.535860822308472,34
1,1,2,45.0,43.0,2.0,0,1.787095992922629,16
1,2,3,14.0,95.0,1.0,0,1.0286872647181027,47
1,3,4,31.0,64.0,4.0,0,1.70701959103219,154
1,3,4,86.0,55.0,4.0,0,0.235254751261339,107
0,1,2,21.0,45.0,2.0,0,2.8283895311160214,7
0,3,5,3.0,16.0,5.0,0,0.8232242899317121,22
1,3,2,49.0,52.0,2.0,0,2.959393045356543,16
0,3,5,1.0,25.0,2.0,0,0.73500375820871,14
0,3,4,42.0,13.0,1.0,1,1.210745269508677,109
1,3,1,53.0,57.0,4.0,0,1.71825347372133,169
1,1,1,30.0,36.0,3.0,0,3.499514932215082,22
0,3,5,3.0,50.0,1.0,0,0.4523365413041506,16
0,3,5,78.0,29.0,3.0,0,0.6673584961092441,44
0,1,1,55.0,43.0,1.0,0,3.535743768770495,34
1,3,3,93.0,71.0,5.0,0,1.3939580720010942,146
1,3,5,96.0,75.0,5.0,0,1.9953037492813193,120
0,3,5,5.0,38.0,2.0,0,0.27027853651357636,10
1,1,4,57.0,6.0,1.0,1,0.49374713303552,89
0,1,2,77.0,93.0,5.0,0,2.4710452605812865,152
1,1,3,15.0,75.0,4.0,0,1.0277298781273458,88
0,1,2,39.0,64.0,1.0,1,1.4947848771993861,141
1,3,2,86.0,90.0,4.0,0,0.6645712551369543,128
1,1,4,33.0,1.0,5.0,0,3.251486567995479,178
1,3,5,68.0,74.0,5.0,0,1.428626996314163,114
1,1,1,61.0,24.0,1.0,0,0.32916475535701334,74
1,2,2,3.0,38.0,2.0,0,0.9266207430179874,140
1,2,5,9.0,24.0,3.0,0,0.8232242899317121,16
1,3,5,92.0,74.0,3.0,0,1.3939580720010942,67
1,3,1,13.0,29.0,2.0,0,0.5171521030313363,12
0,3,2,61.0,77.0,4.0,0,3.17003777531889,187
1,3,2,55.0,40.0,2.0,0,2.028352618095819,41
1,2,3,84.0,54.0,5.0,0,2.042331282357259,133
0,1,4,75.0,9.0,5.0,0,1.4407680119927269,158
1,3,5,1.0,21.0,4.0,0,0.7059818468683237,24
1,2,5,39.0,33.0,1.0,0,1.7936501388847355,104
1,3,1,55.0,61.0,4.0,0,1.8285065846539985,113
1,3,1,16.0,39.0,3.0,1,0.8826405033986346,64
1,3,1,83.0,63.0,3.0,0,2.2655822857948955,78
1,3,4,5.0,22.0,3.0,0,0.7998193199358958,8
0,3,1,43.0,37.0,2.0,0,4.005650745641585,47
1,2,4,66.0,23.0,5.0,0,1.4910402496363397,87
0,2,5,11.0,16.0,4.0,0,0.44671959995958055,18
1,2,1,14.0,13.0,1.0,1,0.7530093799442631,89
1,1,2,32.0,31.0,1.0,1,0.6949655572634905,76
0,3,4,10.0,24.0,3.0,0,0.6467832264857079,6
0,1,5,88.0,90.0,2.0,0,1.4767792554638333,111
0,3,2,43.0,40.0,4.0,0,2.363664309420888,21
0,3,5,4.0,44.0,5.0,0,0.27027853651357636,15
0,3,1,5.0,14.0,2.0,0,0.6287776047501548,18
0,1,2,10.0,8.0,2.0,0,1.789840774494929,88
0,2,5,39.0,78.0,3.0,0,3.9174302139185833,37
0,2,4,6.0,52.0,2.0,0,0.35849906823657846,10
1,3,5,56.0,85.0,4.0,0,0.6049452427870673,90
1,1,2,32.0,43.0,1.0,0,2.615937224198911,19
0,2,2,54.0,45.0,2.0,0,3.5285368435554685,23
0,1,2,27.0,45.0,3.0,0,3.7837721329900984,25
0,3,5,9.0,45.0,2.0,0,0.6411662851411379,20
1,1,5,41.0,24.0,1.0,1,0.6701881964815242,81
0,1,2,38.0,51.0,2.0,0,3.1426058478489605,20
1,3,5,90.0,24.0,4.0,0,1.5762336698759754,49
1,2,4,36.0,92.0,4.0,0,1.5760160767916684,143
1,2,5,76.0,38.0,3.0,0,2.1247172796513842,170
1,3,2,55.0,73.0,4.0,0,2.2599653444503254,100
0,3,5,12.0,39.0,3.0,0,0.3999096599679479,8
1,3,4,83.0,44.0,3.0,0,1.3941756650854011,106
0,2,2,29.0,39.0,2.0,0,3.4457156600927297,30
1,1,1,48.0,3.0,2.0,0,1.1653077203031943,150
0,3,2,9.0,71.0,1.0,1,1.2602999910726094,107
1,1,5,72.0,74.0,4.0,0,1.7402860529309963,78
1,3,1,55.0,49.0,1.0,0,0.9596271524324969,46
1,1,1,22.0,49.0,4.0,0,2.92740875935955,27
1,1,3,48.0,9.0,1.0,1,0.17644106344600424,115
0,3,5,1.0,57.0,3.0,0,0.6935931664773405,13
0,3,3,20.0,72.0,3.0,1,1.9057108267721672,105
0,1,1,58.0,49.0,1.0,0,3.7119672391321927,33
1,2,1,89.0,43.0,3.0,0,2.2655822857948955,78
0,2,1,47.0,34.0,3.0,0,2.9578030614860866,9
1,3,5,99.0,54.0,1.0,0,2.5882877036446748,134
1,1,2,65.0,46.0,4.0,0,0.5332128799572639,41
0,1,1,49.0,52.0,2.0,0,3.3757183431895874,16
1,3,1,79.0,15.0,4.0,0,2.756367044173809,183
1,2,1,96.0,54.0,3.0,0,1.623043609867608,119
1,2,1,18.0,48.0,3.0,1,0.0,73
1,2,1,31.0,37.0,2.0,0,2.930371134016157,20
1,3,4,23.0,3.0,4.0,0,0.4321037448479052,124
1,3,4,2.0,32.0,5.0,0,0.5956261332794407,99
0,3,1,12.0,43.0,5.0,0,0.6935931664773405,7
1,3,4,66.0,59.0,4.0,0,0.729771749431421,45
0,3,5,26.0,21.0,2.0,1,2.0821518902181717,88
1,3,5,75.0,26.0,5.0,0,2.2241716940635263,148
1,3,3,99.0,74.0,1.0,0,2.1759893632857437,74
0,1,1,39.0,35.0,2.0,0,3.1716277591893465,36
1,1,2,28.0,34.0,2.0,0,3.1578666880122137,19
1,2,4,51.0,95.0,4.0,0,1.7155086921490301,97
1,2,5,34.0,25.0,5.0,0,1.1763240099080274,106
0,3,1,13.0,30.0,4.0,0,0.5405570730271527,3
0,3,5,10.0,9.0,3.0,0,0.7059818468683237,10
1,3,4,68.0,8.0,2.0,0,0.4467921309876828,64
1,3,2,17.0,19.0,5.0,0,0.7372610045575144,24
1,3,5,13.0,9.0,3.0,0,0.8122080003268789,90
1,3,1,1.0,46.0,5.0,0,0.5115351616867663,2
1,3,4,32.0,2.0,2.0,1,0.3641160095811484,94
0,2,5,44.0,25.0,1.0,1,1.6244160006537578,100
1,1,4,70.0,56.0,3.0,0,1.8586832936962279,128
1,1,2,36.0,9.0,1.0,1,0.3060721869003758,67
1,1,1,35.0,23.0,1.0,1,0.3060721869003758,83
0,1,3,46.0,58.0,2.0,1,0.43570331035474735,159
1,2,5,72.0,11.0,1.0,0,3.1864534131839863,44
1,2,5,37.0,8.0,1.0,1,0.0,105
1,1,5,40.0,37.0,3.0,0,1.6590548533387142,65
1,1,5,37.0,26.0,4.0,0,0.9308228341764173,3
0,2,2,55.0,53.0,2.0,0,2.022953269835556,28
0,3,5,66.0,91.0,5.0,0,2.712301885754476,158
1,3,5,4.0,50.0,5.0,0,0.6053726347543384,8
1,3,2,50.0,70.0,2.0,0,2.1705900150254807,191
0,2,5,11.0,11.0,3.0,0,0.5819676647585221,9
0,1,2,58.0,53.0,1.0,0,3.3766555478071236,3
1,2,1,87.0,59.0,1.0,0,2.3938410184631174,84
1,3,5,35.0,69.0,4.0,0,0.9348497916505305,43
0,3,5,98.0,71.0,1.0,0,1.4195980109189452,85
0,3,5,4.0,17.0,4.0,0,0.27027853651357636,16
1,3,1,81.0,25.0,4.0,0,1.869699583301061,9
1,2,2,53.0,13.0,2.0,1,0.0,97
1,3,5,61.0,59.0,5.0,0,1.523589195455466,98
1,1,5,78.0,73.0,4.0,0,1.2422943693370563,107
0,3,5,1.0,17.0,5.0,0,0.6177613151453216,3
1,1,5,87.0,53.0,5.0,0,1.9471214185035368,100
1,2,5,73.0,34.0,5.0,0,1.8296613823558416,161
1,2,4,66.0,55.0,2.0,0,1.886550407334771,161
1,1,4,62.0,35.0,5.0,0,2.288987255790712,99
0,1,1,27.0,45.0,1.0,0,1.9871596194487564,12
1,1,5,51.0,63.0,3.0,0,2.501221969623516,126
1,1,5,22.0,50.0,5.0,0,0.8702518230076515,109
0,2,2,77.0,19.0,3.0,0,1.8231072363937353,169
1,3,5,87.0,25.0,3.0,0,0.470509502522678,71
0,1,1,48.0,33.0,3.0,0,3.564330493942268,5
1,3,2,75.0,47.0,5.0,0,0.3350940982407621,133
0,3,4,92.0,7.0,3.0,0,3.1356165157182407,139
1,2,5,70.0,52.0,3.0,0,1.053464625500069,139
1,1,1,22.0,34.0,2.0,0,3.2416250760924887,36
1,3,3,37.0,13.0,3.0,0,0.6508402555879333,100
1,2,2,99.0,32.0,4.0,0,1.3939580720010942,87
1,1,5,45.0,63.0,1.0,0,0.6673584961092441,128
0,3,4,4.0,46.0,2.0,0,0.46472522169513364,11
1,1,4,72.0,36.0,5.0,0,2.028352618095819,86
0,3,5,5.0,51.0,2.0,0,0.6411662851411379,19
0,3,5,6.0,20.0,1.0,0,0.46472522169513364,17
1,1,5,40.0,0.0,4.0,0,0.5884270022657564,58
1,3,5,77.0,42.0,3.0,0,2.1303342209959544,109
0,3,5,5.0,28.0,3.0,0,0.6935931664773405,19
1,3,5,4.0,24.0,4.0,0,1.200571376066508,96
1,1,3,89.0,5.0,3.0,0,0.6985651227703326,81
0,3,5,19.0,7.0,5.0,0,0.6121443738007516,139
0,2,1,48.0,30.0,4.0,0,2.0573745294362054,32
0,3,4,83.0,39.0,2.0,1,1.387186332954681,117
1,3,1,87.0,50.0,3.0,0,1.5706167285314052,140
1,1,2,49.0,54.0,2.0,0,3.1412334570628104,21
0,2,2,52.0,40.0,2.0,0,3.6997961518255162,19
1,2,1,11.0,18.0,4.0,0,0.32916475535701334,48
1,2,5,58.0,91.0,5.0,0,1.1002745654917017,141
1,3,3,60.0,37.0,5.0,0,2.1593561323363404,149
0,2,5,89.0,16.0,5.0,0,1.2699438898912927,137
1,2,4,42.0,44.0,2.0,0,1.559600438926572,165
1,1,4,17.0,50.0,3.0,0,0.6673584961092441,21
1,2,2,27.0,22.0,1.0,1,0.2592622469087431,82
1,3,2,84.0,69.0,3.0,0,1.0714702472356221,124
1,3,3,14.0,87.0,4.0,0,0.556930251492259,76
1,2,2,79.0,80.0,1.0,0,1.2422943693370563,74
0,3,1,65.0,89.0,5.0,0,0.8466292599275285,140
0,1,2,58.0,45.0,1.0,1,0.7998193199358958,174
1,2,4,38.0,15.0,2.0,0,1.860055684482378,38
0,3,5,5.0,20.0,3.0,0,0.7584087282045263,7
1,3,4,69.0,19.0,2.0,1,0.3641160095811484,84
1,3,2,59.0,31.0,1.0,0,0.64335100046184,37
0,1,2,45.0,43.0,2.0,0,3.0062029853481755,14
0,1,2,91.0,54.0,3.0,0,2.0341871525246957,91
1,3,2,73.0,38.0,5.0,0,2.2531936054039123,160
1,1,5,50.0,57.0,5.0,0,0.8954141163568989,85
0,2,5,56.0,97.0,1.0,0,1.7292697633261631,135
1,3,2,72.0,30.0,5.0,0,1.8242620340955784,128
1,3,5,75.0,42.0,2.0,0,1.7774520941039458,111
1,1,5,15.0,2.0,3.0,0,0.4393028758615895,22
1,2,1,62.0,40.0,3.0,0,1.8114381675359819,157
0,2,1,25.0,37.0,2.0,0,3.712402425300806,16
0,3,1,7.0,54.0,5.0,0,0.8232242899317121,6
0,1,5,46.0,90.0,5.0,1,1.6356498833428978,108
0,2,5,77.0,41.0,2.0,0,2.435251610194487,126
1,3,5,79.0,99.0,3.0,0,2.4764446088415495,169
1,3,1,65.0,69.0,1.0,0,0.5332128799572639,94
0,2,2,48.0,36.0,4.0,0,3.6251190981953405,16
1,3,5,54.0,26.0,3.0,0,0.7237698755195701,74
1,3,1,23.0,45.0,1.0,0,3.317674520508815,22
0,1,2,50.0,39.0,4.0,0,4.219257850260539,38
0,1,2,21.0,43.0,2.0,0,3.1988420935749695,27
1,2,5,67.0,37.0,2.0,0,2.094540570609155,182
1,3,5,96.0,79.0,5.0,0,1.799484673313612,127
1,1,1,25.0,37.0,1.0,0,0.6508402555879333,108
1,3,4,53.0,43.0,4.0,0,1.5706167285314052,86
1,3,5,50.0,56.0,3.0,0,2.0821518902181717,103
1,3,5,9.0,9.0,5.0,0,1.1650901272188874,111
0,1,4,87.0,17.0,4.0,0,1.6342774925567478,162
1,3,1,56.0,71.0,2.0,0,1.22875089124423,18
1,3,5,49.0,99.0,5.0,0,1.8242620340955784,126
1,3,4,12.0,14.0,2.0,0,0.6177613151453216,18
1,2,5,16.0,32.0,5.0,0,0.965316624805169,45
0,2,5,85.0,39.0,2.0,0,1.1941120385592736,134
0,3,2,48.0,33.0,2.0,0,2.439496160752907,16
0,3,4,5.0,10.0,5.0,0,0.48813019169095,16
1,2,5,57.0,23.0,4.0,0,2.2063836654122797,117
1,3,4,90.0,62.0,4.0,0,1.7760797033177957,137
1,3,4,74.0,29.0,1.0,0,2.0835242810043213,132
1,3,1,51.0,58.0,2.0,0,1.940132086372817,85
1,1,1,16.0,61.0,1.0,0,1.130668867618238,64
0,2,1,59.0,31.0,2.0,0,3.4639388749125892,38
1,3,3,98.0,53.0,1.0,0,2.0891412223488914,117
0,2,2,55.0,47.0,4.0,0,1.781479051578059,8
0,3,1,32.0,35.0,1.0,0,2.611692673640491,25
1,2,5,88.0,18.0,1.0,0,1.6586196671701006,136
0,1,1,24.0,46.0,2.0,0,2.523254548833182,24
0,1,1,67.0,24.0,5.0,0,4.012204891603692,14
1,3,1,8.0,60.0,1.0,0,2.322973329222748,59
1,1,3,38.0,74.0,5.0,0,1.3831593754805678,112
1,3,4,2.0,5.0,2.0,0,2.682342769796554,79
0,3,5,50.0,27.0,1.0,0,0.37688962253941255,145
1,3,4,75.0,21.0,1.0,0,2.1703724219411735,169
0,3,1,11.0,8.0,4.0,0,0.6935931664773405,6
1,1,4,56.0,33.0,5.0,0,0.4080962492005011,105
1,1,5,3.0,13.0,1.0,0,1.130668867618238,140
0,1,2,34.0,42.0,4.0,0,2.8335712862919777,32
1,1,5,82.0,61.0,3.0,0,2.300003545395545,115
0,2,4,58.0,27.0,4.0,0,1.7391312552291531,51
0,1,3,75.0,37.0,1.0,0,2.569846895740508,115
1,3,1,80.0,27.0,4.0,0,2.377207787513714,93
1,3,1,76.0,37.0,5.0,0,1.7002478519857769,106
1,1,3,20.0,50.0,2.0,0,2.2419597227147725,130
0,3,5,10.0,19.0,5.0,0,0.44671959995958055,12
1,2,2,8.0,19.0,2.0,1,0.43570331035474735,79
1,2,4,62.0,20.0,3.0,0,0.6067450255404884,82
0,2,5,2.0,38.0,2.0,0,0.4523365413041506,21
1,3,5,79.0,95.0,2.0,0,3.1036322297212475,100
0,3,2,27.0,41.0,4.0,0,1.9707439815836598,89
1,1,2,38.0,4.0,1.0,1,0.12963112345437156,83
1,2,1,11.0,51.0,5.0,0,0.48813019169095,19
1,3,5,6.0,27.0,2.0,0,0.6287776047501548,15
1,2,4,87.0,78.0,5.0,0,1.370553102005278,89
0,1,2,27.0,30.0,2.0,0,2.1399781198146375,5
1,2,5,40.0,60.0,5.0,0,4.088254336020017,99
0,2,2,37.0,45.0,2.0,0,2.523472141917489,33
1,2,3,76.0,63.0,5.0,0,1.7178182875527166,58
0,2,4,64.0,86.0,5.0,0,1.346930538925155,127
1,3,2,90.0,65.0,4.0,0,1.723652821981593,174
1,3,5,52.0,42.0,4.0,0,1.5001842254596496,92
1,3,5,86.0,24.0,2.0,0,2.5000671719216725,139
0,2,5,5.0,17.0,4.0,0,2.788133737086495,82
1,1,1,3.0,39.0,4.0,0,2.769910522266635,156
1,3,4,94.0,53.0,5.0,0,1.5996386398717917,90
0,3,1,61.0,20.0,5.0,0,2.1357335692562174,72
0,3,1,70.0,15.0,5.0,0,3.733999818341859,69
1,3,1,93.0,26.0,4.0,0,1.9111101750324306,84
0,1,1,38.0,32.0,1.0,0,3.057039882813922,29
0,3,1,7.0,36.0,3.0,0,0.7998193199358958,10
1,3,5,8.0,23.0,3.0,0,0.6467832264857079,24
1,2,3,38.0,9.0,1.0,1,0.48251325034638004,84
0,2,1,12.0,12.0,4.0,0,0.3999096599679479,18
1,3,3,37.0,95.0,5.0,0,2.7289351167038793,155
0,3,5,4.0,35.0,1.0,0,0.7059818468683237,21
1,1,2,40.0,54.0,2.0,0,2.0573745294362054,10
1,2,5,70.0,76.0,5.0,0,1.8834606544781942,129
0,2,3,34.0,65.0,5.0,0,0.6121443738007516,79
0,1,1,22.0,42.0,3.0,0,3.575564376631408,32
0,3,1,5.0,22.0,2.0,0,0.9694886443354869,185
1,3,5,74.0,59.0,3.0,0,1.8118733537045952,112
0,2,1,3.0,47.0,5.0,0,0.8880398516588979,9
0,1,2,28.0,52.0,2.0,0,4.264912992550329,32
1,3,4,58.0,76.0,4.0,0,1.3541374641401815,60
1,3,1,76.0,24.0,2.0,0,2.3236261084756684,68
0,1,5,47.0,82.0,5.0,0,1.9538931575499499,119
1,3,1,4.0,30.0,5.0,0,0.5405570730271527,10
1,2,1,10.0,65.0,4.0,0,1.0994622409571493,155
1,3,5,42.0,61.0,3.0,0,2.359202165778161,136
1,2,1,90.0,24.0,2.0,0,2.2957589948371253,160
1,3,5,67.0,45.0,5.0,0,0.35288212689200843,115
1,2,2,88.0,58.0,5.0,0,2.0821518902181717,120
1,3,3,14.0,28.0,1.0,1,0.6233782564898915,70
1,3,5,93.0,25.0,4.0,0,1.311354481622662,126
0,2,5,81.0,59.0,5.0,0,2.4006127575095304,164
1,1,4,45.0,28.0,1.0,0,0.5809377471396632,51
0,1,2,53.0,38.0,4.0,0,2.068608412125345,21
0,2,1,39.0,31.0,2.0,0,4.236108674294249,29
1,2,5,64.0,26.0,4.0,0,1.871071974087211,125
1,1,3,36.0,33.0,1.0,1,0.9046730826083011,147
1,1,2,91.0,47.0,4.0,0,1.4533742854680167,103
1,2,1,36.0,47.0,2.0,0,2.8805988193679175,25
1,3,3,4.0,23.0,3.0,0,1.0300596555042527,23
1,3,1,55.0,55.0,3.0,0,2.004730055015696,101
0,2,5,4.0,21.0,4.0,0,0.48813019169095,18
1,3,5,73.0,57.0,3.0,0,1.788468383708779,99
0,3,5,10.0,33.0,1.0,0,0.7584087282045263,10
1,3,5,58.0,37.0,5.0,0,1.6824598233345305,108
0,3,5,71.0,28.0,4.0,0,1.8010746571840688,42
0,2,2,28.0,82.0,1.0,0,3.3523133731937707,109
1,3,3,34.0,24.0,3.0,0,0.5059182203421964,133
0,3,2,68.0,24.0,1.0,1,0.38889337036311467,133
0,3,2,57.0,46.0,2.0,0,1.9871596194487564,17
1,3,2,77.0,55.0,1.0,0,0.5020062532961754,52
1,1,4,34.0,64.0,4.0,0,0.6121443738007516,163
0,1,5,90.0,33.0,5.0,0,2.606293325380228,151
0,3,5,9.0,39.0,1.0,0,0.35849906823657846,18
1,3,5,64.0,82.0,1.0,0,1.9124825658185807,83
0,3,1,13.0,14.0,2.0,0,0.5529457534181358,12
1,3,4,71.0,75.0,4.0,0,1.316971422967232,144
1,3,1,43.0,14.0,1.0,1,0.6949655572634905,76
0,2,4,9.0,53.0,1.0,0,0.48813019169095,17
1,3,4,9.0,12.0,5.0,0,0.73500375820871,5
1,3,5,95.0,66.0,4.0,0,2.022953269835556,116
0,2,4,46.0,54.0,5.0,0,1.7402860529309963,114
1,1,3,59.0,9.0,1.0,1,0.3060721869003758,108
0,3,4,40.0,14.0,1.0,1,0.7169981364731569,104
1,3,2,54.0,59.0,5.0,0,2.0697632098271885,77
0,1,1,28.0,33.0,2.0,0,2.642086975767027,20
1,1,3,53.0,13.0,1.0,1,0.3641160095811484,101
1,3,4,87.0,47.0,5.0,0,1.8694819902167543,81
0,3,1,39.0,80.0,1.0,1,1.4119636937366473,113
0,1,2,42.0,48.0,1.0,0,3.62936364875376,16
1,2,5,17.0,59.0,5.0,0,1.3237431620136453,109
0,3,1,14.0,3.0,2.0,0,2.705530146708063,39
1,3,5,10.0,37.0,5.0,0,0.5405570730271527,16
1,1,3,99.0,28.0,5.0,0,2.3828247288582842,115
0,1,3,85.0,33.0,3.0,0,2.768973317649099,43
0,3,3,3.0,85.0,1.0,1,1.9885320102349062,109
1,2,5,12.0,17.0,4.0,0,0.5171521030313363,7
1,3,4,57.0,52.0,4.0,0,2.370436048467301,114
0,3,5,65.0,16.0,5.0,0,2.300003545395545,184
0,2,5,74.0,51.0,5.0,0,1.311354481622662,163
0,2,5,5.0,18.0,2.0,0,0.48813019169095,16
0,3,5,2.0,18.0,2.0,0,0.7998193199358958,23
1,1,4,85.0,44.0,1.0,0,0.900428532049881,157
1,3,2,91.0,35.0,3.0,0,1.2301232820303798,160
1,3,2,5.0,11.0,4.0,0,3.4178485464541866,79
1,3,4,11.0,31.0,2.0,0,0.3999096599679479,12
1,2,2,61.0,72.0,2.0,0,1.6892315623809435,172
1,3,1,12.0,44.0,4.0,0,0.5171521030313363,8
1,1,1,21.0,52.0,2.0,0,2.822554996687145,19
0,3,1,6.0,17.0,2.0,0,0.6467832264857079,15
0,1,2,36.0,37.0,2.0,0,2.5304614740482085,39
1,1,3,61.0,5.0,1.0,1,0.5405570730271527,87
1,3,3,28.0,8.0,1.0,1,0.3641160095811484,110
1,2,4,92.0,11.0,2.0,0,4.364149813878164,119
1,2,4,28.0,28.0,4.0,0,0.47799875764877126,124
1,1,1,48.0,51.0,4.0,0,2.5331160407361724,25
1,2,5,9.0,53.0,3.0,0,0.3350940982407621,5
0,1,2,20.0,48.0,2.0,0,3.8526146521913973,21
1,3,5,84.0,26.0,2.0,0,0.5763507234139521,164
0,2,1,21.0,41.0,3.0,0,3.076200302251318,39
0,3,4,76.0,15.0,5.0,0,1.4598336229752509,171
1,3,5,5.0,55.0,2.0,0,0.7059818468683237,19
1,2,2,57.0,23.0,3.0,0,1.3527650733540315,95
0,2,2,51.0,51.0,2.0,0,2.4392785676686,27
0,3,4,73.0,57.0,5.0,0,1.894694537167334,129
0,2,2,57.0,43.0,2.0,0,3.199059686659276,23
0,3,5,33.0,59.0,4.0,0,1.4910402496363397,101
1,3,5,55.0,39.0,2.0,0,0.3942927186233779,150
1,3,4,15.0,78.0,2.0,0,0.3603713820181018,70
1,2,5,76.0,28.0,5.0,0,1.894694537167334,150
1,3,1,89.0,67.0,5.0,0,2.2173999550171133,124
1,3,5,81.0,60.0,4.0,0,1.5001842254596496,80
1,3,1,84.0,58.0,2.0,0,1.2823325702822759,134
1,2,4,54.0,17.0,1.0,1,0.3641160095811484,102
1,3,5,86.0,87.0,2.0,0,2.294604197135282,139
0,3,5,12.0,29.0,2.0,0,0.7998193199358958,11
1,1,2,57.0,30.0,2.0,0,2.2408049250129296,11
0,3,4,2.0,30.0,5.0,0,0.6177613151453216,7
0,2,3,24.0,21.0,4.0,0,2.7581746211285725,147
0,1,2,25.0,90.0,5.0,0,2.9657295982343426,90
1,1,3,9.0,20.0,5.0,0,0.878895875835588,98
1,3,5,27.0,7.0,2.0,1,0.49374713303552,79
1,1,4,79.0,74.0,5.0,0,2.242177315799079,151
1,1,4,42.0,45.0,3.0,1,0.6949655572634905,101
0,2,2,47.0,31.0,1.0,0,2.9179824536251733,38
0,1,1,37.0,52.0,3.0,0,4.412549737740253,28
1,3,1,67.0,42.0,2.0,0,1.806256412360025,118
1,2,1,74.0,50.0,3.0,0,0.4467921309876828,5
0,2,4,14.0,73.0,3.0,0,2.5864801266899113,43
0,1,1,45.0,52.0,4.0,0,2.051757588091635,35
0,3,2,71.0,60.0,5.0,0,2.8932050928432074,75
1,2,2,49.0,22.0,1.0,1,0.5185244938174862,76
1,1,2,10.0,39.0,4.0,0,0.7225726184177367,58
1,3,5,82.0,39.0,3.0,0,2.035341950226539,86
1,3,3,23.0,73.0,3.0,0,1.4105913029504975,118
0,3,1,10.0,48.0,5.0,0,0.8880398516588979,18
0,1,2,47.0,45.0,3.0,0,2.835161270162435,41
1,3,1,54.0,58.0,2.0,0,1.8699171763853681,113
0,2,1,43.0,53.0,2.0,0,3.3036958562473746,38
0,3,4,76.0,45.0,2.0,1,1.047847684155499,111
0,3,1,60.0,55.0,5.0,0,2.670891294023107,184
1,2,5,50.0,95.0,1.0,0,4.387554783873981,130
1,3,2,42.0,37.0,1.0,0,4.036045047768122,28
0,1,2,44.0,53.0,2.0,0,3.1992772797435833,7
0,1,5,19.0,24.0,3.0,0,1.47699684854814,101
0,3,4,73.0,22.0,2.0,0,3.434916963572203,83
0,2,2,46.0,61.0,3.0,0,2.377207787513714,162
1,2,3,78.0,39.0,5.0,0,2.1471850450296643,114
1,3,4,55.0,5.0,1.0,1,0.3641160095811484,98
0,2,3,88.0,8.0,4.0,0,2.7354892626659857,32
1,1,5,66.0,19.0,3.0,0,0.5653344338091189,90
1,3,1,54.0,54.0,1.0,0,2.429634668849917,110
1,3,1,5.0,37.0,3.0,0,0.7115987882128937,9
1,3,4,2.0,34.0,3.0,0,0.4523365413041506,15
0,3,5,3.0,36.0,4.0,0,0.73500375820871,14
0,3,5,10.0,22.0,5.0,0,0.3999096599679479,5
1,1,2,21.0,19.0,1.0,1,0.6233782564898915,76
1,1,2,30.0,46.0,3.0,0,0.4523365413041506,161
0,2,2,39.0,49.0,3.0,0,2.712519478838783,22
0,3,5,55.0,27.0,1.0,0,3.605741085673637,36
0,2,3,84.0,71.0,4.0,0,1.5593828458422654,137
1,3,4,55.0,76.0,1.0,0,2.435251610194487,89
1,3,3,57.0,34.0,5.0,0,1.8476670040913947,139
1,2,2,33.0,47.0,1.0,1,0.6701881964815242,76
1,1,1,46.0,37.0,3.0,0,3.2692745966467256,7
0,1,1,32.0,53.0,4.0,0,2.8513593149432244,42
0,3,4,50.0,87.0,3.0,0,2.2599653444503254,55
1,1,2,43.0,47.0,1.0,1,0.6701881964815242,104
1,1,1,85.0,96.0,5.0,0,2.159573725420647,59
0,3,5,1.0,54.0,5.0,0,0.5763507234139521,9
0,1,2,28.0,51.0,1.0,0,3.735372209128009,32
1,3,4,59.0,52.0,5.0,0,2.8221198105185317,105
1,3,5,50.0,63.0,4.0,0,2.029725008881969,135
1,3,4,53.0,30.0,1.0,0,0.7473924385996931,81
0,3,1,82.0,43.0,1.0,0,1.1915423906712905,107
1,1,2,12.0,22.0,1.0,1,0.9294504433902673,76
0,3,2,73.0,79.0,2.0,0,1.7360415023725762,71
1,3,5,75.0,58.0,2.0,0,1.7650634137129626,84
1,2,3,64.0,77.0,3.0,0,1.4355862568167705,136
1,3,5,8.0,50.0,2.0,0,0.7998193199358958,20
1,1,3,64.0,14.0,1.0,0,2.983517626885589,119
0,3,2,86.0,55.0,1.0,1,1.6244160006537578,70
1,3,1,99.0,58.0,4.0,0,1.4119636937366473,113
0,1,4,32.0,30.0,1.0,0,1.6478209706495741,72
0,3,5,87.0,8.0,5.0,0,2.359202165778161,165
1,3,3,9.0,54.0,5.0,0,3.246087219735216,45
1,3,1,66.0,38.0,4.0,0,2.042113689272952,111
1,3,2,63.0,60.0,4.0,0,1.70564720024604,87
1,1,2,41.0,1.0,1.0,1,0.3641160095811484,77
1,1,3,41.0,9.0,1.0,1,0.3528821268920085,86
1,1,3,3.0,25.0,5.0,0,3.6761735887453932,102
0,2,2,63.0,50.0,5.0,0,2.4820615501861196,141
0,3,1,12.0,98.0,4.0,0,2.4888332892325327,100
1,3,5,92.0,66.0,5.0,0,2.2475766640593426,71
0,3,1,24.0,45.0,3.0,0,3.8127940443304844,18
1,2,5,47.0,67.0,5.0,0,1.5830054089223884,151
1,3,5,1.0,15.0,4.0,0,0.48813019169095,14
1,2,3,51.0,57.0,4.0,0,1.7774520941039458,64
0,3,2,82.0,73.0,5.0,1,0.6701881964815242,117
1,2,3,31.0,21.0,2.0,1,0.17644106344600424,114
1,3,1,85.0,55.0,5.0,0,2.535860822308472,122
1,3,2,93.0,65.0,5.0,0,3.059349478217608,132
1,3,5,7.0,83.0,4.0,0,1.2557854983750005,63
1,2,2,26.0,36.0,2.0,0,1.6934761129393636,19
0,2,1,1.0,26.0,3.0,0,0.3350940982407621,14
1,1,5,88.0,99.0,1.0,0,0.8714066207094947,97
1,2,1,82.0,13.0,3.0,0,2.7537124774858457,128
0,2,5,23.0,78.0,1.0,1,1.0343042060626726,98
0,1,1,48.0,34.0,1.0,0,2.2284162446219464,30
0,3,5,6.0,16.0,2.0,0,0.7584087282045263,11
0,2,3,47.0,1.0,5.0,0,1.558228048140422,184
1,3,5,73.0,21.0,5.0,0,0.9818348653264799,48
0,1,4,10.0,76.0,3.0,0,3.382054896067387,139
0,3,4,6.0,41.0,1.0,0,0.6467832264857079,9
1,3,5,17.0,15.0,2.0,0,0.7372610045575144,60
0,3,4,19.0,84.0,2.0,1,0.8826405033986346,100
0,2,2,30.0,52.0,2.0,0,3.017436868037316,17
1,3,2,97.0,67.0,2.0,0,1.5816330181362384,127
1,2,2,49.0,5.0,2.0,1,0.12963112345437156,94
0,3,5,70.0,46.0,1.0,0,1.799484673313612,165
1,3,4,52.0,59.0,3.0,0,1.8586832936962279,129
0,3,3,84.0,10.0,2.0,0,2.7331796672622994,172
1,3,1,30.0,48.0,4.0,0,2.981425624566209,34
1,1,1,60.0,86.0,4.0,0,2.6648391665099234,162
0,2,2,41.0,53.0,2.0,0,3.6007769235819875,37
0,3,2,27.0,39.0,2.0,0,1.9471214185035368,40
1,1,2,66.0,23.0,1.0,0,2.5347060246066286,89
1,3,3,83.0,35.0,2.0,0,2.3524304267317477,96
1,1,5,27.0,2.0,2.0,1,0.3528821268920085,90
0,3,5,9.0,36.0,3.0,0,0.5171521030313363,12
1,1,1,36.0,12.0,3.0,1,0.3060721869003758,78
1,1,5,29.0,0.0,1.0,0,1.059081566844639,152
1,2,4,59.0,9.0,3.0,0,0.8642074896958104,58
0,1,2,88.0,27.0,4.0,0,2.610320282854341,81
0,3,5,67.0,2.0,1.0,0,1.9234988554234138,139
1,3,4,8.0,54.0,2.0,0,0.5115351616867663,15
1,1,1,71.0,42.0,4.0,0,1.70564720024604,97
1,3,2,31.0,38.0,1.0,0,1.114150627096927,91
0,1,4,72.0,35.0,1.0,0,2.3769901944294074,22
0,2,5,5.0,40.0,3.0,0,0.6467832264857079,7
0,3,2,63.0,55.0,2.0,1,0.0,86
0,2,5,1.0,40.0,1.0,0,0.7059818468683237,20
0,3,4,5.0,45.0,1.0,0,0.5405570730271527,8
1,1,2,83.0,33.0,5.0,0,1.8298789754401483,110
1,1,2,44.0,44.0,4.0,0,2.394058611547424,31
1,2,1,22.0,44.0,1.0,0,2.498694781135523,31
1,3,4,98.0,27.0,1.0,0,1.0991197677898583,131
0,2,1,74.0,65.0,1.0,0,1.8998762923432908,88
1,3,1,24.0,7.0,3.0,0,2.2237365078949125,79
0,3,5,33.0,77.0,1.0,1,0.7998193199358958,178
1,3,5,86.0,63.0,5.0,0,2.093168179823005,90
1,1,4,49.0,50.0,1.0,1,0.0,72
0,3,4,80.0,26.0,5.0,0,2.157983741550191,174
0,2,2,53.0,48.0,2.0,0,3.364919646669061,16
1,3,2,89.0,56.0,3.0,0,1.0714702472356221,190
0,3,5,13.0,17.0,2.0,0,0.5529457534181358,9
1,2,5,2.0,39.0,5.0,0,0.73500375820871,17
0,2,1,8.0,30.0,4.0,0,0.73500375820871,10
0,3,1,60.0,54.0,5.0,0,2.8943598905450503,141
1,1,1,3.0,56.0,2.0,1,0.5185244938174862,105
1,2,4,70.0,25.0,2.0,0,1.9291157967679837,171
1,1,3,42.0,19.0,1.0,1,0.5405570730271527,112
1,1,2,59.0,32.0,3.0,0,2.1125461923447078,97
1,1,1,10.0,3.0,5.0,0,0.0,178
0,3,1,35.0,30.0,4.0,0,3.8636309417962305,8
0,1,5,88.0,21.0,5.0,0,1.8352783237004116,99
1,1,3,53.0,8.0,1.0,1,0.17644106344600424,102
1,3,2,62.0,23.0,2.0,0,1.788468383708779,108
1,1,4,64.0,43.0,3.0,0,1.2879495116268458,59
1,2,5,71.0,30.0,5.0,0,1.2935664529714157,147
1,3,5,87.0,75.0,5.0,0,1.4767792554638333,120
0,1,1,68.0,37.0,1.0,0,3.4745199783488094,107
1,1,2,78.0,8.0,5.0,0,0.4321037448479052,138
1,1,5,44.0,11.0,2.0,0,0.7764143499400794,50
0,1,1,57.0,45.0,1.0,0,4.423566027345086,7
1,2,3,45.0,21.0,1.0,1,0.3641160095811484,80
0,3,2,31.0,4.0,4.0,0,2.854104096515524,100
1,3,2,43.0,45.0,3.0,0,1.2067183120345635,106
1,2,2,28.0,37.0,2.0,1,0.9294504433902673,61
0,1,2,23.0,45.0,2.0,0,3.816821001804598,24
1,2,5,79.0,45.0,2.0,0,4.157096855221317,96
0,2,2,55.0,31.0,2.0,0,3.272236971303332,25
1,1,5,2.0,63.0,3.0,0,0.9578273696790758,20
0,3,2,24.0,36.0,4.0,0,4.5007702694632545,6
1,3,5,1.0,55.0,4.0,0,0.6053726347543384,7
0,3,5,76.0,22.0,2.0,0,2.5648827336488584,194
1,1,5,4.0,88.0,4.0,0,1.0480652772398056,69
1,1,5,82.0,26.0,2.0,0,1.6822422302502238,110
0,1,1,36.0,51.0,3.0,0,3.7187389781786058,43
1,3,5,79.0,27.0,1.0,0,2.1525843932899273,131
1,3,5,4.0,16.0,5.0,0,1.147302098567641,121
0,2,5,69.0,29.0,5.0,0,1.1596907789586242,152
1,1,5,90.0,64.0,3.0,0,1.141685157223071,140
0,1,5,88.0,81.0,5.0,0,0.72938681686414,126
1,1,1,45.0,43.0,1.0,1,1.059081566844639,122
1,2,2,32.0,37.0,2.0,0,0.9348497916505305,127
0,3,5,3.0,33.0,1.0,0,0.42331462996376423,8
1,3,2,21.0,36.0,1.0,1,0.12963112345437156,83
1,2,2,60.0,42.0,4.0,0,1.8420500627468246,161
1,3,4,54.0,59.0,5.0,0,2.5592657923042883,130
0,1,2,49.0,45.0,2.0,0,2.1996119263658667,37
1,3,1,81.0,51.0,1.0,0,0.8954141163568989,57
0,3,4,5.0,14.0,2.0,0,0.5405570730271527,9
1,3,4,6.0,45.0,2.0,0,0.5819676647585221,6
0,1,2,26.0,53.0,2.0,0,3.240252685306339,33
0,2,2,52.0,31.0,2.0,0,3.370318994929324,15
0,3,5,10.0,32.0,2.0,0,0.5295407834223195,9
0,3,3,62.0,7.0,2.0,0,2.857193849372101,96
1,3,5,65.0,34.0,5.0,0,3.1122115457224244,130
1,2,1,46.0,30.0,2.0,0,4.106477550839877,37
1,3,4,64.0,69.0,4.0,0,1.1596907789586242,123
1,2,5,52.0,86.0,2.0,0,0.7584087282045263,63
0,3,2,67.0,28.0,5.0,0,1.8420500627468246,185
1,3,3,41.0,23.0,1.0,1,0.5405570730271527,81
1,3,2,76.0,28.0,4.0,0,0.5956261332794407,170
1,1,2,62.0,4.0,2.0,0,0.3942927186233779,94
0,1,1,23.0,37.0,2.0,0,1.381786984694418,17
1,1,4,91.0,66.0,4.0,0,2.0049476481000026,135
0,2,3,15.0,4.0,5.0,0,1.3541374641401815,157
0,1,2,57.0,38.0,1.0,0,3.1106215618519677,41
1,1,4,8.0,44.0,5.0,0,0.235254751261339,125
1,3,4,86.0,33.0,5.0,0,2.522317344215646,109
1,1,1,61.0,42.0,1.0,0,2.105556860213988,109
0,3,1,11.0,56.0,5.0,0,0.6287776047501548,17
1,3,2,66.0,76.0,4.0,0,1.9347327381125536,88
1,3,5,75.0,21.0,3.0,0,1.3831593754805678,154
1,2,3,26.0,59.0,5.0,0,2.106711657915831,130
1,3,4,49.0,16.0,2.0,1,0.17644106344600424,78
0,3,4,8.0,57.0,5.0,0,0.5529457534181358,19
0,3,1,25.0,41.0,2.0,0,3.4650936726144326,15
1,2,2,55.0,58.0,4.0,0,2.747660349972662,122
0,1,1,36.0,38.0,2.0,0,3.91764780700289,32
0,3,5,1.0,53.0,4.0,0,0.6411662851411379,16
1,2,5,49.0,32.0,3.0,0,1.0658533058910522,132
1,2,2,63.0,76.0,2.0,0,1.3109996206834933,46
0,1,1,51.0,44.0,3.0,0,3.913185663360163,24
1,3,5,33.0,6.0,1.0,0,1.1707070685634573,87
1,1,5,49.0,15.0,5.0,0,1.0130414919875683,71
1,1,2,23.0,32.0,2.0,0,1.9747709390577732,12
1,3,4,2.0,49.0,2.0,0,0.5405570730271527,12
1,1,3,81.0,6.0,1.0,0,2.0299426019662756,136
0,2,5,82.0,57.0,2.0,1,1.47000751641742,145
1,1,2,35.0,25.0,2.0,1,0.0,96
1,3,5,48.0,57.0,5.0,0,1.0442481186486567,41
1,3,4,64.0,58.0,4.0,0,2.1525843932899273,111
1,3,4,12.0,10.0,4.0,0,0.3350940982407621,14
0,2,1,11.0,56.0,5.0,0,0.5171521030313363,8
1,2,1,23.0,49.0,4.0,0,3.4185013257071066,18
0,2,5,8.0,14.0,2.0,0,0.6053726347543384,13
1,1,1,69.0,35.0,2.0,0,0.2592622469087431,30
0,2,2,24.0,42.0,2.0,0,3.6169749683627774,28
0,3,1,53.0,44.0,2.0,0,3.4709282070433094,28
0,2,1,3.0,39.0,2.0,0,0.6177613151453216,12
1,1,2,42.0,35.0,2.0,0,3.328908403197955,5
1,2,5,59.0,73.0,5.0,0,1.4229799833414805,151
1,1,5,50.0,31.0,3.0,0,0.4523365413041506,127
1,3,3,25.0,16.0,2.0,1,0.5405570730271527,81
0,1,2,24.0,2.0,5.0,0,2.3360147888666516,74
0,3,3,78.0,41.0,1.0,1,0.5185244938174862,161
0,2,5,7.0,18.0,3.0,0,0.73500375820871,18
1,3,4,65.0,56.0,5.0,0,2.3524304267317477,93
1,3,3,54.0,1.0,1.0,1,0.5405570730271527,110
0,3,5,29.0,77.0,1.0,0,2.1493697603503663,126
1,3,5,77.0,72.0,5.0,0,1.7180358806370233,91
1,3,5,89.0,63.0,3.0,0,2.294604197135282,114
0,1,2,68.0,82.0,5.0,1,0.824596680717862,134
1,3,3,51.0,3.0,3.0,0,2.0355595433108458,163
1,3,5,58.0,45.0,2.0,0,1.4821786037240963,100
1,3,2,36.0,3.0,5.0,0,1.200571376066508,136
0,2,1,23.0,36.0,3.0,0,2.94001503283484,32
0,3,5,12.0,15.0,4.0,0,0.3999096599679479,12
1,3,5,94.0,47.0,5.0,0,0.8410123185829584,133
1,1,1,16.0,6.0,2.0,1,0.7998193199358958,81
1,3,5,57.0,15.0,2.0,0,2.4822791432704263,109
1,1,5,50.0,40.0,5.0,0,2.4586565801903033,108
1,3,1,68.0,3.0,3.0,0,2.1247172796513842,133
1,1,2,3.0,31.0,5.0,0,1.1596907789586242,65
0,2,1,14.0,66.0,4.0,0,3.469120630088546,141
1,3,5,97.0,55.0,4.0,0,2.0477306306175223,103
1,3,5,50.0,23.0,2.0,0,0.27027853651357636,86
0,3,5,94.0,1.0,4.0,0,1.3109996206834933,152
1,3,5,74.0,76.0,4.0,0,1.381786984694418,183
1,2,5,16.0,7.0,5.0,0,1.1637177364327376,183
0,2,3,31.0,82.0,4.0,0,2.2452670686556564,65
0,2,5,6.0,25.0,3.0,0,0.42331462996376423,13
0,1,4,4.0,80.0,4.0,0,1.9459666208016937,157
0,2,1,2.0,41.0,5.0,0,2.43503401711018,125
0,2,2,74.0,91.0,5.0,0,3.5863630731519343,32
1,1,5,51.0,64.0,4.0,0,1.6464485798634243,145
0,3,2,45.0,50.0,2.0,0,3.1646384270586267,31
0,1,1,39.0,37.0,2.0,0,3.4346993704878965,14
1,3,3,38.0,1.0,2.0,1,0.7169981364731569,107
1,2,2,43.0,57.0,1.0,0,0.5239238420777494,89
0,2,5,4.0,15.0,5.0,0,0.48813019169095,20
0,2,2,69.0,59.0,1.0,0,1.9211892600197276,91
0,2,4,8.0,5.0,3.0,0,3.2636576553021555,56
1,1,5,60.0,24.0,5.0,0,1.1943296316435803,181
0,3,1,27.0,96.0,4.0,0,2.6110398943875706,117
1,3,2,21.0,16.0,2.0,1,0.8826405033986346,65
1,3,5,84.0,32.0,5.0,0,2.624081354031474,108
1,1,1,33.0,46.0,2.0,0,2.912147919196297,17
1,2,2,61.0,15.0,2.0,0,0.45910828035056367,70
1,3,2,77.0,27.0,1.0,0,1.5127904989349394,126
1,3,5,12.0,20.0,5.0,0,1.2479113106816264,97
0,3,1,50.0,20.0,4.0,0,2.960112656889773,39
0,2,5,84.0,16.0,5.0,0,1.8174902950491651,108
1,2,5,60.0,21.0,5.0,0,1.4533742854680167,165
0,1,2,45.0,64.0,4.0,0,2.581298371513955,73
1,3,4,81.0,44.0,3.0,0,2.0767525419579083,129
1,1,1,22.0,37.0,2.0,0,3.598969346627224,23
1,1,5,25.0,67.0,1.0,0,1.2519382681557396,109
1,2,4,61.0,1.0,1.0,1,0.0,86
1,2,1,34.0,19.0,1.0,0,1.114150627096927,32
0,3,5,90.0,14.0,5.0,0,2.3414141371269146,149
1,2,1,57.0,39.0,4.0,0,3.004830594562026,19
1,2,4,77.0,65.0,3.0,0,1.1650901272188874,138
0,3,1,4.0,27.0,2.0,0,0.7584087282045263,7
0,2,5,75.0,42.0,5.0,0,1.47000751641742,171
1,3,5,98.0,44.0,4.0,0,1.882305856776351,90
0,3,5,12.0,20.0,1.0,0,0.6935931664773405,19
1,3,5,54.0,73.0,5.0,0,1.788468383708779,143
0,2,1,55.0,41.0,2.0,0,3.041779042650669,9
1,1,3,60.0,5.0,2.0,1,0.8466292599275285,109
1,2,1,48.0,38.0,2.0,0,2.264209895008746,19
1,2,2,48.0,28.0,1.0,1,0.6949655572634905,75
0,3,4,72.0,18.0,3.0,0,2.024325660621706,122
1,3,1,93.0,91.0,4.0,0,2.893422685927514,89
0,2,5,33.0,90.0,5.0,1,1.4231975764257874,183
1,3,1,70.0,66.0,3.0,0,2.1469674519453577,90
1,3,4,76.0,64.0,3.0,0,1.806256412360025,136
0,2,1,39.0,37.0,1.0,0,3.112429138806731,11
0,3,5,32.0,99.0,5.0,1,0.3528821268920085,146
1,3,3,42.0,23.0,1.0,1,0.3528821268920085,98
0,3,5,13.0,36.0,4.0,0,0.6287776047501548,11
0,3,2,47.0,33.0,4.0,0,2.6047033415097713,14
0,3,4,10.0,52.0,1.0,0,0.44671959995958055,16
1,1,5,85.0,46.0,2.0,0,0.5707337820693821,111
1,1,5,79.0,15.0,3.0,0,0.9578273696790758,104
1,1,1,62.0,23.0,5.0,0,1.5940216985272215,88
1,3,5,7.0,13.0,5.0,0,0.9341099981440806,49
1,2,2,21.0,41.0,2.0,0,3.648524068191157,16
1,3,5,88.0,40.0,4.0,0,2.4116290471143635,176
1,3,1,26.0,38.0,2.0,0,2.535860822308472,140
0,3,5,13.0,17.0,5.0,0,0.46472522169513364,12
1,2,5,65.0,66.0,3.0,0,0.8011917107220458,9
0,2,2,78.0,73.0,1.0,0,2.164755480596604,122
0,1,2,63.0,92.0,5.0,0,2.0889236292645847,131
0,1,1,58.0,25.0,5.0,0,2.6350976436363074,96
0,3,2,22.0,35.0,4.0,0,2.476662201925856,23
0,2,1,39.0,35.0,2.0,0,3.1398610662766604,32
1,1,4,60.0,38.0,5.0,0,1.6064103789182047,97
1,3,2,76.0,53.0,2.0,0,1.3581644216142947,81
1,2,5,45.0,65.0,4.0,0,0.6985651227703326,17
0,3,2,84.0,56.0,1.0,0,1.270473884514778,125
1,3,1,61.0,54.0,1.0,0,0.7226150778177269,163
1,3,3,51.0,48.0,1.0,0,2.157983741550191,98
1,3,4,27.0,5.0,4.0,0,0.9413091291577649,137
1,2,3,54.0,53.0,4.0,0,1.788468383708779,140
1,2,3,31.0,24.0,2.0,1,0.48251325034638004,80
1,3,2,92.0,58.0,3.0,0,2.535860822308472,138
1,1,3,55.0,18.0,1.0,1,0.0,104
1,1,4,96.0,52.0,4.0,0,3.6579503739255332,61
1,2,5,73.0,5.0,3.0,0,1.3059551333623989,192
1,1,5,54.0,31.0,5.0,0,2.282215516744299,89
1,3,5,11.0,8.0,2.0,0,0.7115987882128937,12
0,3,5,3.0,49.0,3.0,0,0.6701881964815242,8
1,3,4,87.0,61.0,5.0,0,2.2711992271394656,173
1,2,2,39.0,22.0,1.0,0,0.8590179403185116,63
0,1,2,51.0,47.0,2.0,0,2.853166891897988,16
1,3,5,99.0,62.0,4.0,0,1.95813770810837,99
0,3,2,63.0,59.0,2.0,0,3.116456096280844,108
1,3,5,26.0,92.0,3.0,0,1.9000938854275975,35
1,1,1,53.0,82.0,3.0,0,1.5112005150644827,92
0,2,1,40.0,37.0,2.0,0,2.3926862207612745,3
1,1,2,58.0,9.0,2.0,0,0.5809377471396632,115
1,3,5,11.0,52.0,5.0,0,0.48813019169095,17
0,2,1,12.0,10.0,3.0,0,0.8880398516588979,14
0,1,5,60.0,75.0,5.0,0,2.0765349488736016,147
1,3,1,52.0,32.0,5.0,0,1.7526747333219794,117
1,2,3,41.0,15.0,2.0,1,0.7169981364731569,86
1,3,1,60.0,25.0,4.0,0,2.0835242810043213,143
1,3,5,28.0,37.0,3.0,0,0.9872766729867333,140
1,2,1,20.0,38.0,2.0,0,3.481726903563836,12
0,1,1,88.0,50.0,4.0,0,2.9935967118728857,86
1,3,5,5.0,36.0,5.0,0,0.5763507234139521,21
1,1,2,12.0,14.0,1.0,1,0.5185244938174862,73
0,3,4,2.0,53.0,2.0,0,0.5763507234139521,8
0,1,2,58.0,53.0,2.0,0,3.6349805900983303,13
1,1,1,26.0,50.0,2.0,0,2.570499674993428,24
1,1,5,51.0,95.0,5.0,0,0.900428532049881,135
1,2,1,98.0,66.0,4.0,0,2.040741298486802,101
0,2,2,24.0,31.0,2.0,0,2.3222537176895184,21
1,2,1,50.0,40.0,2.0,0,2.822990182855758,84
1,3,5,50.0,70.0,4.0,0,1.2645445416310295,134
1,3,5,94.0,48.0,1.0,0,1.5773884675778183,153
0,1,3,29.0,21.0,1.0,0,2.876571861893804,121
1,3,4,69.0,38.0,5.0,0,1.4910402496363397,149
1,1,3,53.0,25.0,5.0,0,0.17284149793916206,88
0,1,5,71.0,61.0,5.0,0,1.8987214946414475,172
1,1,5,83.0,55.0,4.0,0,1.217089616587819,47
1,1,1,6.0,20.0,3.0,1,0.3060721869003758,85
0,1,1,52.0,51.0,2.0,0,3.68899745530499,15
1,3,2,64.0,24.0,5.0,0,1.2589276002864596,125
1,3,5,64.0,58.0,5.0,0,1.95951009889452,119
1,2,5,52.0,43.0,2.0,0,1.9180995071631504,118
1,3,4,52.0,4.0,5.0,0,0.7537792450788251,144
1,1,1,86.0,25.0,2.0,0,0.8714066207094947,140
0,3,5,32.0,75.0,1.0,1,0.8466292599275285,164
0,2,2,79.0,50.0,5.0,0,2.5578934015181387,86
0,3,1,66.0,78.0,3.0,0,1.4999666323753427,107
0,2,1,53.0,23.0,2.0,1,1.2715338737617494,161
1,3,2,32.0,32.0,5.0,0,0.6343945460947248,117
0,2,2,57.0,30.0,2.0,0,3.1122115457224244,22
0,3,4,2.0,43.0,2.0,0,0.5115351616867663,12
1,2,4,85.0,76.0,3.0,0,2.028352618095819,79
1,2,5,34.0,51.0,4.0,0,1.0824865368404553,160
0,3,5,16.0,32.0,2.0,1,1.2355226302906432,83
1,3,5,58.0,89.0,4.0,0,0.9578273696790758,99
0,2,2,42.0,34.0,2.0,0,3.982463368730076,18
1,1,5,7.0,52.0,1.0,0,1.6064103789182047,138
0,3,4,9.0,54.0,2.0,0,0.5529457534181358,10
1,1,1,44.0,36.0,2.0,0,3.8114216535443344,15
0,3,3,46.0,17.0,5.0,0,1.9471214185035368,114
0,3,2,27.0,34.0,2.0,0,3.15945667188267,7
0,2,5,69.0,73.0,1.0,1,1.5884047571826516,144
1,2,5,86.0,76.0,5.0,0,1.9471214185035368,152
0,3,5,9.0,30.0,3.0,0,0.7115987882128937,21
1,2,3,81.0,53.0,5.0,0,2.024325660621706,97
1,1,1,59.0,90.0,5.0,0,2.863530402249901,33
0,1,2,57.0,45.0,1.0,0,1.4051919546902343,28
1,3,1,67.0,59.0,5.0,0,2.20076672406771,92
0,3,5,1.0,49.0,5.0,0,0.7584087282045263,9
1,3,5,93.0,22.0,3.0,0,2.3481858761733276,96
0,2,5,73.0,36.0,5.0,0,1.2587100072021526,150
1,2,2,45.0,47.0,2.0,0,2.958020654570393,35
1,1,4,59.0,53.0,4.0,0,1.8408952650449817,127
0,3,1,16.0,43.0,5.0,0,1.8589008867805348,115
1,3,3,58.0,32.0,3.0,0,2.0821518902181717,120
0,3,4,61.0,30.0,1.0,0,1.2893219024129956,152
1,2,1,57.0,61.0,5.0,0,1.3939580720010942,95
0,3,2,3.0,80.0,3.0,0,3.2294539887858127,21
1,2,5,69.0,85.0,5.0,0,2.7537124774858457,172
1,3,5,31.0,32.0,5.0,0,0.4393028758615895,141
1,3,5,90.0,50.0,3.0,0,1.6174266685230378,112
0,3,2,43.0,36.0,3.0,0,1.316971422967232,10
0,2,2,51.0,49.0,2.0,0,3.1538397305381003,18
0,2,2,42.0,52.0,2.0,0,2.2520388077020694,30
1,1,1,16.0,39.0,1.0,1,0.8826405033986346,66
1,1,4,18.0,76.0,4.0,0,0.6287776047501548,111
1,1,3,88.0,31.0,3.0,0,1.21888939934124,63
1,3,5,8.0,26.0,3.0,0,0.5529457534181358,11
0,3,1,59.0,54.0,4.0,0,1.8699171763853681,18
1,3,2,90.0,49.0,4.0,0,1.3637813629588647,157
1,1,2,38.0,42.0,1.0,0,3.3757183431895874,38
1,1,5,93.0,77.0,5.0,0,1.9003114785119042,116
1,3,2,36.0,59.0,5.0,0,1.0442481186486567,45
1,3,5,4.0,26.0,4.0,0,0.8232242899317121,9
1,2,2,49.0,41.0,1.0,1,0.12963112345437156,89
0,2,5,11.0,45.0,5.0,0,0.5295407834223195,17
1,3,3,55.0,35.0,3.0,0,2.4172459884589337,114
0,2,5,1.0,19.0,2.0,0,0.46472522169513364,9
0,2,1,97.0,98.0,1.0,0,3.2294539887858127,169
1,3,2,78.0,68.0,3.0,0,2.3828247288582842,73
0,2,2,75.0,14.0,4.0,0,1.7706803550575325,141
1,3,3,32.0,20.0,5.0,0,0.9101025024966765,78
0,2,1,9.0,55.0,2.0,0,0.35849906823657846,4
1,1,5,64.0,23.0,1.0,1,1.1171253895254116,145
1,2,5,7.0,49.0,3.0,0,0.27027853651357636,21
1,1,5,86.0,41.0,5.0,0,2.3524304267317477,83
0,3,5,11.0,8.0,4.0,0,0.6177613151453216,12
0,3,4,69.0,15.0,2.0,0,2.7509676959135456,127
1,1,3,38.0,15.0,1.0,1,0.17644106344600424,79
1,1,4,90.0,70.0,3.0,0,3.188043397054443,93
1,1,1,67.0,31.0,1.0,0,0.9266207430179874,112
0,1,2,64.0,88.0,1.0,0,2.69451385710323,66
1,2,5,49.0,48.0,1.0,0,1.2479113106816264,148
0,2,1,59.0,52.0,4.0,0,2.839188227636548,4
1,3,4,49.0,52.0,5.0,0,4.1048875669694205,151
1,1,2,88.0,35.0,5.0,0,1.9471214185035368,130
1,3,5,77.0,70.0,4.0,0,1.22313394989966,112
1,1,4,11.0,43.0,4.0,0,2.7836715934437684,82
0,3,5,11.0,17.0,4.0,0,0.8232242899317121,21
0,3,4,1.0,12.0,4.0,0,0.6411662851411379,8
1,3,5,37.0,7.0,1.0,1,0.0,87
1,3,5,25.0,20.0,1.0,0,0.9101025024966765,100
1,3,5,42.0,24.0,3.0,0,0.5405570730271527,87
0,1,1,65.0,92.0,5.0,0,1.465762965859,115
1,2,5,16.0,26.0,2.0,1,0.12963112345437156,92
0,3,4,6.0,47.0,2.0,0,0.42331462996376423,19
0,3,5,9.0,52.0,3.0,0,0.27027853651357636,16
1,2,4,26.0,1.0,3.0,0,0.5884270022657564,76
1,2,5,86.0,41.0,3.0,0,1.4409856050770338,78
1,1,1,68.0,27.0,2.0,0,2.4034849172818005,101
1,2,2,29.0,45.0,2.0,0,2.5952770357753945,14
1,3,5,60.0,72.0,5.0,0,2.7233181753593096,134
1,2,5,86.0,45.0,5.0,0,4.42197604347463,140
0,3,2,66.0,26.0,5.0,0,1.2769332220220124,148
1,3,4,86.0,80.0,2.0,0,2.0765349488736016,54
0,3,3,72.0,30.0,5.0,0,0.8623776353142771,138
1,2,3,72.0,49.0,4.0,0,0.9965232514662574,98
1,3,5,88.0,7.0,2.0,0,1.1381581227443311,62
1,3,3,62.0,27.0,4.0,0,0.6067450255404884,103
1,3,4,62.0,76.0,4.0,0,1.7760797033177957,92
1,3,3,61.0,24.0,3.0,0,2.3828247288582842,154
0,3,5,9.0,23.0,1.0,0,0.5171521030313363,21
1,3,4,90.0,62.0,5.0,0,2.3236261084756684,140
1,3,5,64.0,27.0,4.0,0,2.3414141371269146,98
1,3,5,50.0,66.0,2.0,0,2.3938410184631174,133
1,1,4,43.0,7.0,1.0,1,0.3528821268920085,108
0,3,4,80.0,47.0,1.0,1,1.6356498833428978,74
1,1,5,47.0,90.0,5.0,0,1.412181286820954,143
1,2,1,55.0,93.0,5.0,0,1.147302098567641,140
1,2,5,33.0,7.0,2.0,0,2.527499099391602,95
1,3,1,99.0,78.0,1.0,0,1.7180358806370233,119
0,3,5,12.0,43.0,4.0,0,0.48813019169095,16
1,2,2,86.0,35.0,4.0,0,2.1759893632857437,144
1,1,4,54.0,65.0,4.0,0,0.34568299587832413,98
0,2,3,16.0,38.0,5.0,0,4.717031940770172,148
0,1,2,50.0,53.0,2.0,0,4.324111612932944,43
0,2,1,25.0,38.0,2.0,0,3.959995603351796,32
0,2,3,48.0,36.0,2.0,1,1.307109931064242,188
0,3,2,48.0,33.0,1.0,0,2.8941422974607436,44
1,1,3,69.0,72.0,4.0,0,1.7760797033177957,120
1,3,5,62.0,23.0,5.0,0,1.9883144171505993,104
0,1,2,34.0,33.0,1.0,0,2.6350976436363074,12
0,3,5,4.0,57.0,5.0,0,0.42331462996376423,12
1,3,2,23.0,31.0,2.0,0,2.465645912321023,12
0,3,1,2.0,10.0,4.0,0,0.6053726347543384,18
0,3,1,5.0,35.0,4.0,0,0.3999096599679479,19
1,3,2,3.0,27.0,2.0,0,0.8052186681961591,100
0,3,1,4.0,32.0,2.0,0,0.5171521030313363,20
1,1,4,44.0,23.0,2.0,1,0.3528821268920085,106
0,3,3,45.0,72.0,2.0,0,1.2755608312358626,118
1,3,2,73.0,18.0,5.0,0,1.2645445416310295,109
1,2,1,61.0,67.0,2.0,0,1.6712259406453904,100
1,1,4,67.0,67.0,1.0,0,0.41558550432659436,96
0,2,2,52.0,20.0,5.0,0,2.242177315799079,132
0,1,1,27.0,44.0,3.0,0,3.052360146086888,107
1,3,4,65.0,79.0,1.0,0,1.5830054089223884,79
0,3,5,11.0,50.0,5.0,0,0.3999096599679479,13
1,1,4,67.0,13.0,5.0,0,0.6985651227703326,113
1,1,3,65.0,19.0,4.0,0,2.4472051044168563,105
1,3,4,85.0,32.0,5.0,0,1.4754068646776832,53
0,3,5,73.0,8.0,3.0,0,1.212117660294827,145
1,2,2,62.0,28.0,3.0,0,0.5295407834223195,107
1,3,5,40.0,98.0,1.0,0,1.370553102005278,146
0,2,5,57.0,35.0,4.0,0,1.053464625500069,104
1,2,5,92.0,62.0,5.0,0,1.940132086372817,122
0,2,5,9.0,21.0,1.0,0,0.7998193199358958,13
1,2,4,21.0,87.0,2.0,0,1.428626996314163,129
1,1,1,23.0,51.0,3.0,0,2.7109294949683265,35
1,2,5,43.0,66.0,2.0,0,2.0130917779325657,144
1,3,1,36.0,40.0,2.0,0,2.8283895311160214,28
0,2,2,57.0,44.0,2.0,0,2.069545616742882,33
0,1,1,81.0,35.0,5.0,1,0.6481556172718578,149
1,2,4,65.0,47.0,5.0,0,0.9472384720415137,75
0,3,4,84.0,88.0,3.0,0,1.725025212767743,112
1,2,1,8.0,32.0,3.0,0,0.8232242899317121,19
1,3,2,96.0,36.0,4.0,0,2.2351879836683595,133
1,1,4,57.0,3.0,2.0,0,0.2826672169045594,61
1,3,4,60.0,86.0,2.0,0,1.878061306217931,164
1,2,4,34.0,65.0,3.0,0,1.0277298781273458,71
1,3,3,90.0,19.0,3.0,0,3.147787603024917,163
0,1,2,49.0,21.0,1.0,1,1.1774788076098703,149
0,1,1,42.0,44.0,1.0,0,3.0237734209151155,130
1,2,1,40.0,48.0,1.0,0,1.3347169922184883,159
1,3,2,67.0,10.0,2.0,1,0.3060721869003758,83
1,2,5,48.0,20.0,1.0,1,0.3528821268920085,93
1,3,2,85.0,30.0,4.0,0,2.2531936054039123,105
0,3,5,13.0,39.0,1.0,0,0.4523365413041506,17
1,2,2,25.0,4.0,3.0,1,0.38889337036311467,75
1,3,4,78.0,34.0,1.0,0,1.788468383708779,76
1,3,5,83.0,49.0,2.0,0,1.9939313584951694,112
1,3,5,55.0,59.0,1.0,0,2.229788635408096,129
1,2,1,2.0,45.0,4.0,0,0.46472522169513364,17
0,3,1,10.0,35.0,4.0,0,0.3999096599679479,14
1,3,5,70.0,64.0,3.0,0,0.9652440937770668,108
1,1,5,11.0,8.0,4.0,0,0.5332128799572639,104
1,3,4,91.0,46.0,5.0,0,2.2711992271394656,93
1,2,3,63.0,61.0,4.0,0,3.8233751477667046,123
0,2,5,12.0,61.0,3.0,0,1.3422062473445815,93
1,2,2,76.0,83.0,3.0,0,2.269609243269009,166
1,3,1,51.0,38.0,2.0,0,2.44489550901317,28
0,3,2,48.0,36.0,4.0,0,3.9104408817878635,25
0,2,5,44.0,91.0,4.0,0,1.8586832936962279,153
1,3,4,78.0,73.0,3.0,0,1.7580740815822427,123
1,1,4,53.0,35.0,5.0,0,1.0230703233735325,109
0,2,2,18.0,55.0,1.0,1,1.2355226302906432,117
0,3,5,12.0,40.0,3.0,0,0.7059818468683237,19
0,3,1,6.0,45.0,5.0,0,0.7115987882128937,17
1,1,3,35.0,12.0,1.0,1,0.5405570730271527,78
1,2,5,32.0,13.0,1.0,1,0.0,93
0,3,5,8.0,29.0,1.0,1,1.047847684155499,82
0,1,5,80.0,30.0,1.0,0,2.2408049250129296,134
1,1,2,11.0,36.0,1.0,1,0.8826405033986346,102
1,2,5,25.0,40.0,4.0,0,1.1527014468279042,120
1,3,4,3.0,43.0,2.0,0,1.3541374641401815,120
1,1,5,18.0,56.0,2.0,1,0.5405570730271527,90
1,1,5,43.0,22.0,4.0,0,1.7693079642713827,118
1,3,4,62.0,50.0,3.0,0,1.940132086372817,124
0,1,1,47.0,33.0,3.0,0,2.558110994602445,15
1,2,3,64.0,24.0,1.0,1,0.49374713303552,105
0,1,5,48.0,98.0,4.0,0,1.5884047571826516,167
0,3,4,3.0,10.0,2.0,0,0.44671959995958055,15
1,1,5,21.0,22.0,4.0,0,1.0300596555042527,34
0,2,2,87.0,43.0,1.0,0,2.0601193110085054,139
0,2,2,20.0,32.0,4.0,0,4.129882520835693,29
0,3,5,21.0,56.0,3.0,0,3.6881270829677626,142
1,3,1,88.0,41.0,5.0,0,2.546877111913305,116
1,1,3,97.0,34.0,3.0,0,1.6766252889056537,146
0,2,2,27.0,59.0,3.0,0,3.8096140765895714,129
0,2,5,22.0,51.0,1.0,1,0.12963112345437156,109
1,2,5,69.0,70.0,3.0,0,1.3293601033582152,138
1,3,4,12.0,51.0,4.0,0,1.6422040293050042,85
1,3,4,9.0,51.0,3.0,0,0.6177613151453216,4
1,3,1,49.0,63.0,2.0,0,1.8341235259985684,27
1,2,2,72.0,61.0,5.0,0,2.0643638615669255,88
0,2,5,54.0,53.0,5.0,0,2.1247172796513842,155
0,3,1,69.0,63.0,5.0,0,1.7124189392924531,165
1,3,2,80.0,52.0,3.0,0,1.8933221463811845,125
1,2,5,79.0,53.0,3.0,0,0.8548883801881839,84
0,2,3,63.0,40.0,3.0,0,2.1717448127273236,145
0,1,5,87.0,63.0,4.0,0,2.042113689272952,152
1,3,2,30.0,91.0,5.0,0,0.21785165517737368,162
0,2,5,43.0,82.0,3.0,0,3.0473959839952385,132
1,3,4,69.0,55.0,5.0,0,2.0587469202223554,149
1,2,5,3.0,13.0,5.0,0,0.5763507234139521,6
0,3,5,5.0,21.0,4.0,0,3.755814804467219,92
0,3,5,6.0,13.0,2.0,0,0.44671959995958055,7
0,3,1,57.0,51.0,1.0,0,2.4008303505938375,12
0,1,1,26.0,13.0,2.0,0,3.593569998366961,107
0,3,4,9.0,44.0,3.0,0,0.6935931664773405,4
0,3,5,8.0,43.0,4.0,0,0.7584087282045263,11
0,2,2,15.0,52.0,4.0,0,2.3713732530848373,173
1,1,5,38.0,51.0,5.0,0,1.3995750133456641,108
0,1,1,58.0,49.0,2.0,0,2.5761166163379983,32
0,3,5,68.0,30.0,5.0,0,0.7537792450788251,98
1,3,2,20.0,64.0,3.0,0,1.1182801872272548,85
0,2,1,48.0,49.0,2.0,0,4.664822652518276,18
0,1,1,54.0,42.0,3.0,0,3.551941813551285,6
0,1,5,51.0,61.0,4.0,0,2.4528220457614265,93
1,1,4,65.0,56.0,2.0,0,2.352212833647441,61
1,3,2,90.0,73.0,1.0,0,2.206166072327973,62
0,1,5,54.0,80.0,5.0,0,2.0007030975415825,166
1,2,5,1.0,70.0,5.0,0,2.5408249844001216,67
1,2,4,7.0,44.0,3.0,0,0.6411662851411379,15
1,1,2,26.0,68.0,1.0,0,2.047295444448909,125
0,2,2,57.0,37.0,2.0,0,2.558110994602445,37
1,3,4,70.0,33.0,5.0,0,1.9124825658185807,96
1,2,3,62.0,76.0,5.0,0,1.9829150688903363,118
1,3,2,67.0,37.0,5.0,0,1.5649997871868353,132
1,3,3,79.0,30.0,3.0,0,2.188378043676727,130
1,3,4,69.0,25.0,4.0,0,1.4877955450686664,141
1,3,3,43.0,89.0,1.0,1,1.8476670040913947,150
0,3,4,1.0,32.0,5.0,0,0.6053726347543384,14
1,2,2,48.0,15.0,4.0,0,2.1413505106007875,138
1,2,5,8.0,28.0,5.0,0,0.5819676647585221,20
1,2,5,75.0,89.0,3.0,0,2.0641462684826184,121
1,1,2,44.0,47.0,5.0,0,1.0246603072439893,122
0,3,5,4.0,50.0,5.0,0,0.8232242899317121,20
1,3,3,30.0,88.0,5.0,0,1.1720794593496073,129
0,2,5,75.0,57.0,5.0,0,1.1527014468279042,134
0,2,2,45.0,39.0,2.0,0,3.1864534131839863,22
1,3,1,32.0,28.0,5.0,0,0.64335100046184,124
0,1,1,42.0,35.0,2.0,0,3.733999818341859,35
1,1,2,55.0,49.0,3.0,0,3.193660338399013,46
1,2,5,97.0,23.0,2.0,0,2.3180091671310983,114
1,3,5,58.0,1.0,1.0,0,2.123562481949541,132
0,2,4,6.0,16.0,4.0,0,0.5115351616867663,13
0,2,3,67.0,98.0,4.0,0,3.0806624458940446,41
1,2,1,71.0,37.0,3.0,0,1.629815348914021,139
1,3,4,85.0,71.0,4.0,0,1.9415044771589667,117
1,3,1,82.0,41.0,4.0,0,1.9538931575499499,85
0,1,5,65.0,78.0,5.0,0,2.2462042732731926,160
1,2,1,29.0,35.0,4.0,0,4.1172762473604045,13
1,2,1,55.0,76.0,4.0,0,2.364819107122731,104
0,2,2,45.0,40.0,3.0,0,2.9645748005324997,46
0,3,5,71.0,64.0,5.0,0,1.553983497582002,171
1,3,1,80.0,32.0,3.0,0,2.0587469202223554,142
1,2,4,80.0,48.0,4.0,0,1.7594464723683925,133
1,1,2,57.0,37.0,3.0,0,1.059081566844639,144
1,3,5,79.0,27.0,4.0,0,1.9829150688903363,46
1,2,2,47.0,24.0,3.0,1,0.9294504433902673,69
0,2,1,89.0,66.0,5.0,0,1.2465389198954764,131
1,1,1,58.0,46.0,4.0,0,2.2063836654122797,109
1,1,1,33.0,52.0,3.0,0,2.451667248059583,42
1,3,5,59.0,59.0,4.0,0,1.1058915068362716,106
1,3,4,51.0,41.0,1.0,0,1.8051016146581822,131
0,2,4,47.0,32.0,5.0,0,1.6064103789182047,135
1,3,5,68.0,27.0,3.0,0,1.4713799072035698,47
1,2,2,70.0,26.0,4.0,0,2.0007030975415825,91
1,2,5,63.0,65.0,5.0,0,0.34568299587832413,112
0,2,1,82.0,24.0,5.0,0,2.157983741550191,122
1,3,5,64.0,0.0,2.0,0,0.5020062532961754,121
0,3,5,13.0,12.0,4.0,0,0.7998193199358958,8
1,3,5,1.0,95.0,2.0,0,0.9184341537854341,48
0,2,1,57.0,32.0,2.0,0,3.2364433209165324,19
1,2,5,10.0,34.0,2.0,0,0.37688962253941255,92
1,1,2,49.0,15.0,2.0,1,0.7998193199358958,61
0,3,5,6.0,39.0,5.0,0,0.5529457534181358,9
0,2,2,70.0,42.0,1.0,0,1.0878858851007185,178
1,3,5,87.0,75.0,1.0,1,0.8714066207094947,150
0,3,5,89.0,66.0,3.0,0,2.8943598905450503,171
0,2,5,1.0,18.0,4.0,0,0.5171521030313363,13
1,2,2,78.0,28.0,4.0,0,2.20076672406771,127
0,2,5,81.0,18.0,5.0,0,2.2351879836683595,174
1,2,4,83.0,13.0,3.0,0,2.611692673640491,119
0,3,1,5.0,29.0,5.0,0,0.5295407834223195,10
1,1,2,24.0,48.0,3.0,0,1.6934761129393636,31
1,1,1,89.0,60.0,2.0,0,0.9474560651258205,83
1,1,4,61.0,34.0,4.0,0,1.2521558612400463,52
0,2,3,60.0,26.0,5.0,1,1.0811141460543054,163
0,3,2,24.0,49.0,2.0,0,1.8285065846539985,26
1,1,2,53.0,77.0,5.0,0,0.9341099981440806,44
0,3,4,12.0,30.0,2.0,0,0.46472522169513364,10
1,3,5,10.0,53.0,4.0,0,0.42331462996376423,6
1,3,4,69.0,53.0,4.0,0,4.104669973885114,110
1,3,5,96.0,62.0,2.0,0,1.387186332954681,126
1,1,4,59.0,78.0,5.0,0,1.6464485798634243,94
1,1,2,56.0,41.0,2.0,0,3.306875823988288,31
1,2,2,36.0,86.0,2.0,1,1.6131821179646177,156
0,3,2,57.0,96.0,1.0,0,3.486908658739792,103
1,3,4,52.0,28.0,4.0,0,0.5185244938174862,20
0,3,4,70.0,86.0,1.0,1,1.5168174564090526,82
1,1,1,79.0,58.0,2.0,0,2.4100390632439073,117
1,2,5,10.0,55.0,5.0,0,0.3350940982407621,24
0,3,1,21.0,50.0,2.0,0,2.5646651405645517,19
1,1,5,68.0,52.0,5.0,0,1.8769065085160879,55
0,1,5,80.0,99.0,1.0,0,2.6776630330695204,85
1,1,3,59.0,85.0,2.0,1,1.8476670040913947,164
1,3,4,39.0,34.0,1.0,0,2.823709794388988,106
1,3,2,38.0,2.0,2.0,0,0.9413091291577649,147
1,2,5,43.0,90.0,5.0,0,1.9180995071631504,172
1,1,2,20.0,28.0,4.0,0,0.4467921309876828,84
1,2,1,5.0,18.0,5.0,0,0.73500375820871,6
1,2,5,40.0,36.0,2.0,0,2.6999132053634933,110
1,3,3,45.0,38.0,4.0,0,2.815565664556425,67
0,1,1,26.0,53.0,3.0,0,4.406932796395683,24
1,1,3,58.0,9.0,1.0,1,0.5405570730271527,112
0,2,5,68.0,30.0,5.0,0,1.6878591715947937,163
0,3,1,9.0,26.0,5.0,0,0.7115987882128937,8
1,3,4,93.0,92.0,4.0,0,3.3410794905046313,118
1,3,2,2.0,47.0,1.0,1,0.12963112345437156,96
0,3,4,62.0,12.0,3.0,1,1.693258519855057,106
1,3,1,68.0,74.0,4.0,0,2.45325723193004,132
0,1,2,62.0,33.0,4.0,0,1.2893219024129956,150
0,1,2,37.0,46.0,4.0,0,3.8708378670112573,31
1,1,1,76.0,26.0,5.0,0,1.7774520941039458,171
1,3,5,42.0,21.0,5.0,0,1.7292697633261631,115
0,2,5,2.0,30.0,4.0,0,0.48813019169095,24
1,3,4,3.0,44.0,2.0,0,0.3999096599679479,24
1,2,2,88.0,43.0,4.0,0,1.5816330181362384,90
1,1,5,39.0,62.0,1.0,0,1.8919497555950344,45
0,3,4,68.0,19.0,5.0,0,1.9127001589028871,164
1,2,2,59.0,69.0,1.0,0,1.9471214185035368,101
0,3,5,16.0,33.0,3.0,0,0.924790888636454,126
1,3,5,97.0,66.0,2.0,0,1.6478209706495741,110
0,1,4,85.0,35.0,4.0,0,2.670891294023107,106
0,2,1,38.0,42.0,1.0,0,2.958020654570393,30
1,1,5,49.0,55.0,1.0,0,2.211783013672543,142
0,1,4,65.0,80.0,2.0,0,2.264209895008746,96
1,2,3,98.0,30.0,5.0,0,2.0531299788777853,71
0,2,3,39.0,61.0,5.0,1,0.3528821268920085,171
1,1,5,26.0,69.0,2.0,0,1.9703087954150464,54
0,2,5,48.0,49.0,2.0,0,1.7526747333219794,109
0,2,4,7.0,52.0,2.0,0,0.6411662851411379,20
1,2,5,3.0,32.0,5.0,0,0.35849906823657846,62
1,1,5,83.0,30.0,1.0,0,1.5526111067958521,103
0,1,2,48.0,53.0,3.0,0,2.8157832576407316,27
1,3,5,58.0,56.0,2.0,0,2.2599653444503254,116
1,1,3,38.0,8.0,1.0,1,0.5185244938174862,73
0,1,5,79.0,3.0,3.0,0,1.0822689437561486,150
1,1,3,58.0,56.0,1.0,0,1.212117660294827,108
1,1,3,48.0,6.0,1.0,1,0.49374713303552,75
1,3,5,57.0,28.0,5.0,0,1.7002478519857769,98
0,3,2,59.0,42.0,2.0,0,2.610320282854341,19
1,2,5,56.0,54.0,5.0,0,2.0049476481000026,109
0,2,4,97.0,36.0,5.0,0,0.6935931664773405,92
1,1,1,84.0,27.0,3.0,0,1.0298420624199458,139
1,1,2,44.0,48.0,4.0,0,1.0442481186486567,15
0,2,3,38.0,16.0,2.0,0,2.3470310784714847,71
1,1,1,60.0,19.0,3.0,0,0.9708610351216368,49
0,2,5,85.0,14.0,5.0,0,1.058863973760332,166
0,3,5,9.0,31.0,3.0,0,0.42331462996376423,13
0,2,1,65.0,21.0,1.0,0,2.1483398427315072,165
1,1,5,48.0,51.0,1.0,0,2.811103520913698,109
1,1,3,91.0,29.0,5.0,0,1.8750989315613245,98
1,3,3,37.0,26.0,5.0,0,2.9299359478475435,132
1,3,2,92.0,57.0,3.0,0,2.359419758862468,105
0,2,1,57.0,16.0,4.0,0,2.650358483799561,68
1,1,5,9.0,63.0,5.0,0,1.5238067885397726,94
1,3,3,60.0,45.0,1.0,0,3.247242017437059,40
0,3,5,8.0,35.0,3.0,0,0.6701881964815242,8
0,2,5,33.0,80.0,2.0,1,1.307109931064242,113
0,2,2,30.0,39.0,3.0,0,4.0940888704488945,7
0,2,5,65.0,78.0,3.0,0,2.4186183792450837,120
0,2,5,11.0,29.0,5.0,0,0.46472522169513364,15
1,1,1,62.0,29.0,5.0,0,2.429634668849917,102
0,3,1,20.0,30.0,1.0,0,3.5240746999127417,99
0,2,2,24.0,32.0,2.0,0,2.281997923659992,25
0,2,5,48.0,2.0,2.0,0,2.3112374280846852,132
0,3,5,10.0,54.0,3.0,0,0.7584087282045263,3
0,3,5,3.0,47.0,5.0,0,0.8232242899317121,5
0,2,1,43.0,98.0,4.0,0,2.124934872735691,113
0,3,2,68.0,24.0,2.0,1,1.1306688676182377,110
0,2,5,32.0,80.0,3.0,1,0.2592622469087431,105
0,2,1,20.0,32.0,1.0,0,3.6127304178043573,40
0,2,5,9.0,28.0,5.0,0,0.5763507234139521,10
1,2,5,31.0,55.0,1.0,1,0.5185244938174862,77
0,2,1,20.0,35.0,4.0,0,3.3991233131854037,24
0,3,3,34.0,86.0,1.0,1,1.4835509945102463,108
1,3,5,83.0,56.0,4.0,0,1.7706803550575325,73
0,3,4,2.0,34.0,1.0,1,1.3651537537450147,90
0,3,5,85.0,12.0,5.0,0,2.0227356767512488,176
1,2,2,66.0,77.0,3.0,0,1.8298789754401483,81
1,1,5,23.0,85.0,3.0,0,1.3237431620136453,46
0,2,2,67.0,24.0,2.0,1,0.9542278041722336,127
1,1,5,73.0,59.0,4.0,0,0.6673584961092441,144
0,1,4,5.0,31.0,1.0,0,3.1400786593609675,114
1,2,1,79.0,35.0,3.0,0,3.14195306859604,70
1,3,4,62.0,1.0,1.0,1,0.0,76
1,3,2,43.0,73.0,5.0,0,1.446384953337297,160
1,3,5,0.0,4.0,2.0,0,1.0205307471136618,112
0,1,2,44.0,59.0,2.0,1,1.8476670040913947,126
1,3,1,80.0,71.0,5.0,0,2.1827611023321567,76
0,2,2,56.0,34.0,2.0,0,2.4174635815432404,7
1,3,3,46.0,36.0,4.0,0,0.7777867407262294,86
0,1,2,39.0,54.0,2.0,0,4.406932796395683,24
0,1,2,21.0,32.0,4.0,0,2.4874608984463826,16
0,2,2,21.0,37.0,2.0,0,2.852949298813681,23
0,1,5,83.0,36.0,3.0,0,3.4002781108872466,86
1,2,2,27.0,31.0,2.0,0,2.741106204010556,31
1,1,1,34.0,40.0,2.0,0,3.3478512295510443,3
0,2,2,19.0,27.0,2.0,0,2.6294807022917372,95
1,2,5,64.0,8.0,2.0,1,0.7169981364731569,98
1,3,5,69.0,21.0,4.0,0,2.3414141371269146,115
1,2,3,7.0,27.0,1.0,1,0.17644106344600424,62
1,2,5,64.0,52.0,4.0,0,2.1895328413785697,94
0,1,3,50.0,4.0,2.0,0,2.5174200144043053,128
0,3,2,40.0,41.0,3.0,0,4.1710755194827565,20
1,2,2,38.0,30.0,4.0,0,3.694396803565253,21
1,3,5,10.0,23.0,2.0,0,0.46472522169513364,21
0,2,5,10.0,25.0,5.0,0,0.6287776047501548,14
1,2,1,92.0,49.0,3.0,0,1.9649094471547832,94
1,3,5,7.0,37.0,3.0,0,0.44671959995958055,4
1,2,5,13.0,82.0,1.0,0,0.9725157558188533,101
1,1,1,47.0,50.0,2.0,0,3.670556647400823,46
0,2,4,7.0,0.0,1.0,0,0.7132535089101103,8
0,2,1,61.0,3.0,3.0,0,2.051757588091635,191
0,3,4,6.0,24.0,1.0,0,0.46472522169513364,17
1,3,5,14.0,78.0,2.0,0,1.653437911994144,43
1,2,2,64.0,65.0,3.0,0,2.7233181753593096,135
1,2,5,83.0,76.0,3.0,0,2.0119369802307228,77
1,2,5,51.0,43.0,3.0,0,1.6064103789182047,113
1,3,5,67.0,96.0,4.0,0,1.9885320102349062,114
0,2,2,56.0,21.0,1.0,0,2.652885672287554,78
1,3,1,96.0,43.0,3.0,0,1.9234988554234138,81
1,1,5,24.0,67.0,2.0,0,1.730642154112313,122
1,1,5,76.0,68.0,4.0,0,0.6820468822490217,107
1,2,5,25.0,4.0,3.0,0,3.4040874752770534,94
0,3,1,8.0,38.0,3.0,0,0.7115987882128937,9
0,2,2,59.0,40.0,1.0,0,3.4346993704878965,36
0,3,5,92.0,30.0,2.0,0,2.3348599911648082,128
1,2,5,55.0,92.0,5.0,0,1.6754704912038108,116
1,3,1,75.0,48.0,5.0,0,2.4476402905854697,101
1,2,2,56.0,41.0,2.0,0,4.394761709089007,26
0,2,2,46.0,30.0,2.0,0,3.6885622691363764,34
1,3,2,26.0,21.0,1.0,1,0.7169981364731569,83
0,3,3,39.0,60.0,3.0,0,4.475775315596982,114
0,2,2,83.0,71.0,3.0,0,1.5415948171910188,159
1,2,3,32.0,48.0,2.0,0,0.8356129703226952,125
1,3,2,48.0,7.0,1.0,1,0.6701881964815242,85
1,3,5,40.0,12.0,5.0,0,2.5162652167024624,51
1,2,5,1.0,45.0,2.0,0,0.8232242899317121,11
1,3,3,40.0,23.0,1.0,0,3.4855362679536426,164
0,3,5,33.0,64.0,5.0,1,0.8826405033986346,181
1,1,1,71.0,74.0,5.0,0,2.092950586738698,128
1,1,3,75.0,12.0,4.0,0,0.9965232514662574,92
1,1,3,60.0,23.0,1.0,1,0.0,94
1,3,1,86.0,65.0,5.0,0,0.5644195066183523,26
1,1,2,77.0,84.0,4.0,0,0.8236817535270955,85
0,1,2,35.0,51.0,2.0,0,3.130434760542284,37
1,1,3,1.0,0.0,1.0,1,0.6949655572634905,66
1,1,2,29.0,43.0,2.0,0,4.005868338725892,16
1,2,4,71.0,24.0,5.0,0,2.19939433328156,77
0,2,3,18.0,39.0,5.0,0,3.43310938661744,27
1,2,4,21.0,28.0,1.0,1,0.6233782564898915,90
0,2,5,7.0,38.0,4.0,0,0.5115351616867663,16
1,3,5,15.0,20.0,4.0,0,0.7537792450788251,165
1,3,2,80.0,69.0,3.0,0,1.0130414919875683,98
1,1,5,14.0,23.0,5.0,0,0.9238335020456974,142
1,3,1,97.0,79.0,4.0,0,1.9358875358143968,116
1,1,5,73.0,59.0,5.0,0,0.4080962492005011,49
0,2,1,20.0,40.0,2.0,0,2.1937773919369903,32
0,1,2,27.0,6.0,5.0,0,1.2767156289377057,46
0,1,2,79.0,49.0,4.0,0,3.029607955343992,137
0,2,5,87.0,58.0,3.0,0,0.64335100046184,98
1,1,3,51.0,14.0,1.0,1,0.8466292599275285,89
1,2,5,58.0,8.0,2.0,0,1.4009474041318142,123
1,2,1,25.0,32.0,4.0,0,2.618682005771211,13
0,2,5,47.0,85.0,2.0,0,1.5485841493217387,132
1,3,1,9.0,50.0,3.0,0,0.4523365413041506,21
0,2,2,46.0,39.0,1.0,0,3.2046766280038463,23
0,2,5,4.0,24.0,4.0,0,0.6701881964815242,17
0,1,4,21.0,55.0,3.0,0,2.453039638845733,169
1,3,5,39.0,2.0,1.0,1,0.49374713303552,94
0,3,5,69.0,90.0,3.0,0,1.7720527458436826,131
1,3,5,68.0,43.0,4.0,0,1.0176709751132695,134
0,1,3,81.0,46.0,1.0,0,1.1873402995128606,109
0,1,1,30.0,53.0,2.0,0,3.272236971303332,24
0,2,1,34.0,49.0,1.0,0,3.1342441249320907,40
1,1,5,13.0,76.0,1.0,0,2.5822355761314912,5
1,2,4,18.0,25.0,3.0,0,1.5886223502669583,57
0,2,1,52.0,34.0,4.0,0,3.7533778308635624,25
1,2,4,74.0,68.0,2.0,0,1.3181262206690754,150
0,3,2,20.0,46.0,2.0,0,2.68615213418636,39
1,1,2,22.0,6.0,2.0,1,0.8826405033986346,70
0,2,3,22.0,60.0,2.0,1,1.8476670040913947,93
0,3,1,13.0,72.0,3.0,0,1.1675348950238862,181
0,2,1,82.0,3.0,4.0,0,2.3247809061775113,146
1,1,4,40.0,53.0,5.0,0,3.029390362259685,126
0,2,2,79.0,62.0,1.0,0,0.2904688735698316,62
1,3,4,63.0,43.0,2.0,0,2.494450230577103,135
0,3,5,8.0,16.0,4.0,0,0.7998193199358958,13
0,2,5,10.0,41.0,2.0,0,0.6467832264857079,16
1,1,1,17.0,68.0,3.0,0,0.7612685002049185,145
1,1,4,76.0,23.0,5.0,0,1.5762336698759754,185
0,2,2,29.0,51.0,3.0,0,2.051757588091635,26
0,3,4,5.0,13.0,5.0,0,0.5295407834223195,10
0,3,5,13.0,57.0,5.0,0,0.6287776047501548,18
1,1,5,21.0,25.0,2.0,0,0.5997556934097685,94
0,2,1,71.0,31.0,5.0,0,2.094540570609155,148
1,3,5,11.0,30.0,4.0,0,0.48813019169095,10
1,2,5,81.0,76.0,5.0,0,1.9291157967679837,99
1,1,3,46.0,77.0,4.0,0,3.1398610662766604,107
1,1,1,45.0,50.0,2.0,0,1.5760160767916684,89
1,3,5,50.0,69.0,3.0,0,1.723652821981593,161
0,3,1,12.0,20.0,3.0,0,0.6411662851411379,12
0,2,5,26.0,5.0,5.0,0,2.364166327869811,186
1,2,1,90.0,77.0,3.0,0,2.852949298813681,186
0,3,3,79.0,86.0,5.0,0,2.1705900150254807,196
1,2,1,8.0,0.0,4.0,0,0.9528554133860836,56
1,1,5,54.0,20.0,5.0,0,1.871071974087211,118
1,2,2,3.0,12.0,1.0,1,0.7998193199358958,57
1,2,4,86.0,49.0,5.0,0,2.129179423294111,77
0,1,1,77.0,56.0,2.0,0,1.7016202427719267,83
0,2,3,69.0,28.0,3.0,0,2.5810807784296483,39
1,3,4,43.0,27.0,4.0,0,0.8401999940484063,49
0,3,5,1.0,19.0,3.0,0,0.27027853651357636,14
1,3,2,0.0,56.0,3.0,0,0.5809377471396632,99
1,3,2,59.0,52.0,4.0,0,2.035341950226539,150
0,2,5,42.0,56.0,5.0,0,2.211783013672543,153
1,1,4,44.0,4.0,1.0,1,0.12963112345437156,81
0,3,2,33.0,44.0,2.0,0,3.4414711095343096,36
0,2,2,21.0,38.0,2.0,0,2.1996119263658667,37
0,3,2,80.0,55.0,5.0,0,1.977515720630073,144
1,1,5,44.0,24.0,2.0,1,0.17644106344600424,95
1,3,3,23.0,19.0,4.0,0,2.9641396143638863,76
0,3,4,9.0,20.0,5.0,0,0.35849906823657846,4
1,2,5,85.0,5.0,5.0,0,1.3941756650854011,135
1,1,5,58.0,30.0,1.0,0,3.612295231635744,165
1,3,2,16.0,38.0,4.0,0,0.5497311204785746,17
1,3,5,60.0,22.0,1.0,0,1.635432290258591,121
0,3,2,23.0,27.0,2.0,1,1.7180358806370233,101
1,3,5,73.0,37.0,4.0,0,1.9471214185035368,126
1,2,4,44.0,24.0,1.0,1,0.6949655572634905,64
0,3,1,48.0,6.0,3.0,0,0.1176273756306695,96
1,3,2,81.0,30.0,3.0,0,1.4299693154722006,105
1,2,5,77.0,45.0,2.0,0,0.8412299116672652,93
1,2,5,41.0,42.0,3.0,0,2.1827611023321567,176
0,1,1,25.0,40.0,1.0,0,2.999213653217456,38
1,1,2,50.0,19.0,2.0,1,0.3641160095811484,103
1,3,4,54.0,25.0,5.0,0,2.2531936054039123,68
0,2,1,34.0,41.0,2.0,0,2.0920133821211615,31
1,3,1,28.0,27.0,3.0,0,0.5020062532961754,98
0,1,3,94.0,29.0,2.0,0,1.9941489515794761,51
1,2,4,48.0,53.0,4.0,0,1.1858829899267305,108
0,3,5,12.0,55.0,5.0,0,0.8232242899317121,6
0,3,5,2.0,17.0,2.0,0,0.6701881964815242,18
1,1,1,63.0,66.0,5.0,1,0.43570331035474735,129
1,3,5,74.0,43.0,4.0,0,2.106929251000138,109
0,3,5,8.0,27.0,3.0,0,0.5763507234139521,9
1,2,4,66.0,3.0,2.0,1,0.5405570730271527,84
0,3,5,8.0,53.0,2.0,0,0.46472522169513364,24
1,1,4,24.0,57.0,4.0,0,0.47799875764877126,58
1,1,1,39.0,40.0,2.0,0,4.025028758163288,20
0,3,5,4.0,20.0,2.0,0,0.4523365413041506,12
1,3,1,88.0,75.0,1.0,0,1.5415948171910188,112
1,2,1,51.0,41.0,2.0,0,3.459476731269863,43
0,2,3,60.0,25.0,5.0,0,2.364819107122731,136
1,3,5,30.0,27.0,2.0,0,0.5809377471396632,76
1,3,5,60.0,66.0,4.0,0,2.0227356767512488,171
0,2,1,48.0,42.0,3.0,0,3.078007879206081,20
0,3,5,12.0,43.0,5.0,0,0.9413091291577649,112
0,1,2,59.0,53.0,2.0,0,4.095243668150737,32
1,1,3,40.0,45.0,2.0,1,0.2592622469087431,76
0,1,1,45.0,47.0,2.0,0,3.029390362259685,31
1,1,1,6.0,97.0,3.0,0,0.8410123185829584,93
1,1,5,28.0,2.0,3.0,0,3.275828742608832,108
0,3,5,8.0,13.0,1.0,0,0.6177613151453216,14
0,3,5,46.0,3.0,4.0,0,2.294604197135282,147
1,3,5,28.0,15.0,1.0,0,0.6985651227703326,103
0,1,1,47.0,35.0,2.0,0,3.6899346599225264,39
1,2,5,91.0,59.0,4.0,0,2.1827611023321567,88
1,3,4,51.0,72.0,3.0,0,1.7290521702418564,152
1,3,1,64.0,48.0,4.0,0,1.4767792554638333,136
1,2,5,74.0,18.0,4.0,0,0.47799875764877126,97
1,3,3,6.0,90.0,4.0,0,2.0711356006133386,107
1,2,3,78.0,61.0,4.0,0,2.2241716940635263,91
1,2,5,54.0,6.0,1.0,0,1.2533106589418894,173
0,1,3,43.0,53.0,3.0,0,3.804214728329308,75
1,3,2,30.0,58.0,3.0,0,1.4396132142908837,116
1,3,2,72.0,38.0,3.0,0,1.4119636937366473,86
0,3,5,79.0,99.0,5.0,0,2.5882877036446748,116
0,1,3,13.0,70.0,5.0,0,1.6820246371659169,160
0,2,5,69.0,58.0,4.0,0,1.5224343977536228,128
1,3,5,13.0,41.0,4.0,0,0.46472522169513364,89
1,3,5,56.0,30.0,5.0,0,2.1469674519453577,90
0,3,2,68.0,89.0,4.0,0,1.446384953337297,159
1,3,2,33.0,90.0,1.0,0,1.1169077964411047,174
1,3,3,95.0,76.0,5.0,0,2.029725008881969,102
1,2,1,63.0,20.0,5.0,0,0.5653344338091189,105
0,1,1,50.0,52.0,2.0,0,2.1343611784700673,18
0,1,2,73.0,69.0,1.0,0,1.6284429581278712,110
1,3,1,66.0,69.0,5.0,0,1.6822422302502238,126
0,2,2,57.0,52.0,3.0,0,2.245986680188886,5
0,3,1,6.0,53.0,4.0,0,0.35849906823657846,6
1,3,1,71.0,71.0,2.0,0,2.8709549205492344,32
0,3,1,54.0,23.0,2.0,0,2.2943866040509753,181
0,3,5,44.0,64.0,2.0,0,3.3640492743318338,41
0,2,3,72.0,99.0,2.0,1,1.5636273964006855,109
0,3,5,34.0,22.0,5.0,0,1.4711623141192631,77
0,1,2,37.0,36.0,2.0,0,1.799484673313612,34
0,2,1,43.0,31.0,3.0,0,3.121637851456801,28
1,2,4,50.0,8.0,5.0,0,1.8118733537045952,129
1,1,5,46.0,76.0,1.0,0,1.6584020740857939,63
0,3,4,3.0,35.0,2.0,0,0.7059818468683237,18
0,1,1,32.0,37.0,3.0,0,4.264912992550329,13
1,3,4,33.0,69.0,3.0,0,0.7849858717399135,74
0,2,5,5.0,27.0,3.0,0,0.48813019169095,12
0,3,5,9.0,26.0,1.0,0,1.5297361314235214,177
1,2,5,54.0,57.0,3.0,0,1.9471214185035368,63
0,3,1,46.0,50.0,1.0,0,2.483651534056576,19
1,2,5,62.0,4.0,5.0,0,1.0644809151049022,111
0,2,2,42.0,44.0,3.0,0,1.96375464945294,23
0,2,5,3.0,12.0,4.0,0,0.6411662851411379,19
0,3,2,37.0,78.0,4.0,0,2.68190758362794,96
1,1,2,3.0,62.0,4.0,0,0.9965232514662574,95
0,1,1,6.0,60.0,2.0,0,2.6641195549766934,160
1,1,1,87.0,41.0,4.0,0,1.5706167285314052,76
0,3,4,2.0,50.0,3.0,0,0.3999096599679479,17
0,3,1,29.0,40.0,2.0,0,2.629698295376044,33
1,2,4,64.0,3.0,4.0,0,1.5703991354470985,167
1,2,3,13.0,51.0,1.0,1,0.9294504433902673,98
0,1,2,46.0,53.0,4.0,0,3.1506597627971873,10
1,3,4,87.0,3.0,3.0,0,0.7473924385996931,64
1,2,4,96.0,48.0,5.0,0,0.9474560651258205,65
1,3,5,51.0,78.0,4.0,0,1.553983497582002,152
1,3,4,74.0,26.0,4.0,0,2.2876148650045622,115
1,3,1,46.0,38.0,3.0,0,1.1817233581682904,9
0,2,2,41.0,46.0,1.0,0,3.9174302139185833,34
0,3,5,89.0,11.0,5.0,0,1.629815348914021,152
0,3,4,2.0,17.0,5.0,0,0.5529457534181358,11
0,1,1,32.0,40.0,2.0,0,2.910775528410147,31
1,3,4,56.0,17.0,1.0,1,0.8466292599275285,91
1,3,5,63.0,31.0,4.0,0,1.0948752172314382,153
1,3,5,79.0,31.0,3.0,0,1.9759257367596164,137
1,3,2,23.0,45.0,1.0,1,0.6233782564898915,85
1,3,5,35.0,43.0,3.0,0,1.1707070685634573,37
1,1,2,44.0,42.0,1.0,0,2.781579591124389,30
0,3,4,37.0,0.0,2.0,1,0.7417754972551232,101
1,3,4,72.0,88.0,5.0,0,0.8548883801881839,147
1,2,1,42.0,49.0,2.0,0,2.7413237970948625,19
1,2,5,78.0,47.0,5.0,0,1.9649094471547832,109
1,2,2,12.0,45.0,1.0,1,0.8826405033986346,73
0,2,5,14.0,28.0,4.0,0,3.1506597627971873,132
1,1,1,94.0,66.0,3.0,0,1.806256412360025,81
0,3,2,47.0,34.0,4.0,0,2.66368436880808,147
1,3,1,84.0,32.0,4.0,0,0.5644195066183523,101
1,2,2,41.0,0.0,1.0,0,1.0424483358952357,87
1,1,3,16.0,35.0,3.0,0,0.32916475535701334,93
0,3,5,66.0,46.0,3.0,0,2.029725008881969,123
0,3,5,12.0,38.0,5.0,0,0.5529457534181358,13
1,3,1,96.0,72.0,4.0,0,2.4710452605812865,123
1,3,3,5.0,35.0,2.0,0,0.47799875764877126,59
1,2,2,52.0,99.0,1.0,0,2.224389287147833,175
0,2,5,72.0,94.0,5.0,0,1.4229799833414805,137
1,3,3,57.0,56.0,1.0,0,0.6109895760989084,130
0,1,2,38.0,41.0,4.0,0,3.848370101632977,32
1,3,4,56.0,35.0,4.0,0,1.940132086372817,86
1,3,3,4.0,38.0,3.0,0,2.7575218418756524,95
1,2,5,34.0,43.0,4.0,0,0.98324971551262,179
1,2,5,45.0,74.0,4.0,0,0.2904688735698316,75
1,3,2,9.0,32.0,1.0,1,0.17644106344600424,77
1,2,3,24.0,29.0,5.0,0,0.6508402555879333,121
0,3,1,42.0,85.0,1.0,0,3.3935063718408336,66
0,3,5,89.0,8.0,1.0,0,2.3357971957823445,155
0,2,5,8.0,28.0,2.0,0,0.8880398516588979,15
1,3,1,55.0,33.0,4.0,0,1.8118733537045952,78
1,2,1,35.0,42.0,2.0,0,3.8580140004516608,21
0,1,2,39.0,38.0,2.0,0,3.199059686659276,17
1,1,1,41.0,0.0,1.0,1,1.059081566844639,88
1,3,1,22.0,89.0,4.0,0,0.5709513751536889,77
1,3,5,93.0,61.0,5.0,0,1.6948485037255137,112
1,3,5,1.0,10.0,1.0,0,0.35849906823657846,17
0,2,4,71.0,71.0,1.0,0,1.789840774494929,147
1,1,1,40.0,53.0,1.0,1,0.2592622469087431,78
1,2,2,51.0,33.0,2.0,0,1.4877955450686664,136
1,2,2,76.0,9.0,2.0,0,4.558378905975415,132
0,2,3,16.0,36.0,1.0,0,2.504094129395786,145
1,1,3,94.0,77.0,5.0,0,2.0477306306175223,94
0,1,2,39.0,47.0,2.0,0,4.306541177366005,34
1,3,3,58.0,50.0,2.0,0,2.377207787513714,74
1,1,5,16.0,34.0,4.0,0,1.8797786682883582,36
0,3,5,86.0,46.0,3.0,0,1.96512704023909,129
1,3,2,42.0,45.0,1.0,1,0.6949655572634905,87
1,2,1,1.0,65.0,3.0,0,2.928998743230007,63
1,2,4,32.0,38.0,1.0,0,2.9938143049571924,102
0,2,5,65.0,17.0,1.0,0,1.4195980109189452,64
1,3,3,66.0,83.0,5.0,0,2.506838910968086,158
0,3,3,49.0,57.0,1.0,0,3.4333269797017465,105
0,2,5,75.0,79.0,3.0,0,1.1058915068362716,122
0,2,3,44.0,53.0,1.0,0,1.1527014468279042,117
1,3,1,52.0,33.0,5.0,0,2.1345787715543745,107
0,1,4,87.0,63.0,1.0,0,2.7273451328334226,96
1,1,3,32.0,60.0,3.0,0,0.7372610045575144,26
1,3,3,56.0,77.0,4.0,0,1.8476670040913947,104
1,1,2,29.0,37.0,4.0,0,3.492743193168669,43
1,1,2,63.0,58.0,5.0,0,0.7239874686038767,129
0,2,5,6.0,54.0,2.0,0,0.8232242899317121,4
1,1,1,37.0,46.0,3.0,0,0.37688962253941255,69
0,2,2,72.0,2.0,3.0,0,3.881418970447477,46
0,1,1,72.0,17.0,1.0,0,1.0356765968488226,167
1,3,1,31.0,55.0,4.0,0,1.3734128740056704,56
1,2,4,59.0,6.0,5.0,0,2.1773617540718933,101
1,3,1,73.0,24.0,4.0,0,2.0107821825288794,67
0,2,1,6.0,18.0,4.0,0,0.42331462996376423,18
0,2,5,66.0,59.0,5.0,0,2.3180091671310983,119
1,1,1,57.0,30.0,4.0,0,3.4704930208746956,38
1,3,5,8.0,7.0,1.0,0,1.611809727178468,94
1,2,1,17.0,18.0,5.0,0,0.08822053172300212,63
1,1,5,61.0,1.0,1.0,0,2.595059442691088,111
1,3,4,43.0,76.0,3.0,0,1.9070832175583172,124
1,3,1,74.0,27.0,4.0,0,2.035341950226539,118
1,2,2,28.0,44.0,2.0,0,3.312057579164245,9
1,3,2,49.0,1.0,1.0,1,0.49374713303552,64
1,3,4,76.0,45.0,4.0,0,1.9471214185035368,95
1,3,4,97.0,34.0,5.0,0,1.799484673313612,75
1,2,4,67.0,41.0,4.0,0,3.641534736060437,72
1,2,1,36.0,47.0,4.0,0,3.4950527885723552,61
0,3,2,24.0,66.0,1.0,0,2.1413505106007875,133
1,3,4,67.0,75.0,1.0,0,3.14195306859604,81
1,3,4,53.0,45.0,5.0,0,1.7002478519857769,111
1,2,2,2.0,29.0,3.0,0,2.6449591355392976,107
1,3,2,74.0,63.0,5.0,0,1.9180995071631504,178
1,3,5,11.0,50.0,4.0,0,0.5819676647585221,6
1,1,1,23.0,43.0,4.0,0,3.3426694743750875,22
1,3,1,90.0,50.0,3.0,0,4.069093916582621,86
1,3,1,29.0,11.0,1.0,1,0.5653344338091189,61
0,2,5,25.0,54.0,1.0,0,2.3011583430973883,43
1,2,5,6.0,22.0,5.0,0,0.6701881964815242,22
0,2,2,7.0,27.0,2.0,0,1.446384953337297,140
1,3,1,54.0,20.0,3.0,0,1.2533106589418894,123
0,1,1,33.0,32.0,2.0,0,2.3222537176895184,12
0,3,3,61.0,48.0,2.0,1,1.3651537537450147,97
0,3,1,36.0,46.0,3.0,0,3.8580140004516608,22
1,2,2,20.0,68.0,1.0,0,0.5171521030313363,26
1,2,2,45.0,18.0,3.0,0,2.3180091671310983,176
0,3,4,10.0,21.0,2.0,0,0.6411662851411379,14
1,2,3,10.0,95.0,2.0,0,1.2067183120345635,65
0,2,2,55.0,52.0,2.0,0,3.3950963557112903,33
1,3,3,62.0,7.0,1.0,1,0.6701881964815242,100
1,1,2,78.0,46.0,2.0,1,1.0946576241471315,179
1,2,3,37.0,24.0,2.0,1,0.3060721869003758,103
1,3,1,92.0,31.0,2.0,0,1.4533742854680167,94
1,3,5,16.0,7.0,5.0,0,2.110019003856715,72
1,3,5,75.0,97.0,5.0,0,3.647151677405007,179
1,1,3,80.0,59.0,4.0,0,3.386517039710114,149
1,1,1,54.0,34.0,2.0,0,1.5058011668042195,128
0,1,1,83.0,74.0,5.0,0,2.499849578837366,71
1,3,1,9.0,44.0,3.0,0,0.7059818468683237,5
1,3,1,75.0,20.0,5.0,0,2.312392225786528,111
0,3,2,34.0,51.0,1.0,1,1.210745269508677,142
0,3,1,51.0,38.0,2.0,0,3.000586044003606,16
1,3,3,64.0,23.0,4.0,0,2.377207787513714,128
1,3,1,79.0,11.0,3.0,0,0.7777867407262294,97
1,1,5,69.0,4.0,5.0,0,1.4243523741276305,41
0,3,5,83.0,58.0,2.0,1,0.3641160095811484,150
1,1,2,95.0,59.0,4.0,0,3.7587771791238254,172
1,1,5,84.0,15.0,4.0,0,0.8236817535270955,124
0,2,2,25.0,42.0,3.0,0,3.6649397060562534,37
0,2,1,23.0,43.0,1.0,0,3.576719174333251,15
1,3,5,78.0,31.0,2.0,0,0.41558550432659436,88
1,3,4,67.0,25.0,3.0,0,1.7360415023725762,134
1,1,2,40.0,37.0,3.0,0,2.2943866040509753,151
0,3,5,42.0,89.0,1.0,1,1.6244160006537578,101
1,3,1,7.0,44.0,4.0,0,0.27027853651357636,10
1,1,3,40.0,53.0,1.0,1,1.5528286998801588,114
1,1,1,95.0,29.0,4.0,0,1.800857064099762,101
1,3,2,44.0,0.0,1.0,1,0.12963112345437156,107
1,3,1,72.0,4.0,3.0,0,0.470509502522678,177
1,1,1,60.0,35.0,4.0,0,1.7290521702418564,93
1,1,2,73.0,45.0,5.0,0,1.4713799072035698,12
1,1,1,72.0,54.0,1.0,0,1.9291157967679837,128
1,2,4,86.0,59.0,5.0,0,2.4476402905854697,118
1,1,1,36.0,15.0,3.0,0,1.1002745654917017,107
1,2,4,57.0,17.0,2.0,0,2.4034849172818005,118
1,3,4,80.0,6.0,3.0,0,0.235254751261339,44
0,3,5,12.0,46.0,2.0,0,0.27027853651357636,13
1,3,4,51.0,60.0,1.0,0,0.5020062532961754,69
1,2,4,47.0,44.0,1.0,1,0.8826405033986346,75
1,1,1,65.0,71.0,5.0,0,1.7774520941039458,79
0,1,2,39.0,42.0,2.0,0,2.257220562878026,27
0,1,2,22.0,32.0,2.0,0,2.300003545395545,100
0,3,5,12.0,48.0,5.0,0,0.42331462996376423,17
1,3,5,74.0,5.0,2.0,0,0.5115351616867663,72
0,1,2,40.0,45.0,4.0,0,2.2754437776978857,31
1,3,4,88.0,16.0,2.0,0,2.369783269214381,75
0,2,5,85.0,62.0,2.0,0,0.8288412312762821,111
1,3,5,77.0,98.0,4.0,0,1.5361954689307558,165
1,2,4,60.0,67.0,5.0,0,2.576618634786921,83
1,3,2,58.0,46.0,3.0,0,2.0711356006133386,118
0,3,1,46.0,22.0,2.0,0,1.730642154112313,128
0,3,2,36.0,65.0,5.0,0,0.7996742578796914,163
0,1,1,32.0,74.0,2.0,0,2.90494099398127,116
1,2,5,43.0,19.0,3.0,0,0.6467832264857079,178
0,3,5,9.0,11.0,5.0,0,0.6411662851411379,16
0,3,5,8.0,24.0,1.0,0,0.44671959995958055,10
1,2,5,77.0,92.0,2.0,0,1.46439057507285,191
1,3,2,73.0,95.0,5.0,1,0.6233782564898915,161
0,2,5,88.0,57.0,4.0,0,1.764845820628656,143
1,3,4,68.0,41.0,3.0,0,2.6711088871074136,171
1,2,1,34.0,31.0,4.0,0,2.7977776359051787,7
1,1,5,60.0,60.0,4.0,0,0.5005188720819331,150
0,2,5,1.0,51.0,4.0,0,0.6177613151453216,13
0,1,2,50.0,32.0,3.0,0,3.5013225091698454,27
0,1,5,88.0,54.0,1.0,1,0.6481556172718578,151
1,2,2,67.0,54.0,2.0,0,4.63442835039174,100
1,3,5,65.0,75.0,5.0,0,1.611809727178468,110
1,3,5,70.0,52.0,4.0,0,1.6754704912038108,96
1,2,2,45.0,40.0,2.0,0,1.9223440577215705,18
0,2,5,8.0,37.0,4.0,0,0.5171521030313363,15
0,3,1,48.0,52.0,2.0,0,2.7345520580484495,25
0,3,2,87.0,11.0,1.0,0,3.612295231635744,161
1,3,5,64.0,67.0,5.0,0,1.723652821981593,105
1,2,4,57.0,65.0,1.0,0,2.717918827099046,146
1,1,2,23.0,41.0,2.0,0,2.7219457845731596,9
0,3,5,7.0,17.0,2.0,0,0.6053726347543384,21
0,1,1,59.0,49.0,1.0,0,3.9010145760534867,18
1,1,1,93.0,37.0,5.0,0,1.7704627619732258,122
0,3,5,52.0,27.0,3.0,0,1.0205307471136618,71
0,1,3,21.0,12.0,5.0,0,2.69875840766165,34
0,3,3,75.0,78.0,5.0,0,1.9579201150240633,175
0,2,4,65.0,66.0,3.0,0,2.7413237970948625,133
1,2,4,61.0,72.0,1.0,0,0.8236817535270955,57
0,1,1,30.0,30.0,2.0,0,3.1290623697561344,37
1,3,2,56.0,70.0,4.0,0,1.5181898471952027,105
1,1,2,32.0,31.0,2.0,0,1.9705263884993531,21
1,2,4,13.0,5.0,5.0,0,0.6825768768725073,97
0,2,2,24.0,43.0,2.0,0,4.169703128696606,36
1,3,5,12.0,46.0,3.0,0,0.5763507234139521,11
1,2,1,32.0,53.0,4.0,0,3.364266867416141,22
1,2,2,74.0,41.0,5.0,0,2.2531936054039123,90
1,2,4,68.0,33.0,4.0,0,0.47799875764877126,39
1,2,2,38.0,6.0,1.0,1,0.3060721869003758,109
1,3,1,93.0,53.0,5.0,0,2.0049476481000026,117
1,1,4,52.0,25.0,4.0,0,4.2523067190750385,110
0,3,5,12.0,24.0,4.0,0,0.7115987882128937,10
0,2,5,51.0,2.0,5.0,0,2.8859981676281805,16
1,1,2,84.0,24.0,5.0,0,0.7777867407262294,109
1,1,2,82.0,27.0,5.0,0,2.505248927097629,90
0,3,1,66.0,34.0,2.0,1,1.5528286998801588,160
0,3,4,85.0,57.0,3.0,0,3.1288447766718273,86
1,1,5,94.0,57.0,4.0,0,1.629815348914021,90
0,3,2,25.0,49.0,2.0,0,3.292679566642542,20
1,2,2,56.0,36.0,5.0,0,1.9358875358143968,115
1,2,5,8.0,34.0,4.0,0,2.980990438397596,132
1,1,5,71.0,23.0,5.0,0,1.9703087954150464,148
1,3,2,84.0,31.0,5.0,0,1.812090946788902,132
0,3,1,38.0,44.0,1.0,0,3.607331069544094,13
1,3,4,8.0,24.0,1.0,0,0.6467832264857079,11
0,3,5,2.0,33.0,4.0,0,0.6467832264857079,21
1,3,5,66.0,12.0,5.0,0,1.446384953337297,126
1,2,5,71.0,60.0,4.0,0,2.1773617540718933,152
1,3,5,80.0,81.0,4.0,0,1.4353686637324636,122
1,2,5,87.0,48.0,4.0,0,2.370436048467301,94
0,2,1,3.0,32.0,5.0,0,1.6822422302502238,142
0,3,3,44.0,24.0,1.0,0,0.4393028758615895,64
0,1,2,45.0,48.0,2.0,0,3.152032153583337,40
0,2,2,64.0,23.0,3.0,0,0.9652440937770668,142
0,3,1,6.0,33.0,4.0,0,0.4523365413041506,4
1,1,3,87.0,8.0,2.0,0,1.2949388437575657,90
0,2,5,13.0,16.0,3.0,0,0.3350940982407621,5
1,1,1,29.0,37.0,2.0,0,3.728600470081596,27
1,3,3,47.0,47.0,4.0,0,0.2427440063874323,57
1,1,2,33.0,11.0,1.0,1,0.7530093799442631,70
1,3,5,36.0,32.0,3.0,0,0.5644195066183523,105
1,3,5,61.0,20.0,5.0,0,1.3181262206690754,55
1,1,5,50.0,63.0,5.0,0,1.1169077964411047,119
0,3,5,4.0,56.0,4.0,0,0.3350940982407621,22
1,3,3,63.0,14.0,1.0,1,0.17644106344600424,95
0,2,4,58.0,35.0,3.0,0,3.0179388864862386,106
1,3,3,26.0,20.0,1.0,1,0.0,112
1,3,5,1.0,24.0,4.0,0,0.4523365413041506,17
1,3,5,54.0,51.0,2.0,0,0.8065910589823089,59
1,1,3,85.0,47.0,3.0,0,2.0007030975415825,135
0,1,3,97.0,51.0,1.0,0,2.2452670686556564,143
0,3,5,9.0,17.0,1.0,0,0.46472522169513364,19
1,2,2,31.0,30.0,1.0,1,0.8826405033986346,74
1,3,4,60.0,72.0,3.0,0,0.41558550432659436,119
0,3,4,73.0,12.0,1.0,1,1.199511386819537,95
0,3,5,8.0,43.0,3.0,0,0.5529457534181358,21
1,1,1,25.0,36.0,3.0,0,1.8933221463811845,29
1,1,1,16.0,59.0,4.0,0,3.0460235932090884,125
1,3,5,5.0,48.0,2.0,0,0.5295407834223195,23
0,3,4,13.0,45.0,3.0,0,0.5115351616867663,21
1,2,5,63.0,14.0,4.0,0,0.7225726184177367,90
0,3,5,4.0,19.0,1.0,0,0.46472522169513364,12
0,2,3,85.0,69.0,2.0,0,1.6658265923851272,114
0,2,4,72.0,78.0,5.0,0,2.106929251000138,168
0,1,2,77.0,62.0,1.0,1,1.0010377441638663,139
0,2,1,43.0,37.0,4.0,0,2.1649730736809105,13
1,3,1,22.0,62.0,5.0,0,2.9618300189601996,146
0,2,3,87.0,20.0,2.0,0,4.445381013470446,89
1,3,5,4.0,16.0,2.0,0,0.6411662851411379,15
0,3,4,15.0,49.0,1.0,1,1.083858927626605,125
1,3,5,9.0,44.0,5.0,0,0.44671959995958055,14
1,3,1,86.0,39.0,4.0,0,1.8174902950491651,103
1,2,1,93.0,71.0,1.0,0,1.8228896433094284,92
1,3,5,91.0,74.0,4.0,0,0.900428532049881,123
0,1,4,88.0,79.0,5.0,0,1.516599863324746,116
1,2,5,99.0,15.0,5.0,0,2.4778169996276995,20
1,1,5,56.0,63.0,3.0,0,3.998879006595172,139
1,3,5,8.0,33.0,4.0,0,0.8880398516588979,4
1,2,3,53.0,61.0,4.0,0,0.878895875835588,107
1,2,2,83.0,67.0,2.0,1,1.1887126902990104,139
0,2,1,54.0,46.0,3.0,0,2.6402793988122637,41
1,1,1,47.0,90.0,1.0,0,0.5819676647585221,56
0,2,2,80.0,53.0,5.0,0,2.593687051904938,149
0,3,5,7.0,57.0,4.0,0,0.5763507234139521,12
1,3,5,7.0,31.0,4.0,0,0.42331462996376423,4
1,1,5,77.0,7.0,5.0,0,1.4934124864132363,175
0,3,5,61.0,70.0,2.0,1,1.1527014468279042,154
1,3,2,67.0,72.0,4.0,0,0.8860950068492723,107
0,1,5,79.0,76.0,2.0,0,2.111173801558558,120
0,2,2,49.0,48.0,1.0,1,0.9762603833819,137
0,3,5,9.0,12.0,4.0,0,0.6287776047501548,12
1,1,5,48.0,2.0,3.0,1,0.7998193199358958,105
1,2,1,53.0,30.0,2.0,0,2.669518903236957,35
1,1,1,90.0,75.0,1.0,0,1.775862110233489,108
1,2,3,71.0,74.0,5.0,0,1.2011013706899936,125
0,2,2,48.0,50.0,2.0,0,2.570499674993428,27
0,3,4,5.0,53.0,5.0,0,0.5529457534181358,17
1,1,3,3.0,61.0,2.0,0,0.6196336289268448,78
0,3,5,8.0,38.0,1.0,0,0.6467832264857079,23
0,2,5,1.0,17.0,4.0,0,0.7059818468683237,11
1,3,5,95.0,53.0,3.0,0,0.9348497916505305,126
0,1,3,86.0,11.0,2.0,0,4.457987286945736,106
1,1,5,82.0,10.0,1.0,0,0.7225726184177367,63
0,1,1,22.0,49.0,3.0,0,3.1506597627971873,23
1,1,5,28.0,78.0,2.0,0,3.0401890587802116,82
1,3,3,44.0,6.0,1.0,1,0.7169981364731569,117
1,3,1,75.0,59.0,3.0,0,1.4934124864132363,111
0,2,2,44.0,35.0,4.0,0,2.7303075074900294,20
1,3,5,69.0,26.0,2.0,0,1.1637177364327376,164
1,1,5,71.0,94.0,2.0,0,1.5224343977536228,111
0,3,5,5.0,48.0,4.0,0,0.8232242899317121,15
0,2,5,44.0,59.0,4.0,0,2.0821518902181717,119
1,1,5,53.0,23.0,1.0,0,1.6656089993008205,113
0,2,2,28.0,37.0,4.0,0,3.7655489181702384,41
1,2,5,76.0,76.0,5.0,0,1.47000751641742,100
1,2,1,68.0,58.0,3.0,0,1.0644809151049022,64
1,3,3,68.0,31.0,5.0,0,2.282215516744299,115
0,3,4,8.0,50.0,1.0,0,0.73500375820871,18
1,2,2,20.0,30.0,2.0,0,2.9935967118728857,23
1,1,3,35.0,74.0,3.0,0,1.8575284959943847,147
0,2,2,54.0,45.0,2.0,0,1.8933221463811845,29
0,1,1,39.0,99.0,3.0,0,3.080227259725431,103
0,3,1,29.0,60.0,5.0,0,1.9536755644656432,92
1,1,2,26.0,6.0,5.0,0,1.3734128740056704,32
0,3,5,4.0,50.0,4.0,0,0.3350940982407621,11
1,3,2,30.0,38.0,2.0,0,2.8983868480191637,41
0,3,5,42.0,29.0,1.0,0,1.796487633458358,156
0,2,2,22.0,31.0,2.0,0,4.234518690423792,28
0,3,3,71.0,83.0,5.0,0,1.2521558612400463,135
1,2,5,82.0,56.0,5.0,0,2.546877111913305,64
0,3,1,7.0,42.0,3.0,0,0.6701881964815242,15
0,3,1,25.0,59.0,3.0,0,2.6758554561147565,143
1,3,5,53.0,68.0,5.0,0,2.2309434331099394,181
1,3,5,92.0,34.0,5.0,0,2.106929251000138,78
1,1,4,73.0,80.0,5.0,0,2.9421070351542196,67
1,2,1,84.0,29.0,5.0,0,1.5181898471952027,124
1,1,3,37.0,21.0,1.0,1,0.6701881964815242,89
1,3,2,89.0,42.0,3.0,0,1.9939313584951694,78
1,1,2,62.0,59.0,3.0,0,1.300338192017829,50
0,3,5,11.0,44.0,5.0,0,0.6411662851411379,20
1,2,1,62.0,29.0,4.0,0,0.3060721869003758,164
0,2,5,5.0,30.0,2.0,0,0.6411662851411379,9
0,3,4,1.0,11.0,2.0,0,0.4523365413041506,9
1,3,4,85.0,33.0,5.0,0,1.3307324941443652,151
0,3,1,59.0,36.0,3.0,0,3.6419699222290505,43
1,1,3,95.0,3.0,5.0,0,1.2465389198954764,131
0,3,1,55.0,10.0,3.0,0,0.47799875764877126,53
1,2,3,68.0,9.0,3.0,0,2.0643638615669255,160
0,3,2,80.0,24.0,3.0,0,1.458003768593718,104
1,3,1,6.0,46.0,4.0,0,0.6467832264857079,7
0,3,5,3.0,26.0,5.0,0,0.6287776047501548,9
0,2,2,71.0,89.0,2.0,0,4.128510130049544,23
0,1,2,29.0,36.0,2.0,0,3.1988420935749695,18
0,3,5,2.0,22.0,4.0,0,0.6053726347543384,14
1,3,4,81.0,58.0,5.0,0,1.806256412360025,113
0,1,1,48.0,36.0,2.0,0,4.553197150799458,20
0,2,1,45.0,37.0,2.0,0,2.910775528410147,22
1,3,3,48.0,62.0,1.0,1,0.38889337036311467,119
1,1,2,36.0,58.0,1.0,0,1.0246603072439893,64
1,3,2,12.0,62.0,4.0,0,1.983132661974643,66
0,3,4,12.0,19.0,2.0,0,0.7998193199358958,8
1,3,3,48.0,21.0,1.0,1,0.5405570730271527,105
1,3,4,54.0,68.0,3.0,0,2.1525843932899273,142
1,1,1,77.0,51.0,4.0,0,2.5592657923042883,92
0,3,5,6.0,17.0,4.0,0,0.7998193199358958,13
0,3,2,75.0,18.0,3.0,0,4.563995847319984,174
1,1,3,66.0,3.0,5.0,0,0.3999096599679479,115
0,2,1,23.0,38.0,4.0,0,3.8580140004516608,7
1,1,2,22.0,22.0,2.0,0,1.2769332220220124,162
1,3,2,42.0,73.0,3.0,0,0.6825768768725073,51
1,3,1,86.0,43.0,5.0,0,2.2408049250129296,121
1,1,3,61.0,68.0,1.0,0,1.95813770810837,73
1,2,1,35.0,42.0,2.0,0,3.712402425300806,43
1,3,4,66.0,63.0,4.0,0,0.4393028758615895,63
1,3,4,80.0,28.0,5.0,0,0.7707974085955094,90
0,2,5,76.0,10.0,5.0,0,1.7582916746665496,105
0,2,2,90.0,49.0,3.0,0,4.268939950024442,163
1,1,2,84.0,33.0,2.0,0,1.788468383708779,98
1,2,4,54.0,0.0,1.0,1,0.12963112345437156,85
1,3,3,47.0,22.0,1.0,0,4.017821832948262,142
1,2,3,74.0,45.0,1.0,1,1.800857064099762,170
0,3,4,47.0,64.0,2.0,1,1.012271626853006,129
1,3,2,68.0,46.0,4.0,0,1.9234988554234138,84
1,3,2,19.0,32.0,1.0,0,0.2904688735698316,110
0,2,1,85.0,22.0,5.0,1,2.1649730736809105,110
1,3,2,55.0,2.0,1.0,1,0.5405570730271527,98
1,1,5,98.0,69.0,5.0,0,1.8408952650449817,112
0,2,4,66.0,2.0,4.0,0,1.0867310873988754,71
0,1,2,30.0,34.0,2.0,0,2.8889605422847873,30
1,3,5,50.0,74.0,3.0,0,1.8586832936962279,141
0,2,2,32.0,35.0,2.0,0,3.364919646669061,17
0,3,4,58.0,62.0,5.0,0,1.7058647933303468,133
1,1,4,49.0,59.0,2.0,0,1.6007934375736348,125
0,3,3,82.0,23.0,4.0,0,1.7889983783322645,76
1,1,5,55.0,70.0,4.0,0,0.5809377471396632,64
0,1,1,33.0,34.0,4.0,0,2.7359244488345995,15
1,3,5,10.0,52.0,5.0,0,0.73500375820871,9
0,3,5,40.0,45.0,2.0,1,1.9525207667638,112
1,1,4,58.0,15.0,3.0,0,0.7537792450788251,22
1,1,5,90.0,58.0,5.0,0,1.9003114785119042,139
0,3,4,5.0,22.0,4.0,0,0.6467832264857079,16
1,3,5,11.0,57.0,4.0,0,0.7059818468683237,11
1,2,5,90.0,89.0,5.0,0,2.0823694833024784,183
1,3,5,26.0,43.0,5.0,0,1.611809727178468,134
0,3,5,1.0,10.0,1.0,0,0.7998193199358958,10
1,1,5,84.0,6.0,5.0,0,0.8644172885787749,77
1,3,1,76.0,31.0,4.0,0,1.4353686637324636,90
1,3,4,76.0,33.0,4.0,0,2.541477763653042,94
0,3,1,65.0,21.0,2.0,0,2.810166316296162,133
1,1,2,63.0,34.0,2.0,0,1.1941120385592736,82
1,3,4,79.0,69.0,4.0,0,2.435251610194487,87
0,1,5,75.0,31.0,2.0,0,2.606075732295921,172
1,3,5,15.0,81.0,4.0,0,1.71825347372133,158
1,1,4,64.0,72.0,5.0,0,1.6187990593091879,143
0,2,3,14.0,14.0,1.0,0,3.3993409062697104,93
1,3,5,1.0,31.0,4.0,0,0.4523365413041506,9
0,2,4,2.0,12.0,2.0,0,0.6053726347543384,15
0,3,5,6.0,14.0,5.0,0,0.73500375820871,22
0,1,4,41.0,91.0,5.0,0,2.5864801266899113,127
1,3,2,37.0,44.0,2.0,0,3.9242019529649963,32
0,3,5,13.0,32.0,4.0,0,0.6411662851411379,23
1,3,5,51.0,73.0,1.0,0,1.5058011668042195,192
1,3,1,93.0,74.0,3.0,0,2.476662201925856,137
0,3,5,67.0,36.0,1.0,1,0.9074178641806009,156
1,2,4,65.0,4.0,1.0,1,0.0,71
1,3,2,37.0,54.0,3.0,1,0.43570331035474735,92
0,3,3,2.0,52.0,3.0,0,0.8401999940484063,132
1,1,1,97.0,74.0,5.0,0,0.8356129703226952,45
0,1,1,35.0,44.0,2.0,0,2.8281719380317147,34
0,2,1,44.0,37.0,2.0,0,4.047061337372955,27
1,1,2,56.0,22.0,1.0,1,0.12963112345437156,101
1,2,1,13.0,36.0,2.0,0,0.8880398516588979,9
1,2,5,1.0,17.0,1.0,0,3.2762639287774453,105
1,3,3,36.0,93.0,1.0,0,4.1170586542760965,113
0,2,2,61.0,97.0,2.0,1,0.9762603833819,112
1,2,3,26.0,19.0,1.0,1,0.5405570730271527,88
1,3,5,7.0,21.0,2.0,0,0.6701881964815242,7
0,3,1,12.0,24.0,4.0,0,0.42331462996376423,17
0,3,1,64.0,65.0,3.0,0,3.0483331886127747,22
1,3,5,15.0,55.0,3.0,0,0.2904688735698316,155
1,3,4,90.0,42.0,5.0,0,1.7594464723683925,155
1,3,3,89.0,22.0,4.0,0,2.435251610194487,129
1,1,3,33.0,8.0,1.0,1,0.3641160095811484,89
0,2,2,88.0,4.0,5.0,0,3.3505057962390077,86
0,1,5,59.0,24.0,3.0,0,1.5940216985272215,163
1,3,1,60.0,25.0,4.0,0,0.792475126866007,115
0,2,5,79.0,34.0,5.0,0,2.0477306306175223,129
0,2,5,25.0,37.0,5.0,0,2.5244093465350255,154
0,3,3,42.0,42.0,2.0,1,0.8714066207094947,119
0,2,1,38.0,39.0,2.0,0,2.4336616263240303,31
0,1,3,44.0,57.0,1.0,1,2.0821518902181717,155
1,3,3,69.0,48.0,3.0,0,1.5760160767916684,116
1,1,5,69.0,25.0,4.0,0,2.688679322674353,57
0,2,1,40.0,51.0,2.0,0,2.6283259045898943,22
1,2,1,54.0,55.0,5.0,0,1.5719891193175553,126
1,3,5,8.0,28.0,3.0,0,0.2592622469087431,50
1,3,3,54.0,29.0,2.0,0,2.2173999550171133,65
1,3,1,5.0,54.0,1.0,1,0.5653344338091189,92
1,2,4,1.0,23.0,2.0,0,0.3350940982407621,15
0,3,4,78.0,32.0,5.0,0,4.268939950024442,196
1,3,5,64.0,5.0,1.0,1,0.5405570730271527,73
1,3,5,51.0,55.0,1.0,1,1.012271626853006,144
0,3,1,48.0,51.0,2.0,0,3.62936364875376,19
1,3,5,93.0,25.0,2.0,0,1.9167271163770008,94
1,1,5,44.0,88.0,3.0,0,1.2837049610684257,80
0,3,5,11.0,4.0,3.0,0,0.6673584961092441,106
1,3,5,65.0,35.0,4.0,0,1.9538931575499499,129
0,3,4,52.0,18.0,5.0,0,0.9652440937770668,175
1,2,2,23.0,38.0,2.0,0,3.106812197462161,10
1,1,2,42.0,40.0,5.0,0,1.4535918785523236,145
1,3,3,62.0,2.0,4.0,0,1.130668867618238,65
1,2,1,92.0,70.0,3.0,0,1.871071974087211,111
1,3,3,75.0,65.0,5.0,0,2.3180091671310983,119
1,3,4,53.0,63.0,4.0,0,0.8770235620540647,112
0,1,4,48.0,98.0,1.0,0,2.7050949605394496,93
0,1,2,29.0,49.0,2.0,0,2.7413237970948625,19
1,1,1,25.0,32.0,4.0,0,2.6580674274635103,84
1,2,5,87.0,34.0,5.0,0,1.1306688676182377,80
1,3,2,13.0,25.0,2.0,1,0.3060721869003758,78
0,2,3,33.0,71.0,4.0,0,1.2053459212484137,104
0,1,2,46.0,44.0,2.0,0,3.2944871435973053,11
0,2,3,41.0,14.0,2.0,0,2.117945540604971,118
0,3,5,11.0,26.0,4.0,0,0.6053726347543384,5
0,2,1,30.0,43.0,2.0,0,3.3768731408914303,22
1,2,5,71.0,41.0,5.0,0,1.2245063406858099,164
1,3,1,65.0,39.0,3.0,0,2.0835242810043213,92
1,2,5,99.0,61.0,4.0,0,1.0935028264452884,99
1,2,1,41.0,67.0,3.0,0,1.9716811862011963,120
1,3,2,37.0,56.0,1.0,0,0.3294771568961921,76
1,1,4,98.0,26.0,3.0,0,0.8756511712679147,121
0,3,4,9.0,34.0,1.0,0,0.5819676647585221,16
1,2,4,44.0,17.0,4.0,0,0.17284149793916206,31
0,2,4,68.0,25.0,5.0,0,0.6411662851411379,147
1,1,5,19.0,15.0,5.0,0,1.0066546855084362,60
1,2,2,39.0,54.0,3.0,0,4.18908114121831,28
0,2,2,66.0,10.0,1.0,0,2.047513037533215,154
0,2,1,35.0,45.0,4.0,0,4.3587504656179,37
1,3,2,86.0,39.0,4.0,0,1.6698535498592406,124
1,1,2,13.0,58.0,3.0,1,0.8826405033986346,79
1,1,5,48.0,20.0,5.0,0,2.8045493749515917,131
1,3,3,46.0,46.0,3.0,0,2.042331282357259,135
0,3,5,5.0,52.0,1.0,0,0.6701881964815242,22
0,3,5,82.0,84.0,4.0,0,1.5996386398717917,104
1,1,1,34.0,8.0,1.0,1,0.6233782564898915,86
1,3,3,56.0,11.0,1.0,1,0.3060721869003758,111
1,1,5,11.0,5.0,3.0,0,1.0174533820289628,21
0,3,5,51.0,90.0,1.0,0,1.864300235040798,122
0,3,5,42.0,73.0,5.0,0,2.300003545395545,133
1,1,2,31.0,35.0,2.0,0,2.962984816662043,34
0,3,5,1.0,37.0,4.0,0,0.6177613151453216,11
0,3,4,2.0,49.0,3.0,0,0.5115351616867663,22
0,2,2,31.0,37.0,4.0,0,2.6173096149850608,25
1,3,5,81.0,30.0,4.0,0,2.4476402905854697,110
0,2,1,4.0,39.0,5.0,0,0.27027853651357636,13
1,3,2,82.0,15.0,2.0,0,2.592532254203095,58
0,1,2,49.0,51.0,3.0,0,3.993262065250602,14
1,1,2,47.0,30.0,2.0,0,2.129179423294111,40
0,3,5,8.0,22.0,3.0,0,0.44671959995958055,12
1,1,2,71.0,78.0,1.0,0,0.6701881964815242,109
0,3,2,48.0,41.0,2.0,0,3.488498642610249,21
1,3,3,32.0,1.0,1.0,1,0.8466292599275285,110
1,1,3,4.0,67.0,5.0,0,3.340861897420324,175
0,2,5,81.0,30.0,3.0,0,2.523472141917489,151
0,1,3,25.0,32.0,3.0,0,3.1522497466676436,88
0,3,5,4.0,45.0,2.0,0,0.73500375820871,6
1,2,5,75.0,62.0,2.0,0,1.3403763929630483,131
0,2,3,24.0,6.0,5.0,0,1.068255614296061,105
0,2,4,66.0,12.0,4.0,0,1.9003114785119042,140
0,2,3,47.0,1.0,3.0,1,1.0010377441638663,83
0,2,5,87.0,97.0,5.0,0,1.8753165246456311,159
1,3,1,82.0,48.0,3.0,0,1.6120273202627748,82
0,2,1,65.0,17.0,5.0,0,1.7234352288972863,153
1,3,2,23.0,29.0,3.0,0,3.804432321413615,118
1,2,2,50.0,14.0,1.0,0,2.2214269124912267,127
1,2,5,39.0,17.0,1.0,1,0.3641160095811484,109
1,2,5,49.0,95.0,2.0,0,2.258592953664176,91
0,1,1,57.0,34.0,2.0,0,2.7687557245647922,37
1,2,1,99.0,74.0,4.0,0,1.558228048140422,106
0,3,4,74.0,27.0,1.0,1,0.0,101
1,2,3,50.0,9.0,1.0,1,0.3060721869003758,102
1,1,2,88.0,61.0,4.0,0,2.3828247288582842,134
1,1,1,50.0,25.0,1.0,0,0.9341099981440806,4
1,2,5,67.0,24.0,2.0,0,1.800857064099762,121
0,3,5,4.0,55.0,3.0,0,0.46472522169513364,7
1,3,1,88.0,59.0,4.0,0,2.1773617540718933,99
1,2,5,59.0,56.0,4.0,0,1.71126414159061,82
1,3,4,56.0,94.0,5.0,0,2.5288714901777523,107
0,2,2,40.0,36.0,2.0,0,2.652885672287554,22
0,3,1,12.0,10.0,2.0,0,0.8232242899317121,18
1,2,1,34.0,39.0,3.0,0,2.4340968124926436,33
0,3,5,9.0,39.0,4.0,0,0.5171521030313363,24
0,3,4,6.0,10.0,1.0,0,0.5763507234139521,9
1,3,2,71.0,49.0,4.0,0,2.3470310784714847,109
1,3,2,69.0,33.0,2.0,1,1.047847684155499,155
1,3,3,95.0,38.0,4.0,0,1.8285065846539985,149
0,2,2,23.0,54.0,3.0,0,3.481726903563836,51
1,2,5,11.0,33.0,5.0,0,0.7059818468683237,15
1,3,5,75.0,64.0,1.0,1,0.7530093799442631,147
1,2,1,21.0,32.0,2.0,0,2.3054028936558084,24
1,3,2,91.0,58.0,4.0,0,2.329025456735932,84
0,2,5,48.0,34.0,4.0,0,0.6673584961092441,74
0,3,5,2.0,21.0,4.0,0,0.3999096599679479,14
0,3,1,36.0,39.0,4.0,0,2.2281986515376397,28
0,2,2,35.0,38.0,3.0,0,2.210410622886393,26
0,2,5,58.0,49.0,5.0,0,1.5055835737199126,147
1,1,1,81.0,59.0,2.0,0,1.5526111067958521,96
0,2,2,46.0,49.0,2.0,0,2.6749182514972203,33
0,2,4,9.0,43.0,3.0,0,3.564330493942268,85
0,2,4,74.0,59.0,2.0,1,1.387186332954681,87
1,3,5,56.0,26.0,3.0,0,1.9057108267721672,120
1,3,5,35.0,15.0,1.0,1,0.3641160095811484,102
1,3,2,62.0,14.0,1.0,1,0.17644106344600424,109
1,3,4,58.0,65.0,2.0,0,1.4877955450686664,119
1,1,2,65.0,98.0,5.0,0,3.2046766280038463,94
1,3,4,30.0,3.0,1.0,0,0.9413091291577649,93
1,2,5,66.0,32.0,4.0,0,2.0891412223488914,91
1,2,2,32.0,43.0,2.0,0,4.095243668150737,34
0,2,4,2.0,57.0,3.0,0,0.7584087282045263,11
0,3,4,11.0,17.0,4.0,0,0.5405570730271527,18
1,1,5,92.0,21.0,5.0,0,1.311354481622662,106
0,1,3,86.0,59.0,5.0,0,2.0765349488736016,132
1,3,5,57.0,77.0,1.0,0,1.8766889154317812,92
1,3,3,88.0,27.0,5.0,0,2.305620486740115,116
0,2,3,57.0,18.0,5.0,0,1.2589276002864596,103
1,2,1,99.0,78.0,5.0,0,3.5035418896891954,155
1,2,1,26.0,54.0,1.0,0,2.4876784915306893,21
1,2,4,52.0,12.0,5.0,0,3.9172126208342766,75
0,3,1,77.0,45.0,4.0,0,1.4922576887113932,184
1,3,5,2.0,49.0,3.0,0,0.35849906823657846,3
0,2,1,47.0,42.0,3.0,0,1.6106549294766248,36
1,2,5,85.0,87.0,5.0,0,2.1523668002056207,149
0,1,2,51.0,39.0,4.0,0,2.4809067524842763,23
1,3,5,29.0,56.0,5.0,0,0.5332128799572639,90
0,3,5,1.0,45.0,5.0,0,0.4523365413041506,15
1,1,1,73.0,29.0,3.0,0,1.4533742854680167,115
1,1,4,23.0,72.0,5.0,0,1.0205307471136618,116
1,2,1,37.0,49.0,4.0,0,2.404422121899337,94
1,1,5,73.0,69.0,3.0,0,2.611692673640491,103
1,3,5,46.0,57.0,3.0,0,1.7484301827635593,145
1,3,2,54.0,67.0,4.0,0,1.6644542015989774,72
0,2,3,14.0,29.0,4.0,0,1.2811777725804327,164
0,3,2,70.0,22.0,1.0,0,3.6523334325809635,130
1,3,3,74.0,41.0,5.0,0,2.3236261084756684,120
0,1,1,55.0,43.0,2.0,0,4.288535555630451,20
0,2,2,72.0,8.0,5.0,0,2.3236261084756684,156
1,3,1,73.0,76.0,5.0,0,1.5886223502669583,128
0,3,1,40.0,43.0,2.0,0,2.689114508842967,27
0,3,5,1.0,19.0,3.0,0,1.184053135545197,118
1,3,1,87.0,55.0,2.0,0,3.0872165918561514,102
1,1,1,36.0,53.0,2.0,0,3.377090733975737,15
1,2,1,10.0,32.0,4.0,0,2.035341950226539,80
0,3,5,84.0,99.0,4.0,0,1.4891679358548162,136
0,2,2,37.0,35.0,1.0,0,3.6529862118338836,39
0,2,4,2.0,65.0,5.0,0,1.1051216417017093,56
0,3,5,59.0,58.0,5.0,1,0.0,141
1,3,5,64.0,50.0,1.0,0,1.3471481320094616,92
0,3,1,11.0,40.0,1.0,0,0.5405570730271527,14
1,2,1,88.0,74.0,4.0,0,2.1469674519453577,112
0,3,5,68.0,94.0,1.0,1,1.199511386819537,139
1,3,5,51.0,75.0,4.0,0,2.0119369802307228,88
1,1,4,41.0,16.0,1.0,0,0.6673584961092441,106
0,1,5,8.0,28.0,3.0,0,3.0055502060952555,79
1,2,2,36.0,39.0,2.0,0,3.669184256614673,25
1,1,5,62.0,1.0,5.0,0,0.5497311204785746,109
1,3,2,66.0,35.0,4.0,0,1.3525474802697248,149
1,2,3,96.0,56.0,2.0,0,2.0119369802307228,162
0,3,4,6.0,14.0,2.0,0,0.6411662851411379,10
0,3,5,1.0,26.0,2.0,0,0.27027853651357636,18
1,3,5,63.0,58.0,5.0,0,1.4891679358548162,138
1,2,4,56.0,32.0,4.0,0,0.31168912824494577,52
1,3,5,5.0,47.0,5.0,0,0.5171521030313363,24
0,3,2,40.0,52.0,3.0,0,3.0586298666843783,26
0,3,1,13.0,52.0,1.0,0,0.7998193199358958,11
1,3,1,4.0,22.0,4.0,0,0.7998193199358958,6
1,2,5,89.0,58.0,3.0,0,1.1115084481808415,95
1,3,1,7.0,23.0,1.0,0,0.6467832264857079,3
0,3,5,1.0,54.0,3.0,0,0.7115987882128937,10
1,3,4,51.0,71.0,5.0,0,1.9525207667638,84
0,2,2,55.0,34.0,3.0,0,3.240470278390646,31
1,3,2,56.0,43.0,4.0,0,2.717918827099046,95
0,3,1,11.0,58.0,4.0,0,1.9237164485077205,83
1,3,5,88.0,57.0,3.0,0,1.694630910641207,93
0,3,1,53.0,38.0,3.0,0,3.19525032226947,26
0,3,1,24.0,38.0,2.0,0,4.077238046415185,17
1,3,5,86.0,88.0,4.0,0,2.075162558087452,126
0,2,5,3.0,40.0,3.0,0,0.5529457534181358,11
0,2,3,67.0,52.0,5.0,1,0.6481556172718578,146
1,3,4,87.0,41.0,3.0,0,1.5058011668042195,87
1,3,5,3.0,37.0,5.0,0,0.6467832264857079,13
1,2,5,14.0,97.0,1.0,0,2.769190910733406,90
1,2,5,37.0,87.0,4.0,0,0.8401999940484063,100
0,1,1,66.0,90.0,3.0,0,2.9713465395789123,42
0,3,1,6.0,21.0,4.0,0,0.8880398516588979,9
1,2,4,80.0,9.0,3.0,0,2.488398103063919,177
1,2,3,65.0,18.0,1.0,1,0.17644106344600424,114
0,3,1,52.0,20.0,5.0,0,0.5185244938174862,62
1,3,5,50.0,39.0,3.0,0,0.8768059689697579,43
1,2,5,33.0,35.0,2.0,0,0.5497311204785746,132
1,3,1,69.0,55.0,2.0,0,2.44489550901317,9
1,1,1,58.0,3.0,2.0,0,3.633173013143567,127
0,3,4,91.0,77.0,1.0,0,0.47799875764877126,53
1,1,5,21.0,3.0,3.0,1,0.5405570730271527,75
0,1,2,57.0,43.0,2.0,0,2.5939046449892444,32
1,1,2,13.0,52.0,2.0,1,0.6701881964815242,80
0,3,2,30.0,42.0,2.0,0,2.192622594235147,25
1,3,4,2.0,36.0,3.0,0,0.6053726347543384,11
0,2,2,47.0,43.0,2.0,0,2.19939433328156,42
1,2,3,31.0,22.0,1.0,1,0.49374713303552,117
0,1,2,38.0,30.0,3.0,0,4.211113720427976,22
1,3,4,16.0,65.0,1.0,0,0.9308228341764173,107
0,2,4,35.0,68.0,4.0,0,3.004830594562026,35
0,3,1,13.0,29.0,2.0,0,0.27027853651357636,16
0,2,1,83.0,31.0,1.0,1,1.4119636937366473,160
1,3,1,91.0,46.0,4.0,0,2.0877688315627414,128
0,3,1,53.0,37.0,5.0,0,1.535977875846449,185
1,3,4,77.0,58.0,1.0,0,1.3831593754805678,129
1,2,3,31.0,0.0,1.0,1,0.3641160095811484,78
0,2,5,83.0,15.0,1.0,0,1.70564720024604,178
0,2,2,25.0,43.0,3.0,0,3.8184109856750545,18
1,2,1,87.0,63.0,5.0,0,1.129296476832088,157
1,2,4,60.0,13.0,4.0,0,3.7270104862111397,62
0,3,5,2.0,32.0,4.0,0,0.8880398516588979,14
0,3,4,11.0,17.0,2.0,0,0.7584087282045263,7
1,3,4,24.0,6.0,3.0,0,1.130668867618238,44
0,3,2,31.0,44.0,2.0,0,2.8517945011118377,25
1,2,1,84.0,61.0,2.0,0,2.129179423294111,110
1,3,4,70.0,47.0,5.0,0,1.8877052050366143,92
1,3,3,87.0,61.0,5.0,0,2.3538028175178978,119
1,2,1,44.0,41.0,3.0,0,3.9408351839143996,11
1,3,5,7.0,8.0,5.0,0,0.7998193199358958,15
0,3,5,2.0,49.0,5.0,0,0.4523365413041506,24
0,3,1,71.0,24.0,1.0,0,1.7348867046707332,128
0,2,3,61.0,92.0,5.0,0,2.68327997441409,105
0,2,2,56.0,62.0,2.0,0,2.312392225786528,162
1,1,3,73.0,56.0,4.0,0,3.804432321413615,80
1,2,3,31.0,72.0,2.0,0,2.499631985753059,77
1,3,5,13.0,23.0,3.0,0,0.6177613151453216,8
0,3,5,83.0,41.0,4.0,0,1.788468383708779,158
1,2,1,50.0,51.0,1.0,0,4.088471929104324,41
1,2,4,15.0,13.0,2.0,0,2.1219724980790846,82
1,2,5,58.0,68.0,5.0,0,1.5469941654512822,94
0,3,5,74.0,21.0,2.0,0,0.8412299116672652,23
0,1,1,41.0,42.0,2.0,0,2.6281083115055877,36
0,3,5,5.0,13.0,2.0,0,0.6467832264857079,11
0,3,4,66.0,31.0,3.0,1,0.6481556172718578,85
1,1,5,82.0,74.0,5.0,0,1.2935664529714157,37
1,1,3,48.0,82.0,3.0,0,2.839405820720855,67
0,3,1,33.0,35.0,2.0,0,3.8058047121997647,24
1,3,5,1.0,25.0,3.0,0,0.73500375820871,18
1,3,4,57.0,71.0,1.0,0,1.553983497582002,98
1,3,2,29.0,23.0,1.0,1,0.7530093799442631,77
0,2,2,31.0,47.0,4.0,0,2.570499674993428,6
0,3,3,57.0,32.0,5.0,0,1.8532839454359646,121
0,3,4,27.0,29.0,3.0,1,1.7292697633261631,118
1,2,5,41.0,21.0,1.0,1,0.8466292599275285,87
1,1,3,78.0,46.0,5.0,0,1.5940216985272215,109
1,3,3,40.0,42.0,2.0,0,2.2227993032773763,150
0,3,1,4.0,47.0,2.0,0,0.5819676647585221,10
0,1,1,44.0,84.0,3.0,0,3.1122115457224244,117
1,3,4,89.0,80.0,5.0,0,1.2837049610684257,107
0,2,5,51.0,82.0,4.0,0,1.777234501019639,157
0,2,1,33.0,45.0,2.0,0,3.112429138806731,10
1,3,5,73.0,21.0,2.0,0,1.8834606544781942,165
0,3,1,48.0,52.0,2.0,0,3.011602333608439,3
0,2,1,28.0,40.0,1.0,0,3.0129747243945886,37
1,2,5,9.0,50.0,1.0,1,0.12963112345437156,78
1,1,5,57.0,18.0,2.0,0,1.077087188580192,64
0,1,1,36.0,44.0,2.0,0,3.7063502977876226,43
1,3,4,85.0,33.0,3.0,0,0.7874306395449127,142
0,3,1,6.0,51.0,4.0,0,0.3350940982407621,8
1,2,1,3.0,29.0,3.0,0,0.47799875764877126,122
0,3,4,9.0,43.0,5.0,0,0.7584087282045263,10
1,1,5,96.0,60.0,4.0,0,2.4172459884589337,80
0,1,1,33.0,52.0,2.0,0,3.865220925666687,19
0,3,1,51.0,42.0,2.0,0,3.011602333608439,28
1,3,4,89.0,43.0,3.0,0,0.706054377896426,85
1,3,1,93.0,43.0,3.0,0,2.135951162340524,81
1,1,3,46.0,12.0,1.0,1,0.12963112345437156,73
0,1,2,26.0,91.0,3.0,0,1.7594464723683925,89
0,3,5,59.0,66.0,2.0,1,1.318343813753382,177
0,2,3,45.0,43.0,5.0,0,2.024108067537399,91
0,2,1,16.0,22.0,3.0,0,2.1928401873194536,126
1,3,2,55.0,15.0,5.0,0,1.0948752172314382,153
1,2,1,7.0,51.0,3.0,0,0.4523365413041506,4
1,3,5,75.0,34.0,1.0,0,1.8766889154317812,168
0,3,1,10.0,41.0,2.0,0,0.7584087282045263,14
0,1,5,79.0,83.0,1.0,1,1.0010377441638663,163
0,1,5,44.0,54.0,5.0,0,1.45877363372828,122
0,2,1,36.0,38.0,2.0,0,2.769910522266635,6
0,2,5,83.0,17.0,1.0,0,2.5113010546108123,133
0,3,3,56.0,79.0,3.0,0,2.6830623813297834,25
1,1,2,57.0,32.0,4.0,0,2.7289351167038793,36
1,2,2,27.0,21.0,2.0,1,0.7169981364731569,95
1,1,2,31.0,49.0,3.0,1,0.9294504433902673,85
1,3,3,7.0,45.0,5.0,0,0.583340055544672,62
0,2,5,1.0,43.0,4.0,0,0.7998193199358958,21
0,3,1,41.0,43.0,3.0,0,3.264092841470769,38
0,2,5,88.0,77.0,4.0,0,2.0877688315627414,157
1,3,5,9.0,49.0,2.0,0,0.7584087282045263,15
0,2,3,79.0,95.0,2.0,1,1.2935664529714157,162
1,3,5,6.0,39.0,2.0,0,0.6935931664773405,10
0,2,5,52.0,10.0,3.0,0,1.6050379881320547,142
1,3,3,25.0,87.0,4.0,0,3.0914611424145715,108
0,3,2,10.0,74.0,4.0,0,3.9628677631240663,88
1,3,2,40.0,7.0,2.0,1,0.5185244938174862,101
1,2,1,6.0,63.0,3.0,0,0.35288212689200843,96
1,3,3,79.0,31.0,3.0,0,2.5592657923042883,93
1,3,5,50.0,79.0,2.0,0,1.7760797033177957,190
1,3,5,1.0,35.0,4.0,0,0.5295407834223195,6
1,1,2,39.0,33.0,3.0,0,3.118548098600224,56
1,1,2,2.0,18.0,4.0,0,0.4080962492005011,12
1,3,1,88.0,78.0,3.0,0,1.806256412360025,141
1,3,4,35.0,35.0,4.0,0,0.792475126866007,93
1,1,2,45.0,46.0,5.0,0,0.4771139020861168,158
0,2,2,53.0,38.0,1.0,0,4.423566027345086,31
1,2,5,94.0,35.0,4.0,0,2.0891412223488914,128
1,3,4,28.0,22.0,3.0,0,0.882422910314328,48
1,2,2,93.0,52.0,5.0,0,2.4172459884589337,119
1,1,2,38.0,30.0,2.0,0,3.6833805139604197,33
1,2,1,45.0,36.0,3.0,0,3.7187389781786058,25
1,2,2,27.0,6.0,3.0,0,0.5185244938174862,82
1,2,1,41.0,66.0,5.0,0,3.1810540649237233,99
0,3,5,12.0,38.0,2.0,0,0.6467832264857079,16
1,2,1,50.0,22.0,3.0,0,3.674801197959243,167
1,3,1,5.0,19.0,2.0,0,0.3350940982407621,6
0,1,2,49.0,31.0,3.0,0,3.252858958781629,22
1,3,5,25.0,21.0,1.0,1,0.12963112345437156,109
1,2,1,80.0,33.0,5.0,0,1.465762965859,105
1,2,1,89.0,25.0,2.0,0,1.2587100072021526,127
1,2,5,69.0,79.0,5.0,0,1.9167271163770008,149
0,2,2,55.0,55.0,4.0,0,1.3235255689293384,185
1,2,1,23.0,52.0,2.0,0,3.6167573752784707,12
0,2,1,42.0,45.0,3.0,0,4.382155435613717,33
1,3,3,84.0,57.0,5.0,0,2.611692673640491,100
0,2,4,82.0,82.0,3.0,0,1.9705263884993531,97
0,2,2,36.0,45.0,2.0,0,3.818193392590748,17
0,3,5,10.0,43.0,3.0,0,0.3350940982407621,4
0,1,1,46.0,31.0,2.0,0,1.5348230781446057,12
0,2,4,1.0,27.0,3.0,0,0.3999096599679479,16
1,2,5,88.0,53.0,4.0,0,1.6712259406453904,129
1,3,3,62.0,68.0,3.0,0,2.2475766640593426,95
1,3,4,76.0,70.0,5.0,0,1.9167271163770008,111
1,3,3,15.0,35.0,3.0,1,0.6233782564898915,106
1,3,1,81.0,33.0,4.0,0,0.20404812460025054,111
1,3,4,43.0,6.0,1.0,1,0.49374713303552,73
1,2,5,84.0,71.0,4.0,0,1.5361954689307558,115
0,3,5,74.0,50.0,3.0,0,2.0643638615669255,121
1,2,4,71.0,48.0,1.0,0,0.5257236248311705,177
1,3,5,50.0,65.0,4.0,0,2.0643638615669255,86
0,1,1,35.0,31.0,4.0,0,2.5772714140398416,16
0,3,5,2.0,14.0,5.0,0,0.35849906823657846,8
1,2,3,80.0,50.0,5.0,0,0.7707974085955094,136
1,1,3,88.0,71.0,3.0,0,1.8285065846539985,129
1,2,4,77.0,83.0,5.0,0,2.4640559284505663,149
1,2,4,5.0,85.0,5.0,0,0.9472384720415137,113
0,3,5,1.0,37.0,1.0,0,0.6701881964815242,22
1,3,1,60.0,40.0,3.0,0,2.024325660621706,90
0,2,4,55.0,99.0,5.0,0,2.863530402249901,108
1,1,2,14.0,52.0,2.0,1,0.7530093799442631,65
1,3,4,53.0,15.0,2.0,0,0.1820580047905742,98
1,1,3,23.0,72.0,3.0,0,0.8714066207094947,102
0,3,5,11.0,54.0,2.0,0,0.5171521030313363,10
1,3,3,89.0,76.0,5.0,0,1.782851442364209,100
0,3,1,56.0,35.0,4.0,0,0.8176073485871421,110
1,1,2,73.0,40.0,4.0,0,1.8877052050366143,90
0,2,5,13.0,42.0,4.0,0,0.5529457534181358,10
1,3,5,55.0,50.0,3.0,0,1.882305856776351,83
0,1,5,87.0,77.0,1.0,1,0.2592622469087431,117
1,2,5,8.0,19.0,3.0,0,0.5529457534181358,17
0,3,1,20.0,53.0,2.0,0,3.070800953991055,20
1,2,5,12.0,8.0,4.0,0,0.27027853651357636,18
0,1,4,94.0,6.0,5.0,0,3.138271082406204,97
0,1,1,48.0,38.0,3.0,0,3.517520553950635,31
1,2,2,76.0,12.0,5.0,0,2.8061393588220485,150
0,3,2,61.0,64.0,1.0,1,0.38889337036311467,130
0,3,5,11.0,35.0,2.0,0,0.73500375820871,18
1,1,2,29.0,59.0,2.0,0,1.053464625500069,118
1,3,5,75.0,72.0,1.0,0,1.9167271163770008,128
0,1,1,43.0,37.0,2.0,0,3.299451305688955,8
1,3,4,24.0,44.0,4.0,0,1.1453572537580154,67
1,3,1,86.0,76.0,5.0,0,1.8006394710154554,112
0,3,2,37.0,37.0,4.0,0,3.398905720101097,17
1,1,4,69.0,53.0,4.0,0,1.3237431620136453,69
1,1,5,55.0,78.0,5.0,0,2.7357068557502924,106
1,3,2,52.0,37.0,2.0,0,3.0460235932090884,13
1,1,4,54.0,20.0,5.0,0,2.1525843932899273,143
1,2,2,29.0,21.0,2.0,1,0.48251325034638004,103
0,1,1,25.0,50.0,3.0,0,3.1353989226339336,23
0,1,1,49.0,43.0,2.0,0,3.7133396299183428,29
1,1,2,67.0,22.0,4.0,0,0.7777867407262294,80
0,1,2,89.0,92.0,3.0,0,3.217282901479136,129
1,3,5,58.0,36.0,5.0,0,0.9404667329951005,100
1,1,2,75.0,32.0,4.0,0,1.3734128740056704,102
0,1,5,68.0,45.0,2.0,1,1.1527014468279042,129
0,2,5,69.0,86.0,1.0,0,1.406564345476384,189
0,2,1,2.0,50.0,5.0,0,0.838370139666873,85
0,2,5,51.0,70.0,2.0,0,2.705530146708063,20
0,3,4,98.0,74.0,1.0,0,4.077020453330878,81
1,1,4,55.0,25.0,5.0,0,1.8877052050366143,112
1,3,1,61.0,77.0,5.0,0,2.135951162340524,134
1,3,3,14.0,14.0,5.0,0,2.734116871879836,112
1,3,5,7.0,59.0,5.0,0,0.48251325034638004,50
1,2,2,74.0,24.0,3.0,0,2.717918827099046,154
0,3,2,44.0,41.0,3.0,0,2.5700644888248148,34
1,2,2,64.0,13.0,4.0,0,0.5497311204785746,37
0,2,1,47.0,50.0,2.0,0,2.075162558087452,10
0,2,4,65.0,16.0,3.0,0,4.110504508313991,92
1,2,4,33.0,66.0,5.0,0,0.27027853651357636,90
0,2,1,33.0,30.0,2.0,0,1.1873402995128606,21
0,3,4,0.0,26.0,2.0,1,0.12963112345437156,96
0,3,5,94.0,3.0,4.0,0,1.733784256023772,77
1,3,1,77.0,20.0,1.0,0,0.8401999940484063,34
1,2,5,63.0,56.0,3.0,0,2.118163133689278,174
1,2,5,85.0,80.0,5.0,0,1.7538295310238226,180
0,1,5,54.0,34.0,1.0,1,0.7530093799442631,133
1,2,5,8.0,44.0,2.0,0,0.5819676647585221,18
1,1,4,68.0,8.0,5.0,0,2.7822992026576183,43
0,1,2,58.0,40.0,2.0,0,3.817975799506441,32
0,3,5,9.0,27.0,2.0,0,0.6287776047501548,12
1,1,4,41.0,8.0,3.0,0,1.1693647494054196,78
0,1,1,39.0,53.0,2.0,0,4.859269337699834,32
1,2,2,21.0,88.0,5.0,0,1.2355226302906432,35
1,3,3,73.0,95.0,2.0,0,1.9248712462095636,159
0,2,3,9.0,19.0,5.0,0,2.1458126542435143,171
0,3,2,56.0,37.0,2.0,0,3.7301904539520527,14
1,1,3,97.0,30.0,5.0,0,2.2876148650045622,141
0,1,1,54.0,50.0,2.0,0,3.4513326014373,29
1,2,5,85.0,5.0,3.0,0,2.334424804996195,150
1,3,1,52.0,47.0,1.0,0,2.7177012340147395,30
1,3,3,97.0,67.0,4.0,0,0.7888030303310626,115
1,2,1,22.0,34.0,3.0,0,4.342117234668497,36
0,3,4,55.0,2.0,5.0,0,1.818862685835315,129
0,3,1,11.0,53.0,4.0,0,0.27027853651357636,17
0,3,1,31.0,53.0,2.0,0,3.68899745530499,31
0,1,1,36.0,54.0,2.0,0,3.476327555303573,24
1,3,3,32.0,21.0,1.0,1,0.17644106344600424,104
1,2,3,46.0,19.0,1.0,1,0.3528821268920085,101
1,3,4,4.0,92.0,2.0,0,0.6467832264857079,90
0,2,2,20.0,31.0,2.0,0,2.4392785676686,38
0,2,5,61.0,80.0,2.0,0,2.5828883553844117,140
0,1,5,70.0,19.0,1.0,0,3.2406878714749525,114
1,2,5,68.0,48.0,5.0,0,1.9953037492813193,156
1,1,5,79.0,16.0,3.0,0,1.5760160767916684,131
1,3,5,19.0,17.0,3.0,0,0.5529457534181358,125
1,2,1,86.0,18.0,2.0,0,2.8115387070823115,118
1,2,1,23.0,58.0,5.0,0,0.5763507234139521,67
1,1,5,79.0,43.0,2.0,0,1.553983497582002,136
1,2,4,71.0,57.0,3.0,0,1.3775424341359979,137
1,2,4,13.0,27.0,3.0,0,0.46472522169513364,7
1,3,2,82.0,36.0,3.0,0,0.9652440937770668,110
1,3,2,40.0,31.0,5.0,0,2.9367076868939566,44
1,2,4,28.0,18.0,3.0,0,0.9266207430179874,72
1,3,5,61.0,54.0,4.0,0,1.1997289799038438,76
0,2,1,26.0,45.0,2.0,0,2.6834975674983967,45
1,2,3,83.0,80.0,3.0,0,1.3361318424046285,154
0,3,4,1.0,22.0,2.0,0,0.5295407834223195,8
1,2,2,12.0,49.0,1.0,1,0.6233782564898915,102
1,1,5,66.0,68.0,5.0,0,1.4533742854680167,87
1,3,2,83.0,55.0,2.0,0,0.9404667329951005,95
1,1,2,57.0,68.0,4.0,0,0.35288212689200843,128
0,3,2,33.0,41.0,4.0,0,2.7053125536237563,31
0,1,1,38.0,46.0,3.0,0,3.3660744443709043,14
1,3,4,4.0,26.0,1.0,1,0.43570331035474735,86
0,2,2,43.0,31.0,2.0,0,2.3414141371269146,32
0,2,5,50.0,15.0,3.0,0,2.3828247288582842,132
0,3,4,3.0,46.0,2.0,0,0.27027853651357636,11
1,3,1,2.0,27.0,1.0,0,0.6935931664773405,12
1,2,5,25.0,53.0,5.0,0,1.806474005444332,163
0,1,4,59.0,15.0,5.0,0,2.4764446088415495,120
1,1,2,69.0,39.0,4.0,0,1.7650634137129626,96
1,2,5,18.0,68.0,3.0,0,1.0935028264452884,131
0,2,5,40.0,25.0,2.0,0,2.1539567840760774,173
1,3,1,86.0,65.0,4.0,0,3.5917624214121977,139
1,1,5,74.0,74.0,3.0,0,1.0948752172314382,65
0,2,3,55.0,5.0,2.0,0,1.6464485798634243,149
1,3,1,43.0,31.0,1.0,0,4.001406195083165,27
1,2,1,59.0,50.0,3.0,0,3.7574047883376753,17
1,1,5,54.0,22.0,1.0,0,1.7526747333219794,58
0,3,3,31.0,24.0,3.0,1,1.47000751641742,94
1,2,2,84.0,53.0,5.0,0,0.5332128799572639,31
0,3,2,46.0,35.0,1.0,0,3.6939616173966394,12
0,3,1,55.0,73.0,4.0,0,4.7928637921021915,75
1,3,5,66.0,65.0,3.0,0,1.799484673313612,111
1,3,3,26.0,13.0,1.0,1,0.49374713303552,104
1,2,1,36.0,54.0,3.0,0,1.8285065846539985,32
1,3,4,64.0,74.0,2.0,0,1.806256412360025,68
1,3,5,60.0,28.0,2.0,0,1.7360415023725762,104
1,1,1,55.0,45.0,5.0,0,0.5257236248311705,20
1,3,3,39.0,71.0,4.0,0,0.7225726184177367,104
1,2,5,64.0,45.0,5.0,0,1.1817233581682904,142
1,3,5,85.0,40.0,4.0,0,2.3414141371269146,117
0,3,5,68.0,99.0,1.0,1,1.693258519855057,163
0,3,2,35.0,54.0,2.0,0,3.0131923174788957,7
1,2,4,96.0,33.0,5.0,0,2.546877111913305,129
0,3,5,34.0,58.0,4.0,0,0.729771749431421,110
0,1,5,53.0,26.0,5.0,0,2.2171823619328066,119
1,1,1,82.0,63.0,2.0,0,1.8231072363937353,113
1,3,1,91.0,79.0,2.0,0,2.7008504099810295,47
0,3,1,6.0,20.0,5.0,0,0.42331462996376423,13
1,2,3,29.0,78.0,4.0,0,0.4945169981700821,99
1,2,2,30.0,38.0,2.0,0,2.615937224198911,28
1,1,5,68.0,21.0,5.0,0,2.028352618095819,31
0,2,5,61.0,34.0,3.0,0,2.112328599260401,111
0,3,5,56.0,72.0,1.0,1,1.9525207667638,121
0,2,2,53.0,43.0,4.0,0,2.1802339138441638,20
1,1,2,33.0,54.0,3.0,1,0.8826405033986346,75
1,2,2,92.0,9.0,1.0,0,1.9221264646372638,77
1,2,1,88.0,62.0,1.0,0,2.276598575399729,152
1,2,1,86.0,46.0,5.0,0,1.9705263884993531,120
1,2,3,89.0,77.0,5.0,0,1.8462946133052447,162
1,2,5,74.0,87.0,5.0,0,3.729755267783439,122
1,3,5,99.0,43.0,4.0,0,1.9347327381125536,87
1,3,3,18.0,62.0,5.0,0,0.7640256695490963,178
0,3,5,16.0,36.0,5.0,0,1.0352191332534393,94
0,3,1,5.0,53.0,2.0,0,0.46472522169513364,19
1,1,1,59.0,36.0,3.0,0,1.3527650733540315,127
0,1,2,31.0,37.0,3.0,0,2.2644274880930526,30
1,3,5,16.0,59.0,5.0,0,0.7237698755195701,73
1,3,4,58.0,29.0,2.0,0,2.370436048467301,139
0,1,5,64.0,79.0,2.0,0,3.3993409062697104,120
0,3,3,89.0,94.0,1.0,1,1.693258519855057,100
1,3,5,71.0,58.0,5.0,0,2.229788635408096,87
0,1,1,76.0,69.0,4.0,0,2.6888969157586597,77
1,1,1,83.0,63.0,4.0,0,1.9538931575499499,144
0,2,5,36.0,81.0,1.0,1,0.38889337036311467,135
0,1,1,38.0,30.0,2.0,0,3.624181893577804,18
0,2,5,43.0,50.0,5.0,0,2.283370314446142,151
0,1,2,54.0,30.0,3.0,0,3.6759559956610866,45
0,1,4,93.0,1.0,1.0,0,2.639559787279034,44
1,1,2,27.0,1.0,1.0,1,0.6701881964815242,81
1,2,1,27.0,18.0,1.0,0,2.106929251000138,135
0,2,3,49.0,47.0,3.0,0,3.593569998366961,167
1,1,1,23.0,53.0,2.0,0,2.8103839093804686,15
0,3,5,65.0,91.0,5.0,0,2.0767525419579083,147
1,2,5,52.0,58.0,3.0,0,1.3059551333623989,112
1,1,5,24.0,47.0,1.0,1,0.5405570730271527,71
1,1,2,8.0,45.0,1.0,1,0.5185244938174862,70
1,1,4,47.0,36.0,4.0,0,1.3595368124004445,92
1,3,5,74.0,31.0,1.0,0,1.4934124864132363,126
1,3,5,74.0,12.0,5.0,0,3.7808097583334916,117
0,3,5,3.0,43.0,3.0,0,0.5115351616867663,17
1,2,5,82.0,35.0,4.0,0,2.106929251000138,144
1,2,2,8.0,38.0,1.0,1,0.3060721869003758,72
0,2,1,21.0,45.0,3.0,0,4.700616302905075,16
1,3,4,34.0,3.0,1.0,1,0.12963112345437156,94
1,2,2,39.0,40.0,1.0,1,0.43570331035474735,98
1,1,4,98.0,76.0,5.0,0,1.8532839454359646,113
1,3,1,8.0,49.0,4.0,0,0.7584087282045263,19
0,2,2,28.0,45.0,1.0,0,3.505131873559652,16
1,3,4,60.0,56.0,1.0,0,0.9890339963401642,107
0,2,3,69.0,31.0,4.0,0,1.040858352024779,166
0,1,3,42.0,95.0,3.0,0,1.4711623141192631,190
1,1,1,93.0,35.0,3.0,0,1.6656089993008205,141
0,2,1,42.0,46.0,1.0,0,3.8004053639395017,28
1,3,5,36.0,0.0,5.0,0,1.0176709751132695,96
1,2,5,97.0,53.0,5.0,0,1.3527650733540315,171
1,3,4,89.0,58.0,5.0,0,1.7580740815822427,117
0,1,3,85.0,44.0,1.0,0,3.747543296434685,165
0,3,3,92.0,20.0,3.0,0,1.4910402496363397,105
1,2,2,35.0,9.0,1.0,1,0.5185244938174862,84
1,3,5,52.0,14.0,5.0,0,1.446384953337297,108
1,1,1,87.0,72.0,1.0,0,0.4413202516993173,152
0,1,3,11.0,27.0,3.0,0,0.799601726851589,148
0,2,5,55.0,82.0,2.0,1,1.4231975764257874,183
1,3,4,79.0,53.0,3.0,0,2.535860822308472,133
1,3,5,80.0,54.0,1.0,0,2.4172459884589337,135
1,3,4,59.0,16.0,1.0,0,3.1122115457224244,123
1,3,3,70.0,63.0,5.0,0,2.2576557490466396,56
0,3,5,99.0,33.0,3.0,0,1.2152597622062855,123
0,2,1,70.0,37.0,1.0,0,3.7241383264388688,73
1,3,4,47.0,24.0,1.0,0,2.6215541655434813,168
1,2,5,14.0,44.0,1.0,0,0.965316624805169,64
0,1,1,46.0,54.0,1.0,0,2.92179181801498,27
1,2,5,38.0,9.0,2.0,0,3.0527953322555015,76
1,3,1,60.0,19.0,5.0,0,1.428626996314163,130
1,3,4,52.0,27.0,1.0,0,1.5415948171910188,74
1,2,2,41.0,5.0,1.0,1,0.8466292599275285,97
1,3,3,28.0,2.0,1.0,1,0.3060721869003758,94
1,1,4,63.0,19.0,1.0,1,0.49374713303552,95
0,3,2,89.0,77.0,1.0,1,0.9542278041722336,85
1,3,5,79.0,11.0,1.0,0,2.6474863240272906,130
1,3,5,45.0,19.0,5.0,0,2.3839795265601276,180
1,2,4,4.0,35.0,1.0,0,0.27027853651357636,10
1,3,4,51.0,45.0,5.0,0,1.7938677319690421,148
1,2,1,72.0,45.0,5.0,0,1.2823325702822759,149
1,3,1,90.0,37.0,4.0,0,2.1345787715543745,115
1,3,5,59.0,87.0,4.0,0,3.2931147528111557,96
1,2,2,29.0,31.0,3.0,1,0.49374713303552,77
1,1,3,22.0,65.0,1.0,0,1.0176709751132695,84
1,3,1,87.0,80.0,5.0,0,1.2245063406858099,94
1,1,5,8.0,74.0,3.0,0,1.1997289799038438,166
0,1,2,41.0,31.0,3.0,0,1.6836146210363736,76
1,1,4,53.0,54.0,5.0,0,0.7584087282045263,117
1,2,4,48.0,13.0,4.0,0,0.6913659917566483,101
1,3,4,66.0,54.0,3.0,0,2.3828247288582842,112
1,1,3,63.0,9.0,1.0,1,0.3528821268920085,97
0,2,5,52.0,23.0,2.0,0,3.8220027569805546,142
0,1,5,42.0,38.0,2.0,1,1.6824598233345305,137
1,1,5,26.0,24.0,2.0,0,0.43570331035474735,119
0,2,3,79.0,71.0,2.0,0,3.682727734707499,96
1,3,5,83.0,66.0,5.0,0,1.9883144171505993,104
1,2,4,30.0,79.0,3.0,0,0.5956261332794407,66
1,1,2,65.0,36.0,4.0,0,0.4080962492005011,123
1,2,4,94.0,57.0,5.0,0,2.046358239831372,140
0,2,5,82.0,5.0,1.0,0,0.8714066207094947,96
1,3,1,3.0,27.0,4.0,0,0.3999096599679479,16
0,1,5,72.0,18.0,5.0,0,1.0768695954958853,161
1,3,1,46.0,47.0,4.0,0,4.664822652518276,17
1,1,2,71.0,91.0,3.0,0,0.24687356651776,100
0,1,2,37.0,30.0,2.0,0,3.5589311456820045,26
1,3,5,4.0,57.0,3.0,0,0.7998193199358958,21
1,1,5,48.0,67.0,3.0,0,2.2309434331099394,109
1,1,1,50.0,41.0,2.0,0,3.306875823988288,24
1,2,4,68.0,31.0,1.0,0,1.7360415023725762,107
1,3,5,6.0,32.0,4.0,0,0.5529457534181358,10
1,3,5,10.0,17.0,4.0,0,0.46472522169513364,8
1,1,3,48.0,8.0,2.0,1,0.17644106344600424,106
1,1,5,28.0,48.0,3.0,0,0.5005188720819331,100
0,1,5,59.0,77.0,1.0,0,2.876571861893804,96
1,3,2,48.0,40.0,5.0,0,0.24125662517319002,88
1,2,4,86.0,11.0,4.0,0,1.5462543719448323,173
1,3,2,28.0,23.0,1.0,1,0.6233782564898915,91
1,3,5,54.0,28.0,2.0,0,1.8532839454359646,146
0,3,3,10.0,73.0,4.0,0,0.5884270022657564,121
0,3,5,73.0,95.0,5.0,0,1.5289885437157291,145
0,1,1,42.0,37.0,2.0,0,3.447523237047493,39
1,1,1,44.0,58.0,2.0,0,2.377207787513714,158
1,1,4,76.0,60.0,1.0,0,1.606192785833898,152
0,3,4,5.0,51.0,4.0,0,0.8232242899317121,15
1,3,4,52.0,79.0,4.0,0,1.4299693154722006,72
0,2,2,51.0,33.0,2.0,0,2.3400417463407646,30
1,3,5,20.0,28.0,2.0,0,0.8714066207094947,85
1,2,4,72.0,13.0,3.0,0,1.1058915068362716,44
0,1,4,96.0,46.0,4.0,0,2.6051385276783847,150
1,1,5,35.0,60.0,3.0,0,0.0,132
1,1,5,39.0,6.0,1.0,1,0.3060721869003758,80
1,3,5,62.0,73.0,4.0,0,1.0300596555042527,92
0,3,4,8.0,34.0,5.0,0,0.35849906823657846,19
1,2,2,39.0,48.0,2.0,0,2.571872065779578,29
1,3,2,2.0,98.0,2.0,0,1.6174266685230378,135
1,1,2,12.0,60.0,1.0,0,0.8954141163568989,72
1,1,1,47.0,9.0,1.0,1,0.38889337036311467,73
1,1,2,22.0,32.0,2.0,0,3.7945708295106244,28
1,3,2,34.0,35.0,4.0,0,3.2944871435973053,24
1,3,5,56.0,59.0,2.0,0,2.1649730736809105,157
1,2,4,49.0,13.0,1.0,0,1.0277298781273458,94
0,1,1,27.0,46.0,2.0,0,3.3881070235805706,17
1,1,1,2.0,42.0,1.0,0,0.7888030303310626,104
0,2,1,7.0,41.0,4.0,0,0.44671959995958055,5
0,2,3,79.0,93.0,3.0,0,4.175320070041177,139
1,1,1,46.0,17.0,3.0,0,1.730642154112313,140
0,2,5,86.0,1.0,3.0,0,2.2408049250129296,147
0,3,5,4.0,33.0,4.0,0,0.7584087282045263,16
0,3,1,5.0,52.0,4.0,0,0.6467832264857079,14
0,3,4,59.0,42.0,1.0,0,1.9302705944698269,132
1,2,1,28.0,54.0,3.0,0,3.447305643963186,14
1,1,5,55.0,56.0,4.0,0,1.1707070685634573,164
0,1,2,57.0,33.0,2.0,0,3.518892944736785,24
1,1,1,22.0,40.0,4.0,0,3.1506597627971873,17
1,1,4,19.0,7.0,5.0,0,0.5884270022657564,100
0,3,2,8.0,0.0,2.0,1,0.5185244938174862,85
0,3,2,21.0,10.0,3.0,0,3.105439806676011,143
1,2,3,83.0,34.0,2.0,0,0.9965232514662574,93
1,3,1,60.0,69.0,4.0,0,2.234970390584053,64
0,3,3,74.0,64.0,5.0,0,1.2245063406858099,151
0,2,2,62.0,59.0,5.0,0,2.5716544726952715,146
1,2,2,70.0,33.0,5.0,0,2.094540570609155,132
1,3,3,41.0,43.0,3.0,0,2.595059442691088,146
1,3,5,58.0,21.0,4.0,0,0.5257236248311705,115
0,2,5,6.0,47.0,5.0,0,0.7998193199358958,13
0,3,5,41.0,61.0,1.0,1,1.047847684155499,118
1,1,5,56.0,66.0,5.0,0,1.21888939934124,111
1,1,2,26.0,28.0,5.0,0,0.24125662517319002,51
1,1,5,16.0,81.0,1.0,0,0.5020062532961754,71
0,2,5,79.0,63.0,1.0,1,1.4339962729463138,119
1,3,4,92.0,53.0,4.0,0,1.9829150688903363,109
1,3,2,94.0,42.0,3.0,0,0.6121443738007516,78
1,1,2,6.0,12.0,1.0,1,0.49374713303552,106
0,3,2,28.0,33.0,3.0,0,4.340744843882347,23
0,1,3,44.0,13.0,5.0,0,2.3582649611606246,179
1,1,5,21.0,21.0,2.0,1,0.17644106344600424,64
1,1,1,37.0,51.0,3.0,0,3.157649094927907,35
1,2,4,16.0,41.0,5.0,0,0.5997556934097685,125
1,3,4,10.0,50.0,2.0,0,0.7998193199358958,13
0,2,1,27.0,32.0,2.0,0,3.8222203500648613,42
0,2,1,54.0,37.0,2.0,0,2.9645748005324997,26
1,2,5,57.0,46.0,2.0,1,0.5293231903380127,176
1,1,4,72.0,1.0,3.0,0,0.878895875835588,87
1,3,5,55.0,25.0,5.0,0,1.9815426781041863,131
1,1,2,4.0,52.0,1.0,1,0.17644106344600424,75
0,3,5,62.0,31.0,3.0,0,1.2944813801621824,130
0,2,4,69.0,81.0,3.0,1,1.2935664529714157,114
1,3,1,48.0,37.0,5.0,0,1.7180358806370233,90
1,1,5,42.0,79.0,4.0,0,2.1512120025037773,41
1,3,2,86.0,28.0,5.0,0,1.851693961565508,93
1,2,2,42.0,23.0,1.0,1,0.49374713303552,95
1,2,5,68.0,78.0,5.0,0,2.1593561323363404,129
1,1,5,76.0,30.0,3.0,0,1.4891679358548162,29
1,2,5,61.0,88.0,1.0,0,2.3236261084756684,182
0,1,3,40.0,53.0,1.0,0,4.357160481747444,110
1,2,3,65.0,42.0,4.0,0,0.9074178641806009,164
1,2,2,98.0,33.0,3.0,0,0.4411026586150106,135
1,1,3,62.0,39.0,4.0,0,1.9649094471547832,98
0,3,3,77.0,17.0,3.0,0,0.8860950068492723,93
0,2,2,40.0,51.0,2.0,0,2.4174635815432404,22
1,1,2,49.0,77.0,5.0,0,1.3831593754805678,128
1,1,1,12.0,88.0,2.0,0,3.0237734209151155,4
0,3,1,9.0,19.0,5.0,0,0.46472522169513364,7
1,2,4,8.0,18.0,2.0,0,0.5115351616867663,12
0,2,3,44.0,90.0,1.0,0,1.6476033775652674,182
0,3,5,1.0,9.0,2.0,0,0.35849906823657846,14
1,3,3,62.0,60.0,4.0,0,0.7996742578796914,67
1,3,1,66.0,47.0,2.0,0,2.624081354031474,68
1,3,1,99.0,35.0,4.0,0,2.282215516744299,143
1,3,5,93.0,78.0,5.0,0,1.4423579958631836,132
1,2,3,74.0,32.0,5.0,0,1.9111101750324306,97
1,3,1,59.0,73.0,3.0,0,2.0835242810043213,106
1,3,5,93.0,50.0,3.0,0,1.9057108267721672,107
1,2,1,68.0,73.0,4.0,0,1.8586832936962279,85
1,2,1,66.0,20.0,3.0,0,3.3363997537775973,31
0,3,3,83.0,23.0,5.0,0,1.977515720630073,168
0,2,1,52.0,53.0,2.0,0,3.137206499588697,43
1,3,5,40.0,85.0,2.0,0,0.9413091291577649,125
0,2,5,77.0,75.0,1.0,0,1.7470577919774095,108
1,2,5,85.0,88.0,4.0,0,1.7830690354485157,136
1,2,1,81.0,67.0,4.0,0,2.029725008881969,103
1,3,4,61.0,49.0,3.0,0,1.4767792554638333,83
1,2,2,55.0,52.0,1.0,0,3.2544489426520857,11
1,3,5,77.0,86.0,1.0,0,1.5415948171910188,129
1,3,1,70.0,77.0,4.0,0,1.4934124864132363,110
1,1,2,57.0,64.0,3.0,0,1.2011013706899936,178
1,3,5,58.0,21.0,5.0,0,1.864300235040798,76
1,3,3,74.0,45.0,4.0,0,2.20076672406771,143
1,3,5,83.0,38.0,4.0,0,2.541477763653042,82
0,2,4,74.0,45.0,1.0,0,2.281997923659992,122
0,2,1,58.0,37.0,2.0,0,2.351275629029905,40
1,3,1,22.0,57.0,4.0,0,0.2592622469087431,139
1,1,2,73.0,38.0,2.0,0,3.0860617941543085,34
1,1,4,33.0,0.0,1.0,1,0.8466292599275285,82
1,3,4,71.0,38.0,3.0,0,0.7684676312186028,63
0,1,1,57.0,53.0,1.0,0,3.8071771029859147,13
0,2,1,54.0,43.0,1.0,0,2.899541645721007,20
0,2,1,28.0,53.0,3.0,0,3.2046766280038463,21
1,2,4,93.0,51.0,5.0,0,1.1058915068362716,102
0,3,4,23.0,26.0,1.0,1,1.0698802633651654,100
1,2,5,25.0,19.0,3.0,0,2.693359059401387,102
0,1,5,57.0,59.0,5.0,0,1.9234988554234138,122
0,2,2,34.0,45.0,2.0,1,1.2715338737617494,93
1,2,5,44.0,43.0,5.0,0,3.0473959839952385,175
0,3,5,4.0,24.0,2.0,1,1.4947848771993861,99
1,3,1,7.0,20.0,4.0,0,0.42331462996376423,17
0,1,5,53.0,73.0,5.0,0,2.1413505106007875,155
0,2,1,51.0,31.0,1.0,0,2.42804468497946,25
0,2,1,39.0,93.0,5.0,0,2.4505124503577402,121
0,3,5,10.0,20.0,2.0,0,0.6701881964815242,14
0,2,2,30.0,54.0,4.0,0,2.8932050928432074,29
1,3,3,52.0,20.0,4.0,0,0.41558550432659436,27
0,1,3,65.0,30.0,1.0,1,1.6356498833428978,156
1,1,3,47.0,42.0,3.0,0,2.0562197317343625,31
0,2,2,33.0,37.0,2.0,0,3.677545979531543,16
0,3,5,88.0,70.0,2.0,0,1.6520655212079944,127
1,1,2,46.0,31.0,1.0,1,0.6233782564898915,101
0,3,1,2.0,43.0,2.0,0,0.5115351616867663,14
0,3,4,76.0,43.0,3.0,0,1.0424182642671236,135
1,1,5,61.0,41.0,4.0,0,2.676508235367677,146
0,3,5,67.0,5.0,1.0,0,2.95262130631013,116
0,2,2,58.0,79.0,5.0,0,2.193994985021297,110
1,2,3,34.0,8.0,1.0,1,0.6701881964815242,95
1,2,5,42.0,17.0,1.0,1,0.17644106344600424,83
1,3,3,49.0,64.0,5.0,0,3.6469340843207,133
0,3,2,44.0,36.0,2.0,0,2.8887429492004806,3
1,1,5,78.0,93.0,5.0,0,1.6478209706495741,111
1,1,3,13.0,51.0,3.0,0,1.2177346016393968,137
1,3,4,73.0,52.0,5.0,0,2.022953269835556,123
1,1,2,91.0,71.0,4.0,0,2.042113689272952,98
0,3,1,48.0,44.0,2.0,1,1.8589008867805346,181
1,3,2,96.0,60.0,5.0,0,1.8890775958227641,101
0,1,1,69.0,79.0,5.0,0,1.878061306217931,106
0,3,5,97.0,55.0,1.0,0,2.7937506784310653,36
1,2,2,92.0,76.0,4.0,0,2.0655186592687684,86
1,1,5,56.0,73.0,4.0,0,1.6120273202627748,41
1,2,3,78.0,49.0,4.0,0,2.1125461923447078,118
1,3,5,65.0,21.0,5.0,0,0.9238335020456974,79
1,2,2,56.0,40.0,5.0,0,2.5648827336488584,178
1,1,3,73.0,24.0,2.0,0,0.6196336289268448,111
0,3,3,43.0,52.0,1.0,1,1.210745269508677,117
0,2,4,84.0,84.0,4.0,0,0.7640256695490963,125
1,1,5,11.0,53.0,5.0,0,2.5635103428627084,32
0,3,1,4.0,25.0,5.0,0,0.4523365413041506,9
1,1,2,96.0,57.0,4.0,0,1.8476670040913947,90
1,3,4,64.0,33.0,4.0,0,1.5181898471952027,103
0,3,5,9.0,51.0,1.0,0,0.44671959995958055,23
0,3,1,1.0,29.0,3.0,0,0.5171521030313363,15
1,3,5,52.0,59.0,5.0,0,0.8232242899317121,180
0,3,1,10.0,60.0,1.0,0,0.470509502522678,110
1,2,1,44.0,3.0,5.0,0,0.6949655572634905,100
0,3,5,66.0,91.0,2.0,1,1.5884047571826516,86
1,3,5,77.0,63.0,4.0,0,2.188378043676727,105
0,3,4,11.0,48.0,3.0,0,0.73500375820871,16
0,3,5,29.0,40.0,3.0,1,1.1306688676182377,85
1,3,5,58.0,35.0,1.0,0,3.19746970278882,73
1,3,5,95.0,28.0,4.0,0,2.2351879836683595,141
1,3,5,36.0,84.0,4.0,0,0.4321037448479052,29
1,1,1,92.0,31.0,4.0,0,1.8352783237004116,93
0,3,5,1.0,30.0,2.0,0,0.6287776047501548,21
0,3,1,79.0,60.0,4.0,0,1.730642154112313,157
1,1,5,46.0,61.0,5.0,0,1.2589276002864596,142
0,2,4,56.0,21.0,1.0,0,1.1281416791302448,69
0,2,2,31.0,39.0,2.0,0,3.1122115457224244,23
1,2,3,39.0,9.0,1.0,1,0.5405570730271527,94
0,3,5,9.0,53.0,5.0,0,0.6411662851411379,12
0,1,1,47.0,32.0,3.0,0,4.405560405609533,22
0,3,3,82.0,0.0,1.0,0,1.482011264241122,134
0,3,5,65.0,42.0,2.0,0,2.181388711546007,118
0,2,2,39.0,35.0,2.0,0,3.1992772797435833,22
1,2,2,48.0,41.0,2.0,0,3.7533778308635624,32
1,3,1,66.0,40.0,1.0,0,1.70564720024604,142
1,3,4,61.0,37.0,4.0,0,0.9940484120331463,72
1,2,3,74.0,77.0,3.0,0,2.0889236292645847,147
1,1,4,63.0,51.0,4.0,0,0.35288212689200843,100
0,3,5,72.0,96.0,4.0,0,3.8816365635317833,71
1,2,1,30.0,42.0,3.0,0,2.629698295376044,40
1,3,4,94.0,21.0,4.0,0,1.3347594516184784,167
0,3,1,76.0,45.0,2.0,1,0.7417754972551232,188
1,3,3,58.0,42.0,4.0,0,2.276598575399729,105
1,3,5,95.0,3.0,3.0,0,0.8660072724492315,77
0,3,5,56.0,81.0,1.0,1,1.9525207667638,93
0,3,1,36.0,46.0,2.0,0,2.518072793657226,20
0,2,4,3.0,43.0,4.0,0,0.6053726347543384,11
1,2,1,30.0,38.0,3.0,0,3.8058047121997647,26
1,3,5,96.0,57.0,3.0,0,1.0120540337686994,93
1,1,5,22.0,26.0,1.0,1,0.5405570730271527,69
1,1,5,73.0,89.0,5.0,0,1.800857064099762,72
0,2,3,61.0,14.0,2.0,0,3.3888266351138,146
1,2,2,3.0,37.0,1.0,1,0.5405570730271527,94
0,3,2,46.0,88.0,4.0,0,2.275226184613579,113
1,1,1,66.0,58.0,1.0,0,0.7849858717399135,79
1,1,3,86.0,13.0,5.0,0,3.14757000994061,102
1,3,2,31.0,47.0,2.0,0,1.9457490277173868,5
0,2,4,2.0,21.0,5.0,0,0.7059818468683237,17
1,3,1,87.0,62.0,5.0,0,1.5706167285314052,123
1,3,1,4.0,35.0,4.0,0,0.3999096599679479,21
0,2,2,56.0,45.0,3.0,0,3.5299092343416185,27
1,2,5,6.0,26.0,3.0,0,0.5405570730271527,3
0,2,1,31.0,49.0,1.0,0,3.9298188943095664,20
1,3,5,83.0,27.0,3.0,0,1.9772981275457662,106
1,1,5,53.0,59.0,5.0,0,1.0343042060626726,50
1,2,3,57.0,3.0,1.0,1,0.3528821268920085,109
1,3,1,7.0,14.0,5.0,0,0.3350940982407621,19
1,2,2,25.0,39.0,4.0,0,3.6061762718422505,14
1,2,2,44.0,44.0,1.0,0,0.8934391999191611,97
1,1,5,13.0,10.0,2.0,0,2.7705633015195557,55
1,1,2,97.0,45.0,1.0,0,1.723652821981593,116
1,1,5,38.0,88.0,1.0,0,2.7511852889978528,110
1,2,5,83.0,1.0,4.0,0,1.229905688946073,148
1,1,5,52.0,37.0,5.0,0,1.9883144171505993,113
1,2,5,25.0,55.0,2.0,0,1.307109931064242,95
1,3,1,97.0,32.0,3.0,0,1.723652821981593,77
1,3,5,79.0,69.0,5.0,0,0.653554965532121,32
1,1,2,43.0,38.0,2.0,0,3.4128843843625365,10
1,1,4,67.0,30.0,3.0,0,1.5706167285314052,111
0,3,5,8.0,45.0,3.0,0,0.6411662851411379,18
1,3,5,87.0,42.0,5.0,0,2.0477306306175223,129
1,3,4,59.0,17.0,4.0,0,0.32167550023092,12
0,1,3,66.0,61.0,5.0,1,0.98749426607104,176
1,2,5,24.0,51.0,1.0,1,0.43570331035474735,84
1,1,2,60.0,8.0,2.0,1,0.3641160095811484,84
0,2,5,78.0,31.0,5.0,0,2.024325660621706,140
1,2,5,52.0,9.0,4.0,0,1.9759257367596164,156
0,3,5,1.0,26.0,2.0,0,0.6701881964815242,23
1,3,5,45.0,73.0,5.0,0,0.894811590705311,63
1,2,4,64.0,20.0,1.0,1,0.6701881964815242,99
0,1,2,47.0,45.0,4.0,0,3.699578558741209,19
0,3,3,48.0,21.0,3.0,0,0.6196336289268448,77
0,2,2,28.0,45.0,2.0,0,3.6833805139604197,25
0,2,2,43.0,34.0,2.0,0,1.8589008867805346,30
0,2,2,33.0,95.0,5.0,1,0.9762603833819,151
1,2,5,47.0,37.0,1.0,0,2.022953269835556,105
1,3,2,38.0,12.0,4.0,0,1.2535282520261963,114
1,3,3,91.0,57.0,2.0,0,1.6064103789182047,137
0,1,1,36.0,34.0,2.0,0,3.236660914000839,29
1,2,3,27.0,2.0,3.0,0,4.481392256941553,116
0,3,1,1.0,43.0,5.0,0,0.3350940982407621,13
1,2,4,17.0,43.0,4.0,0,1.130668867618238,57
0,3,2,14.0,30.0,2.0,1,1.2935664529714157,110
0,3,4,11.0,56.0,4.0,0,0.7998193199358958,21
1,3,2,73.0,60.0,5.0,0,1.1693647494054196,44
0,3,4,12.0,36.0,3.0,0,0.6935931664773405,10
0,3,4,40.0,62.0,5.0,0,1.1618754942793263,70
1,2,1,54.0,49.0,4.0,0,2.618682005771211,10
1,3,4,85.0,98.0,5.0,0,1.6878591715947937,133
0,3,5,11.0,17.0,3.0,0,0.6287776047501548,20
1,1,4,38.0,19.0,1.0,1,0.12963112345437156,98
1,2,5,58.0,79.0,5.0,0,1.4423579958631836,137
1,3,2,57.0,75.0,5.0,0,1.8240444410112717,151
1,3,5,31.0,24.0,2.0,0,1.2067183120345635,109
1,1,2,89.0,50.0,5.0,0,2.7946878830486015,152
1,3,4,71.0,45.0,3.0,0,1.3775424341359979,54
0,1,2,27.0,46.0,4.0,0,2.8513593149432244,30
0,1,1,31.0,40.0,2.0,0,4.511786559068089,43
1,2,4,75.0,79.0,3.0,0,2.2876148650045622,100
1,3,1,40.0,53.0,2.0,0,3.5179557401192487,26
1,3,3,89.0,34.0,5.0,1,1.45877363372828,146
1,2,4,8.0,15.0,2.0,1,0.7998193199358958,66
0,3,5,11.0,38.0,1.0,0,0.3350940982407621,19
1,3,4,31.0,29.0,4.0,0,0.8236817535270955,130
1,1,2,34.0,1.0,1.0,1,0.0,65
0,3,1,5.0,36.0,2.0,0,0.27027853651357636,9
1,3,1,50.0,40.0,2.0,0,2.4750722180553995,45
1,3,5,36.0,66.0,2.0,0,0.7003649055237537,67
0,3,5,1.0,30.0,1.0,0,0.6935931664773405,16
0,3,5,4.0,44.0,5.0,0,0.7998193199358958,19
0,3,5,13.0,28.0,5.0,0,0.7998193199358958,22
0,3,5,8.0,27.0,2.0,0,0.8232242899317121,18
1,1,2,75.0,51.0,5.0,0,2.9825804222680525,153
0,2,1,20.0,94.0,4.0,0,3.1230102422429504,87
0,3,5,3.0,15.0,4.0,0,0.6935931664773405,12
0,1,1,55.0,43.0,2.0,0,3.313647563034701,10
1,1,4,92.0,49.0,5.0,0,1.8228896433094284,136
1,3,1,66.0,75.0,3.0,0,1.8462946133052447,127
1,2,2,82.0,43.0,3.0,0,1.7290521702418564,80
0,2,1,86.0,70.0,5.0,0,3.1218554445411075,73
0,1,1,54.0,37.0,2.0,0,1.9347327381125536,21
1,1,4,65.0,55.0,4.0,0,0.9341099981440806,130
0,3,5,7.0,52.0,5.0,0,0.8232242899317121,4
0,1,2,28.0,49.0,4.0,0,3.145260414536924,13
0,1,5,58.0,11.0,3.0,0,1.9705263884993531,106
0,2,5,44.0,71.0,3.0,0,0.8458593947929663,79
1,1,5,82.0,20.0,5.0,0,2.5000671719216725,99
1,1,3,88.0,66.0,5.0,0,2.0889236292645847,146
0,2,5,2.0,55.0,3.0,0,0.46472522169513364,4
0,2,5,43.0,64.0,2.0,0,0.9238335020456974,165
1,1,2,20.0,39.0,4.0,0,2.934180498405963,25
0,1,5,44.0,34.0,4.0,0,0.46472522169513364,29
0,3,4,12.0,26.0,4.0,0,0.5115351616867663,17
1,3,4,90.0,29.0,3.0,0,1.8656726258269478,80
0,1,1,52.0,48.0,3.0,0,3.841598362586564,9
1,2,2,41.0,19.0,1.0,1,0.17644106344600424,77
1,2,2,29.0,33.0,1.0,0,3.5879530570223914,43
0,3,5,12.0,22.0,5.0,0,0.6701881964815242,19
0,3,5,61.0,65.0,5.0,1,1.6712259406453904,134
1,2,5,69.0,13.0,1.0,1,0.3641160095811484,98
1,3,3,78.0,71.0,5.0,0,1.6532203189098373,123
1,3,5,62.0,33.0,3.0,0,1.1887126902990104,109
0,1,2,55.0,45.0,2.0,0,1.9579201150240633,34
1,3,1,60.0,51.0,5.0,0,3.404740254529974,108
1,3,4,76.0,60.0,4.0,0,1.224578871713912,47
0,1,1,21.0,42.0,3.0,0,2.7303075074900294,30
1,2,4,20.0,64.0,1.0,0,1.0824865368404553,87
1,1,5,50.0,80.0,2.0,0,2.0821518902181717,109
0,1,3,58.0,15.0,5.0,0,1.9403496794571238,168
1,3,4,17.0,67.0,5.0,0,1.0130414919875683,53
0,3,4,61.0,9.0,3.0,0,1.1528465088841087,126
0,2,2,55.0,48.0,2.0,0,2.8997592388053137,14
0,3,2,62.0,30.0,2.0,1,0.705764253784017,168
1,3,4,73.0,37.0,4.0,0,1.2823325702822759,85
1,3,4,29.0,19.0,4.0,0,2.611692673640491,45
1,1,3,86.0,74.0,4.0,0,2.5000671719216725,136
0,1,1,49.0,20.0,5.0,0,2.301375936181695,132
1,1,2,8.0,24.0,3.0,1,0.3060721869003758,99
0,2,3,77.0,24.0,1.0,1,0.9046730826083011,119
0,2,1,58.0,38.0,1.0,0,2.95262130631013,20
1,3,4,85.0,67.0,5.0,0,1.8352783237004116,79
0,3,5,82.0,35.0,2.0,1,0.6233782564898915,111
1,2,5,48.0,39.0,4.0,0,1.6698535498592406,152
1,2,2,54.0,54.0,2.0,0,1.798329875611769,30
0,2,5,59.0,30.0,5.0,0,2.494450230577103,139
1,3,3,83.0,14.0,3.0,0,2.5293066763463656,9
1,2,5,59.0,74.0,4.0,0,1.565217380271142,107
1,2,5,68.0,3.0,2.0,1,0.8466292599275285,103
0,3,5,57.0,64.0,2.0,0,1.781479051578059,132
1,3,2,40.0,42.0,2.0,0,2.8517945011118377,8
0,2,2,47.0,53.0,2.0,0,3.760367162994282,44
1,2,4,76.0,28.0,3.0,0,1.4175806350812175,21
1,1,4,77.0,34.0,2.0,0,1.8766889154317812,126
1,3,5,68.0,55.0,1.0,0,2.1525843932899273,105
1,3,5,34.0,62.0,5.0,1,1.0343042060626726,147
1,3,2,84.0,46.0,5.0,0,0.7707974085955094,123
0,1,1,54.0,52.0,1.0,0,1.7058647933303468,35
1,3,4,9.0,49.0,4.0,0,0.48813019169095,10
1,3,2,73.0,56.0,4.0,0,0.8232242899317121,45
0,2,2,46.0,5.0,2.0,0,2.234970390584053,63
0,3,4,39.0,27.0,4.0,0,2.764728767090679,117
1,3,3,74.0,52.0,5.0,0,2.1593561323363404,102
1,3,5,64.0,55.0,3.0,0,2.035341950226539,38
1,3,1,53.0,75.0,3.0,0,1.2755608312358626,130
1,1,2,5.0,40.0,1.0,1,0.3641160095811484,82
1,2,5,64.0,25.0,1.0,0,1.7915581365653561,153
1,3,4,18.0,30.0,5.0,0,3.2400350922220325,108
1,2,2,70.0,50.0,4.0,0,1.200571376066508,80
0,2,1,23.0,41.0,1.0,0,2.730525100574336,27
0,3,3,69.0,4.0,1.0,1,1.0230703233735325,92
0,3,5,72.0,31.0,3.0,0,2.6531032653718607,128
1,3,2,59.0,76.0,4.0,0,2.4586565801903033,74
1,1,4,58.0,66.0,4.0,0,1.9180995071631504,161
1,3,1,65.0,65.0,1.0,0,0.792475126866007,85
1,2,3,36.0,16.0,2.0,1,0.48251325034638004,103
0,3,5,3.0,52.0,3.0,1,0.98749426607104,92
0,3,3,42.0,71.0,5.0,0,1.114150627096927,32
1,3,5,37.0,49.0,5.0,0,0.6411662851411379,78
1,3,3,95.0,47.0,1.0,0,1.7470577919774095,128
1,3,5,94.0,79.0,3.0,0,1.4533742854680167,119
1,2,2,26.0,0.0,3.0,1,0.9294504433902673,64
0,3,5,12.0,56.0,3.0,0,0.44671959995958055,8
0,2,2,35.0,36.0,2.0,0,2.6474863240272906,36
0,3,1,1.0,15.0,4.0,0,0.5763507234139521,6
1,1,5,17.0,64.0,5.0,0,0.32916475535701334,125
1,3,3,68.0,73.0,5.0,0,1.0948752172314382,101
1,3,4,90.0,90.0,4.0,0,1.8890775958227641,174
1,3,4,97.0,29.0,4.0,0,1.2893219024129956,111
0,3,4,2.0,57.0,2.0,0,0.6935931664773405,19
1,3,5,12.0,17.0,1.0,0,0.7115987882128937,16
1,3,5,99.0,44.0,3.0,0,2.0891412223488914,122
1,2,3,26.0,16.0,1.0,1,0.48251325034638004,80
0,3,5,35.0,92.0,1.0,1,1.047847684155499,100
1,2,1,71.0,6.0,1.0,0,0.7996742578796914,78
0,1,2,54.0,40.0,3.0,0,2.1455950611592076,22
0,3,5,10.0,9.0,2.0,0,0.6287776047501548,24
0,2,4,68.0,86.0,5.0,0,1.9772981275457662,148
0,3,1,64.0,14.0,1.0,0,1.412108755792852,148
1,3,4,90.0,27.0,5.0,0,1.788468383708779,72
1,2,2,47.0,0.0,1.0,1,0.48251325034638004,76
1,3,1,59.0,24.0,5.0,0,1.2409219785509062,110
0,1,2,53.0,53.0,2.0,0,2.129179423294111,4
1,3,1,68.0,42.0,5.0,0,2.2655822857948955,74
1,2,4,75.0,58.0,4.0,0,0.965316624805169,90
0,2,4,77.0,6.0,1.0,0,0.8880398516588979,175
1,3,4,90.0,21.0,5.0,0,2.370436048467301,122
0,3,2,56.0,84.0,4.0,0,4.486791605201816,45
0,2,3,72.0,88.0,5.0,0,1.3761700433498478,132
1,3,3,59.0,59.0,5.0,0,1.8699171763853681,92
0,2,5,6.0,24.0,2.0,0,0.73500375820871,14
1,2,1,35.0,83.0,1.0,0,0.7169981364731569,148
0,3,1,51.0,41.0,4.0,0,3.601714128199524,34
0,3,5,7.0,34.0,5.0,0,0.44671959995958055,12
1,1,5,58.0,39.0,1.0,0,1.059081566844639,67
0,2,1,6.0,9.0,2.0,0,0.5171521030313363,12
0,1,1,92.0,10.0,5.0,0,1.9939313584951694,161
1,3,5,77.0,41.0,3.0,0,1.523589195455466,127
0,1,2,38.0,35.0,2.0,0,2.5331160407361724,22
0,3,2,23.0,36.0,3.0,0,2.44065095845475,33
1,1,5,76.0,6.0,1.0,0,1.9180995071631504,179
0,3,1,33.0,41.0,3.0,0,2.122407684247698,19
0,1,3,66.0,51.0,2.0,0,1.927743405981834,117
1,3,3,26.0,5.0,2.0,1,0.12963112345437156,98
1,3,4,51.0,67.0,1.0,0,1.3415311906648917,88
1,3,4,52.0,56.0,5.0,0,1.3541374641401815,84
0,3,2,94.0,74.0,1.0,0,1.5132178909022105,85
1,1,5,88.0,59.0,5.0,0,2.1455950611592076,40
1,2,1,99.0,38.0,5.0,0,0.7059818468683237,184
0,2,2,59.0,64.0,2.0,0,2.8061393588220485,143
0,3,5,12.0,25.0,2.0,0,0.5405570730271527,17
0,2,1,38.0,35.0,1.0,0,3.553314204337435,34
0,1,1,44.0,92.0,2.0,0,3.9284465035234164,53
1,3,4,89.0,52.0,1.0,0,1.6410492316031609,98
1,1,3,28.0,36.0,2.0,1,0.49374713303552,82
1,3,4,80.0,36.0,5.0,0,1.7416584437171463,98
0,3,1,2.0,31.0,5.0,0,0.3999096599679479,12
1,2,4,37.0,1.0,3.0,0,1.2557854983750005,105
1,2,4,7.0,30.0,4.0,0,0.3350940982407621,5
1,3,2,80.0,81.0,4.0,0,1.4211377411880697,130
0,3,5,47.0,74.0,1.0,1,1.5415948171910188,147
1,1,5,26.0,10.0,2.0,1,0.5405570730271527,93
1,3,4,12.0,63.0,4.0,0,1.1540738376140542,108
0,2,2,45.0,38.0,2.0,0,4.106477550839877,33
1,1,3,71.0,73.0,4.0,0,1.7414408506328396,138
0,3,5,26.0,53.0,4.0,0,1.1216398822230202,134
0,3,5,13.0,52.0,3.0,0,0.5819676647585221,16
0,3,5,1.0,73.0,5.0,0,0.963486770423636,146
1,3,3,35.0,6.0,1.0,1,0.49374713303552,113
1,2,4,13.0,47.0,1.0,1,0.0,98
1,3,4,63.0,54.0,5.0,0,2.5592657923042883,146
0,3,4,1.0,31.0,5.0,0,0.5405570730271527,17
1,3,1,61.0,2.0,3.0,0,0.6121443738007516,47
1,3,5,89.0,4.0,4.0,0,0.8642074896958104,134
1,3,4,44.0,47.0,5.0,0,1.3109996206834933,146
1,1,5,26.0,61.0,4.0,0,0.965316624805169,116
1,1,4,42.0,1.0,3.0,1,0.6233782564898915,82
1,2,3,59.0,52.0,4.0,0,2.4476402905854697,121
1,2,5,40.0,54.0,5.0,0,3.816603408720291,126
1,1,3,71.0,67.0,3.0,0,1.7292697633261631,155
1,1,4,71.0,50.0,5.0,0,0.6481556172718578,107
0,1,1,28.0,46.0,2.0,0,2.4172459884589337,25
1,2,5,6.0,20.0,5.0,0,0.6467832264857079,2
1,3,4,48.0,19.0,1.0,1,0.7169981364731569,105
0,2,1,40.0,48.0,1.0,0,3.4873438449084055,35
1,3,5,72.0,51.0,3.0,0,1.7704627619732258,92
0,1,2,46.0,52.0,2.0,0,3.075045504549475,20
1,3,5,85.0,34.0,1.0,0,1.9649094471547832,58
0,2,4,94.0,96.0,2.0,0,3.5420803216482946,92
1,2,2,65.0,43.0,4.0,0,2.2241716940635263,129
1,3,5,6.0,8.0,2.0,0,0.6467832264857079,20
0,2,5,13.0,14.0,2.0,0,0.7115987882128937,18
0,3,1,41.0,45.0,4.0,0,2.2876148650045622,33
1,1,4,53.0,49.0,5.0,0,1.3581644216142947,140
0,2,1,41.0,46.0,2.0,0,2.883343600940217,14
1,3,2,44.0,37.0,2.0,0,3.6982061679550595,109
0,3,4,59.0,10.0,5.0,0,1.9939313584951694,191
1,2,5,70.0,44.0,4.0,0,1.1941120385592736,87
1,2,3,37.0,17.0,1.0,1,0.5405570730271527,83
1,3,1,67.0,21.0,4.0,0,1.9525207667638,102
1,3,4,2.0,57.0,4.0,0,0.6701881964815242,12
0,2,4,65.0,81.0,2.0,0,1.7124189392924531,158
1,3,4,52.0,41.0,5.0,0,2.45325723193004,98
1,1,2,46.0,30.0,2.0,1,0.6701881964815242,71
1,1,3,0.0,90.0,4.0,0,0.5005188720819331,184
0,3,5,25.0,94.0,5.0,0,3.128409590503214,92
1,1,5,46.0,59.0,1.0,1,0.5405570730271527,63
1,2,2,95.0,36.0,3.0,0,1.789840774494929,127
1,1,3,60.0,11.0,1.0,1,0.6701881964815242,111
0,3,4,1.0,18.0,2.0,0,0.5171521030313363,11
0,3,5,54.0,87.0,5.0,1,1.4367410545186137,134
1,2,5,94.0,73.0,4.0,0,1.6174266685230378,132
1,2,1,39.0,32.0,3.0,0,3.0336349128181053,29
0,3,5,3.0,32.0,3.0,0,0.6467832264857079,16
0,2,2,86.0,46.0,4.0,0,1.5469941654512822,139
1,3,5,75.0,46.0,5.0,0,1.4934124864132363,102
1,2,4,78.0,73.0,4.0,0,1.623043609867608,158
1,3,2,60.0,63.0,5.0,0,2.188378043676727,121
1,3,3,85.0,42.0,3.0,0,2.2531936054039123,125
0,2,2,56.0,49.0,2.0,0,4.4359547077360695,11
1,3,3,76.0,42.0,3.0,0,1.9124825658185807,91
1,2,1,55.0,31.0,2.0,0,4.275929282155161,32
0,2,4,19.0,96.0,5.0,0,2.6821251767122467,117
1,3,1,80.0,34.0,3.0,0,0.5257236248311705,84
0,2,3,36.0,9.0,3.0,0,3.563175696240425,86
0,3,3,81.0,44.0,1.0,1,1.6244160006537578,83
0,2,4,11.0,32.0,3.0,0,1.6352146971742842,71
1,3,2,65.0,63.0,5.0,0,1.6766252889056537,114
1,1,4,59.0,21.0,1.0,0,0.878895875835588,98
1,1,2,54.0,66.0,1.0,1,0.12963112345437156,115
0,3,1,13.0,54.0,2.0,0,0.6935931664773405,21
1,1,2,13.0,2.0,3.0,1,0.49374713303552,68
1,1,4,13.0,14.0,3.0,1,0.2592622469087431,82
0,2,5,65.0,86.0,1.0,0,1.6520655212079944,151
1,3,3,26.0,91.0,1.0,0,1.880933465990201,41
0,2,5,7.0,39.0,4.0,0,0.8880398516588979,11
1,2,2,74.0,73.0,5.0,0,2.0877688315627414,28
1,3,1,84.0,23.0,5.0,0,1.1933722450528237,96
0,3,2,45.0,49.0,3.0,0,2.8693649366787772,19
1,3,1,73.0,34.0,4.0,0,1.6408316385188542,130
1,2,3,97.0,89.0,5.0,0,2.6292631092074306,75
1,2,5,4.0,74.0,3.0,0,1.229905688946073,99
1,3,1,55.0,33.0,4.0,0,2.3388869486389217,52
1,2,5,52.0,62.0,1.0,0,0.8089933673873179,185
0,3,2,22.0,68.0,4.0,0,0.9890339963401642,85
1,3,4,80.0,20.0,4.0,0,0.6673584961092441,147
1,1,2,97.0,35.0,4.0,0,2.229788635408096,110
0,2,1,38.0,53.0,2.0,0,3.6763911818297,7
1,2,3,51.0,7.0,2.0,1,0.3528821268920085,82
0,3,4,23.0,46.0,1.0,1,0.7169981364731569,104
1,1,5,38.0,25.0,4.0,0,1.2535282520261963,134
1,2,5,13.0,29.0,1.0,0,1.3937404789167875,129
1,1,5,73.0,20.0,3.0,0,2.476662201925856,104
0,3,5,70.0,89.0,1.0,1,1.3291425102739085,164
0,2,2,24.0,40.0,1.0,0,2.741541390179169,29
1,3,1,87.0,26.0,2.0,0,2.629698295376044,71
0,3,1,58.0,45.0,2.0,0,3.8580140004516608,15
1,3,1,89.0,47.0,1.0,1,0.2592622469087431,178
0,2,4,5.0,23.0,3.0,0,0.46472522169513364,5
1,1,2,13.0,52.0,1.0,1,0.5185244938174862,74
1,3,2,59.0,32.0,4.0,0,4.025028758163288,22
0,3,3,79.0,70.0,1.0,1,0.8353953772383885,168
1,1,5,66.0,50.0,5.0,0,0.4945169981700821,87
1,2,5,17.0,71.0,3.0,0,0.45370893209030044,35
0,1,2,55.0,48.0,2.0,0,4.417949086000516,15
0,3,1,10.0,10.0,5.0,0,0.46472522169513364,18
0,2,1,37.0,36.0,2.0,0,3.7945708295106244,37
1,1,4,60.0,71.0,3.0,0,1.6810874325483804,95
1,3,4,86.0,47.0,5.0,0,1.22313394989966,62
0,2,4,39.0,49.0,3.0,0,3.3109027814624015,86
0,3,2,89.0,91.0,1.0,1,1.318343813753382,151
1,3,4,28.0,12.0,1.0,1,0.8466292599275285,91
1,2,4,61.0,56.0,3.0,0,1.22313394989966,89
0,3,5,15.0,7.0,3.0,1,1.2715338737617494,94
1,3,1,10.0,53.0,3.0,0,0.3350940982407621,21
0,1,1,45.0,35.0,3.0,0,4.653806362913443,36
0,2,3,60.0,37.0,4.0,0,2.541477763653042,134
1,1,5,83.0,68.0,1.0,0,1.130668867618238,24
1,3,5,78.0,59.0,2.0,0,1.2589276002864596,141
1,2,5,65.0,33.0,1.0,0,1.381786984694418,184
1,3,5,31.0,51.0,2.0,1,0.7777867407262293,178
1,1,4,35.0,67.0,5.0,0,1.21888939934124,61
1,3,4,3.0,97.0,3.0,0,1.7180358806370233,63
1,2,5,44.0,52.0,2.0,0,2.552711646342182,121
0,3,4,19.0,49.0,3.0,1,1.2823325702822759,77
1,3,1,93.0,77.0,3.0,0,1.5181898471952027,151
0,3,4,89.0,95.0,3.0,0,1.95951009889452,118
0,3,4,62.0,7.0,2.0,1,1.4339962729463138,86
1,3,5,74.0,72.0,4.0,0,2.3470310784714847,86
1,2,5,7.0,48.0,5.0,0,0.42331462996376423,8
0,2,3,86.0,74.0,5.0,0,2.0875512384784347,112
1,3,5,13.0,35.0,1.0,0,0.3350940982407621,19
0,2,5,84.0,41.0,5.0,0,1.47000751641742,157
0,3,1,78.0,70.0,3.0,0,1.9592925058102133,166
0,3,2,21.0,51.0,1.0,0,3.924419546049303,30
1,3,5,83.0,83.0,5.0,0,2.759329418830416,139
1,2,5,51.0,43.0,5.0,0,2.2047936815418234,150
1,3,5,2.0,72.0,5.0,0,0.7169981364731569,95
0,2,3,6.0,9.0,2.0,1,0.3060721869003758,96
0,3,5,31.0,88.0,2.0,1,0.7998193199358958,147
0,2,3,86.0,63.0,1.0,0,2.6575654090145875,79
1,3,3,50.0,59.0,5.0,0,2.4062296988541005,131
0,3,5,22.0,15.0,5.0,0,1.4195980109189452,83
0,1,2,95.0,55.0,1.0,0,2.7282823374509593,183
0,3,5,49.0,48.0,5.0,1,2.035341950226539,177
0,3,4,6.0,52.0,4.0,0,0.7584087282045263,24
1,3,5,3.0,43.0,5.0,0,0.5295407834223195,7
1,3,5,96.0,74.0,3.0,0,3.8872535048763543,83
0,2,1,29.0,42.0,1.0,0,2.286460067302719,21
0,2,4,39.0,1.0,5.0,0,4.387554783873981,118
1,3,2,82.0,20.0,2.0,0,1.8352783237004116,129
0,3,1,63.0,45.0,2.0,0,0.7059818468683237,102
1,3,5,71.0,34.0,4.0,0,1.2479113106816264,91
0,1,4,70.0,9.0,1.0,0,2.0709180075290314,105
1,3,5,10.0,14.0,4.0,0,0.7998193199358958,19
1,1,5,81.0,48.0,3.0,0,0.5295407834223195,121
0,2,5,4.0,48.0,3.0,0,0.6935931664773405,8
0,2,1,55.0,49.0,2.0,0,3.5231374952952055,10
0,3,4,32.0,46.0,1.0,0,3.215475324524373,106
0,1,3,10.0,58.0,1.0,0,4.028838122553095,85
0,2,1,46.0,29.0,3.0,0,1.3415311906648917,120
1,2,4,37.0,61.0,2.0,0,3.875802029102907,143
1,1,1,14.0,33.0,3.0,0,0.32916475535701334,74
1,1,4,22.0,89.0,3.0,0,1.7886859767930856,125
1,2,2,23.0,26.0,1.0,1,0.2592622469087431,67
0,1,2,34.0,43.0,2.0,0,4.612395771182074,8
1,1,2,26.0,51.0,3.0,1,0.6233782564898915,70
1,1,4,82.0,35.0,1.0,0,1.9052756406035538,173
0,2,5,13.0,30.0,2.0,0,0.6177613151453216,8
1,1,1,4.0,21.0,4.0,0,0.7684676312186028,49
0,2,4,64.0,22.0,5.0,0,2.101312309655568,168
1,3,4,42.0,5.0,1.0,1,0.48251325034638004,80
1,2,2,88.0,27.0,1.0,0,1.5004018185439563,159
1,3,4,98.0,58.0,4.0,0,1.8766889154317812,109
1,3,3,58.0,38.0,5.0,0,0.9474560651258205,158
1,2,1,76.0,77.0,5.0,0,1.9896868079367493,114
0,1,2,58.0,47.0,1.0,0,3.975256443515049,18
0,1,5,45.0,20.0,2.0,1,1.4367410545186137,185
1,3,4,9.0,53.0,4.0,0,0.5295407834223195,15
0,2,3,89.0,51.0,4.0,0,0.6177613151453216,75
0,2,1,64.0,86.0,5.0,0,1.864300235040798,166
1,3,2,72.0,23.0,5.0,0,2.2183371596346495,110
1,3,5,12.0,49.0,4.0,0,0.7115987882128937,16
0,1,4,99.0,70.0,1.0,0,1.0948752172314382,115
0,1,2,25.0,42.0,1.0,0,3.3950963557112903,16
1,3,5,57.0,54.0,5.0,0,1.6990930542839338,67
1,3,2,6.0,69.0,4.0,0,1.3422062473445815,97
1,3,4,77.0,43.0,3.0,0,1.6878591715947937,91
1,1,1,23.0,44.0,3.0,0,3.0075753761343256,33
0,2,1,7.0,8.0,2.0,0,0.8232242899317121,19
0,3,5,7.0,31.0,1.0,0,0.73500375820871,13
1,3,3,18.0,78.0,2.0,0,1.2065007189502568,68
1,2,5,5.0,29.0,1.0,0,0.6287776047501548,9
1,3,3,58.0,25.0,4.0,0,1.8519115546498148,96
1,3,1,69.0,55.0,5.0,0,2.377207787513714,96
0,2,4,10.0,45.0,5.0,0,0.7584087282045263,23
1,1,5,78.0,73.0,5.0,0,1.3939580720010942,94
1,3,5,8.0,47.0,1.0,0,0.44671959995958055,19
1,1,5,17.0,55.0,4.0,0,0.878895875835588,111
1,3,1,12.0,54.0,3.0,0,0.5295407834223195,18
1,2,5,45.0,78.0,1.0,0,1.3707706950895846,94
0,3,5,26.0,39.0,2.0,0,2.999213653217456,120
1,2,2,26.0,39.0,1.0,0,3.965612544696366,39
0,3,5,3.0,33.0,4.0,0,0.44671959995958055,24
0,1,2,34.0,44.0,3.0,0,3.647151677405007,8
1,2,1,83.0,64.0,5.0,0,2.141568103685094,128
0,3,4,12.0,55.0,5.0,0,0.27027853651357636,18
0,2,3,81.0,5.0,2.0,1,1.2242887476015032,90
1,2,1,36.0,33.0,2.0,0,3.3012588826437184,15
0,2,4,11.0,29.0,3.0,0,0.3999096599679479,17
1,3,4,65.0,65.0,1.0,0,0.5809377471396632,98
0,3,4,82.0,48.0,2.0,0,0.9058278803101443,113
0,3,5,45.0,53.0,5.0,1,1.1774788076098703,125
0,2,5,77.0,39.0,3.0,0,2.2241716940635263,73
1,3,5,61.0,70.0,5.0,0,1.9302705944698269,125
0,3,5,4.0,38.0,3.0,0,0.48813019169095,14
1,1,2,69.0,53.0,5.0,0,3.834609030455844,114
1,2,2,24.0,53.0,1.0,0,3.005985392263869,27
1,1,5,60.0,61.0,4.0,0,1.1873402995128606,112
0,2,3,50.0,8.0,1.0,1,1.5060187598885262,104
0,1,2,50.0,39.0,4.0,0,2.8045493749515917,39
1,3,3,70.0,31.0,3.0,0,2.541477763653042,123
1,3,4,54.0,20.0,2.0,0,0.9348497916505305,164
1,3,1,82.0,79.0,5.0,0,2.2531936054039123,111
0,1,2,46.0,53.0,3.0,0,3.316302129722665,15
1,3,1,66.0,69.0,1.0,0,2.4130014379005136,144
0,2,2,56.0,31.0,2.0,0,2.3510580359455977,14
1,1,2,48.0,10.0,3.0,1,0.3641160095811484,83
1,1,2,13.0,13.0,1.0,1,1.059081566844639,77
0,2,2,23.0,33.0,3.0,0,2.7883513301708023,146
0,1,2,23.0,44.0,2.0,0,3.771165859514808,40
0,3,1,51.0,50.0,5.0,0,4.263540601764179,108
1,2,2,12.0,78.0,1.0,0,2.3166367763449482,21
1,2,3,48.0,13.0,2.0,0,2.997623669346999,39
0,3,2,40.0,30.0,3.0,0,3.0982328814609845,32
1,3,1,76.0,23.0,5.0,0,1.7650634137129626,115
0,1,1,90.0,17.0,5.0,0,2.6474863240272906,161
1,1,1,75.0,86.0,3.0,0,2.771282913052785,16
0,1,2,55.0,47.0,2.0,0,3.1538397305381003,12
0,3,3,63.0,64.0,1.0,0,1.1004921585760084,58
1,2,5,91.0,6.0,3.0,0,1.1182801872272548,86
1,3,3,31.0,3.0,1.0,1,0.6701881964815242,69
0,3,3,42.0,19.0,5.0,0,1.5179722541108958,167
1,3,5,62.0,53.0,5.0,0,1.5762336698759754,145
0,3,2,34.0,53.0,3.0,0,2.240587331928623,12
1,1,1,54.0,49.0,2.0,0,4.664822652518276,20
1,2,2,49.0,37.0,5.0,0,1.114150627096927,65
1,2,5,58.0,68.0,3.0,0,2.546877111913305,109
1,2,1,22.0,42.0,4.0,0,0.9890339963401642,75
1,2,3,58.0,32.0,5.0,0,1.534605485060299,113
0,3,4,13.0,25.0,4.0,0,0.42331462996376423,9
1,3,2,69.0,28.0,4.0,0,2.029725008881969,90
1,2,3,61.0,13.0,5.0,0,2.0767525419579083,142
1,2,5,72.0,41.0,2.0,0,0.4080962492005011,99
0,2,1,30.0,82.0,3.0,0,2.4055769196011805,85
1,3,5,4.0,15.0,4.0,0,0.6701881964815242,20
1,1,3,49.0,17.0,2.0,1,0.6701881964815242,111
0,3,3,32.0,14.0,5.0,0,2.359202165778161,46
1,1,4,0.0,74.0,5.0,0,1.0824865368404553,45
1,3,4,81.0,38.0,5.0,0,1.794085325053349,63
1,3,1,62.0,45.0,1.0,0,2.1773617540718933,91
1,2,1,84.0,6.0,5.0,0,0.4321037448479052,106
1,3,5,78.0,53.0,5.0,0,1.558228048140422,103
1,1,2,30.0,56.0,2.0,1,0.12963112345437156,89
1,2,2,27.0,12.0,1.0,1,0.43570331035474735,74
1,2,3,27.0,14.0,1.0,1,0.6701881964815242,88
1,3,5,2.0,25.0,2.0,0,0.3999096599679479,14
1,2,2,46.0,52.0,4.0,0,2.2684544455671656,115
0,2,1,62.0,36.0,1.0,0,3.391916387970377,20
1,3,5,58.0,24.0,2.0,0,0.7129711789990436,57
0,2,5,78.0,64.0,5.0,0,2.712301885754476,105
1,3,4,36.0,9.0,3.0,0,1.0768695954958853,95
1,3,4,91.0,58.0,3.0,0,2.2588105467484825,134
1,3,1,91.0,23.0,1.0,0,1.6532203189098373,65
0,3,5,1.0,11.0,4.0,0,0.8232242899317121,6
0,3,5,7.0,27.0,5.0,0,0.4523365413041506,13
0,1,1,60.0,9.0,5.0,0,4.18770875043216,136
1,1,5,9.0,86.0,5.0,0,1.8105009629184456,70
1,3,4,52.0,78.0,3.0,0,1.8586832936962279,96
0,1,5,76.0,45.0,3.0,0,1.7304245610280065,136
1,1,2,48.0,43.0,2.0,0,2.91754726745656,34
1,3,1,52.0,71.0,4.0,0,1.5181898471952027,141
0,3,1,39.0,87.0,5.0,1,1.8476670040913947,154
1,2,5,5.0,56.0,3.0,0,0.3999096599679479,17
0,3,5,54.0,49.0,3.0,0,2.282215516744299,147
0,3,5,84.0,97.0,5.0,0,2.43640640789633,129
0,1,2,25.0,49.0,3.0,0,2.1582013346344975,23
1,3,5,60.0,68.0,2.0,0,1.6464485798634243,67
1,2,1,47.0,50.0,4.0,0,2.2227993032773763,171
1,3,1,78.0,46.0,4.0,0,1.8285065846539985,135
0,1,1,37.0,30.0,2.0,0,3.321701477982928,11
0,3,5,4.0,28.0,3.0,0,0.6287776047501548,15
1,3,2,52.0,48.0,2.0,0,2.651513281501404,82
1,2,2,98.0,38.0,2.0,0,1.4767792554638333,87
0,3,2,55.0,42.0,1.0,1,0.43570331035474735,88
1,1,5,87.0,2.0,5.0,0,3.376437954722817,62
0,3,5,5.0,34.0,5.0,0,0.7059818468683237,14
1,1,2,89.0,44.0,2.0,0,1.3939580720010942,111
1,3,1,10.0,17.0,3.0,0,0.5115351616867663,18
0,2,1,12.0,54.0,3.0,0,0.7584087282045263,16
0,2,5,44.0,70.0,5.0,0,1.6422040293050042,177
0,2,1,68.0,92.0,5.0,0,3.0069225968814055,42
0,2,4,41.0,62.0,4.0,0,1.4285969246860506,168
1,2,5,29.0,65.0,2.0,0,0.8714066207094947,68
1,3,2,61.0,25.0,4.0,0,1.9057108267721672,58
1,1,5,54.0,85.0,5.0,0,0.5956261332794407,123
0,2,5,6.0,12.0,5.0,0,0.7115987882128937,7
0,3,1,2.0,50.0,4.0,0,0.7584087282045263,7
1,2,5,70.0,42.0,5.0,0,2.6531032653718607,143
1,3,2,67.0,11.0,1.0,0,1.635432290258591,139
1,3,4,42.0,81.0,1.0,0,2.959175452272236,173
1,3,2,17.0,50.0,1.0,0,3.1562767041417574,98
0,3,4,12.0,29.0,5.0,0,0.6701881964815242,8
1,1,5,85.0,15.0,5.0,0,0.9238335020456974,124
1,1,1,0.0,73.0,1.0,0,0.9101025024966765,152
1,3,4,86.0,32.0,4.0,0,1.4423579958631836,138
0,1,4,82.0,18.0,3.0,0,2.7935330853467586,87
0,3,5,83.0,22.0,5.0,0,2.035341950226539,160
0,1,5,32.0,36.0,4.0,0,2.164755480596604,87
0,3,5,12.0,19.0,5.0,0,0.6935931664773405,17
0,1,1,34.0,84.0,2.0,0,2.3533676313492844,131
0,2,4,54.0,54.0,2.0,0,3.651396227963427,138
1,3,1,24.0,44.0,2.0,0,3.9658301377806726,37
1,3,2,70.0,54.0,5.0,0,2.282215516744299,79
1,3,5,69.0,59.0,5.0,0,1.629815348914021,163
0,2,1,7.0,18.0,3.0,0,0.8232242899317121,17
1,1,1,86.0,47.0,4.0,0,2.0173363284909858,87
0,1,1,57.0,99.0,5.0,0,3.1036322297212475,66
1,3,3,67.0,24.0,1.0,1,0.7169981364731569,80
0,1,5,76.0,50.0,5.0,0,2.270981634055159,168
1,2,4,48.0,42.0,5.0,0,1.3541374641401815,149
0,3,4,73.0,58.0,5.0,0,2.017118735406679,137
0,3,3,42.0,62.0,1.0,0,1.2779631396408715,113
1,3,5,5.0,46.0,3.0,0,0.5819676647585221,18
1,3,5,89.0,68.0,3.0,0,1.5361954689307558,137
1,2,5,60.0,26.0,3.0,0,2.1525843932899273,66
1,1,4,68.0,24.0,2.0,0,0.5257236248311705,65
1,3,2,51.0,29.0,5.0,0,1.300338192017829,183
1,3,4,42.0,4.0,4.0,0,0.41558550432659436,135
1,1,2,2.0,6.0,1.0,0,0.4080962492005011,133
1,2,5,99.0,47.0,5.0,0,2.0063200388861526,121
1,3,3,45.0,2.0,1.0,1,0.49374713303552,77
0,2,5,12.0,35.0,5.0,0,1.584950253732014,132
1,1,2,87.0,65.0,4.0,0,0.5644195066183523,157
1,3,5,41.0,42.0,4.0,0,0.34568299587832413,107
0,3,5,13.0,38.0,2.0,0,0.5405570730271527,12
1,3,5,70.0,44.0,4.0,0,1.3057375402780922,118
1,1,2,58.0,39.0,1.0,1,0.8466292599275285,149
1,2,5,58.0,85.0,4.0,0,2.4834339409722697,169
1,1,1,74.0,33.0,4.0,0,0.705764253784017,68
0,3,2,55.0,94.0,2.0,1,1.7760797033177957,157
1,3,4,86.0,46.0,4.0,0,2.958020654570393,44
1,2,3,61.0,35.0,5.0,0,1.3831593754805678,153
1,2,1,82.0,24.0,1.0,0,1.9415044771589667,117
1,2,4,41.0,37.0,4.0,0,0.41558550432659436,128
1,3,2,62.0,32.0,1.0,0,2.2173999550171133,136
1,1,3,61.0,6.0,2.0,1,0.3528821268920085,108
1,1,2,67.0,34.0,5.0,0,1.71126414159061,138
1,3,2,97.0,22.0,3.0,0,2.717918827099046,124
0,2,5,3.0,53.0,4.0,0,0.8880398516588979,10
1,3,2,88.0,30.0,3.0,0,1.6464485798634243,126
1,1,3,10.0,59.0,4.0,0,0.6508402555879333,119
1,3,2,24.0,39.0,2.0,0,3.569947435286838,31
1,2,1,63.0,71.0,3.0,0,1.7470577919774095,88
0,3,1,45.0,51.0,1.0,0,2.7429137809653192,12
0,3,4,4.0,52.0,3.0,0,0.6701881964815242,16
1,2,4,60.0,72.0,3.0,0,0.3350940982407621,131
1,2,5,51.0,61.0,5.0,0,1.1349134181766578,64
1,3,2,96.0,77.0,4.0,0,1.4243523741276305,120
1,2,5,50.0,29.0,5.0,0,2.111173801558558,169
1,3,5,62.0,43.0,2.0,0,2.135951162340524,111
1,3,4,71.0,42.0,3.0,0,1.22313394989966,165
0,2,1,27.0,85.0,3.0,0,3.0703657678224414,97
1,3,5,65.0,70.0,1.0,0,0.7998193199358958,74
0,3,2,30.0,47.0,3.0,0,4.247124963899082,19
1,2,4,24.0,21.0,3.0,0,0.8894122424450479,25
0,3,3,82.0,5.0,4.0,0,2.9686017580066126,124
0,3,5,58.0,14.0,5.0,0,1.8987214946414475,141
0,2,5,13.0,33.0,4.0,0,0.5295407834223195,14
0,2,1,62.0,15.0,5.0,0,1.4119636937366473,176
0,3,4,75.0,22.0,5.0,0,0.7777867407262294,91
1,1,1,44.0,49.0,2.0,0,3.229236395701506,11
0,3,5,8.0,32.0,1.0,0,0.3350940982407621,9
0,2,2,80.0,38.0,3.0,0,2.0601193110085054,149
0,2,5,11.0,46.0,3.0,0,0.7115987882128937,8
1,2,1,27.0,43.0,2.0,0,1.7166634898508732,23
1,2,1,92.0,70.0,2.0,0,1.5773884675778183,107
1,3,4,94.0,74.0,3.0,0,1.4466025464216037,73
0,3,4,4.0,34.0,4.0,0,0.48813019169095,16
0,2,2,38.0,45.0,2.0,0,3.2568859162557424,13
0,3,1,21.0,52.0,3.0,0,1.545839367749439,22
1,3,1,51.0,26.0,1.0,0,1.311354481622662,139
1,3,3,69.0,9.0,5.0,0,2.6816899905436333,152
0,3,5,7.0,12.0,2.0,0,0.44671959995958055,20
1,1,3,51.0,15.0,1.0,1,0.12963112345437156,109
0,1,1,44.0,34.0,2.0,0,2.2873972719202555,42
1,1,1,12.0,49.0,2.0,0,0.7849858717399135,95
0,2,2,65.0,70.0,2.0,1,0.9294504433902673,178
1,3,5,70.0,24.0,4.0,0,0.4080962492005011,77
0,3,5,3.0,55.0,2.0,0,0.27027853651357636,20
1,2,5,84.0,80.0,3.0,0,1.3347169922184883,62
0,2,1,20.0,48.0,2.0,0,4.079892613103148,35
0,2,2,40.0,38.0,2.0,0,3.6363529808844803,13
1,3,5,78.0,74.0,3.0,0,1.21751700855509,102
1,2,3,61.0,17.0,1.0,1,0.3641160095811484,76
1,2,5,90.0,86.0,5.0,0,1.1704894754791506,192
1,3,4,75.0,53.0,5.0,0,1.9759257367596164,89
0,3,5,92.0,73.0,2.0,0,4.144708174830334,26
0,1,5,44.0,37.0,2.0,1,0.7417754972551232,146
0,1,2,41.0,50.0,3.0,0,3.1866710062682935,31
1,2,5,63.0,11.0,1.0,1,0.3060721869003758,91
1,2,4,66.0,50.0,4.0,0,1.5305785275861856,125
0,1,2,46.0,28.0,4.0,0,2.3154819786431053,168
1,1,2,82.0,61.0,5.0,0,0.24687356651776,165
0,3,2,57.0,41.0,2.0,0,1.9869420263644497,24
0,3,5,24.0,21.0,3.0,0,2.5056841132662426,139
1,1,4,7.0,56.0,4.0,0,2.499631985753059,60
1,2,5,46.0,74.0,4.0,0,2.370436048467301,105
0,3,1,10.0,12.0,3.0,0,0.27027853651357636,7
1,3,5,88.0,23.0,2.0,0,1.6768428819899603,95
0,3,5,13.0,14.0,3.0,0,0.3999096599679479,9
1,2,5,55.0,96.0,5.0,0,1.6934761129393636,141
0,2,1,7.0,9.0,2.0,0,0.5529457534181358,12
1,2,3,63.0,17.0,1.0,0,0.5529457534181358,80
1,3,3,68.0,36.0,4.0,0,1.370553102005278,145
1,2,2,87.0,57.0,5.0,0,2.029725008881969,149
0,2,5,11.0,32.0,5.0,0,0.8880398516588979,17
1,2,1,99.0,31.0,2.0,0,4.4577696938614295,66
1,3,5,74.0,63.0,3.0,0,2.2655822857948955,105
0,1,2,50.0,30.0,3.0,0,2.258592953664176,19
0,3,5,41.0,45.0,5.0,0,2.41818319307647,127
1,3,2,38.0,26.0,3.0,0,1.2177346016393968,110
1,2,1,5.0,46.0,4.0,0,2.5230369557488754,107
0,2,3,70.0,49.0,5.0,0,1.2465389198954764,158
0,3,5,12.0,18.0,1.0,0,0.5819676647585221,13
1,3,3,42.0,12.0,3.0,0,2.8993240526367003,112
1,1,5,58.0,72.0,4.0,0,1.553983497582002,150
0,1,1,23.0,42.0,2.0,0,3.123227835327257,28
1,1,5,37.0,69.0,1.0,0,0.5020062532961754,71
1,3,5,58.0,52.0,4.0,0,2.123562481949541,156
1,3,5,90.0,35.0,2.0,0,1.8476670040913947,80
1,1,2,35.0,18.0,1.0,1,0.7530093799442631,69
1,3,2,5.0,59.0,2.0,1,0.6949655572634905,97
0,2,1,29.0,44.0,1.0,0,2.887805744582944,31
1,1,1,23.0,62.0,4.0,0,2.68752452497251,126
0,3,4,76.0,68.0,2.0,1,2.211783013672543,100
0,2,4,75.0,86.0,3.0,0,1.370553102005278,154
1,2,1,28.0,33.0,2.0,0,3.1758723097477666,34
1,2,5,76.0,53.0,5.0,0,1.2067183120345635,99
1,3,2,89.0,46.0,5.0,0,1.224578871713912,110
1,3,5,13.0,42.0,4.0,0,0.6177613151453216,5
1,3,5,58.0,34.0,3.0,0,1.1941120385592736,149
1,3,5,28.0,0.0,2.0,1,0.49374713303552,117
0,3,5,45.0,33.0,2.0,0,2.0823694833024784,149
0,1,3,3.0,10.0,2.0,0,3.45694954278187,77
1,3,5,44.0,8.0,5.0,0,2.269609243269009,119
1,2,3,63.0,21.0,5.0,0,1.9592925058102133,165
0,3,2,91.0,12.0,3.0,0,1.6921037221532138,115
1,3,2,25.0,91.0,3.0,0,0.12963112345437156,189
0,1,5,53.0,14.0,5.0,0,3.5575587548958545,58
1,2,1,89.0,54.0,1.0,0,2.0409588915711088,182
0,2,2,89.0,15.0,1.0,0,2.3980855690215375,84
1,3,5,8.0,37.0,5.0,0,0.5295407834223195,13
0,3,5,1.0,54.0,4.0,0,0.73500375820871,11
1,3,4,74.0,51.0,5.0,0,0.9294504433902673,109
1,1,2,73.0,35.0,1.0,0,0.6913659917566483,73
1,3,5,28.0,20.0,1.0,1,0.48251325034638004,108
0,2,2,71.0,96.0,5.0,0,1.9538931575499499,142
1,2,5,7.0,49.0,5.0,0,0.35849906823657846,15
1,3,5,52.0,56.0,4.0,0,0.235254751261339,103
0,1,4,88.0,5.0,2.0,0,2.1703724219411735,135
1,1,4,62.0,49.0,5.0,0,0.7640256695490963,84
1,1,1,42.0,57.0,1.0,0,2.094540570609155,136
0,3,4,6.0,46.0,2.0,0,0.35849906823657846,11
1,3,5,78.0,88.0,4.0,0,0.32916475535701334,34
1,2,5,55.0,43.0,5.0,0,2.276598575399729,167
0,3,5,5.0,19.0,1.0,0,0.6177613151453216,17
1,3,4,5.0,27.0,1.0,0,0.48813019169095,7
1,3,3,75.0,60.0,3.0,0,2.0049476481000026,116
1,3,1,56.0,39.0,5.0,0,2.0063200388861526,125
0,3,5,10.0,25.0,2.0,0,0.5819676647585221,11
1,1,1,17.0,62.0,2.0,0,0.9341099981440806,27
1,3,5,64.0,67.0,3.0,0,0.6357669368808747,75
0,2,1,38.0,35.0,2.0,0,3.43089000609809,31
1,3,2,38.0,39.0,4.0,0,0.7612685002049185,21
0,2,2,46.0,9.0,5.0,0,1.6658265923851272,144
1,2,4,17.0,60.0,2.0,0,0.830213622062432,80
1,3,5,85.0,55.0,5.0,0,1.7774520941039458,126
0,3,5,9.0,53.0,3.0,0,0.5529457534181358,21
0,2,1,45.0,45.0,2.0,0,3.15945667188267,37
0,3,5,11.0,8.0,2.0,0,0.42331462996376423,24
0,3,5,7.0,60.0,5.0,0,0.470509502522678,89
1,2,1,86.0,43.0,5.0,0,1.2589276002864596,84
0,2,5,85.0,91.0,3.0,0,2.3758353967275645,152
1,1,5,87.0,45.0,4.0,0,2.105556860213988,99
0,2,2,42.0,54.0,4.0,0,2.517855200572919,28
1,3,1,63.0,37.0,4.0,0,1.6478209706495741,125
0,2,4,7.0,3.0,1.0,0,3.8233751477667046,48
0,2,1,2.0,21.0,2.0,0,0.46472522169513364,9
1,2,5,71.0,47.0,1.0,0,2.717918827099046,126
0,3,2,50.0,36.0,2.0,0,3.0831896343820375,37
0,1,1,44.0,60.0,1.0,1,1.9525207667638,172
0,2,2,25.0,38.0,2.0,0,3.4776999460897224,40
0,2,3,78.0,45.0,5.0,0,2.8709549205492344,122
0,2,4,93.0,36.0,1.0,0,2.7219457845731596,79
0,2,2,27.0,38.0,1.0,0,3.306875823988288,22
1,1,5,63.0,93.0,5.0,0,0.08822053172300212,136
1,3,5,7.0,32.0,2.0,0,0.4523365413041506,22
1,2,1,92.0,64.0,4.0,0,1.8766889154317812,145
1,3,5,53.0,51.0,3.0,0,1.316971422967232,63
0,3,1,5.0,53.0,1.0,0,0.8232242899317121,16
1,3,1,62.0,59.0,2.0,1,2.3414141371269146,168
1,2,5,33.0,53.0,4.0,0,2.686369727270667,86
0,3,2,64.0,58.0,1.0,0,2.287832458088869,46
0,2,3,94.0,42.0,5.0,0,2.9634200028306563,48
0,3,1,6.0,43.0,4.0,0,0.3350940982407621,11
0,3,5,43.0,26.0,1.0,1,1.5060187598885262,176
0,3,5,72.0,80.0,2.0,1,0.9762603833819,155
1,1,2,89.0,11.0,4.0,0,0.4945169981700821,82
1,1,5,7.0,36.0,5.0,0,0.963871702990917,49
1,1,3,41.0,80.0,2.0,0,0.5115351616867663,118
0,3,5,13.0,35.0,1.0,0,0.6287776047501548,6
0,3,4,7.0,56.0,4.0,0,0.73500375820871,15
1,3,3,51.0,4.0,1.0,1,0.5405570730271527,106
1,3,1,52.0,53.0,5.0,0,1.3939580720010942,77
1,3,2,35.0,52.0,2.0,1,1.2575552095003095,172
0,3,1,35.0,81.0,1.0,0,2.0920133821211615,145
1,3,5,87.0,70.0,1.0,0,0.6411662851411379,107
0,1,1,49.0,33.0,2.0,0,3.570165028371145,10
0,1,2,41.0,53.0,2.0,0,2.588070110560368,22
1,2,4,65.0,75.0,1.0,0,1.1761064168237205,136
1,2,5,23.0,43.0,4.0,0,1.5774609986059207,109
1,3,1,51.0,29.0,5.0,0,1.0466928864536558,93
1,3,4,57.0,74.0,5.0,0,1.4533742854680167,121
1,1,5,34.0,45.0,5.0,0,1.1529190399122111,100
1,3,1,98.0,44.0,3.0,0,2.0697632098271885,138
0,3,5,7.0,22.0,3.0,0,0.3999096599679479,21
1,2,5,42.0,10.0,5.0,0,2.3952134092492674,191
1,2,5,32.0,24.0,1.0,1,0.48251325034638004,80
0,3,5,5.0,56.0,2.0,0,0.27027853651357636,10
0,2,3,48.0,5.0,1.0,0,2.1705900150254807,162
1,1,5,42.0,75.0,5.0,0,1.7594464723683925,179
0,2,2,30.0,46.0,3.0,0,3.2872802183822785,30
1,3,2,42.0,45.0,1.0,1,0.3641160095811484,70
1,2,1,46.0,36.0,2.0,0,3.386517039710114,31
1,3,5,55.0,24.0,4.0,0,1.3831593754805678,134
0,1,4,83.0,67.0,1.0,0,1.5762336698759754,153
0,2,5,49.0,55.0,2.0,1,0.98749426607104,156
0,2,5,72.0,48.0,3.0,0,2.69451385710323,124
0,3,5,4.0,13.0,4.0,0,0.5819676647585221,14
1,3,3,78.0,16.0,5.0,0,1.730642154112313,115
1,1,4,69.0,6.0,4.0,0,0.7831860889864926,106
1,3,1,18.0,39.0,2.0,1,0.3060721869003758,73
0,3,2,46.0,12.0,2.0,0,2.3220361246052117,124
1,3,4,53.0,76.0,5.0,0,0.9413091291577649,123
1,3,5,87.0,35.0,5.0,0,1.7650634137129626,122
1,3,3,51.0,8.0,4.0,0,0.6913659917566483,94
1,3,4,72.0,29.0,3.0,0,1.864300235040798,145
1,1,2,27.0,52.0,3.0,1,0.49374713303552,97
0,2,1,74.0,61.0,2.0,1,1.693258519855057,151
0,3,1,32.0,30.0,2.0,0,2.8819712101540675,17
0,2,4,66.0,12.0,3.0,0,2.8005224174774783,160
0,3,4,11.0,29.0,2.0,0,0.5763507234139521,19
1,3,5,27.0,72.0,1.0,0,1.5649997871868353,85
1,3,2,96.0,70.0,4.0,0,0.9886490637728831,178
1,3,1,98.0,28.0,2.0,0,2.1469674519453577,92
0,3,3,56.0,84.0,1.0,1,1.1171253895254116,114
1,1,2,35.0,47.0,1.0,1,0.49374713303552,98
1,2,4,28.0,61.0,5.0,0,3.145042821452617,92
1,2,4,13.0,56.0,4.0,0,0.42331462996376423,16
1,2,5,63.0,57.0,3.0,0,2.2419597227147725,171
1,2,5,33.0,69.0,5.0,0,2.804984561120205,156
1,2,5,98.0,47.0,2.0,0,2.3650367002070376,94
1,3,5,55.0,5.0,4.0,0,1.8546563362221147,156
1,2,4,4.0,41.0,4.0,0,0.27027853651357636,21
0,3,5,2.0,13.0,4.0,0,0.7584087282045263,3
0,3,5,75.0,56.0,5.0,0,1.8586832936962279,149
0,2,5,11.0,55.0,4.0,0,0.48813019169095,20
1,1,5,69.0,63.0,5.0,0,2.4476402905854697,114
0,3,5,13.0,10.0,4.0,0,0.5529457534181358,11
1,1,4,24.0,14.0,1.0,0,1.7706803550575325,90
1,2,1,10.0,74.0,2.0,0,3.7351546160437024,50
1,2,1,6.0,34.0,3.0,0,0.7998193199358958,18
0,2,2,32.0,45.0,1.0,0,3.953441457389689,44
0,3,4,2.0,30.0,3.0,0,0.35849906823657846,17
1,1,3,6.0,70.0,2.0,0,0.5332128799572639,23
0,3,2,21.0,32.0,2.0,0,2.939579846666226,30
1,1,2,55.0,5.0,4.0,0,0.9965232514662574,94
1,3,3,92.0,41.0,5.0,0,2.0587469202223554,83
1,3,5,92.0,30.0,5.0,0,2.157983741550191,111
0,3,5,14.0,20.0,1.0,0,2.352648019816055,94
0,2,2,59.0,36.0,2.0,0,2.804984561120205,25
1,1,4,43.0,16.0,1.0,0,0.34568299587832413,74
0,3,3,11.0,42.0,5.0,0,2.7977776359051787,88
1,1,2,25.0,27.0,1.0,1,0.0,75
0,3,4,11.0,13.0,3.0,0,0.5405570730271527,14
0,2,4,6.0,36.0,2.0,0,0.35849906823657846,13
1,3,5,64.0,58.0,5.0,0,1.229905688946073,148
1,1,2,27.0,21.0,1.0,1,0.3528821268920085,78
1,3,2,29.0,17.0,1.0,1,0.6701881964815242,82
1,3,5,6.0,38.0,5.0,0,0.8880398516588979,13
1,1,1,85.0,51.0,5.0,0,2.624081354031474,140
1,3,1,90.0,28.0,2.0,0,1.9772981275457662,104
0,3,4,6.0,41.0,4.0,0,0.5115351616867663,21
1,3,3,65.0,9.0,1.0,1,0.6701881964815242,97
1,2,3,56.0,67.0,4.0,0,1.629815348914021,79
0,2,5,8.0,24.0,5.0,0,0.2427440063874323,111
1,2,1,18.0,8.0,3.0,0,1.0354590037645157,133
0,3,1,1.0,29.0,2.0,0,0.6287776047501548,20
1,1,4,63.0,32.0,5.0,0,2.0587469202223554,149
0,3,2,57.0,42.0,2.0,0,3.040841838033132,32
0,1,3,77.0,97.0,2.0,0,2.417028395374627,151
0,2,5,9.0,55.0,2.0,0,0.5115351616867663,16
1,1,1,21.0,43.0,2.0,0,3.513493596476522,41
1,3,4,17.0,34.0,4.0,0,0.5884270022657564,160
1,2,2,10.0,33.0,3.0,0,0.3603713820181018,23
1,2,5,72.0,52.0,1.0,0,1.1126632458826848,134
0,2,2,45.0,41.0,1.0,0,3.1410158639785037,36
1,2,4,3.0,34.0,1.0,1,0.9294504433902673,63
1,3,2,25.0,12.0,2.0,1,0.5405570730271527,98
0,3,1,37.0,46.0,2.0,0,2.3924686276769673,18
0,3,2,21.0,32.0,2.0,0,3.2364433209165324,34
1,1,1,81.0,37.0,5.0,0,2.0835242810043213,120
1,2,2,73.0,62.0,4.0,0,1.114150627096927,44
0,2,5,5.0,9.0,5.0,0,0.6411662851411379,12
1,3,5,11.0,47.0,5.0,0,0.6467832264857079,20
1,3,1,6.0,49.0,2.0,0,0.48813019169095,15
0,2,1,48.0,42.0,2.0,0,3.4704930208746956,25
0,3,3,17.0,10.0,3.0,0,1.4433153824539404,71
0,2,5,1.0,56.0,4.0,0,0.8880398516588979,7
1,3,5,78.0,37.0,3.0,0,1.5816330181362384,127
1,1,5,84.0,20.0,3.0,0,1.1115084481808415,41
0,1,2,43.0,31.0,1.0,0,4.129882520835693,3
0,3,4,75.0,73.0,1.0,0,2.481408770933199,164
1,3,5,5.0,46.0,3.0,0,0.5763507234139521,6
0,3,4,64.0,7.0,5.0,0,1.1349134181766578,156
1,2,1,10.0,18.0,2.0,0,0.6287776047501548,18
0,3,1,2.0,48.0,5.0,0,0.7059818468683237,14
1,2,4,68.0,53.0,4.0,0,0.4321037448479052,46
0,3,2,35.0,28.0,1.0,0,2.1113913946428644,95
0,3,3,58.0,35.0,5.0,0,3.65117863487912,71
1,3,4,98.0,67.0,2.0,0,2.300003545395545,143
1,3,1,51.0,71.0,4.0,0,3.2634400622178488,71
1,3,5,77.0,30.0,4.0,0,1.9705263884993531,124
1,3,1,76.0,32.0,5.0,0,2.4586565801903033,144
1,3,4,66.0,29.0,4.0,0,1.21751700855509,106
0,3,5,45.0,30.0,5.0,0,0.7684676312186028,99
1,3,5,61.0,72.0,2.0,0,1.1381581227443311,151
0,1,1,32.0,41.0,4.0,0,3.5179557401192487,7
1,1,2,3.0,30.0,1.0,1,0.8826405033986346,56
1,1,4,55.0,18.0,1.0,1,0.8466292599275285,109
0,3,1,4.0,33.0,2.0,0,0.5405570730271527,18
1,1,5,24.0,95.0,2.0,0,1.47000751641742,80
1,3,1,66.0,21.0,4.0,0,1.9538931575499499,96
1,1,3,51.0,21.0,5.0,0,0.8356129703226952,154
1,3,4,53.0,36.0,4.0,0,1.388558723740831,107
1,3,4,98.0,38.0,4.0,0,1.8462946133052447,97
1,1,5,90.0,73.0,3.0,0,3.9102232887035564,100
1,2,3,92.0,63.0,2.0,0,1.7360415023725762,103
1,3,5,65.0,42.0,4.0,0,1.2533106589418894,113
1,3,5,13.0,11.0,1.0,0,0.5819676647585221,10
0,3,1,20.0,52.0,4.0,0,4.329728554277514,43
0,2,5,67.0,96.0,5.0,0,2.094758163693461,150
0,3,1,4.0,10.0,4.0,0,0.42331462996376423,6
0,3,5,6.0,18.0,5.0,0,0.44671959995958055,11
0,3,4,76.0,14.0,5.0,0,0.7612685002049185,93
0,3,1,33.0,49.0,2.0,0,3.1920703545285565,26
1,3,5,6.0,46.0,3.0,0,0.5171521030313363,9
1,2,4,59.0,17.0,5.0,0,0.6049452427870673,149
0,3,5,3.0,36.0,4.0,0,0.5171521030313363,14
1,3,4,80.0,38.0,4.0,0,1.8933221463811845,92
0,1,1,48.0,46.0,2.0,0,3.68899745530499,35
1,3,5,4.0,36.0,3.0,0,0.48813019169095,10
1,3,1,52.0,39.0,3.0,0,2.5354256361398586,145
0,1,2,11.0,68.0,1.0,0,0.7527917868599563,86
0,3,2,13.0,10.0,5.0,0,0.0,94
1,3,3,52.0,7.0,2.0,1,0.49374713303552,93
1,3,4,70.0,48.0,4.0,0,2.0821518902181717,108
1,3,5,53.0,45.0,5.0,0,0.6769599355279374,155
0,2,2,80.0,14.0,5.0,0,2.852949298813681,143
1,3,3,62.0,13.0,1.0,1,0.3060721869003758,78
1,2,2,71.0,32.0,3.0,0,2.2338155928822094,128
0,3,5,31.0,80.0,5.0,0,2.581298371513955,80
0,3,3,78.0,72.0,5.0,0,1.8282889915696918,59
1,1,3,72.0,71.0,4.0,0,1.4051919546902343,59
1,1,1,35.0,89.0,5.0,0,2.91617487667041,56
1,3,4,36.0,72.0,5.0,0,2.370436048467301,63
0,2,5,13.0,10.0,5.0,0,0.7998193199358958,21
1,1,2,31.0,34.0,1.0,1,0.8826405033986346,90
0,2,2,54.0,32.0,2.0,0,3.9174302139185833,27
0,1,1,54.0,43.0,2.0,0,2.860156224028708,20
1,3,2,89.0,25.0,4.0,0,0.7885854372467558,93
1,1,5,67.0,54.0,3.0,0,0.7473924385996931,126
1,1,5,88.0,57.0,1.0,0,0.9266207430179874,50
0,3,5,9.0,56.0,4.0,0,0.6053726347543384,13
0,3,1,3.0,53.0,3.0,0,0.6053726347543384,12
1,1,1,56.0,35.0,2.0,0,3.042214228819282,20
0,3,2,65.0,52.0,1.0,0,1.8764713223474743,153
1,1,3,40.0,7.0,5.0,0,2.283370314446142,113
1,3,5,1.0,46.0,5.0,0,0.6177613151453216,7
1,1,1,36.0,4.0,1.0,1,0.5405570730271527,62
1,3,4,82.0,40.0,2.0,0,0.9238335020456974,37
0,3,3,11.0,91.0,3.0,0,2.6101026897700343,7
0,2,4,4.0,20.0,4.0,0,0.6701881964815242,8
1,1,5,59.0,57.0,3.0,0,2.4860885076602326,61
1,3,4,17.0,56.0,2.0,0,1.1943296316435803,142
1,2,1,64.0,46.0,4.0,0,1.70564720024604,111
1,1,4,67.0,48.0,4.0,0,1.9291157967679837,121
1,1,5,28.0,64.0,5.0,0,1.7594464723683925,67
0,2,1,52.0,44.0,2.0,0,3.2334809462599257,17
0,1,2,39.0,36.0,2.0,0,2.4172459884589337,17
1,2,4,65.0,57.0,3.0,0,1.8462946133052447,79
1,3,5,90.0,11.0,5.0,0,1.129296476832088,160
0,1,1,30.0,35.0,2.0,0,2.276816168484036,28
1,3,4,99.0,71.0,4.0,0,1.8462946133052447,115
0,3,5,5.0,54.0,1.0,0,0.6701881964815242,8
0,1,2,80.0,16.0,4.0,0,1.886550407334771,132
1,2,5,5.0,10.0,4.0,0,0.48813019169095,8
0,1,1,43.0,32.0,3.0,0,3.094205923986871,40
0,3,1,12.0,17.0,5.0,0,0.5115351616867663,3
0,1,2,36.0,32.0,3.0,0,3.64758686357362,35
0,1,4,98.0,3.0,1.0,0,1.5886223502669583,86
1,2,1,60.0,53.0,4.0,0,2.3357971957823445,162
1,2,5,59.0,37.0,4.0,0,1.9471214185035368,91
0,1,1,46.0,33.0,2.0,0,3.841815955670871,27
1,3,1,79.0,77.0,4.0,0,1.47000751641742,114
0,1,4,6.0,57.0,5.0,0,2.164537887512297,143
0,2,2,58.0,34.0,3.0,0,3.334307751458218,21
0,1,1,51.0,46.0,3.0,0,2.9645748005324997,39
0,3,5,7.0,39.0,4.0,0,0.6701881964815242,4
0,1,2,65.0,88.0,5.0,1,2.1649730736809105,148
0,3,5,4.0,44.0,2.0,0,0.6053726347543384,7
1,3,4,26.0,98.0,3.0,0,1.4119636937366473,97
1,3,1,69.0,71.0,2.0,0,0.4321037448479052,66
0,2,1,2.0,36.0,3.0,0,0.3350940982407621,14
1,3,2,41.0,65.0,2.0,1,1.5996386398717917,131
1,2,5,83.0,2.0,1.0,0,2.276598575399729,103
1,2,1,48.0,46.0,3.0,0,1.9759257367596164,25
1,2,4,80.0,52.0,1.0,0,1.9057108267721672,87
1,2,3,33.0,29.0,5.0,0,2.546224332660385,139
0,3,1,4.0,39.0,5.0,0,0.35849906823657846,17
1,3,5,63.0,29.0,3.0,0,1.6464485798634243,85
0,3,5,79.0,25.0,5.0,0,1.6860593888413726,27
1,1,2,25.0,17.0,1.0,1,0.49374713303552,103
1,2,5,74.0,30.0,5.0,0,2.518072793657226,177
0,1,2,51.0,38.0,4.0,0,2.4946678236614095,21
0,2,1,59.0,41.0,3.0,0,2.309865037298535,34
0,3,3,75.0,88.0,1.0,1,1.1774788076098703,118
0,1,2,18.0,99.0,1.0,0,2.782734388826232,73
1,1,5,7.0,23.0,1.0,0,0.4321037448479052,96
0,3,1,53.0,32.0,2.0,0,3.8112040604600277,41
0,2,5,3.0,53.0,4.0,0,0.48813019169095,17
1,3,1,95.0,83.0,2.0,0,2.8045493749515917,126
0,3,5,18.0,49.0,3.0,0,0.8071635130057846,116
1,2,2,87.0,18.0,1.0,0,2.7993676197756354,87
0,2,3,77.0,94.0,3.0,0,1.7664358044991126,160
1,1,1,18.0,63.0,4.0,0,0.47799875764877126,121
0,3,5,40.0,35.0,1.0,1,1.9885320102349062,147
1,2,1,5.0,3.0,3.0,0,0.7530093799442631,139
1,2,2,87.0,42.0,1.0,0,2.4764446088415495,158
1,1,5,65.0,12.0,2.0,1,0.5405570730271527,98
0,2,5,53.0,23.0,3.0,1,0.6589543137923842,98
0,2,1,5.0,27.0,4.0,0,0.27027853651357636,22
1,2,2,37.0,64.0,2.0,0,0.6301499955363047,117
1,1,5,8.0,21.0,4.0,0,0.7537792450788251,112
1,3,5,1.0,35.0,1.0,0,0.5295407834223195,21
1,1,2,15.0,11.0,1.0,1,0.7998193199358958,82
0,2,5,62.0,52.0,5.0,0,1.3995750133456641,109
0,3,5,11.0,34.0,3.0,0,0.8880398516588979,20
1,1,5,39.0,26.0,2.0,0,0.7777867407262293,92
0,3,5,2.0,54.0,3.0,0,0.5405570730271527,8
0,3,3,75.0,62.0,1.0,1,1.9057108267721672,125
1,2,2,53.0,67.0,3.0,0,0.7471748455153864,74
0,3,5,12.0,35.0,3.0,0,0.44671959995958055,23
1,3,4,3.0,23.0,4.0,0,0.27027853651357636,5
1,1,1,14.0,54.0,1.0,1,0.7998193199358958,84
0,2,2,25.0,34.0,3.0,0,2.5578934015181387,23
1,1,2,40.0,64.0,4.0,0,0.9528554133860836,149
1,2,4,53.0,84.0,3.0,0,0.08642074896958103,33
0,3,4,23.0,31.0,2.0,0,2.8401254322540845,79
0,3,4,9.0,31.0,2.0,0,0.48813019169095,8
1,2,3,95.0,67.0,4.0,0,3.070583360906748,109
1,3,5,54.0,65.0,2.0,0,1.5238067885397726,83
0,2,2,85.0,32.0,4.0,0,3.1410158639785037,64
1,3,4,60.0,73.0,4.0,0,2.4118466401986707,67
1,3,5,7.0,42.0,2.0,0,0.44671959995958055,10
0,2,5,75.0,48.0,5.0,0,2.566037531350702,129
1,2,4,50.0,78.0,5.0,0,1.6478209706495741,85
0,2,2,22.0,44.0,3.0,0,3.9476069229608126,33
0,3,3,95.0,68.0,3.0,0,1.1776964006941772,86
1,1,5,76.0,21.0,3.0,0,1.7594464723683925,140
1,3,5,74.0,78.0,4.0,0,1.9347327381125536,130
0,3,5,12.0,19.0,5.0,0,0.6053726347543384,8
1,1,5,39.0,38.0,1.0,0,3.2102935693484165,78
0,2,4,4.0,37.0,3.0,0,0.6177613151453216,13
1,2,2,48.0,9.0,4.0,0,0.4945169981700821,157
0,3,1,54.0,42.0,2.0,0,3.7574047883376753,36
1,3,3,20.0,15.0,1.0,0,3.499732525299389,13
0,2,5,10.0,75.0,5.0,0,0.6508402555879333,124
0,2,4,52.0,40.0,3.0,0,2.051757588091635,179
1,3,2,84.0,21.0,5.0,0,1.9347327381125536,91
0,2,5,40.0,96.0,2.0,0,1.4051919546902343,132
1,3,5,84.0,38.0,2.0,0,2.629698295376044,108
1,3,4,55.0,29.0,4.0,0,1.9469038254192301,159
0,2,4,10.0,49.0,4.0,0,0.8880398516588979,15
0,2,2,20.0,42.0,3.0,0,2.8047669680358984,28
1,3,4,6.0,50.0,2.0,0,0.7115987882128937,13
1,3,5,65.0,32.0,5.0,0,2.042331282357259,170
1,1,4,92.0,36.0,4.0,0,1.2755608312358626,127
0,2,2,42.0,39.0,4.0,0,3.0334173197337986,15
1,3,1,72.0,52.0,1.0,0,2.4476402905854697,121
1,2,4,30.0,10.0,5.0,0,0.900428532049881,17
0,2,4,6.0,40.0,4.0,0,0.7584087282045263,8
1,2,5,50.0,18.0,3.0,0,2.595059442691088,146
0,2,5,7.0,21.0,2.0,0,0.5529457534181358,13
0,2,5,93.0,70.0,4.0,0,2.833788879376285,114
1,2,4,13.0,44.0,1.0,0,0.3350940982407621,18
1,2,3,69.0,15.0,5.0,0,1.8186450927510083,154
1,3,3,80.0,75.0,5.0,0,0.2427440063874323,135
0,2,2,40.0,44.0,5.0,0,0.4633103715089937,71
1,3,5,55.0,15.0,3.0,0,0.8714066207094947,76
1,1,1,95.0,52.0,5.0,0,2.229788635408096,121
0,1,4,77.0,14.0,2.0,0,2.6641195549766934,50
0,3,5,3.0,14.0,1.0,0,0.6177613151453216,3
0,2,4,6.0,24.0,4.0,0,0.3350940982407621,4
1,3,4,3.0,35.0,4.0,0,0.6287776047501548,22
1,2,4,17.0,39.0,5.0,0,0.7777867407262294,134
1,3,4,94.0,51.0,1.0,0,1.635432290258591,112
1,3,3,64.0,10.0,1.0,1,0.5405570730271527,103
0,3,5,70.0,67.0,1.0,0,2.334424804996195,139
1,2,1,33.0,60.0,2.0,0,3.65255102566527,102
1,3,5,88.0,59.0,1.0,0,1.882305856776351,84
1,1,2,18.0,7.0,1.0,1,0.7998193199358958,59
1,3,1,13.0,7.0,5.0,0,0.2592622469087431,63
1,2,2,32.0,34.0,1.0,0,0.9413091291577649,75
0,2,1,34.0,45.0,2.0,0,3.7877990904642114,13
0,2,5,30.0,64.0,4.0,0,3.9106584748721707,19
0,1,3,55.0,48.0,5.0,0,2.429634668849917,129
1,1,5,51.0,46.0,1.0,0,1.71126414159061,120
1,1,4,67.0,8.0,4.0,0,0.8401999940484063,53
1,2,4,42.0,38.0,3.0,0,2.982145236099439,143
1,2,2,9.0,16.0,1.0,1,0.49374713303552,96
1,1,5,62.0,14.0,3.0,0,0.0,139
1,2,5,76.0,75.0,4.0,0,1.7524571402376727,130
0,3,5,9.0,20.0,2.0,0,0.48813019169095,8
1,3,5,89.0,55.0,3.0,0,1.7774520941039458,149
1,2,3,60.0,63.0,2.0,0,3.0473959839952385,154
1,1,2,29.0,52.0,2.0,0,2.1512120025037773,28
1,3,1,40.0,53.0,3.0,0,0.7849858717399135,40
1,1,5,54.0,35.0,4.0,0,3.4875614379927127,162
1,3,1,79.0,75.0,3.0,0,2.294604197135282,104
0,2,4,92.0,12.0,2.0,0,3.39169879488607,89
0,1,2,25.0,49.0,4.0,0,2.730525100574336,21
0,3,5,1.0,13.0,2.0,0,0.8880398516588979,5
1,3,1,25.0,53.0,2.0,1,1.059081566844639,93
0,3,4,36.0,93.0,4.0,0,3.199996891276813,68
0,2,4,55.0,27.0,5.0,0,2.3332700072943515,76
1,2,5,26.0,42.0,3.0,0,1.0698802633651654,80
1,3,5,86.0,25.0,5.0,0,1.5168174564090526,137
0,3,5,22.0,0.0,3.0,0,0.838370139666873,93
1,1,5,79.0,39.0,2.0,0,2.476662201925856,99
1,3,4,58.0,45.0,3.0,0,1.8174902950491651,149
1,3,1,9.0,45.0,2.0,0,0.8880398516588979,24
1,1,2,55.0,79.0,1.0,0,1.0246603072439893,119
0,3,1,13.0,39.0,2.0,0,0.5763507234139521,8
0,1,2,22.0,38.0,4.0,0,3.270864580517182,21
0,2,4,90.0,62.0,3.0,0,2.101312309655568,70
1,2,5,52.0,21.0,2.0,0,1.2589276002864596,119
0,1,2,25.0,57.0,2.0,0,2.4588741732746096,95
1,3,2,64.0,6.0,1.0,1,0.49374713303552,116
0,2,2,36.0,32.0,4.0,0,2.1593561323363404,68
0,1,2,16.0,45.0,2.0,0,3.024928218616959,73
1,3,3,84.0,72.0,3.0,0,0.7059818468683237,133
1,3,4,58.0,44.0,5.0,0,1.6766252889056537,114
1,2,1,76.0,52.0,1.0,0,0.7225726184177367,32
1,3,1,40.0,43.0,2.0,0,4.135499462180263,19
1,1,4,72.0,87.0,4.0,0,1.3734128740056704,18
1,2,2,36.0,30.0,2.0,0,3.0777902861217745,36
0,3,5,11.0,9.0,2.0,0,0.44671959995958055,14
1,1,5,91.0,70.0,3.0,0,2.3236261084756684,130
0,1,5,96.0,49.0,1.0,0,3.304850653949218,99
1,3,4,94.0,74.0,4.0,0,2.476662201925856,118
0,2,4,62.0,12.0,3.0,0,1.6464485798634243,194
0,3,5,10.0,29.0,2.0,0,0.6411662851411379,16
0,1,1,49.0,53.0,2.0,0,3.3050682470335246,18
1,1,2,54.0,31.0,3.0,0,2.8173732415111883,32
1,1,2,51.0,50.0,4.0,0,0.6049452427870673,76
1,2,4,46.0,23.0,1.0,1,0.17644106344600424,97
1,2,1,12.0,16.0,1.0,1,0.3641160095811484,85
1,2,1,82.0,67.0,1.0,0,2.5772714140398416,71
0,2,1,4.0,26.0,1.0,0,0.8880398516588979,20
0,1,1,99.0,6.0,3.0,0,2.9299359478475435,149
0,2,5,10.0,20.0,3.0,0,0.5295407834223195,21
0,2,1,68.0,73.0,3.0,0,2.1829786954164634,129
1,2,1,5.0,0.0,3.0,0,0.19444668518155733,113
0,3,2,18.0,34.0,2.0,1,1.246756512979783,76
0,1,1,52.0,46.0,2.0,0,2.527716692475909,34
1,2,5,27.0,23.0,1.0,1,0.8466292599275285,109
1,3,5,93.0,22.0,5.0,0,0.7888030303310626,148
1,2,4,16.0,44.0,3.0,1,0.0,79
1,1,2,71.0,73.0,1.0,0,1.311354481622662,117
1,3,5,6.0,39.0,5.0,0,0.6467832264857079,12
1,2,5,41.0,26.0,1.0,0,1.9993307067554327,109
0,3,2,24.0,46.0,2.0,0,3.623964300493497,11
1,1,4,36.0,17.0,1.0,1,0.8466292599275285,99
1,2,1,36.0,37.0,3.0,0,3.6043686948874876,33
1,1,5,43.0,21.0,2.0,1,0.7998193199358958,87
1,1,3,64.0,76.0,5.0,0,1.1470845054833343,170
0,3,4,4.0,40.0,2.0,0,0.6467832264857079,16
1,3,5,5.0,32.0,1.0,0,0.8232242899317121,21
1,1,2,17.0,73.0,5.0,0,0.4321037448479052,71
1,2,3,36.0,8.0,3.0,1,0.7998193199358958,90
0,3,4,4.0,23.0,2.0,0,0.8232242899317121,5
0,1,1,32.0,86.0,2.0,1,1.210745269508677,154
1,3,1,85.0,34.0,4.0,0,1.5526111067958521,121
1,3,1,84.0,57.0,3.0,0,2.2655822857948955,98
1,3,3,93.0,38.0,5.0,0,2.476662201925856,80
0,2,5,87.0,91.0,3.0,0,2.133423973852531,79
1,3,2,56.0,55.0,3.0,0,2.4118466401986707,123
1,3,5,95.0,56.0,3.0,0,0.7707974085955094,57
1,1,1,38.0,47.0,1.0,1,0.9294504433902673,71
0,2,1,33.0,51.0,2.0,0,3.0460235932090884,29
0,1,1,32.0,37.0,2.0,0,3.317456927424508,30
1,1,4,9.0,72.0,1.0,0,4.18770875043216,92
1,3,2,32.0,42.0,2.0,0,0.9598447455168035,64
0,2,5,82.0,62.0,4.0,0,1.6050379881320547,155
1,1,1,59.0,41.0,2.0,0,3.7189565712629125,41
1,2,5,77.0,35.0,3.0,0,0.8642074896958104,91
1,2,1,74.0,21.0,4.0,0,0.4411026586150106,171
1,1,3,61.0,5.0,1.0,1,0.12963112345437156,73
0,3,5,11.0,37.0,4.0,0,0.7115987882128937,15
1,2,5,20.0,23.0,1.0,0,0.706054377896426,136
1,2,2,56.0,30.0,3.0,0,1.1058915068362716,144
1,1,5,62.0,58.0,3.0,0,2.3236261084756684,121
1,3,2,48.0,30.0,1.0,1,0.8826405033986346,79
0,3,4,11.0,53.0,4.0,0,0.6411662851411379,10
0,3,4,44.0,9.0,3.0,0,0.6673584961092441,109
0,2,2,53.0,37.0,2.0,0,2.7399514063087125,22
0,3,5,12.0,16.0,1.0,0,0.73500375820871,6
0,2,2,26.0,51.0,2.0,0,3.454294976093906,23
0,3,5,7.0,50.0,4.0,0,0.5819676647585221,13
1,3,5,67.0,16.0,5.0,0,0.963871702990917,104
0,1,2,81.0,82.0,3.0,0,4.463386635206,119
1,3,3,44.0,5.0,1.0,1,0.7169981364731569,98
0,1,2,14.0,53.0,4.0,0,3.0703657678224414,104
1,2,5,54.0,83.0,5.0,0,1.7234352288972863,105
0,1,5,55.0,55.0,4.0,0,2.905158587065577,76
0,1,4,31.0,87.0,2.0,0,1.2643269485467228,95
1,2,2,25.0,38.0,1.0,1,0.49374713303552,89
0,2,2,95.0,12.0,2.0,0,3.5865806662362414,158
0,3,3,96.0,19.0,4.0,0,0.924790888636454,105
1,3,1,73.0,32.0,2.0,0,0.900428532049881,52
0,3,5,4.0,52.0,5.0,0,0.7584087282045263,20
0,2,1,21.0,52.0,1.0,0,3.3464788387648943,6
1,3,3,70.0,44.0,4.0,0,0.6820468822490217,61
1,3,5,54.0,50.0,3.0,0,1.294721250673259,71
0,2,4,3.0,15.0,4.0,0,0.6935931664773405,24
1,2,2,68.0,48.0,2.0,0,1.4409856050770338,130
0,3,5,4.0,56.0,3.0,0,0.6177613151453216,21
1,2,3,44.0,91.0,1.0,0,2.2309434331099394,130
0,1,1,51.0,41.0,2.0,0,3.2982965079871116,32
0,3,3,5.0,23.0,1.0,1,0.43570331035474735,117
1,1,2,16.0,49.0,1.0,0,2.576618634786921,74
0,2,1,56.0,58.0,3.0,0,1.388558723740831,113
0,3,1,32.0,81.0,1.0,1,1.9885320102349062,153
0,1,2,37.0,44.0,2.0,0,3.0046130014777193,34
0,2,1,46.0,34.0,2.0,1,1.2355226302906432,149
1,3,1,53.0,99.0,3.0,0,1.21751700855509,174
1,1,2,44.0,9.0,1.0,1,0.5405570730271527,81
1,3,5,52.0,72.0,5.0,0,2.3828247288582842,120
1,1,2,45.0,59.0,3.0,0,1.216362210853247,108
1,2,5,63.0,95.0,5.0,0,1.853066352351658,115
0,1,1,56.0,77.0,3.0,0,2.723100582275003,81
0,2,1,72.0,67.0,5.0,0,1.5112005150644827,105
1,2,5,57.0,2.0,5.0,0,2.566037531350702,84
1,2,3,62.0,1.0,1.0,1,0.48251325034638004,105
0,1,2,45.0,37.0,2.0,0,2.7883513301708023,35
1,3,5,11.0,40.0,2.0,0,0.7059818468683237,24
1,3,5,24.0,37.0,3.0,0,0.19444668518155733,96
0,3,2,27.0,48.0,2.0,0,3.381117691449851,28
0,3,1,12.0,19.0,4.0,0,0.8880398516588979,15
1,1,2,85.0,5.0,5.0,0,1.8242620340955784,66
1,1,2,1.0,12.0,2.0,1,0.5653344338091189,89
1,2,5,58.0,97.0,5.0,0,1.4342138660306207,140
1,2,2,64.0,50.0,5.0,0,0.9942660051174531,150
1,2,4,71.0,69.0,5.0,0,1.346930538925155,107
0,3,3,46.0,88.0,4.0,0,2.7151740455267466,60
0,1,1,28.0,38.0,3.0,0,4.2183206456430025,16
1,1,2,75.0,85.0,5.0,0,0.7363761489948599,93
1,1,2,39.0,47.0,4.0,0,4.263323008679872,44
1,3,5,17.0,76.0,5.0,0,0.06481556172718578,134
0,1,2,45.0,46.0,1.0,0,3.652768618749577,39
1,1,2,33.0,52.0,2.0,0,2.662747164190544,21
1,3,4,63.0,63.0,3.0,0,1.9939313584951694,115
1,3,4,33.0,72.0,2.0,0,0.5020062532961754,85
1,1,2,1.0,14.0,4.0,0,0.0,4
0,2,4,58.0,52.0,4.0,0,2.5772714140398416,77
0,3,5,8.0,16.0,4.0,0,0.5819676647585221,24
1,1,5,41.0,14.0,5.0,0,2.518072793657226,142
1,2,5,78.0,62.0,4.0,0,1.483768587594553,162
0,2,2,32.0,51.0,2.0,0,2.8061393588220485,22
0,3,4,8.0,70.0,3.0,1,1.0010377441638663,109
0,2,5,2.0,26.0,4.0,0,0.7059818468683237,16
0,1,5,66.0,49.0,3.0,0,3.5060690781771884,161
1,3,5,63.0,35.0,3.0,0,2.764728767090679,153
1,1,5,14.0,3.0,2.0,1,0.3060721869003758,78
0,2,5,84.0,97.0,5.0,0,1.4589912268125866,176
1,2,1,70.0,23.0,1.0,0,1.629815348914021,125
1,1,1,56.0,60.0,4.0,0,2.2475766640593426,98
0,3,2,85.0,47.0,1.0,0,2.6416517895984137,117
0,2,2,48.0,34.0,2.0,0,3.3822724891516938,31
0,2,1,36.0,50.0,2.0,0,2.93577048227642,38
1,1,3,67.0,13.0,1.0,1,0.7169981364731569,106
1,3,1,51.0,45.0,2.0,0,2.4336616263240303,6
1,3,1,53.0,76.0,5.0,0,1.7414408506328396,136
0,1,2,58.0,51.0,3.0,0,2.300003545395545,8
1,1,3,87.0,56.0,2.0,0,1.8877052050366143,84
0,3,2,60.0,50.0,2.0,1,1.5168174564090526,136
1,3,5,75.0,57.0,5.0,0,2.3247809061775113,170
1,1,1,31.0,49.0,3.0,0,2.523472141917489,17
1,3,4,97.0,43.0,5.0,0,2.0877688315627414,135
1,3,1,82.0,46.0,3.0,0,2.4118466401986707,95
1,3,4,72.0,55.0,4.0,0,2.2599653444503254,100
0,2,5,5.0,15.0,2.0,0,0.8232242899317121,12
0,2,2,54.0,43.0,2.0,0,3.8762372152715203,31
1,2,2,31.0,14.0,3.0,1,0.7530093799442631,88
1,2,5,93.0,74.0,5.0,0,1.6642366085146705,66
0,2,1,66.0,75.0,2.0,0,2.69314146631708,83
0,1,4,72.0,39.0,1.0,0,2.2171823619328066,147
1,3,5,55.0,89.0,3.0,0,2.4476402905854697,126
1,3,2,51.0,46.0,5.0,0,1.2317780027275964,74
1,2,2,53.0,68.0,5.0,0,1.3541374641401815,111
1,1,2,44.0,54.0,2.0,0,2.600676384035658,15
1,3,2,7.0,7.0,2.0,1,0.38889337036311467,83
1,3,4,74.0,28.0,4.0,0,0.7239874686038767,156
1,3,4,11.0,22.0,5.0,0,0.35849906823657846,15
0,2,1,11.0,75.0,4.0,0,1.952738359848107,180
1,2,5,25.0,51.0,3.0,0,1.21751700855509,92
0,3,5,10.0,56.0,1.0,0,0.6701881964815242,5
1,3,4,62.0,30.0,4.0,0,2.670456107854493,91
1,3,1,24.0,45.0,2.0,0,2.834726083993821,105
1,3,2,87.0,8.0,3.0,0,1.559600438926572,84
0,1,1,39.0,33.0,3.0,0,2.9688193510909198,30
1,2,3,52.0,85.0,2.0,0,3.6635673152701034,6
1,3,5,85.0,79.0,2.0,0,0.8642074896958104,178
1,3,1,66.0,49.0,1.0,0,1.6532203189098373,90
1,1,1,77.0,36.0,4.0,0,2.0655186592687684,89
0,2,2,79.0,25.0,3.0,0,2.4298522619342235,139
1,2,5,69.0,85.0,3.0,0,1.9167271163770008,168
1,1,2,27.0,48.0,2.0,1,0.6233782564898915,77
1,3,4,76.0,79.0,5.0,0,2.229788635408096,132
1,3,5,12.0,53.0,2.0,0,0.5295407834223195,13
0,3,1,68.0,17.0,1.0,0,2.799585212859942,93
1,2,1,15.0,91.0,4.0,0,1.6172090754387312,124
0,2,5,48.0,31.0,2.0,1,1.318343813753382,142
1,3,2,42.0,54.0,3.0,0,1.2317780027275964,105
0,3,2,49.0,53.0,5.0,0,1.7400684598466896,53
1,3,4,63.0,62.0,1.0,0,1.864300235040798,144
1,2,5,65.0,17.0,3.0,0,2.1593561323363404,97
0,3,1,8.0,45.0,4.0,0,0.8880398516588979,20
0,3,4,3.0,13.0,1.0,0,0.6935931664773405,6
1,2,2,44.0,75.0,2.0,0,0.5005188720819331,113
1,3,1,9.0,24.0,2.0,0,1.1830957489544405,99
0,3,1,11.0,26.0,5.0,0,0.6935931664773405,15
1,3,2,21.0,60.0,3.0,0,3.415321357966193,94
0,3,5,89.0,51.0,3.0,0,0.6895361373751151,135
1,3,5,63.0,8.0,1.0,0,1.47699684854814,100
1,3,4,72.0,11.0,1.0,0,2.7223809707417734,122
1,2,3,13.0,49.0,1.0,1,0.43570331035474735,72
1,3,5,8.0,11.0,5.0,0,0.5763507234139521,21
1,3,5,71.0,27.0,5.0,0,1.8890775958227641,119
0,1,2,57.0,87.0,2.0,0,2.4118466401986707,153
1,3,5,90.0,76.0,4.0,0,1.406564345476384,119
1,3,1,68.0,44.0,4.0,0,2.2531936054039123,80
0,3,4,74.0,53.0,1.0,1,1.9525207667638,91
1,3,5,58.0,54.0,5.0,0,1.7594464723683925,119
0,3,1,38.0,52.0,2.0,0,2.357829774992011,34
1,2,2,75.0,19.0,2.0,0,0.34748277863174526,84
1,3,4,85.0,34.0,1.0,0,2.329025456735932,135
0,1,2,96.0,96.0,2.0,0,3.4180661395384933,47
1,3,5,27.0,9.0,3.0,0,0.1820580047905742,145
1,3,5,12.0,39.0,5.0,0,0.6287776047501548,10
0,1,5,81.0,49.0,5.0,1,1.0010377441638663,123
1,2,2,54.0,42.0,2.0,0,3.2760463356931386,34
1,2,2,34.0,34.0,3.0,1,0.5653344338091189,78
1,2,3,68.0,26.0,5.0,0,1.3939580720010942,113
0,2,1,22.0,49.0,2.0,0,3.14822278919353,13
1,3,2,41.0,44.0,1.0,1,0.17644106344600424,81
1,3,1,60.0,57.0,5.0,0,1.806256412360025,97
1,3,5,46.0,96.0,5.0,0,0.8176073485871421,99
0,3,2,32.0,18.0,1.0,1,1.45877363372828,103
1,1,4,68.0,52.0,3.0,0,2.0697632098271885,128
1,2,2,34.0,40.0,4.0,0,2.3166367763449482,20
0,3,2,85.0,56.0,4.0,0,1.6860593888413726,133
0,3,2,92.0,75.0,4.0,0,2.158920946167727,88
1,3,3,59.0,2.0,1.0,1,0.48251325034638004,79
1,2,2,20.0,88.0,2.0,0,1.5001842254596496,65
0,3,1,35.0,52.0,3.0,0,3.677545979531543,38
1,3,3,71.0,33.0,4.0,0,1.1639353295170443,105
1,1,5,76.0,72.0,3.0,0,2.141568103685094,120
1,3,4,49.0,41.0,4.0,0,0.2592622469087431,63
0,2,5,4.0,52.0,3.0,0,0.5819676647585221,14
1,1,1,29.0,62.0,3.0,0,2.9397974397505333,80
1,3,5,90.0,23.0,5.0,0,1.4119636937366473,123
0,3,5,31.0,20.0,3.0,0,0.8071635130057846,106
0,3,5,6.0,54.0,3.0,0,0.7115987882128937,13
1,3,5,83.0,29.0,2.0,0,1.6754704912038108,121
1,3,2,48.0,31.0,1.0,1,0.8826405033986346,88
1,1,5,68.0,1.0,2.0,1,0.0,80
1,3,5,9.0,35.0,4.0,0,0.6287776047501548,7
0,2,2,50.0,53.0,1.0,0,3.6581679670098404,43
1,1,4,83.0,31.0,1.0,0,1.5884047571826516,140
0,3,4,1.0,30.0,3.0,0,0.6177613151453216,23
1,2,4,88.0,58.0,5.0,0,1.3939580720010942,114
0,3,1,2.0,27.0,1.0,0,0.8232242899317121,9
0,2,1,43.0,39.0,3.0,0,2.693359059401387,12
1,2,2,14.0,52.0,3.0,0,0.235254751261339,45
0,2,1,43.0,78.0,1.0,1,1.8476670040913947,176
1,2,5,46.0,54.0,2.0,0,2.380079947285984,136
0,1,1,58.0,33.0,4.0,0,3.0777902861217745,12
1,2,5,44.0,2.0,3.0,0,1.2355226302906432,60
1,3,5,63.0,63.0,4.0,0,1.71126414159061,142
0,3,5,13.0,25.0,2.0,0,0.6935931664773405,22
0,3,1,69.0,2.0,3.0,0,1.2080606311926012,196
1,2,1,13.0,44.0,5.0,0,0.44671959995958055,12
0,2,1,58.0,55.0,2.0,0,1.9826974758060296,121
1,3,3,74.0,36.0,4.0,0,2.535860822308472,79
0,1,4,6.0,82.0,2.0,0,3.728165283912982,137
1,2,1,18.0,88.0,3.0,0,0.556930251492259,115
1,2,1,25.0,34.0,1.0,0,2.7221633776574663,24
1,3,4,92.0,50.0,5.0,0,2.3938410184631174,149
1,2,5,3.0,21.0,2.0,0,0.3350940982407621,15
1,3,5,20.0,18.0,1.0,1,0.17644106344600424,63
1,1,5,88.0,85.0,1.0,0,0.6411662851411379,62
0,1,2,42.0,51.0,3.0,0,2.1469674519453577,8
1,3,4,66.0,40.0,4.0,0,1.7360415023725762,70
0,3,4,2.0,15.0,5.0,0,0.5115351616867663,9
0,2,5,58.0,51.0,2.0,0,1.2699438898912927,151
1,3,2,28.0,31.0,1.0,0,3.2820984632063217,39
1,3,1,9.0,25.0,5.0,0,1.3539198710558749,131
1,3,4,90.0,63.0,4.0,0,2.188378043676727,173
1,3,4,36.0,9.0,1.0,1,0.3528821268920085,85
0,3,5,82.0,9.0,5.0,0,1.4673228781013445,28
0,2,5,56.0,50.0,5.0,0,1.9772981275457662,154
0,3,5,1.0,51.0,2.0,0,0.44671959995958055,9
0,3,5,8.0,25.0,4.0,0,0.7584087282045263,16
1,2,5,61.0,40.0,4.0,0,2.2655822857948955,89
0,3,1,32.0,39.0,2.0,0,3.0118199266927457,27
1,1,5,83.0,58.0,5.0,0,0.1176273756306695,129
0,2,5,5.0,23.0,2.0,0,0.5171521030313363,8
1,1,5,96.0,67.0,5.0,0,2.4820615501861196,136
0,2,2,52.0,36.0,3.0,0,2.264209895008746,15
1,3,1,82.0,42.0,2.0,0,2.429634668849917,86
0,3,5,48.0,34.0,5.0,0,0.2427440063874323,69
1,3,1,52.0,37.0,2.0,0,2.8707373274649273,23
1,2,5,84.0,88.0,5.0,0,1.6187990593091879,130
1,2,4,52.0,76.0,4.0,0,2.3538028175178978,119
1,1,1,24.0,43.0,2.0,0,2.834943677078128,25
0,3,5,7.0,17.0,3.0,0,0.7998193199358958,13
0,3,5,11.0,43.0,5.0,0,0.5819676647585221,16
1,1,5,70.0,37.0,4.0,0,2.553213664791105,88
1,3,1,5.0,33.0,2.0,0,0.7115987882128937,15
0,3,4,2.0,18.0,3.0,0,0.46472522169513364,21
1,3,3,63.0,7.0,1.0,1,0.3060721869003758,113
1,3,5,55.0,49.0,1.0,0,1.7346691115864263,121
1,2,1,40.0,45.0,2.0,0,2.663901961892387,41
1,3,2,31.0,21.0,2.0,1,0.17644106344600424,83
1,2,5,58.0,43.0,5.0,0,2.2351879836683595,121
1,3,5,61.0,50.0,1.0,0,2.035341950226539,146
1,3,1,38.0,32.0,2.0,0,4.3587504656179,36
0,2,3,20.0,51.0,3.0,0,2.521882158047032,119
1,2,5,75.0,30.0,2.0,0,1.6822422302502238,133
1,1,2,21.0,31.0,3.0,0,3.5247274791656618,17
1,3,1,55.0,48.0,2.0,0,3.848587694717284,41
1,3,5,77.0,67.0,1.0,1,1.1887126902990104,128
0,3,5,88.0,41.0,3.0,0,2.0299426019662756,187
0,2,3,58.0,51.0,4.0,0,2.6234285747785537,116
0,2,2,48.0,54.0,2.0,0,1.5996386398717917,25
0,3,1,10.0,54.0,5.0,0,0.6177613151453216,7
0,3,2,24.0,45.0,4.0,0,1.3016805111758667,147
1,2,2,20.0,50.0,1.0,0,2.7575218418756524,30
1,3,1,9.0,27.0,2.0,0,0.5405570730271527,19
1,1,2,41.0,1.0,3.0,1,0.43570331035474735,86
0,3,3,31.0,73.0,1.0,1,1.387186332954681,93
0,2,5,84.0,31.0,1.0,0,2.264209895008746,101
1,2,5,41.0,22.0,1.0,0,1.1653077203031943,144
0,3,5,75.0,59.0,2.0,0,1.6241984075694509,164
1,3,4,85.0,44.0,5.0,0,1.7526747333219794,102
0,1,2,46.0,51.0,3.0,0,3.7772179870279916,29
0,3,4,13.0,49.0,5.0,0,0.7115987882128937,13
0,1,1,48.0,42.0,3.0,0,2.053347571962092,12
1,1,3,74.0,78.0,5.0,0,1.0300596555042527,56
1,2,4,64.0,57.0,3.0,0,1.8228896433094284,143
0,2,4,12.0,35.0,3.0,0,0.6177613151453216,18
1,2,3,39.0,4.0,1.0,1,0.48251325034638004,90
0,3,1,52.0,7.0,5.0,0,1.1941120385592736,33
1,3,1,75.0,30.0,5.0,0,1.4934124864132363,138
0,3,5,5.0,29.0,4.0,0,0.27027853651357636,16
1,2,5,35.0,5.0,2.0,1,0.8466292599275285,111
0,2,1,1.0,26.0,1.0,0,0.5405570730271527,14
0,2,1,4.0,98.0,4.0,0,2.123780075033848,105
1,3,4,60.0,24.0,1.0,0,2.2543484031057557,7
1,3,4,58.0,24.0,3.0,0,1.806256412360025,106
1,2,4,55.0,28.0,4.0,0,1.9772981275457662,136
1,3,5,54.0,58.0,3.0,0,2.329025456735932,142
0,1,2,44.0,31.0,2.0,0,2.795340662301522,35
0,3,5,6.0,43.0,2.0,0,0.7059818468683237,8
1,2,2,38.0,25.0,3.0,0,0.9886490637728831,134
0,1,1,33.0,46.0,2.0,0,2.6654919457628434,28
1,2,5,53.0,75.0,4.0,0,1.4589912268125866,132
1,3,1,93.0,27.0,5.0,0,1.3581644216142947,138
0,3,5,10.0,22.0,2.0,0,0.4523365413041506,12
1,3,3,80.0,75.0,5.0,0,2.0821518902181717,136
1,2,5,8.0,9.0,4.0,0,0.4771139020861168,121
0,3,5,66.0,42.0,5.0,0,1.6422040293050042,184
0,2,5,72.0,62.0,2.0,0,1.806474005444332,162
1,3,5,58.0,71.0,5.0,0,1.3775424341359979,148
1,2,1,7.0,81.0,5.0,0,0.8480016507136784,146
1,3,3,74.0,16.0,5.0,0,0.46472522169513364,87
0,3,5,32.0,21.0,5.0,0,1.0811141460543052,88
0,2,5,6.0,59.0,3.0,0,3.799970177770888,177
0,1,1,57.0,54.0,2.0,0,2.7401689993930196,37
1,1,5,98.0,26.0,5.0,0,1.3995750133456641,120
0,3,1,19.0,54.0,1.0,0,3.469120630088546,128
1,3,3,74.0,36.0,3.0,0,3.6925892266104894,53
1,2,3,25.0,57.0,2.0,0,0.9886490637728831,150
0,3,5,77.0,35.0,4.0,0,2.20076672406771,154
1,1,1,28.0,47.0,2.0,0,3.3050682470335246,21
0,3,1,2.0,50.0,4.0,0,0.7584087282045263,10
0,2,4,6.0,99.0,3.0,0,2.481408770933199,49
1,1,4,17.0,44.0,5.0,0,0.9965232514662574,123
0,3,2,63.0,20.0,3.0,0,0.1176273756306695,94
1,1,3,98.0,41.0,4.0,0,2.0877688315627414,95
1,1,4,43.0,2.0,2.0,0,0.235254751261339,149
1,2,5,45.0,76.0,1.0,0,1.982479882721723,187
1,3,5,11.0,14.0,4.0,0,0.4523365413041506,12
1,3,5,16.0,65.0,3.0,0,0.6175437220610148,144
0,2,1,31.0,44.0,2.0,0,1.9279609990661406,32
0,3,5,1.0,17.0,1.0,0,0.7115987882128937,23
1,1,2,57.0,12.0,1.0,0,0.5295407834223195,73
1,3,2,46.0,8.0,3.0,0,2.515110419000619,148
0,3,5,77.0,70.0,5.0,0,1.894694537167334,146
0,3,3,67.0,67.0,5.0,0,1.9635370563686334,145
1,3,3,41.0,83.0,5.0,1,1.8476670040913947,144
1,3,3,75.0,53.0,4.0,0,1.129296476832088,106
0,3,5,56.0,28.0,1.0,0,1.2465389198954764,134
1,3,2,8.0,42.0,3.0,1,0.9294504433902673,70
1,1,2,18.0,11.0,2.0,1,0.7530093799442631,100
0,3,4,3.0,13.0,3.0,0,0.6411662851411379,8
1,2,5,23.0,54.0,2.0,0,1.300338192017829,157
1,3,5,91.0,46.0,5.0,0,1.9000938854275975,97
0,3,5,7.0,29.0,3.0,0,0.6053726347543384,11
0,3,1,7.0,23.0,2.0,0,0.35849906823657846,5
1,2,5,4.0,28.0,3.0,0,1.3734128740056704,100
1,3,1,53.0,53.0,1.0,0,1.8586832936962279,113
1,2,3,54.0,13.0,1.0,1,0.0,92
0,3,3,78.0,2.0,1.0,1,1.6356498833428978,130
1,2,5,79.0,74.0,5.0,0,2.094540570609155,153
1,3,1,48.0,94.0,1.0,0,1.8656726258269478,69
1,3,5,20.0,8.0,2.0,0,0.7417754972551232,96
1,2,1,6.0,52.0,3.0,0,0.4523365413041506,7
0,2,2,57.0,52.0,2.0,0,3.0638116218603346,19
0,3,5,20.0,57.0,3.0,0,0.9101025024966765,87
0,3,5,51.0,6.0,1.0,1,0.6121443738007516,113
1,2,2,96.0,78.0,3.0,0,4.239918038684055,45
0,1,5,35.0,97.0,1.0,1,0.98749426607104,144
1,3,5,95.0,20.0,3.0,0,2.093168179823005,83
1,1,3,52.0,59.0,3.0,0,2.592097068034481,39
0,1,1,28.0,48.0,2.0,0,2.3650367002070376,26
1,1,4,31.0,22.0,1.0,1,0.12963112345437156,100
1,3,5,56.0,16.0,2.0,0,0.7372610045575144,120
0,2,2,58.0,38.0,1.0,0,3.0419966357349755,24
0,3,5,7.0,15.0,3.0,0,0.6411662851411379,11
1,3,5,94.0,18.0,4.0,0,2.687742118056817,56
0,3,5,13.0,75.0,3.0,0,1.6860593888413726,131
1,2,1,5.0,57.0,2.0,0,0.9341099981440806,124
1,1,2,42.0,15.0,4.0,0,0.0,111
0,1,2,51.0,41.0,3.0,0,4.18770875043216,41
1,2,2,44.0,31.0,2.0,0,3.18264404879418,19
0,1,1,43.0,12.0,1.0,0,3.1461976191544605,164
1,3,5,12.0,48.0,4.0,0,0.5405570730271527,21
1,2,4,13.0,8.0,5.0,0,0.6701881964815242,15
1,1,4,77.0,48.0,5.0,0,1.3057375402780922,129
0,1,3,83.0,8.0,4.0,0,4.162713796565887,40
0,2,1,30.0,45.0,2.0,0,2.258592953664176,28
0,2,2,44.0,52.0,3.0,0,3.371691385715474,30
1,1,1,61.0,26.0,2.0,0,2.3758353967275645,111
1,1,3,61.0,48.0,4.0,0,0.20404812460025054,105
0,2,5,27.0,93.0,4.0,0,2.788133737086495,65
0,1,4,75.0,53.0,5.0,0,2.494450230577103,138
0,1,4,1.0,9.0,1.0,0,1.8685447855992179,85
1,3,1,18.0,13.0,3.0,1,0.7530093799442631,84
0,3,1,32.0,86.0,3.0,0,1.6284429581278712,20
1,3,5,91.0,36.0,3.0,0,1.70564720024604,107
1,1,3,7.0,86.0,3.0,0,0.8476892491744996,118
1,1,3,74.0,21.0,4.0,0,2.294604197135282,103
1,2,3,37.0,17.0,1.0,1,0.6701881964815242,75
1,1,2,35.0,49.0,2.0,0,2.028570211180126,24
1,2,4,9.0,67.0,5.0,0,0.8702518230076515,131
0,2,4,12.0,39.0,3.0,0,0.5529457534181358,13
0,3,5,4.0,28.0,2.0,0,0.7115987882128937,14
0,3,4,7.0,64.0,4.0,0,0.47799875764877126,41
0,3,3,29.0,26.0,1.0,0,1.4990294277578062,142
1,3,1,77.0,42.0,5.0,0,0.5956261332794407,78
0,2,1,55.0,37.0,1.0,0,1.9469038254192301,136
1,2,5,12.0,42.0,4.0,0,0.7684676312186028,41
1,1,5,13.0,99.0,4.0,0,0.5419294638133025,105
0,3,5,12.0,10.0,5.0,0,0.7584087282045263,5
0,2,5,3.0,25.0,5.0,0,0.5295407834223195,16
0,2,5,60.0,39.0,2.0,1,1.387186332954681,108
0,2,2,40.0,49.0,2.0,0,3.854204636061854,28
1,1,1,82.0,19.0,3.0,0,0.7684676312186028,101
0,3,5,4.0,69.0,3.0,0,3.293834364344385,98
0,3,4,34.0,76.0,4.0,0,1.057709176058489,115
0,1,2,97.0,19.0,3.0,0,4.311505339457654,117
1,1,4,60.0,47.0,3.0,0,0.8476892491744996,44
1,3,1,93.0,55.0,3.0,0,2.821182605900995,41
0,1,1,49.0,51.0,1.0,0,3.2474596105213656,26
0,1,1,38.0,54.0,2.0,0,2.4048573080679505,31
1,3,2,17.0,13.0,1.0,1,0.5185244938174862,85
0,3,5,1.0,27.0,4.0,0,0.6467832264857079,7
0,1,2,23.0,39.0,3.0,0,3.4074850361022735,21
1,3,4,74.0,43.0,2.0,0,1.8631454373389547,103
1,3,3,86.0,17.0,5.0,0,1.3761700433498478,157
1,3,1,46.0,14.0,5.0,0,2.4930778397909528,41
1,1,4,88.0,45.0,5.0,0,2.294604197135282,87
0,3,1,76.0,60.0,5.0,0,1.2944813801621824,94
0,2,2,41.0,54.0,1.0,0,3.8240279270196247,27
1,2,2,84.0,69.0,3.0,0,1.6518479281236873,172
1,3,1,63.0,38.0,3.0,0,1.6064103789182047,135
1,3,3,82.0,56.0,4.0,0,1.5001842254596496,97
1,3,2,54.0,84.0,1.0,0,1.5469941654512822,190
1,2,2,66.0,33.0,5.0,0,1.0517373737747502,77
1,3,4,53.0,42.0,5.0,0,1.95951009889452,89
0,2,2,58.0,50.0,3.0,0,2.7095571041821764,13
1,1,2,21.0,36.0,1.0,1,0.3060721869003758,68
1,3,2,99.0,21.0,1.0,0,3.597379362756768,156
1,3,3,53.0,15.0,2.0,1,0.12963112345437156,115
1,2,1,78.0,76.0,3.0,0,2.1827611023321567,77
1,3,3,49.0,16.0,1.0,1,0.49374713303552,88
1,3,5,66.0,53.0,2.0,0,2.20076672406771,119
1,3,4,16.0,33.0,3.0,0,4.234518690423792,135
1,3,5,52.0,99.0,3.0,0,1.5361954689307558,184
0,1,5,77.0,40.0,1.0,1,1.3763876364341545,104
1,3,1,73.0,67.0,2.0,0,1.9705263884993531,115
1,3,4,24.0,8.0,2.0,0,0.9026132473705832,117
0,2,2,71.0,98.0,4.0,0,3.0689933770362914,88
0,3,3,21.0,23.0,5.0,0,1.395590515271541,63
1,1,2,28.0,51.0,2.0,0,3.847432897015441,26
1,3,2,44.0,51.0,2.0,0,4.000468990465629,33
0,2,4,13.0,60.0,4.0,0,4.987310477283748,108
1,1,1,25.0,39.0,4.0,0,4.025028758163288,24
1,3,4,46.0,50.0,5.0,0,0.4393028758615895,100
1,1,1,78.0,71.0,3.0,0,3.404522661445667,72
1,3,5,6.0,22.0,3.0,0,0.6053726347543384,15
0,3,2,51.0,32.0,5.0,0,1.8820882636920442,133
1,1,3,49.0,9.0,1.0,1,0.49374713303552,98
0,3,5,31.0,62.0,1.0,0,0.5956261332794407,132
0,3,2,46.0,19.0,2.0,0,2.5124558523126557,109
1,2,2,82.0,22.0,1.0,0,0.31168912824494577,100
0,3,5,5.0,45.0,1.0,0,0.6935931664773405,15
1,2,5,59.0,9.0,3.0,0,1.388558723740831,118
1,2,3,50.0,33.0,1.0,0,1.7718351527593756,186
0,3,5,1.0,13.0,3.0,0,0.6701881964815242,12
1,2,5,12.0,31.0,2.0,0,0.41769768861919426,99
0,2,1,33.0,54.0,2.0,0,3.1340265318477836,31
0,3,3,13.0,31.0,1.0,1,1.693258519855057,99
1,2,5,33.0,33.0,2.0,1,1.7180358806370233,142
1,2,2,69.0,21.0,3.0,0,1.0410759451090859,63
0,2,1,31.0,33.0,2.0,0,3.511903612606065,14
1,3,1,7.0,50.0,2.0,0,0.5171521030313363,12
0,3,4,24.0,94.0,2.0,1,1.4339962729463138,106
0,3,5,92.0,56.0,4.0,0,1.3035103655573999,90
1,3,5,44.0,87.0,5.0,0,0.5020062532961754,134
0,1,1,7.0,67.0,3.0,0,2.027197820393976,25
1,2,2,38.0,2.0,1.0,1,0.5653344338091189,67
1,2,4,90.0,26.0,4.0,0,2.1705900150254807,179
1,3,3,92.0,27.0,3.0,0,2.035341950226539,138
1,3,4,60.0,47.0,4.0,0,0.6913659917566483,153
1,3,5,15.0,10.0,3.0,0,1.2949388437575657,24
1,3,1,89.0,55.0,4.0,0,2.0173363284909858,109
1,3,5,97.0,49.0,3.0,0,1.1058915068362716,78
1,2,4,86.0,47.0,2.0,0,0.706054377896426,107
0,1,5,61.0,95.0,2.0,1,1.1419027503073778,171
1,2,5,52.0,9.0,5.0,0,1.058863973760332,146
1,3,1,63.0,9.0,1.0,0,0.3294771568961921,150
0,3,1,1.0,38.0,3.0,0,0.5819676647585221,13
1,3,1,31.0,50.0,5.0,0,0.792475126866007,1
1,3,4,75.0,68.0,5.0,0,1.694630910641207,100
1,1,2,58.0,75.0,2.0,0,1.3225883643118022,180
1,1,1,96.0,96.0,1.0,0,3.9050415335276,72
1,2,1,36.0,24.0,4.0,0,0.9238335020456974,23
1,1,2,28.0,33.0,2.0,0,2.035341950226539,19
1,3,5,12.0,23.0,4.0,0,0.44671959995958055,8
1,1,4,68.0,17.0,1.0,0,0.2427440063874323,100
1,2,1,33.0,49.0,2.0,0,1.886550407334771,10
1,2,1,14.0,7.0,1.0,0,0.9292328503059606,100
0,2,3,97.0,37.0,2.0,0,0.97064344203733,79
1,2,3,86.0,57.0,2.0,0,1.788468383708779,118
1,3,2,95.0,39.0,2.0,0,1.8656726258269478,125
1,3,2,73.0,46.0,2.0,0,1.6174266685230378,108
0,1,1,54.0,39.0,1.0,0,4.201469821609293,18
0,2,5,13.0,48.0,1.0,0,0.73500375820871,16
1,3,5,65.0,11.0,3.0,0,2.3589845726938545,162
0,2,5,6.0,32.0,5.0,0,0.7998193199358958,2
1,2,5,63.0,64.0,5.0,0,2.734116871879836,116
1,2,4,58.0,76.0,4.0,0,1.799484673313612,125
0,1,4,29.0,27.0,1.0,0,3.39169879488607,105
1,3,1,75.0,73.0,5.0,0,1.9347327381125536,130
0,3,5,3.0,38.0,1.0,0,0.8232242899317121,17
1,3,4,10.0,14.0,3.0,0,0.73500375820871,8
1,3,5,87.0,75.0,4.0,0,1.5830054089223884,142
0,3,4,11.0,51.0,4.0,0,0.5171521030313363,12
1,3,4,61.0,74.0,3.0,0,2.5169179959553825,47
1,3,5,81.0,52.0,4.0,0,1.8519115546498148,94
1,1,4,96.0,48.0,5.0,0,3.3682938248902543,30
0,2,5,79.0,76.0,5.0,0,2.1057744532982947,146
0,3,5,2.0,52.0,5.0,0,0.3350940982407621,14
0,2,5,3.0,39.0,4.0,0,0.6935931664773405,6
0,2,4,4.0,24.0,4.0,0,0.3999096599679479,24
0,3,1,36.0,32.0,2.0,0,2.8185280392130316,4
1,1,3,78.0,95.0,2.0,0,0.38889337036311467,90
1,3,5,10.0,10.0,3.0,0,0.5295407834223195,24
1,3,2,94.0,30.0,3.0,0,2.20076672406771,72
0,2,4,57.0,4.0,5.0,0,2.3303978475220815,113
1,1,3,60.0,9.0,1.0,1,0.6701881964815242,110
1,3,2,74.0,32.0,1.0,0,0.6196336289268448,145
1,3,5,40.0,61.0,2.0,0,1.21190006721052,134
0,3,3,82.0,34.0,1.0,1,1.2355226302906432,125
1,1,5,60.0,25.0,4.0,0,1.9347327381125536,91
1,1,1,53.0,23.0,4.0,0,0.6121443738007516,100
0,2,5,80.0,24.0,2.0,0,2.051757588091635,166
1,2,5,61.0,9.0,5.0,0,3.0473959839952385,133
1,1,3,72.0,85.0,5.0,0,1.3734128740056704,92
1,2,2,59.0,33.0,4.0,0,2.3650367002070376,32
0,3,1,6.0,39.0,1.0,0,3.45694954278187,153
1,3,4,1.0,14.0,4.0,0,0.5171521030313363,14
1,1,5,53.0,55.0,1.0,1,0.8714066207094947,133
1,2,5,48.0,11.0,1.0,1,0.8466292599275285,95
1,3,2,68.0,21.0,3.0,0,0.8122080003268789,123
1,3,5,15.0,0.0,4.0,0,0.6748477512353374,118
1,2,4,12.0,48.0,3.0,0,0.6177613151453216,14
1,3,5,63.0,4.0,5.0,0,1.800857064099762,152
1,3,4,79.0,77.0,1.0,0,2.0119369802307228,79
0,3,2,83.0,17.0,4.0,0,2.0587469202223554,119
0,1,1,38.0,47.0,4.0,0,3.101195256117591,37
0,2,5,40.0,58.0,5.0,0,1.7524571402376727,168
1,1,4,68.0,5.0,2.0,1,0.6701881964815242,81
0,1,2,38.0,38.0,2.0,0,2.8045493749515917,28
0,2,3,68.0,98.0,5.0,0,3.033199726649492,109
1,3,5,2.0,39.0,3.0,0,0.5295407834223195,9
1,2,5,85.0,88.0,4.0,0,2.0531299788777853,158
0,3,5,7.0,97.0,5.0,0,1.7954577158394989,95
1,1,3,74.0,61.0,4.0,0,1.70564720024604,94
1,2,2,57.0,12.0,2.0,0,0.41769768861919426,9
0,1,1,21.0,43.0,2.0,0,3.6997961518255162,19
1,2,4,13.0,30.0,1.0,0,0.5295407834223195,10
1,3,2,25.0,89.0,1.0,0,0.8232242899317121,7
1,1,4,1.0,56.0,3.0,1,0.3060721869003758,71
0,1,1,98.0,56.0,4.0,0,2.979835640695753,27
1,2,1,34.0,0.0,4.0,0,0.6121443738007516,91
1,3,4,41.0,20.0,4.0,0,2.2169647688484995,103
1,3,4,13.0,22.0,3.0,0,0.6467832264857079,11
1,2,1,14.0,76.0,1.0,0,2.3346423980805016,59
0,2,3,60.0,27.0,1.0,0,1.2944813801621824,181
0,2,1,33.0,54.0,2.0,0,4.205714372167712,17
0,2,5,5.0,10.0,2.0,0,0.7059818468683237,17
1,3,1,32.0,46.0,2.0,0,3.8773920129733637,10
1,3,4,14.0,43.0,4.0,0,1.1381581227443311,57
0,1,1,17.0,57.0,2.0,0,3.8289920891112743,181
1,1,1,48.0,53.0,3.0,0,2.1649730736809105,4
0,2,2,65.0,42.0,3.0,0,1.9234988554234138,107
0,2,2,23.0,50.0,2.0,0,2.6114750805561844,35
0,1,2,47.0,33.0,2.0,0,1.9003114785119042,32
0,2,2,86.0,45.0,2.0,0,1.987879230981986,141
1,2,2,52.0,30.0,3.0,0,0.6467832264857079,104
0,3,2,37.0,44.0,2.0,0,3.381117691449851,29
1,3,5,11.0,17.0,4.0,0,0.35849906823657846,22
1,3,2,46.0,6.0,5.0,0,1.3347594516184784,133
1,1,3,50.0,26.0,5.0,0,1.3181262206690754,139
0,2,1,72.0,84.0,2.0,1,1.0230703233735325,160
0,1,1,40.0,53.0,3.0,0,2.93015354093185,24
1,3,5,69.0,19.0,2.0,0,0.1176273756306695,170
1,2,2,43.0,50.0,1.0,0,0.6287776047501548,96
0,2,5,89.0,43.0,2.0,1,1.012271626853006,122
0,2,5,71.0,43.0,5.0,0,1.7166634898508732,133
1,1,2,6.0,4.0,1.0,1,0.5185244938174862,56
1,1,5,55.0,76.0,1.0,0,0.8714066207094947,113
1,3,3,81.0,49.0,5.0,0,2.8160008507250387,105
1,2,2,40.0,7.0,1.0,0,0.8548883801881839,53
0,1,2,41.0,44.0,2.0,0,3.2884350160841214,27
0,3,2,86.0,44.0,1.0,1,1.3763876364341545,78
1,3,2,33.0,9.0,3.0,1,0.17644106344600424,97
0,2,2,40.0,28.0,1.0,1,1.083858927626605,113
0,2,5,7.0,40.0,2.0,0,0.3999096599679479,10
0,2,2,44.0,30.0,3.0,0,2.771718099221399,27
1,3,5,81.0,52.0,5.0,0,0.830213622062432,39
1,2,4,81.0,13.0,3.0,0,3.117828487066994,96
1,1,3,30.0,97.0,3.0,0,1.229905688946073,143
1,1,2,10.0,13.0,2.0,1,0.5405570730271527,98
1,1,2,13.0,83.0,2.0,0,3.647151677405007,82
0,3,4,1.0,47.0,5.0,0,0.5763507234139521,17
1,1,1,77.0,73.0,4.0,0,1.5884047571826516,122
1,1,4,23.0,24.0,5.0,0,1.0066546855084362,53
1,2,4,83.0,53.0,4.0,0,2.1593561323363404,95
1,1,2,48.0,79.0,2.0,1,1.246756512979783,152
0,3,5,43.0,16.0,1.0,1,2.211783013672543,89
0,2,1,36.0,31.0,1.0,0,2.0173363284909858,41
0,2,1,1.0,30.0,4.0,0,0.4523365413041506,6
0,2,4,13.0,16.0,4.0,0,0.48813019169095,15
0,3,1,10.0,56.0,2.0,0,0.8232242899317121,12
0,2,5,75.0,98.0,2.0,0,1.147302098567641,124
1,2,1,30.0,44.0,1.0,0,3.2886526091684285,31
1,1,1,81.0,42.0,1.0,0,2.7399514063087125,83
0,3,5,10.0,53.0,3.0,0,0.7584087282045263,9
1,3,4,27.0,11.0,1.0,1,0.3641160095811484,82
1,1,1,80.0,76.0,2.0,0,1.5935865123586082,88
1,2,5,58.0,57.0,5.0,0,2.2943866040509753,113
0,3,2,37.0,39.0,2.0,0,3.806959509901608,31
1,2,1,58.0,36.0,2.0,0,3.6007769235819875,11
1,3,1,67.0,77.0,5.0,0,1.6007934375736348,104
1,3,2,59.0,28.0,5.0,0,1.323960755097952,115
0,1,5,42.0,79.0,1.0,0,3.0359445082217915,93
1,2,4,88.0,9.0,3.0,0,1.6754704912038108,175
1,2,1,22.0,75.0,4.0,0,0.32167550023092,12
1,1,4,21.0,56.0,2.0,0,0.35288212689200843,69
1,3,5,52.0,68.0,5.0,0,1.46439057507285,120
1,1,5,69.0,34.0,5.0,0,2.2227993032773763,91
0,3,1,29.0,45.0,2.0,0,3.3768731408914303,25
0,3,5,11.0,36.0,5.0,0,0.7584087282045263,18
0,3,1,4.0,36.0,2.0,0,0.3999096599679479,13
0,3,2,25.0,60.0,5.0,0,3.1628308501038633,98
1,1,4,45.0,11.0,1.0,1,0.3060721869003758,84
0,1,1,38.0,49.0,3.0,0,2.294604197135282,28
1,3,5,3.0,14.0,5.0,0,0.6053726347543384,17
1,1,5,54.0,5.0,3.0,0,1.7470577919774095,158
1,1,5,39.0,57.0,1.0,1,1.059081566844639,60
0,2,2,81.0,8.0,5.0,0,4.133909478309807,132
1,3,3,92.0,70.0,3.0,0,1.6712259406453904,88
0,3,5,5.0,14.0,4.0,0,0.6177613151453216,17
0,3,5,8.0,37.0,4.0,0,0.44671959995958055,7
0,3,5,66.0,26.0,2.0,0,2.8653379792046643,110
0,3,5,90.0,19.0,5.0,0,1.94827621620538,143
1,2,3,58.0,81.0,5.0,0,1.9304881875541335,129
1,1,3,53.0,48.0,5.0,0,2.029725008881969,135
1,3,5,70.0,61.0,3.0,0,1.9538931575499499,105
0,2,2,24.0,43.0,3.0,0,4.340744843882347,17
0,3,4,4.0,46.0,5.0,0,0.8232242899317121,21
1,3,5,45.0,35.0,3.0,0,1.7180358806370233,125
1,2,5,47.0,12.0,1.0,1,0.0,83
1,3,2,54.0,68.0,5.0,0,1.4051919546902343,156
1,1,3,78.0,66.0,1.0,0,1.7774520941039458,121
1,3,2,82.0,93.0,5.0,0,1.9896868079367493,150
1,2,4,45.0,21.0,4.0,0,1.9703087954150464,165
1,3,3,82.0,2.0,5.0,0,0.48813019169095,84
1,3,2,69.0,47.0,4.0,0,2.105556860213988,102
0,3,1,56.0,49.0,2.0,0,2.5952770357753945,28
1,2,5,27.0,14.0,1.0,1,0.5405570730271527,66
0,2,4,11.0,19.0,2.0,0,0.8232242899317121,16
1,3,4,38.0,6.0,2.0,0,0.8054362612804657,59
1,3,4,97.0,54.0,4.0,0,1.3939580720010942,138
1,1,5,91.0,45.0,5.0,0,1.8242620340955784,124
1,3,1,1.0,17.0,4.0,0,1.912264972734274,84
1,2,2,88.0,20.0,1.0,0,2.3472486715557914,140
1,3,4,4.0,8.0,4.0,0,0.6177613151453216,3
1,1,4,91.0,64.0,3.0,0,1.3939580720010942,130
0,3,5,9.0,57.0,3.0,0,0.6701881964815242,20
0,3,5,21.0,2.0,5.0,0,1.4267971419326295,166
1,3,2,77.0,16.0,1.0,0,1.1707070685634573,90
1,3,2,89.0,4.0,5.0,0,0.5115351616867663,65
1,3,4,81.0,57.0,4.0,0,1.5649997871868353,98
0,3,5,3.0,22.0,5.0,0,0.6177613151453216,5
0,3,1,37.0,35.0,2.0,0,3.317456927424508,40
0,3,4,4.0,63.0,2.0,1,1.0343042060626726,101
1,3,5,52.0,1.0,1.0,1,0.3641160095811484,92
0,1,1,36.0,53.0,1.0,0,3.1353989226339336,33
0,2,2,44.0,44.0,1.0,0,3.3012588826437184,38
1,3,4,60.0,54.0,4.0,0,2.5648827336488584,131
1,1,1,21.0,34.0,1.0,0,1.2949388437575657,44
0,2,5,2.0,33.0,3.0,0,0.3350940982407621,18
0,3,3,99.0,39.0,3.0,0,1.663881747575502,24
0,2,5,70.0,24.0,5.0,0,1.5058011668042195,125
1,2,2,76.0,46.0,2.0,0,2.4469875113325497,72
1,3,5,15.0,41.0,2.0,0,0.74062069955328,96
1,2,5,87.0,17.0,3.0,0,1.141685157223071,163
1,1,4,19.0,47.0,1.0,0,0.37688962253941255,82
1,2,5,4.0,47.0,2.0,0,0.5185244938174862,121
0,3,5,60.0,99.0,5.0,0,2.047513037533215,182
1,1,4,68.0,74.0,5.0,0,1.199511386819537,145
1,3,3,64.0,9.0,5.0,0,3.1412334570628104,73
0,2,1,5.0,42.0,2.0,0,0.7584087282045263,6
0,2,5,13.0,38.0,4.0,0,0.48813019169095,5
1,2,2,44.0,10.0,1.0,1,0.8466292599275285,80
1,3,3,74.0,68.0,1.0,0,0.6992101078219105,95
0,3,1,8.0,12.0,4.0,0,0.5295407834223195,17
1,3,3,22.0,81.0,5.0,0,0.9341099981440806,126
1,3,2,59.0,21.0,5.0,0,2.1827611023321567,151
1,2,3,65.0,17.0,1.0,1,0.7169981364731569,105
1,3,2,27.0,39.0,4.0,0,4.047278930457262,28
1,3,5,12.0,45.0,2.0,0,0.5763507234139521,8
1,3,2,53.0,22.0,1.0,1,0.3060721869003758,90
0,3,5,32.0,33.0,3.0,0,0.8860950068492723,82
0,2,2,86.0,92.0,3.0,0,0.8232242899317121,116
1,3,5,9.0,59.0,3.0,0,0.7169981364731569,11
1,2,4,74.0,59.0,4.0,0,1.95813770810837,102
0,2,1,49.0,78.0,1.0,0,1.3775424341359979,185
1,2,5,36.0,20.0,5.0,0,0.6121443738007516,74
1,2,2,5.0,51.0,5.0,0,1.2557854983750005,61
0,3,1,9.0,24.0,5.0,0,0.42331462996376423,20
1,3,1,82.0,12.0,4.0,0,0.5884270022657564,122
1,1,3,42.0,66.0,4.0,0,1.0410759451090859,162
0,3,5,1.0,40.0,3.0,0,0.46472522169513364,8
1,3,5,12.0,38.0,3.0,0,0.6935931664773405,14
0,3,4,69.0,48.0,1.0,0,2.2876148650045622,163
0,2,5,67.0,28.0,2.0,0,2.3357971957823445,71
1,2,5,4.0,25.0,3.0,0,0.35849906823657846,15
1,3,4,78.0,70.0,3.0,0,2.2588105467484825,118
0,2,2,19.0,75.0,1.0,0,2.241742129630466,35
1,3,5,33.0,44.0,3.0,0,1.6768428819899603,50
0,2,1,56.0,40.0,3.0,0,2.4064472919384072,35
1,3,5,70.0,4.0,5.0,0,1.4947848771993861,146
1,1,2,47.0,31.0,3.0,0,4.000251397381322,30
0,1,2,85.0,54.0,5.0,0,1.5114181081487894,113
1,3,5,81.0,77.0,1.0,1,1.3539198710558749,125
0,2,5,58.0,92.0,5.0,0,1.4877955450686664,148
0,2,4,62.0,48.0,3.0,0,2.3895964679046973,184
1,1,1,75.0,33.0,1.0,0,1.47000751641742,160
1,3,1,4.0,9.0,2.0,0,0.8232242899317121,22
1,3,2,25.0,10.0,2.0,1,0.6949655572634905,78
1,2,5,69.0,47.0,5.0,0,2.0643638615669255,64
1,3,4,90.0,71.0,2.0,0,1.6300329419983277,145
1,2,5,66.0,74.0,4.0,0,2.0531299788777853,119
1,1,4,86.0,60.0,5.0,0,2.4476402905854697,113
1,3,3,57.0,38.0,5.0,0,1.7774520941039458,149
1,2,1,12.0,77.0,5.0,0,2.317573980962485,122
0,3,5,41.0,61.0,5.0,0,2.094540570609155,130
1,3,1,71.0,50.0,1.0,0,1.70564720024604,92
1,3,1,11.0,43.0,2.0,0,0.8232242899317121,16
0,3,1,2.0,25.0,4.0,0,0.6287776047501548,10
1,3,3,49.0,80.0,5.0,0,1.7124189392924531,108
1,3,5,74.0,90.0,2.0,0,1.2065007189502568,104
0,2,5,5.0,33.0,4.0,0,0.44671959995958055,6
1,1,4,63.0,49.0,3.0,0,2.6101026897700343,87
1,2,5,75.0,89.0,5.0,0,0.3528821268920085,91
0,3,1,7.0,14.0,3.0,0,0.7059818468683237,12
1,3,1,98.0,38.0,4.0,0,2.1303342209959544,142
0,2,4,83.0,40.0,5.0,0,0.6361518694481557,111
1,1,5,17.0,46.0,5.0,0,1.114150627096927,63
1,3,5,75.0,51.0,5.0,0,2.717918827099046,102
1,1,3,69.0,9.0,1.0,1,0.3641160095811484,93
1,3,4,3.0,19.0,2.0,0,0.42331462996376423,2
1,1,2,33.0,35.0,1.0,1,0.6233782564898915,84
1,3,5,26.0,72.0,1.0,0,3.480136919693379,140
0,3,4,72.0,63.0,5.0,0,2.193994985021297,120
0,2,5,42.0,98.0,5.0,0,2.269609243269009,159
1,2,3,73.0,40.0,5.0,0,2.0175539215752925,148
0,2,5,67.0,92.0,5.0,0,2.4172459884589337,108
1,2,5,43.0,13.0,1.0,0,1.2643269485467228,25
0,2,2,32.0,94.0,1.0,1,0.8714066207094947,176
1,3,4,78.0,86.0,5.0,0,1.3734128740056704,137
1,3,2,88.0,21.0,4.0,0,0.5997556934097685,96
0,3,2,29.0,37.0,2.0,0,2.9688193510909198,16
1,3,3,97.0,48.0,4.0,0,1.894694537167334,138
1,2,5,78.0,66.0,3.0,0,1.635432290258591,148
1,1,5,91.0,30.0,3.0,0,2.3236261084756684,98
1,1,1,81.0,77.0,1.0,0,1.1954844293454236,94
1,2,4,77.0,58.0,4.0,0,1.864300235040798,95
1,1,4,96.0,63.0,2.0,0,2.3884416702028544,118
0,1,2,56.0,51.0,3.0,0,2.110956208474251,45
0,3,2,55.0,46.0,3.0,0,2.5387329820807425,132
0,3,4,25.0,18.0,3.0,0,2.515110419000619,118
1,1,5,35.0,27.0,4.0,0,0.5185244938174862,49
1,1,2,33.0,50.0,3.0,1,0.6233782564898915,86
0,2,5,55.0,51.0,3.0,0,2.662747164190544,102
1,3,2,26.0,60.0,3.0,0,0.8089933673873179,19
1,3,2,66.0,91.0,1.0,0,1.894694537167334,84
1,3,2,34.0,78.0,4.0,0,0.5497311204785746,80
1,1,4,78.0,42.0,5.0,0,1.0232879164578395,33
1,3,5,87.0,73.0,5.0,0,1.882305856776351,68
1,1,5,66.0,31.0,1.0,0,0.9762603833819,114
1,1,4,31.0,14.0,4.0,0,0.2427440063874323,119
0,2,5,8.0,45.0,2.0,0,0.6287776047501548,12
1,3,5,8.0,20.0,5.0,0,0.3999096599679479,8
1,3,1,60.0,66.0,5.0,0,2.157983741550191,118
0,3,1,9.0,29.0,3.0,0,0.3350940982407621,17
0,3,4,9.0,45.0,4.0,0,0.5295407834223195,12
1,2,3,30.0,24.0,1.0,1,0.5405570730271527,100
0,2,1,43.0,30.0,2.0,0,2.586697719774218,25
1,3,5,78.0,39.0,2.0,0,1.2589276002864596,131
0,3,3,54.0,82.0,5.0,0,1.8408952650449817,128
1,1,3,97.0,67.0,3.0,0,2.3538028175178978,132
0,2,5,78.0,73.0,4.0,0,2.1661278713827534,53
1,3,1,98.0,35.0,5.0,0,1.9953037492813193,130
1,1,1,38.0,53.0,2.0,0,1.7636910229268126,29
1,1,2,24.0,63.0,2.0,0,1.0442481186486567,88
1,2,3,5.0,4.0,1.0,1,0.17644106344600424,94
0,3,2,87.0,25.0,5.0,0,2.1649730736809105,132
1,1,5,86.0,20.0,3.0,0,1.6754704912038108,119
0,1,5,71.0,5.0,3.0,0,1.5071735575903693,178
0,1,5,87.0,62.0,2.0,1,1.1527014468279042,164
1,3,1,10.0,32.0,2.0,0,0.6053726347543384,20
0,3,3,47.0,26.0,3.0,0,1.073915015040621,172
0,2,5,8.0,13.0,3.0,0,0.7059818468683237,9
1,2,2,31.0,27.0,1.0,1,0.38889337036311467,89
1,3,1,37.0,54.0,3.0,0,3.070800953991055,29
1,3,5,11.0,21.0,5.0,0,0.73500375820871,14
0,2,1,57.0,53.0,4.0,0,3.712402425300806,37
0,3,5,65.0,56.0,1.0,1,0.8466292599275285,166
1,2,3,49.0,59.0,2.0,0,2.0779073396597516,119
0,1,5,27.0,86.0,5.0,0,2.804984561120205,77
1,3,5,53.0,31.0,5.0,0,0.8356129703226952,158
0,2,2,21.0,35.0,2.0,0,3.1988420935749695,27
0,3,3,4.0,46.0,3.0,0,2.915020078968567,24
1,1,1,3.0,13.0,3.0,0,0.9413091291577649,93
0,3,2,43.0,42.0,2.0,0,4.3587504656179,6
1,2,5,65.0,92.0,5.0,0,1.5125729058506328,6
0,2,2,34.0,35.0,2.0,0,3.4470880508788793,20
1,1,1,82.0,20.0,5.0,0,1.0130414919875683,93
0,2,1,98.0,3.0,3.0,0,2.798714840522715,44
1,3,1,71.0,53.0,2.0,0,2.2241716940635263,86
0,2,1,74.0,19.0,3.0,0,3.238880294520189,117
1,1,1,80.0,29.0,5.0,0,2.20076672406771,116
0,3,5,1.0,57.0,3.0,0,0.44671959995958055,14
0,3,1,9.0,14.0,3.0,0,0.5115351616867663,11
1,3,3,86.0,62.0,1.0,0,2.264209895008746,127
0,2,3,56.0,46.0,1.0,0,2.242177315799079,146
1,3,5,50.0,12.0,1.0,0,0.9362221824366805,76
0,1,5,6.0,57.0,1.0,0,3.9682671113843293,63
1,3,4,88.0,64.0,4.0,0,2.2241716940635263,89
1,3,1,99.0,60.0,1.0,0,1.3361318424046285,111
0,3,5,13.0,30.0,2.0,0,0.27027853651357636,11
0,2,4,4.0,60.0,2.0,0,2.828607124200328,185
1,1,2,53.0,35.0,2.0,0,3.9476069229608126,24
0,1,1,26.0,46.0,1.0,0,3.2102935693484165,118
0,2,1,7.0,19.0,2.0,0,0.5763507234139521,15
0,3,4,4.0,52.0,2.0,0,0.5763507234139521,22
0,1,2,53.0,49.0,4.0,0,2.8403430253383912,14
1,1,5,4.0,30.0,1.0,1,0.5405570730271527,67
1,3,3,84.0,52.0,4.0,0,3.710377255261736,150
1,3,1,54.0,32.0,4.0,0,1.8656726258269478,84
0,2,5,80.0,48.0,1.0,1,0.5405570730271527,113
0,2,5,78.0,72.0,3.0,0,2.193994985021297,126
1,2,5,77.0,70.0,5.0,0,1.0712526541513152,119
0,2,5,70.0,10.0,5.0,0,1.370553102005278,143
1,2,5,47.0,6.0,5.0,0,1.8172727019648585,185
1,3,5,7.0,39.0,3.0,0,0.7059818468683237,20
0,1,2,39.0,50.0,2.0,0,2.3758353967275645,24
0,3,5,10.0,11.0,4.0,0,0.5295407834223195,17
0,2,2,22.0,44.0,3.0,0,3.054385316125958,4
1,3,5,54.0,17.0,1.0,0,1.212117660294827,124
0,3,5,13.0,31.0,5.0,0,0.7998193199358958,7
0,3,3,73.0,88.0,1.0,0,3.2694921897310323,64
0,3,5,9.0,43.0,5.0,0,0.6411662851411379,6
1,1,3,40.0,36.0,4.0,0,2.286242474218412,166
1,1,3,47.0,56.0,3.0,1,0.6949655572634905,92
0,3,5,59.0,38.0,5.0,0,1.71126414159061,104
0,3,1,38.0,12.0,3.0,0,1.7058647933303468,47
1,1,5,73.0,89.0,1.0,0,1.068255614296061,85
1,1,2,62.0,14.0,1.0,0,1.1596907789586242,44
0,2,1,77.0,10.0,5.0,0,1.5773884675778183,185
1,2,4,47.0,72.0,5.0,0,0.705764253784017,146
1,2,1,8.0,18.0,5.0,0,0.27027853651357636,18
0,2,2,86.0,64.0,5.0,0,2.031097399668119,158
0,3,5,57.0,98.0,1.0,1,1.3403763929630483,106
1,2,5,67.0,78.0,4.0,0,2.046358239831372,90
1,1,1,32.0,44.0,4.0,0,3.3633296627986047,33
0,3,2,32.0,21.0,2.0,1,0.9542278041722336,96
1,3,5,7.0,46.0,5.0,0,0.6701881964815242,18
1,1,5,75.0,65.0,4.0,0,0.7537792450788251,40
0,2,1,55.0,53.0,3.0,0,3.7245735126074826,6
0,3,5,6.0,28.0,2.0,0,0.6287776047501548,10
1,2,5,88.0,69.0,3.0,0,2.764728767090679,166
1,3,3,75.0,55.0,5.0,0,1.4409856050770338,124
0,1,3,57.0,30.0,2.0,1,1.3291425102739085,152
1,2,2,53.0,14.0,1.0,1,0.48251325034638004,90
0,1,4,96.0,32.0,1.0,0,4.234518690423792,149
0,2,1,55.0,30.0,3.0,0,2.6350976436363074,197
0,2,3,59.0,82.0,3.0,0,1.6890139692966368,148
0,1,1,48.0,52.0,3.0,0,2.9895697543987723,19
0,1,1,37.0,32.0,4.0,0,3.830582072981731,32
0,2,2,70.0,18.0,4.0,0,2.3303978475220815,106
1,3,5,3.0,41.0,2.0,0,0.7584087282045263,10
1,1,1,89.0,99.0,1.0,0,1.1997289799038438,121
1,1,5,48.0,5.0,1.0,0,0.5887394038049352,116
1,1,4,63.0,56.0,1.0,0,0.729771749431421,104
1,1,1,61.0,76.0,1.0,0,2.1649730736809105,104
1,3,3,88.0,66.0,1.0,0,1.9525207667638,125
1,3,5,5.0,12.0,4.0,0,1.114150627096927,80
1,2,1,22.0,92.0,4.0,0,2.857193849372101,108
1,3,4,99.0,73.0,4.0,0,1.3057375402780922,85
0,1,2,23.0,43.0,2.0,0,3.328473217029341,42
1,3,5,82.0,44.0,5.0,0,2.5000671719216725,88
1,1,2,54.0,88.0,1.0,0,0.7684676312186028,90
1,1,2,3.0,33.0,1.0,1,0.6701881964815242,79
1,2,4,11.0,17.0,5.0,0,1.7290521702418564,107
1,3,1,37.0,46.0,2.0,0,3.4239006739673696,36
0,2,5,50.0,14.0,1.0,0,1.1381581227443311,74
1,3,2,27.0,48.0,3.0,0,2.8457423735986547,38
0,3,2,40.0,40.0,2.0,0,3.263875248386462,17
0,3,5,72.0,73.0,4.0,0,2.116573149818821,120
1,1,3,49.0,15.0,1.0,1,0.17644106344600424,84
1,2,2,44.0,99.0,5.0,0,1.5816330181362384,154
1,3,5,7.0,33.0,3.0,0,0.6701881964815242,19
1,1,1,59.0,33.0,1.0,0,1.9995482998397396,108
1,2,3,76.0,35.0,5.0,0,1.2755608312358626,145
1,1,4,72.0,57.0,5.0,0,0.9596271524324969,100
1,1,4,45.0,1.0,3.0,0,2.094322977524848,87
0,3,4,41.0,67.0,1.0,0,4.106042364671264,128
1,2,1,72.0,55.0,4.0,0,1.8231072363937353,89
0,3,2,68.0,41.0,5.0,0,2.3414141371269146,180
1,3,1,57.0,28.0,4.0,0,1.6408316385188542,92
1,2,4,3.0,2.0,3.0,1,0.6701881964815242,98
0,2,3,88.0,94.0,1.0,0,4.452370345601166,58
1,2,2,45.0,37.0,4.0,0,4.124483172575431,35
0,3,5,5.0,40.0,5.0,0,0.5529457534181358,15
1,2,4,85.0,69.0,2.0,0,2.892552313590287,58
0,3,5,7.0,44.0,3.0,0,0.46472522169513364,8
1,3,4,57.0,60.0,5.0,0,2.5648827336488584,70
1,3,3,91.0,20.0,3.0,0,1.6766252889056537,88
1,2,5,6.0,42.0,3.0,0,0.5295407834223195,17
1,1,1,51.0,59.0,2.0,0,1.8532839454359646,136
0,1,2,59.0,43.0,2.0,0,2.5455047211271555,9
0,3,5,5.0,22.0,2.0,0,0.27027853651357636,16
1,3,5,55.0,65.0,4.0,0,1.9070832175583172,116
1,1,5,60.0,68.0,2.0,0,2.515328012084926,87
0,2,3,77.0,21.0,5.0,0,1.782851442364209,157
1,2,2,59.0,90.0,5.0,0,2.218772345803263,93
0,2,2,21.0,32.0,2.0,0,2.523472141917489,27
1,2,3,46.0,6.0,1.0,1,0.48251325034638004,80
1,2,1,93.0,26.0,3.0,0,2.3180091671310983,152
1,1,2,88.0,6.0,1.0,0,1.894694537167334,60
1,1,3,72.0,65.0,2.0,0,0.7417754972551232,106
1,3,3,65.0,6.0,2.0,0,1.147302098567641,142
0,3,5,83.0,40.0,5.0,0,2.036714341012689,128
0,2,2,20.0,44.0,2.0,0,2.571872065779578,26
1,3,1,78.0,20.0,5.0,0,2.3538028175178978,109
0,3,5,13.0,31.0,3.0,0,0.6177613151453216,3
1,3,3,66.0,21.0,4.0,0,2.1001575119537246,80
0,2,1,42.0,43.0,1.0,0,1.869699583301061,39
1,1,1,29.0,83.0,4.0,0,1.1618754942793263,179
1,3,2,41.0,36.0,5.0,1,1.9525207667638,124
0,2,1,28.0,32.0,2.0,0,1.9291157967679837,31
1,2,4,94.0,49.0,4.0,0,2.129179423294111,96
1,2,4,98.0,76.0,3.0,0,1.1763240099080274,74
0,1,2,22.0,38.0,2.0,0,2.90559377323419,38
1,3,5,8.0,15.0,3.0,0,0.35849906823657846,14
1,1,3,34.0,52.0,3.0,0,3.4178485464541866,122
1,1,4,36.0,18.0,1.0,1,0.6701881964815242,91
1,1,4,25.0,27.0,5.0,0,0.6820468822490217,35
0,3,5,74.0,53.0,1.0,0,0.6196336289268448,179
0,3,3,64.0,78.0,2.0,1,1.0230703233735325,146
1,3,5,63.0,80.0,4.0,0,0.470509502522678,66
1,1,5,66.0,38.0,5.0,0,1.5469941654512822,107
0,1,2,37.0,40.0,1.0,0,1.4934124864132363,26
1,2,5,48.0,0.0,2.0,1,0.5405570730271527,74
0,3,1,72.0,45.0,2.0,1,1.6244160006537578,135
0,3,4,19.0,72.0,3.0,1,1.8476670040913947,100
0,3,5,85.0,45.0,1.0,0,1.2392672578536896,109
1,3,4,73.0,51.0,3.0,0,2.7413237970948625,89
0,1,1,29.0,52.0,2.0,0,1.7402860529309963,22
0,3,5,68.0,1.0,5.0,0,1.796487633458358,164
1,1,3,22.0,78.0,3.0,0,2.359419758862468,104
1,1,3,92.0,21.0,4.0,0,1.9471214185035368,117
1,1,3,62.0,11.0,2.0,0,0.6481556172718578,42
0,2,1,41.0,46.0,2.0,0,3.1468503984073806,25
1,2,5,58.0,21.0,2.0,0,1.298965801231679,99
0,3,5,6.0,27.0,1.0,0,0.4523365413041506,9
1,1,2,1.0,45.0,3.0,1,0.0,86
1,3,2,84.0,50.0,5.0,0,1.9070832175583172,114
0,3,5,75.0,26.0,2.0,0,1.6588372602544075,132
0,3,2,14.0,11.0,3.0,0,1.4508046375800336,69
1,2,5,77.0,36.0,5.0,0,1.569461930829562,131
1,1,3,5.0,7.0,5.0,0,0.8536185920582484,48
0,3,2,62.0,26.0,3.0,0,2.359419758862468,124
0,3,5,11.0,41.0,1.0,0,0.5819676647585221,16
1,2,2,67.0,16.0,1.0,1,0.49374713303552,80
0,2,1,23.0,32.0,3.0,0,3.342451881290781,30
1,3,4,9.0,41.0,3.0,0,0.3350940982407621,17
0,3,5,13.0,11.0,5.0,0,4.040072005242235,124
1,1,5,63.0,98.0,2.0,0,1.3237431620136453,115
1,3,2,50.0,21.0,5.0,0,0.7059818468683237,122
1,3,5,50.0,55.0,5.0,0,0.9996653533777163,131
0,2,1,6.0,32.0,4.0,0,0.8232242899317121,18
0,2,5,75.0,61.0,5.0,0,1.7664358044991126,116
0,3,1,5.0,51.0,3.0,0,0.6177613151453216,24
0,1,2,44.0,46.0,2.0,0,3.8235927408510113,28
0,2,5,60.0,29.0,5.0,0,2.429634668849917,181
1,3,2,96.0,49.0,4.0,0,1.129296476832088,72
0,2,1,25.0,68.0,3.0,0,1.9111101750324306,113
0,3,5,10.0,32.0,2.0,0,0.6935931664773405,15
1,3,5,16.0,3.0,2.0,0,0.35288212689200843,74
1,3,5,84.0,24.0,5.0,0,0.97064344203733,65
0,2,5,44.0,87.0,5.0,0,2.3126098188708353,169
1,2,5,57.0,37.0,5.0,0,1.9000938854275975,99
0,2,5,11.0,8.0,4.0,0,0.3999096599679479,5
0,2,1,12.0,54.0,4.0,0,0.6701881964815242,11
0,3,2,46.0,39.0,2.0,0,2.4572841894041533,42
0,1,1,35.0,34.0,1.0,0,2.3510580359455977,39
0,3,4,9.0,43.0,2.0,0,0.3350940982407621,17
0,1,2,47.0,30.0,2.0,0,3.0118199266927457,27
1,1,4,87.0,57.0,1.0,0,1.075714797794042,82
0,3,5,4.0,9.0,3.0,0,0.6287776047501548,8
1,3,3,90.0,51.0,3.0,0,1.21751700855509,130
0,1,5,58.0,76.0,5.0,0,1.9896868079367493,151
0,1,1,50.0,35.0,2.0,0,2.930371134016157,22
0,1,2,59.0,41.0,2.0,0,3.647151677405007,5
1,1,4,49.0,58.0,1.0,0,0.37688962253941255,81
1,2,4,12.0,19.0,5.0,0,0.20404812460025054,111
1,1,3,67.0,1.0,2.0,1,0.7169981364731569,97
0,2,2,53.0,42.0,3.0,0,1.8228896433094284,31
1,3,1,13.0,53.0,2.0,0,3.9172126208342766,67
0,2,5,45.0,5.0,5.0,0,1.4175806350812175,145
1,2,1,56.0,9.0,3.0,0,0.2427440063874323,140
1,3,5,79.0,16.0,4.0,0,1.1618754942793263,169
1,3,5,59.0,48.0,1.0,0,1.5884047571826516,80
1,3,5,55.0,54.0,1.0,0,2.2655822857948955,136
1,1,1,32.0,77.0,1.0,0,1.3361318424046285,182
0,1,2,23.0,32.0,3.0,0,4.559968889845871,14
1,3,1,55.0,77.0,5.0,0,1.5830054089223884,107
0,2,5,42.0,14.0,5.0,0,2.1705900150254807,181
1,3,4,38.0,9.0,2.0,1,0.6701881964815242,81
1,2,5,76.0,79.0,2.0,0,2.1759893632857437,133
1,1,3,41.0,55.0,1.0,1,0.6949655572634905,89
1,1,2,53.0,99.0,5.0,0,3.580746131807364,154
1,2,5,97.0,77.0,5.0,0,1.45877363372828,70
1,2,3,42.0,55.0,5.0,0,1.8048840215738753,151
1,2,5,43.0,44.0,5.0,0,1.764845820628656,176
0,2,1,1.0,32.0,5.0,0,3.0572574758982287,138
0,3,2,36.0,53.0,5.0,1,1.6244160006537578,148
0,3,3,78.0,46.0,1.0,1,0.5653344338091189,151
0,1,2,27.0,48.0,2.0,0,3.092833533200721,29
1,3,5,82.0,74.0,1.0,0,2.959175452272236,128
1,3,1,74.0,42.0,2.0,0,2.377207787513714,76
1,3,4,9.0,40.0,3.0,0,0.42331462996376423,13
1,2,5,19.0,20.0,3.0,0,0.7874306395449127,27
1,3,3,82.0,52.0,5.0,0,1.3403763929630483,37
1,3,1,73.0,48.0,3.0,0,1.799484673313612,96
1,3,2,94.0,74.0,2.0,0,1.1650901272188874,100
1,3,2,30.0,80.0,2.0,0,2.499849578837366,84
0,2,2,47.0,48.0,2.0,0,3.498142541428932,15
1,3,4,66.0,23.0,5.0,0,1.558228048140422,154
1,3,2,58.0,76.0,2.0,0,2.4820615501861196,106
1,3,2,91.0,47.0,1.0,0,1.8877052050366143,124
0,3,5,6.0,17.0,4.0,0,0.6467832264857079,13
1,3,2,85.0,39.0,4.0,0,2.3510580359455977,18
1,3,5,32.0,68.0,5.0,1,0.3060721869003758,139
0,3,5,13.0,11.0,4.0,0,0.6935931664773405,8
1,3,2,51.0,21.0,3.0,0,1.286992125036089,73
0,3,2,28.0,81.0,1.0,1,1.6824598233345305,107
1,1,2,77.0,85.0,4.0,0,1.428626996314163,109
0,3,5,9.0,57.0,5.0,0,0.5295407834223195,18
1,3,3,38.0,1.0,1.0,1,0.3641160095811484,90
1,1,4,64.0,20.0,5.0,0,0.235254751261339,79
0,3,4,13.0,12.0,4.0,0,0.7115987882128937,18
1,2,3,41.0,49.0,1.0,1,0.9294504433902673,69
0,3,1,8.0,30.0,3.0,0,0.42331462996376423,9
0,1,4,75.0,79.0,5.0,0,2.1231272957809275,169
1,3,4,54.0,10.0,3.0,0,0.47799875764877126,138
1,3,1,84.0,35.0,4.0,0,0.4467921309876828,40
1,3,2,21.0,34.0,2.0,0,2.6587202067164304,24
1,3,5,56.0,55.0,4.0,0,2.3884416702028544,112
1,3,4,56.0,24.0,5.0,0,2.20076672406771,91
1,2,4,48.0,19.0,4.0,0,0.5020062532961754,106
1,3,1,49.0,10.0,5.0,0,1.3167538298829253,104
0,3,2,51.0,15.0,5.0,0,0.7996742578796914,118
0,2,1,39.0,48.0,2.0,0,2.8185280392130316,18
1,1,5,52.0,73.0,5.0,0,1.1527014468279042,188
0,3,2,56.0,68.0,5.0,0,2.281997923659992,105
0,3,5,2.0,33.0,3.0,0,0.27027853651357636,12
1,3,5,57.0,50.0,5.0,0,1.95951009889452,126
1,1,5,54.0,21.0,3.0,0,0.5005188720819331,51
1,3,4,50.0,75.0,1.0,0,2.3414141371269146,124
1,2,3,21.0,83.0,3.0,0,2.742478594796706,52
1,3,5,51.0,64.0,4.0,0,1.9815426781041863,124
0,3,1,12.0,37.0,4.0,0,0.8880398516588979,6
1,3,5,81.0,72.0,3.0,0,1.70701959103219,101
1,2,5,11.0,43.0,5.0,0,0.5171521030313363,16
0,3,5,43.0,25.0,1.0,1,0.9762603833819,173
0,3,5,11.0,14.0,5.0,0,0.6467832264857079,20
0,2,4,88.0,54.0,3.0,0,1.0480652772398056,119
1,1,3,50.0,17.0,2.0,1,0.3641160095811484,94
0,1,2,86.0,1.0,3.0,0,2.519009998274762,104
1,2,3,59.0,57.0,5.0,0,1.800857064099762,119
0,2,1,15.0,77.0,3.0,0,4.639827698652004,41
0,3,1,28.0,37.0,2.0,0,2.118163133689278,48
0,2,5,6.0,24.0,5.0,0,0.5115351616867663,17
0,3,3,98.0,29.0,1.0,0,1.2557854983750005,150
1,2,3,84.0,91.0,5.0,1,1.2355226302906432,177
1,3,5,73.0,73.0,5.0,0,2.029725008881969,102
0,2,5,61.0,72.0,1.0,0,2.541477763653042,122
0,2,3,89.0,73.0,5.0,0,2.3713732530848373,50
1,1,4,81.0,60.0,4.0,0,2.3538028175178978,151
0,3,3,52.0,43.0,5.0,0,2.453039638845733,146
0,3,5,11.0,41.0,5.0,0,0.35849906823657846,16
1,2,4,63.0,20.0,5.0,0,0.4080962492005011,18
1,2,1,61.0,56.0,3.0,0,2.9825804222680525,127
1,3,5,5.0,35.0,5.0,0,0.6701881964815242,16
1,3,4,11.0,10.0,3.0,1,0.6701881964815242,66
1,1,1,3.0,42.0,2.0,1,0.5185244938174862,78
1,2,2,44.0,14.0,1.0,1,0.6701881964815242,97
1,1,2,44.0,44.0,2.0,0,3.870402680842644,15
1,2,5,60.0,20.0,5.0,0,0.9542278041722336,89
0,3,2,48.0,52.0,2.0,0,3.6541410095357265,35
1,3,3,66.0,19.0,1.0,1,0.17644106344600424,92
0,2,2,88.0,28.0,3.0,0,1.2779631396408715,105
1,3,5,4.0,49.0,5.0,0,0.3999096599679479,8
0,3,5,13.0,33.0,4.0,0,0.6701881964815242,9
0,2,1,48.0,42.0,2.0,0,2.494450230577103,28
1,1,5,25.0,74.0,2.0,0,1.627288160426028,34
1,3,2,53.0,10.0,1.0,1,0.8466292599275285,108
0,3,5,3.0,11.0,4.0,0,0.5529457534181358,7
0,2,2,52.0,48.0,2.0,0,3.2586934932105054,18
0,2,4,81.0,37.0,5.0,0,2.0655186592687684,152
1,2,3,56.0,10.0,2.0,1,0.17644106344600424,104
1,1,1,2.0,5.0,5.0,0,1.7267425748381702,84
1,1,4,59.0,64.0,1.0,0,0.7684676312186028,107
0,3,5,43.0,92.0,1.0,0,1.5706167285314052,159
1,2,4,7.0,42.0,3.0,0,0.7059818468683237,21
1,2,5,11.0,41.0,1.0,0,0.5529457534181358,11
1,3,4,56.0,20.0,4.0,0,1.635432290258591,136
1,1,5,22.0,30.0,4.0,0,0.5257236248311705,57
0,3,3,38.0,36.0,1.0,1,1.2823325702822759,161
0,2,4,4.0,34.0,2.0,0,0.6467832264857079,18
1,3,4,65.0,48.0,3.0,0,0.470509502522678,139
0,3,2,86.0,70.0,1.0,1,1.1639353295170443,153
0,1,2,50.0,32.0,3.0,0,2.7537124774858457,34
1,2,1,43.0,30.0,4.0,0,4.506387210807825,22
1,3,1,36.0,57.0,1.0,1,0.49374713303552,86
1,3,4,56.0,39.0,5.0,0,1.1707070685634573,105
0,2,5,1.0,48.0,5.0,0,0.5763507234139521,3
1,3,3,70.0,99.0,1.0,0,1.5760160767916684,144
0,2,1,30.0,36.0,1.0,0,2.1343611784700673,12
0,3,5,48.0,23.0,5.0,0,1.8944769440830274,142
1,3,3,83.0,64.0,4.0,0,0.7998193199358958,100
1,3,1,62.0,78.0,5.0,0,2.8061393588220485,143
1,2,2,49.0,94.0,3.0,0,1.1527014468279042,155
1,3,1,47.0,54.0,3.0,0,2.3402593394250717,10
1,2,3,3.0,34.0,4.0,0,0.7372610045575144,55
1,1,2,33.0,47.0,3.0,1,0.7998193199358958,79
0,3,1,53.0,44.0,3.0,0,2.759329418830416,33
1,3,2,66.0,29.0,4.0,0,1.4409856050770338,102
1,3,2,29.0,33.0,3.0,1,0.8826405033986346,83
1,2,5,61.0,70.0,1.0,0,2.4006127575095304,140
1,3,4,79.0,75.0,5.0,0,1.5526111067958521,160
1,2,3,13.0,34.0,5.0,0,0.7998193199358958,70
0,1,2,43.0,46.0,1.0,0,2.1759893632857437,146
1,2,5,53.0,54.0,1.0,0,1.3637813629588647,101
0,3,4,83.0,56.0,3.0,0,4.681238290383373,83
1,3,4,67.0,13.0,2.0,0,1.95813770810837,93
1,3,5,66.0,25.0,4.0,0,1.9234988554234138,111
0,3,5,1.0,33.0,4.0,0,0.6287776047501548,11
0,3,1,2.0,47.0,4.0,0,0.4523365413041506,20
1,3,5,8.0,29.0,2.0,0,0.48813019169095,18
0,3,2,40.0,52.0,2.0,0,2.1303342209959544,145
0,1,5,10.0,58.0,3.0,0,1.3595368124004445,105
0,3,1,45.0,45.0,2.0,0,3.004395408393412,33
1,2,2,18.0,51.0,3.0,1,0.6233782564898915,65
1,3,5,13.0,39.0,1.0,0,2.753494884401539,135
0,2,1,3.0,31.0,2.0,0,0.7998193199358958,6
0,3,5,8.0,31.0,5.0,0,0.42331462996376423,15
1,3,5,92.0,27.0,5.0,0,1.5058011668042195,61
1,3,4,85.0,52.0,4.0,0,2.4820615501861196,151
1,2,4,65.0,39.0,2.0,0,2.276598575399729,144
0,3,5,5.0,46.0,5.0,0,0.5171521030313363,21
1,3,5,72.0,22.0,4.0,0,2.2588105467484825,131
1,3,4,1.0,55.0,3.0,0,0.9128172124408641,42
0,3,3,68.0,34.0,5.0,0,1.63084526653288,44
1,3,5,84.0,66.0,3.0,0,2.117945540604971,98
0,3,3,51.0,16.0,1.0,0,1.1761064168237205,161
0,1,3,61.0,15.0,5.0,0,2.0531299788777853,192
0,3,4,34.0,1.0,1.0,1,1.47000751641742,94
0,3,1,6.0,32.0,4.0,0,0.35849906823657846,11
1,1,2,46.0,78.0,5.0,0,2.042113689272952,172
1,3,5,91.0,44.0,5.0,0,1.2893219024129956,166
1,3,5,90.0,64.0,2.0,0,1.1707070685634573,139
0,2,2,45.0,39.0,3.0,0,2.376052989811871,40
0,1,4,30.0,3.0,2.0,0,1.22875089124423,105
1,1,2,67.0,42.0,5.0,0,2.4820615501861196,143
0,2,1,37.0,96.0,2.0,0,3.1932251522303994,71
0,3,1,78.0,31.0,2.0,0,1.4877955450686664,48
1,1,5,28.0,72.0,5.0,0,1.0130414919875683,125
1,2,5,3.0,92.0,1.0,0,1.21751700855509,145
0,3,2,47.0,31.0,2.0,0,3.2870626252979718,21
1,1,3,48.0,27.0,5.0,0,1.523589195455466,97
1,1,3,40.0,24.0,2.0,0,1.569461930829562,133
0,2,3,79.0,46.0,2.0,0,1.6710083475610837,145
1,1,2,31.0,31.0,1.0,0,2.6517308745857107,20
0,3,3,47.0,16.0,5.0,0,2.028352618095819,179
1,1,5,38.0,10.0,3.0,1,1.059081566844639,90
0,3,5,3.0,44.0,2.0,0,0.6053726347543384,9
0,2,5,2.0,20.0,1.0,0,0.4523365413041506,12
1,2,5,75.0,19.0,5.0,0,0.9940484120331463,116
1,3,1,79.0,41.0,4.0,0,1.871071974087211,126
1,1,4,59.0,42.0,1.0,0,1.8532839454359646,105
1,2,2,3.0,1.0,3.0,0,0.37650468997213155,85
0,2,1,35.0,42.0,2.0,0,3.166010817844777,26
0,2,2,45.0,77.0,2.0,1,0.824596680717862,165
1,3,5,8.0,50.0,4.0,0,0.73500375820871,8
1,1,5,54.0,69.0,4.0,0,1.8476670040913947,83
0,3,1,28.0,31.0,2.0,0,2.9249717857558934,17
0,1,2,25.0,36.0,3.0,0,3.2004320774454262,37
0,3,5,70.0,30.0,5.0,0,1.114150627096927,71
1,1,3,86.0,5.0,2.0,0,0.9582547616463468,80
0,2,2,45.0,12.0,5.0,0,2.3524304267317477,130
1,3,5,7.0,46.0,2.0,0,0.8548883801881839,73
1,1,5,84.0,55.0,2.0,0,1.2591451933707662,114
1,3,1,2.0,35.0,1.0,0,0.7584087282045263,13
1,3,2,99.0,54.0,4.0,0,2.2063836654122797,128
0,1,1,35.0,42.0,3.0,0,3.9284465035234164,15
0,2,2,61.0,49.0,5.0,0,2.117945540604971,133
0,2,4,98.0,34.0,3.0,0,1.4046195006667588,11
0,3,2,31.0,32.0,2.0,0,2.834726083993821,30
0,3,3,73.0,56.0,1.0,1,0.9650265006927601,126
0,3,4,46.0,95.0,4.0,0,2.3011583430973883,63
1,3,4,73.0,52.0,3.0,0,1.788468383708779,116
1,1,5,59.0,68.0,5.0,0,0.583340055544672,115
1,2,3,71.0,31.0,5.0,0,0.32916475535701334,126
1,2,5,42.0,23.0,1.0,1,0.17644106344600424,96
0,2,5,13.0,20.0,5.0,0,0.5295407834223195,19
1,1,3,16.0,10.0,1.0,0,1.5996386398717917,34
0,3,1,59.0,85.0,3.0,0,1.2521558612400463,143
0,3,4,41.0,63.0,5.0,0,2.2295710423237898,124
0,2,5,53.0,11.0,2.0,0,3.211013180881646,114
1,1,5,64.0,3.0,1.0,1,0.12963112345437156,87
1,1,4,83.0,51.0,1.0,0,0.4467921309876828,114
1,2,3,31.0,14.0,1.0,1,0.48251325034638004,78
0,1,2,54.0,36.0,2.0,0,1.457618836026437,9
0,3,5,61.0,72.0,2.0,1,1.4339962729463138,124
0,2,1,36.0,72.0,1.0,1,0.6949655572634905,160
1,2,4,62.0,29.0,5.0,0,0.72938681686414,120
1,3,5,50.0,89.0,5.0,0,2.1759893632857437,147
1,2,5,14.0,45.0,5.0,0,1.3293601033582152,133
0,1,2,36.0,40.0,3.0,0,3.1065946043778543,20
0,3,3,49.0,69.0,5.0,1,0.9542278041722336,178
1,3,5,87.0,88.0,5.0,0,2.300221138479852,141
1,3,5,91.0,35.0,3.0,0,2.624081354031474,126
1,1,4,69.0,49.0,4.0,0,1.0824865368404553,147
0,3,2,26.0,33.0,3.0,0,2.433879219408337,18
1,1,5,37.0,3.0,1.0,1,0.3528821268920085,97
0,1,2,29.0,51.0,2.0,0,4.007023136427736,25
0,1,2,61.0,98.0,5.0,0,2.93577048227642,120
1,2,4,48.0,88.0,5.0,0,0.5644195066183523,15
1,3,4,1.0,41.0,4.0,0,0.5171521030313363,17
0,1,5,83.0,14.0,5.0,0,2.117945540604971,165
1,3,5,10.0,36.0,4.0,0,0.5405570730271527,14
1,1,5,37.0,24.0,1.0,1,0.6701881964815242,78
1,3,5,10.0,44.0,2.0,0,0.46472522169513364,18
0,3,4,5.0,50.0,4.0,0,2.3538028175178978,109
1,3,2,50.0,38.0,3.0,0,1.294721250673259,84
1,3,3,6.0,27.0,5.0,0,0.5349401316825827,46
1,3,4,4.0,40.0,3.0,0,0.7059818468683237,17
1,2,5,61.0,8.0,1.0,0,2.6999132053634933,97
0,3,4,59.0,93.0,1.0,0,2.328807863651625,117
1,2,1,34.0,32.0,4.0,0,2.040741298486802,11
1,3,5,1.0,32.0,2.0,1,0.12963112345437156,67
1,2,5,25.0,35.0,3.0,0,1.8352783237004116,102
1,2,1,51.0,92.0,5.0,0,1.3361318424046285,125
1,1,4,85.0,4.0,4.0,0,0.4321037448479052,103
1,3,5,95.0,77.0,4.0,0,1.9829150688903363,159
0,1,4,66.0,86.0,2.0,0,2.5772714140398416,186
1,3,5,46.0,7.0,1.0,1,0.5185244938174862,97
1,2,5,59.0,23.0,2.0,0,1.7882507906244722,152
1,2,1,39.0,40.0,3.0,0,1.7582916746665496,13
1,2,5,6.0,16.0,3.0,0,0.3350940982407621,21
1,1,2,15.0,44.0,1.0,1,0.5405570730271527,98
1,3,1,97.0,60.0,4.0,0,1.6878591715947937,107
1,3,1,85.0,56.0,5.0,0,2.106929251000138,74
1,2,2,47.0,29.0,3.0,1,0.12963112345437156,78
0,3,3,15.0,59.0,5.0,0,0.2592622469087431,130
0,2,5,2.0,40.0,3.0,0,0.46472522169513364,7
1,1,4,53.0,54.0,3.0,0,0.7640256695490963,84
0,2,4,3.0,46.0,2.0,0,0.7115987882128937,11
1,3,1,89.0,60.0,4.0,0,2.129179423294111,138
1,3,1,86.0,83.0,5.0,0,2.306992877526265,126
0,2,2,48.0,69.0,5.0,0,1.8877052050366143,138
0,2,3,86.0,57.0,1.0,0,1.6244160006537578,165
0,3,4,4.0,39.0,3.0,0,0.42331462996376423,22
1,3,1,44.0,41.0,2.0,0,4.071838698154921,29
0,3,5,9.0,10.0,4.0,0,0.3350940982407621,11
1,1,5,64.0,35.0,1.0,0,3.292679566642542,90
0,3,1,56.0,52.0,3.0,0,1.9453216357501155,135
0,1,1,34.0,72.0,1.0,0,2.6971684237911937,91
1,3,3,52.0,17.0,2.0,1,0.49374713303552,97
0,2,1,44.0,30.0,2.0,0,3.9766288343011986,30
0,1,3,46.0,61.0,4.0,0,2.377207787513714,167
1,3,4,96.0,69.0,5.0,0,1.4877955450686664,76
0,3,5,6.0,22.0,2.0,0,0.4523365413041506,19
0,1,1,35.0,49.0,1.0,0,2.4422409423252067,24
1,1,5,43.0,48.0,4.0,0,2.9287811501457,137
0,2,4,16.0,50.0,2.0,1,1.9885320102349062,95
1,3,2,85.0,48.0,4.0,0,1.9995482998397396,152
1,3,2,5.0,44.0,1.0,0,1.070097856449472,148
1,2,1,22.0,52.0,2.0,0,2.7095571041821764,38
0,2,1,1.0,12.0,1.0,0,0.6467832264857079,18
1,3,2,85.0,69.0,3.0,0,1.5348230781446057,156
1,3,2,0.0,7.0,5.0,0,1.0644809151049022,30
1,2,5,8.0,26.0,5.0,0,0.46472522169513364,21
0,3,5,70.0,67.0,5.0,0,0.7707974085955094,150
1,3,3,8.0,16.0,2.0,0,0.27027853651357636,43
1,3,1,45.0,24.0,3.0,0,2.20076672406771,108
1,3,5,64.0,65.0,3.0,0,2.8873705584143305,144
1,2,2,29.0,45.0,2.0,0,2.9166100628390237,28
1,2,5,7.0,12.0,5.0,0,0.6287776047501548,14
1,3,3,56.0,68.0,3.0,0,1.7760797033177957,141
1,3,4,62.0,61.0,3.0,0,1.3693983043034348,150
1,2,3,27.0,46.0,1.0,1,0.5185244938174862,79
0,3,4,17.0,43.0,5.0,0,0.32916475535701334,117
1,2,4,68.0,75.0,3.0,0,1.6824598233345305,53
1,1,2,15.0,21.0,3.0,1,1.059081566844639,77
0,3,4,47.0,59.0,5.0,0,2.506838910968086,121
1,3,5,95.0,29.0,5.0,0,1.3761700433498478,123
0,3,1,5.0,31.0,2.0,0,0.5763507234139521,14
1,3,1,18.0,43.0,2.0,0,1.8638650488721844,85
0,1,2,27.0,36.0,1.0,0,2.887805744582944,34
0,2,1,36.0,38.0,2.0,0,2.9508137293553665,22
1,3,5,49.0,42.0,4.0,0,1.1693647494054196,123
0,1,3,78.0,38.0,4.0,0,3.2357905416636124,116
1,3,5,79.0,53.0,4.0,0,2.0049476481000026,97
1,3,1,90.0,71.0,1.0,0,2.129179423294111,127
1,3,5,94.0,47.0,2.0,0,2.1303342209959544,91
1,1,2,2.0,15.0,1.0,0,1.286992125036089,53
0,1,1,44.0,45.0,2.0,0,2.3346423980805016,29
0,2,2,36.0,40.0,1.0,0,4.377910885055297,26
1,3,3,50.0,44.0,1.0,0,1.6822422302502238,150
0,2,1,57.0,63.0,2.0,0,3.9160578231324337,139
0,1,5,38.0,70.0,1.0,0,1.8762537292631676,82
0,2,5,6.0,34.0,2.0,0,0.6467832264857079,7
0,1,2,54.0,37.0,2.0,0,1.6810874325483804,10
1,1,3,48.0,24.0,2.0,1,0.17644106344600424,101
0,3,5,90.0,50.0,1.0,0,1.6768428819899603,155
1,1,1,99.0,86.0,5.0,0,2.8407782115070046,138
1,2,2,43.0,19.0,2.0,1,0.3060721869003758,98
1,2,1,74.0,25.0,5.0,0,1.5526111067958521,141
1,3,5,86.0,41.0,5.0,0,1.523589195455466,67
0,1,5,53.0,68.0,2.0,1,1.7760797033177957,123
1,3,1,93.0,74.0,1.0,0,1.9291157967679837,80
1,3,3,69.0,76.0,1.0,0,1.800857064099762,72
1,3,3,53.0,36.0,4.0,0,2.1345787715543745,117
1,3,4,61.0,69.0,5.0,0,0.7998193199358958,140
1,3,2,35.0,56.0,3.0,1,0.6233782564898915,67
1,3,2,41.0,8.0,5.0,0,1.286992125036089,105
1,3,5,59.0,69.0,4.0,0,1.4353686637324636,113
1,2,5,58.0,4.0,2.0,1,0.6701881964815242,116
0,2,5,12.0,37.0,1.0,0,0.3999096599679479,16
0,2,1,10.0,35.0,3.0,0,0.5405570730271527,18
1,1,5,13.0,10.0,4.0,0,0.6985651227703326,62
0,3,4,3.0,55.0,3.0,0,0.42331462996376423,6
1,1,2,9.0,93.0,5.0,0,0.5185244938174862,71
1,2,5,83.0,80.0,1.0,0,2.2655822857948955,189
0,2,5,7.0,14.0,5.0,0,0.48813019169095,19
0,2,3,64.0,15.0,1.0,1,1.2823325702822759,109
1,1,4,27.0,20.0,1.0,0,1.286992125036089,114
0,1,3,42.0,63.0,5.0,1,1.0811141460543054,145
0,1,3,90.0,92.0,5.0,0,2.670891294023107,84
0,1,2,50.0,35.0,2.0,0,4.428965375605349,32
0,2,2,22.0,51.0,3.0,0,2.553866444044025,30
1,1,1,21.0,32.0,2.0,0,2.45325723193004,17
1,3,3,99.0,29.0,4.0,0,0.6411662851411379,180
1,3,2,78.0,67.0,3.0,0,1.623043609867608,132
0,1,5,54.0,22.0,5.0,1,1.2823325702822759,163
1,1,4,93.0,87.0,3.0,0,1.21190006721052,66
0,1,2,58.0,35.0,2.0,0,3.1632660362724767,12
1,3,5,56.0,38.0,3.0,0,2.093168179823005,117
0,3,4,1.0,11.0,3.0,0,0.42331462996376423,11
1,3,5,13.0,38.0,2.0,0,0.6053726347543384,11
0,2,2,23.0,47.0,2.0,0,3.4776999460897224,23
1,3,4,72.0,61.0,2.0,0,1.4767792554638333,116
1,3,5,89.0,5.0,3.0,0,0.729771749431421,41
1,2,4,85.0,19.0,3.0,0,1.0878858851007185,156
1,1,4,50.0,61.0,5.0,0,0.8480016507136784,184
1,3,1,5.0,42.0,5.0,0,0.6935931664773405,14
0,1,1,40.0,45.0,4.0,0,3.0046130014777193,34
0,2,5,35.0,55.0,4.0,0,0.6508402555879333,150
0,2,3,15.0,58.0,3.0,0,3.597379362756768,101
1,2,2,26.0,75.0,4.0,0,0.6361518694481557,129
0,3,4,10.0,36.0,5.0,0,0.35849906823657846,23
0,3,5,5.0,39.0,5.0,0,0.35849906823657846,21
0,3,5,49.0,62.0,2.0,1,0.7998193199358958,83
1,1,3,15.0,27.0,4.0,0,0.729771749431421,168
0,1,4,63.0,93.0,5.0,0,2.6033309507236213,34
1,1,2,7.0,7.0,4.0,0,0.706054377896426,125
0,2,4,9.0,29.0,3.0,0,0.5115351616867663,13
1,2,4,33.0,16.0,1.0,1,0.5653344338091189,77
1,1,5,48.0,36.0,4.0,0,1.629815348914021,109
0,2,5,79.0,41.0,4.0,0,1.381786984694418,114
1,2,4,43.0,18.0,4.0,0,0.8548883801881839,77
1,2,4,47.0,58.0,1.0,1,0.7530093799442631,74
1,3,4,45.0,56.0,5.0,0,0.6673584961092441,50
1,1,5,62.0,50.0,2.0,0,1.7346691115864263,113
0,2,3,42.0,44.0,5.0,0,1.9304881875541335,119
0,3,2,58.0,75.0,2.0,1,1.4231975764257874,75
1,2,1,1.0,64.0,5.0,0,3.199059686659276,78
1,1,1,25.0,52.0,3.0,0,4.0994882187091575,30
0,2,5,11.0,54.0,3.0,0,0.7059818468683237,17
1,3,1,6.0,43.0,4.0,0,0.42331462996376423,16
1,1,1,76.0,79.0,4.0,0,1.8242620340955784,96
0,3,3,4.0,26.0,3.0,1,0.8353953772383885,85
0,2,2,27.0,46.0,1.0,0,2.069980802911495,20
0,2,1,26.0,50.0,4.0,0,2.435251610194487,44
0,3,1,31.0,37.0,2.0,0,3.1065946043778543,19
1,1,2,50.0,84.0,3.0,0,0.8356129703226952,139
1,3,5,53.0,20.0,5.0,0,1.6824598233345305,134
0,2,1,50.0,30.0,3.0,0,2.371590846169144,112
0,1,2,71.0,77.0,1.0,0,2.92453659958728,82
0,3,5,51.0,9.0,5.0,0,0.9725157558188533,39
1,2,5,90.0,91.0,2.0,0,1.0948752172314382,115
1,1,5,11.0,86.0,2.0,0,1.2656993393328726,163
1,2,3,28.0,13.0,1.0,1,0.17644106344600424,108
1,2,5,87.0,84.0,5.0,0,1.6352146971742842,156
0,3,5,21.0,7.0,1.0,0,3.2694921897310323,172
1,2,5,55.0,56.0,4.0,0,1.3471481320094616,69
1,1,1,32.0,80.0,5.0,0,1.130668867618238,68
1,3,1,43.0,35.0,2.0,0,3.9422075747005496,20
0,1,1,55.0,40.0,3.0,0,2.8365336609485845,11
1,1,5,56.0,80.0,5.0,0,2.181388711546007,103
1,2,1,31.0,89.0,4.0,0,1.0442481186486567,119
0,3,3,68.0,68.0,3.0,0,2.224389287147833,134
1,2,4,11.0,41.0,4.0,0,0.9818348653264799,111
1,1,4,65.0,3.0,2.0,1,0.12963112345437156,99
1,3,1,73.0,6.0,4.0,0,0.6985651227703326,138
1,1,2,55.0,48.0,2.0,0,3.142823440933267,22
0,1,5,92.0,16.0,1.0,0,3.581181317975978,131
1,1,5,75.0,40.0,5.0,0,2.4820615501861196,94
1,1,4,93.0,59.0,3.0,0,2.429634668849917,147
1,2,5,89.0,91.0,5.0,0,1.2645445416310295,187
0,1,2,86.0,97.0,1.0,1,1.0343042060626726,124
1,3,5,73.0,28.0,5.0,0,1.8285065846539985,71
1,1,1,51.0,42.0,1.0,0,2.977398667092096,34
1,2,1,52.0,38.0,1.0,0,0.8714066207094947,16
1,1,4,73.0,75.0,5.0,0,1.8298789754401483,94
1,2,5,65.0,48.0,3.0,0,2.6173096149850608,88
0,3,4,8.0,26.0,3.0,0,0.3350940982407621,23
1,3,2,50.0,16.0,1.0,1,0.3641160095811484,109
0,1,3,62.0,3.0,4.0,0,2.7235357684436163,115
0,3,2,48.0,90.0,2.0,1,1.0343042060626726,146
0,3,4,8.0,31.0,1.0,0,0.44671959995958055,4
0,3,4,12.0,10.0,5.0,0,0.7584087282045263,8
0,2,5,40.0,62.0,5.0,0,3.0473959839952385,118
0,2,5,85.0,75.0,4.0,0,1.6644542015989774,136
0,2,1,15.0,70.0,1.0,0,3.080444852809738,119
1,2,2,42.0,15.0,1.0,1,0.17644106344600424,89
1,1,4,42.0,44.0,1.0,0,0.2427440063874323,138
1,2,3,79.0,96.0,1.0,0,2.1773617540718933,169
0,3,3,65.0,8.0,5.0,0,2.546877111913305,143
0,3,3,63.0,88.0,1.0,0,2.8707373274649273,104
1,2,1,11.0,48.0,4.0,0,0.7115987882128937,19
0,3,5,4.0,53.0,2.0,0,0.5295407834223195,15
1,2,5,71.0,40.0,5.0,0,1.1884950972147037,154
1,2,4,51.0,76.0,5.0,0,1.4754068646776832,173
1,2,5,81.0,83.0,3.0,0,1.71688108293518,147
1,2,1,43.0,79.0,1.0,0,1.2587100072021526,125
0,2,5,77.0,21.0,1.0,1,1.7292697633261631,120
0,2,5,70.0,41.0,5.0,0,0.4854880127748646,90
1,3,5,58.0,44.0,4.0,0,1.6766252889056537,109
1,2,5,43.0,45.0,1.0,0,0.900428532049881,137
1,3,5,78.0,58.0,4.0,0,1.806256412360025,111
1,1,2,98.0,42.0,5.0,0,2.2227993032773763,136
1,1,1,12.0,58.0,1.0,0,1.114150627096927,91
1,3,5,61.0,26.0,2.0,0,2.6531032653718607,129
1,3,3,46.0,4.0,1.0,1,0.7169981364731569,72
1,3,2,61.0,76.0,5.0,0,0.9292328503059606,88
1,1,1,34.0,65.0,1.0,0,1.1381581227443311,78
0,1,2,49.0,30.0,3.0,0,1.792712934267199,33
1,2,5,61.0,33.0,3.0,0,2.1483398427315072,146
1,3,5,83.0,24.0,4.0,0,0.965316624805169,115
0,1,1,20.0,48.0,4.0,0,3.242060262261102,18
1,2,5,19.0,10.0,3.0,0,3.911813272574013,25
0,3,4,2.0,22.0,3.0,0,0.7115987882128937,21
0,3,5,8.0,38.0,4.0,0,0.5819676647585221,12
0,1,1,96.0,77.0,4.0,0,4.481392256941553,12
0,3,4,93.0,61.0,4.0,0,3.145260414536924,112
0,2,1,45.0,47.0,2.0,0,2.4158735976727836,21
0,1,2,29.0,44.0,2.0,0,2.676508235367677,15
1,1,5,23.0,8.0,1.0,0,0.0,90
1,1,3,66.0,91.0,5.0,0,1.68742398542618,78
0,1,3,94.0,93.0,1.0,0,2.386851686332397,151
1,1,1,83.0,93.0,4.0,0,0.5171521030313363,147
0,1,2,66.0,35.0,2.0,0,2.8333536932076715,29
1,3,3,45.0,32.0,5.0,0,1.611809727178468,135
0,3,2,51.0,46.0,4.0,0,1.9399144932885102,141
0,2,2,35.0,21.0,1.0,0,2.7825167957419255,170
1,3,5,76.0,62.0,4.0,0,4.375166103482997,130
1,1,5,77.0,59.0,3.0,0,1.300338192017829,168
1,2,2,79.0,38.0,5.0,0,0.8522462012720984,142
0,1,2,58.0,41.0,3.0,0,3.1302171674579773,37
1,3,5,72.0,77.0,5.0,0,2.45325723193004,130
1,1,5,89.0,55.0,5.0,0,2.624081354031474,93
1,3,4,8.0,49.0,5.0,0,0.6177613151453216,21
0,2,1,7.0,52.0,4.0,0,0.48813019169095,17
1,1,3,90.0,31.0,4.0,0,2.047513037533215,55
0,3,2,22.0,46.0,4.0,0,3.5013225091698454,19
1,2,1,33.0,75.0,4.0,0,2.66930131015265,114
0,3,5,44.0,57.0,5.0,0,1.3941756650854011,145
1,2,5,68.0,54.0,4.0,0,2.4172459884589337,96
1,1,1,57.0,52.0,5.0,0,0.97763277416805,109
1,1,4,95.0,74.0,3.0,0,1.3057375402780922,105
1,3,3,58.0,49.0,2.0,0,2.399240366723381,122
0,3,4,9.0,43.0,2.0,0,0.3999096599679479,15
0,3,2,3.0,71.0,1.0,1,1.083858927626605,99
1,2,5,86.0,47.0,1.0,0,1.6890139692966368,104
1,3,4,8.0,41.0,3.0,0,0.3999096599679479,18
0,2,1,59.0,41.0,4.0,0,2.1872232459748835,37
0,3,4,13.0,23.0,2.0,0,0.5295407834223195,13
0,3,5,7.0,49.0,3.0,0,0.42331462996376423,15
0,1,2,57.0,51.0,4.0,0,3.2652476391726117,30
0,3,3,63.0,52.0,3.0,0,3.1646384270586267,111
1,1,1,2.0,59.0,1.0,1,0.0,86
1,3,3,80.0,93.0,4.0,0,1.5181898471952027,42
0,2,5,59.0,58.0,5.0,0,2.031097399668119,164
1,2,5,85.0,1.0,4.0,0,2.3524304267317477,135
1,1,4,34.0,5.0,1.0,1,0.3641160095811484,82
1,2,5,46.0,3.0,5.0,0,1.541377224106712,116
1,2,4,19.0,15.0,4.0,0,0.556930251492259,50
1,2,1,47.0,6.0,3.0,0,1.9883144171505993,131
0,2,4,73.0,11.0,3.0,0,3.2166301222262157,81
1,2,5,72.0,75.0,3.0,0,2.4710452605812865,84
0,3,5,13.0,12.0,3.0,0,0.5115351616867663,11
1,2,2,66.0,18.0,1.0,1,0.3641160095811484,117
1,3,5,76.0,41.0,2.0,0,1.2823325702822759,175
0,2,4,8.0,19.0,2.0,0,0.7998193199358958,12
1,3,4,73.0,44.0,4.0,0,2.0643638615669255,105
1,1,2,19.0,4.0,1.0,1,0.3060721869003758,101
0,1,4,42.0,92.0,1.0,0,1.6766252889056537,121
1,3,3,54.0,10.0,1.0,1,0.8466292599275285,106
0,3,5,10.0,36.0,5.0,0,0.3999096599679479,16
1,1,1,44.0,30.0,2.0,0,2.3980855690215375,23
0,2,1,41.0,54.0,4.0,0,2.504094129395786,23
1,2,2,27.0,38.0,4.0,0,4.430337766391499,21
1,3,4,0.0,38.0,4.0,0,0.08822053172300212,62
0,1,3,43.0,89.0,1.0,0,2.093168179823005,177
1,2,5,64.0,86.0,1.0,0,3.605741085673637,97
1,3,5,71.0,67.0,4.0,0,2.329025456735932,88
0,1,2,25.0,46.0,3.0,0,2.6929238732327736,14
1,2,5,76.0,31.0,3.0,0,1.6010110306579415,86
1,2,5,10.0,86.0,5.0,0,0.9238335020456974,97
1,3,2,82.0,37.0,5.0,0,1.5816330181362384,97
1,1,3,30.0,2.0,1.0,1,0.6701881964815242,105
0,2,1,30.0,49.0,3.0,0,1.8699171763853681,23
1,3,3,18.0,91.0,1.0,0,0.8232242899317121,93
1,2,3,38.0,21.0,1.0,1,0.3528821268920085,93
1,3,1,70.0,50.0,4.0,0,1.7938677319690421,109
1,3,1,89.0,34.0,3.0,0,0.7612685002049185,122
1,3,1,79.0,24.0,5.0,0,2.276598575399729,117
0,2,5,3.0,53.0,4.0,0,0.6411662851411379,13
0,3,4,3.0,42.0,4.0,0,0.3350940982407621,8
0,3,5,4.0,28.0,5.0,0,0.35849906823657846,12
1,3,4,56.0,54.0,3.0,0,0.5884270022657564,148
1,1,4,20.0,53.0,1.0,1,1.059081566844639,78
0,2,1,8.0,43.0,3.0,0,0.4523365413041506,15
1,3,4,93.0,43.0,5.0,0,1.8228896433094284,105
0,2,2,72.0,66.0,3.0,0,0.7759568863446962,72
0,2,5,5.0,25.0,1.0,0,0.44671959995958055,10
1,3,4,73.0,33.0,4.0,0,1.3181987516971774,105
1,3,4,83.0,11.0,5.0,0,2.2462042732731926,122
1,2,3,94.0,53.0,3.0,0,1.7346691115864263,101
1,3,3,33.0,10.0,2.0,1,0.3641160095811484,94
1,1,1,83.0,46.0,4.0,0,0.7225726184177367,103
1,3,4,58.0,18.0,3.0,0,0.7059818468683237,23
1,1,5,51.0,19.0,1.0,1,0.0,102
0,3,2,57.0,93.0,3.0,0,1.6656089993008205,163
0,1,2,34.0,42.0,2.0,0,3.4074850361022735,36
1,1,2,30.0,93.0,4.0,0,3.8330190465853873,50
1,1,1,60.0,40.0,2.0,0,2.1355159761719107,108
1,3,5,0.0,18.0,3.0,1,0.43570331035474735,99
0,3,1,53.0,40.0,4.0,0,4.259513644290065,29
0,3,1,42.0,49.0,2.0,1,0.0,125
1,3,2,65.0,71.0,5.0,0,2.2227993032773763,123
1,3,3,56.0,72.0,5.0,0,1.3237431620136453,125
1,3,1,4.0,53.0,3.0,0,0.6411662851411379,13
1,3,5,2.0,14.0,4.0,0,0.6287776047501548,6
1,1,5,32.0,78.0,4.0,0,3.040841838033132,90
1,2,5,4.0,19.0,2.0,0,0.46472522169513364,17
1,1,4,77.0,5.0,2.0,0,3.4290824291433264,166
1,2,1,47.0,54.0,4.0,0,3.018374072654852,32
1,2,2,26.0,3.0,1.0,0,1.7650634137129626,127
0,1,2,32.0,54.0,2.0,0,2.93577048227642,13
1,1,2,18.0,44.0,4.0,0,0.9266207430179874,82
1,3,1,68.0,92.0,2.0,0,1.0230703233735325,83
1,1,1,47.0,52.0,2.0,0,3.229236395701506,9
1,2,1,44.0,97.0,5.0,1,1.1419027503073778,161
1,2,1,26.0,42.0,3.0,0,3.312492765332858,13
1,3,1,84.0,33.0,5.0,0,1.2823325702822759,109
1,2,3,86.0,32.0,5.0,0,1.9896868079367493,124
0,2,4,3.0,48.0,3.0,0,0.48813019169095,18
1,3,5,4.0,37.0,3.0,0,0.6935931664773405,12
1,2,5,62.0,24.0,4.0,0,1.7290521702418564,88
0,3,4,61.0,17.0,5.0,0,1.4466025464216037,194
1,3,5,6.0,14.0,3.0,0,0.6411662851411379,14
0,3,1,7.0,20.0,3.0,0,0.6701881964815242,14
0,3,3,10.0,20.0,3.0,0,1.5297361314235214,64
1,2,5,67.0,3.0,2.0,1,0.3060721869003758,83
1,3,4,72.0,82.0,4.0,0,1.3525474802697248,127
1,3,3,51.0,68.0,1.0,1,0.8826405033986346,135
0,3,2,51.0,44.0,1.0,0,3.894025243922767,6
0,3,1,31.0,61.0,1.0,1,0.6233782564898915,156
1,3,5,8.0,16.0,4.0,0,0.6701881964815242,19
0,1,1,52.0,37.0,2.0,0,2.6348800505520007,30
0,3,2,46.0,44.0,3.0,0,2.757957028044266,14
0,1,1,20.0,52.0,4.0,0,2.4764446088415495,42
1,3,1,86.0,33.0,5.0,0,1.7414408506328396,69
1,2,5,43.0,71.0,4.0,0,2.6711088871074136,130
1,3,2,85.0,86.0,3.0,0,1.9939313584951694,122
0,3,3,49.0,8.0,1.0,1,0.8578631426166684,100
0,2,5,8.0,32.0,2.0,0,0.7115987882128937,15
1,2,4,85.0,53.0,2.0,0,1.8987214946414475,147
1,3,5,80.0,14.0,3.0,0,0.4633103715089937,92
1,3,5,68.0,43.0,4.0,0,1.3939580720010942,133
0,2,1,37.0,30.0,2.0,0,3.474737571433116,14
1,2,4,59.0,29.0,5.0,0,1.5760160767916684,77
1,3,1,51.0,6.0,5.0,0,1.452001894681867,183
1,2,2,35.0,33.0,1.0,0,2.1289618302098043,26
0,2,3,94.0,10.0,3.0,0,1.7749249056159526,169
0,2,1,40.0,77.0,1.0,0,1.8931045532968775,106
0,1,3,11.0,18.0,3.0,0,1.70427480945989,100
1,2,5,86.0,88.0,5.0,0,2.1829786954164634,128
0,2,5,79.0,48.0,2.0,0,2.517855200572919,102
0,2,5,64.0,15.0,1.0,0,2.9825804222680525,108
0,1,1,26.0,35.0,2.0,0,3.6473692704893135,25
1,2,4,84.0,70.0,5.0,0,1.7110465485063033,138
0,3,3,50.0,24.0,5.0,0,2.2930142132648252,115
1,1,5,69.0,70.0,4.0,0,1.5830054089223884,79
0,2,4,10.0,31.0,4.0,0,0.6467832264857079,18
1,3,1,41.0,37.0,2.0,0,1.8933221463811845,13
1,2,5,74.0,10.0,5.0,0,2.5826707623001046,130
1,3,4,94.0,38.0,3.0,0,2.2227993032773763,75
1,1,2,84.0,97.0,4.0,0,2.7296547282371093,188
1,1,2,68.0,73.0,1.0,0,2.4476402905854697,72
1,2,1,10.0,9.0,2.0,1,0.3060721869003758,85
0,3,5,42.0,20.0,2.0,1,1.5060187598885262,110
1,2,5,72.0,36.0,5.0,0,1.4175806350812175,167
1,2,4,50.0,26.0,4.0,0,1.799484673313612,139
1,2,4,99.0,67.0,1.0,0,2.8061393588220485,123
1,2,1,47.0,1.0,3.0,0,2.675135844581527,96
0,2,3,66.0,77.0,5.0,1,1.7292697633261631,141
1,3,5,82.0,74.0,4.0,0,1.0300596555042527,40
0,2,1,30.0,44.0,2.0,0,3.760367162994282,35
0,3,5,2.0,47.0,3.0,0,0.6287776047501548,11
1,2,5,26.0,67.0,1.0,0,1.465762965859,52
1,3,3,27.0,15.0,1.0,1,0.6701881964815242,96
0,2,1,49.0,69.0,4.0,0,1.3693983043034348,160
0,3,5,41.0,73.0,1.0,1,1.7292697633261631,134
0,3,5,13.0,38.0,4.0,0,0.7584087282045263,12
1,3,1,39.0,75.0,5.0,0,1.2589276002864596,151
0,3,4,2.0,19.0,1.0,0,3.168882977617047,114
0,1,1,87.0,68.0,1.0,0,2.7741550728250557,104
0,3,5,59.0,26.0,5.0,0,1.694630910641207,152
0,3,1,28.0,52.0,3.0,0,4.2304917329496785,20
0,2,1,13.0,59.0,4.0,0,1.5170350494933595,156
1,3,4,83.0,59.0,4.0,0,0.5257236248311705,89
1,2,2,77.0,28.0,3.0,0,2.5000671719216725,80
1,3,4,24.0,74.0,2.0,0,2.19514978272314,177
0,2,5,94.0,61.0,3.0,0,3.0869989987718442,39
0,1,3,49.0,25.0,4.0,0,1.5760160767916684,174
1,2,1,3.0,35.0,1.0,0,4.199879837738836,120
0,2,1,25.0,44.0,2.0,0,4.324111612932944,31
1,2,1,53.0,79.0,1.0,0,0.9996653533777163,70
0,2,5,6.0,36.0,4.0,0,0.27027853651357636,20
1,3,5,73.0,35.0,4.0,0,1.5058011668042195,107
1,1,3,55.0,11.0,2.0,1,0.49374713303552,81
0,2,5,38.0,75.0,4.0,0,1.1693647494054196,143
1,3,4,24.0,40.0,3.0,1,0.3060721869003758,76
1,3,4,70.0,45.0,4.0,0,1.0644809151049022,163
0,3,3,5.0,21.0,1.0,0,0.5020062532961754,84
0,3,4,1.0,21.0,4.0,0,0.8880398516588979,16
0,3,5,83.0,61.0,3.0,0,2.4186183792450837,98
0,3,4,15.0,33.0,2.0,0,1.6176442616073448,15
1,1,2,34.0,75.0,2.0,0,1.588187164098345,97
1,1,5,91.0,76.0,4.0,0,2.377207787513714,106
1,2,1,35.0,44.0,3.0,0,4.353351117357637,21
0,3,1,36.0,49.0,3.0,0,2.5632927497784017,20
0,2,5,4.0,52.0,4.0,0,0.5529457534181358,14
1,3,4,7.0,53.0,4.0,0,0.5171521030313363,8
1,2,1,79.0,23.0,5.0,0,1.9248712462095636,150
1,3,4,79.0,15.0,4.0,0,0.37688962253941255,43
1,2,5,51.0,1.0,3.0,0,2.312174632702222,115
1,3,5,93.0,71.0,4.0,0,1.7360415023725762,182
0,2,2,46.0,49.0,3.0,0,3.1704729614875036,18
0,3,2,30.0,27.0,1.0,1,1.012271626853006,139
1,1,2,22.0,33.0,2.0,0,3.575346783547101,16
1,3,4,56.0,21.0,5.0,0,2.20076672406771,103
0,1,2,36.0,33.0,2.0,0,3.060002257470528,31
1,1,5,36.0,78.0,5.0,0,0.7764143499400794,21
0,3,5,13.0,10.0,1.0,0,0.46472522169513364,19
1,1,2,37.0,54.0,3.0,0,3.6403799383585937,29
1,2,4,79.0,98.0,4.0,0,4.275929282155161,115
0,2,1,26.0,42.0,4.0,0,3.004395408393412,33
1,1,4,36.0,18.0,1.0,0,1.0298420624199458,142
0,1,2,34.0,45.0,2.0,0,3.2544489426520857,31
0,2,1,30.0,47.0,3.0,0,3.1340265318477836,30
1,1,4,28.0,30.0,4.0,0,0.5956261332794407,50
1,3,2,81.0,4.0,5.0,0,1.853066352351658,169
1,1,5,57.0,69.0,3.0,0,2.546224332660385,87
1,1,2,34.0,50.0,2.0,1,1.3403763929630483,131
1,3,5,69.0,59.0,5.0,0,2.111173801558558,135
0,1,2,40.0,41.0,3.0,0,3.865220925666687,27
1,3,2,64.0,37.0,5.0,0,2.3938410184631174,144
0,3,5,6.0,24.0,3.0,0,0.5529457534181358,18
1,1,2,99.0,61.0,5.0,0,2.046140646747065,70
1,3,5,33.0,16.0,2.0,0,0.9708610351216368,162
0,3,5,78.0,42.0,1.0,1,1.1171253895254116,118
0,1,2,27.0,30.0,2.0,0,2.864183181502821,22
0,2,2,73.0,17.0,4.0,0,1.6836146210363736,144
0,3,1,10.0,56.0,4.0,0,0.6053726347543384,8
0,2,4,56.0,92.0,1.0,0,1.7166634898508732,110
0,2,4,75.0,76.0,3.0,0,1.224578871713912,74
0,3,2,46.0,45.0,2.0,0,2.8005224174774783,25
1,2,2,43.0,50.0,3.0,0,3.729972860867746,22
1,3,4,59.0,64.0,5.0,0,1.1182801872272548,181
1,1,2,45.0,49.0,2.0,0,1.7636910229268126,18
0,2,1,27.0,46.0,1.0,0,1.882305856776351,14
1,3,2,42.0,1.0,1.0,1,0.17644106344600424,80
1,1,5,63.0,10.0,1.0,1,0.3060721869003758,99
1,1,1,12.0,32.0,2.0,0,0.20404812460025054,61
1,2,2,26.0,68.0,5.0,0,0.4771139020861168,121
0,3,5,71.0,49.0,3.0,0,1.4673228781013445,129
1,2,2,46.0,35.0,2.0,0,4.235891081209942,20
0,3,1,63.0,85.0,2.0,0,2.045923053662759,81
0,2,5,1.0,33.0,2.0,0,0.8232242899317121,15
1,2,3,10.0,35.0,1.0,0,0.9341099981440806,191
0,3,5,90.0,35.0,4.0,0,1.5280513390981927,102
1,3,4,67.0,59.0,4.0,0,0.3060721869003758,159
1,1,2,17.0,13.0,1.0,1,0.3060721869003758,74
1,1,4,95.0,82.0,3.0,0,3.0689933770362914,110
0,3,1,6.0,54.0,3.0,0,0.6935931664773405,7
0,2,1,45.0,30.0,2.0,0,3.0046130014777193,40
1,3,5,9.0,29.0,3.0,0,0.5405570730271527,9
0,2,5,84.0,19.0,4.0,0,1.7402860529309963,110
0,3,4,8.0,36.0,4.0,0,0.7115987882128937,25
1,3,5,58.0,23.0,5.0,0,1.1381581227443311,53
0,1,1,55.0,25.0,2.0,0,1.6810874325483804,139
1,1,5,9.0,87.0,4.0,0,3.270646987432875,115
0,2,2,18.0,77.0,3.0,0,0.965316624805169,107
1,3,4,87.0,38.0,5.0,0,1.6822422302502238,148
1,2,5,81.0,1.0,1.0,0,0.7849858717399135,51
1,2,2,73.0,99.0,5.0,0,0.8934391999191611,117
0,2,1,41.0,53.0,2.0,0,1.9099553773305873,22
1,3,2,26.0,49.0,2.0,0,3.9120308656583203,41
1,2,4,37.0,99.0,2.0,0,0.3350940982407621,141
0,3,1,34.0,53.0,2.0,0,2.581298371513955,17
1,3,1,48.0,36.0,1.0,1,0.2592622469087431,80
0,2,5,13.0,35.0,1.0,0,0.6411662851411379,21
1,2,2,52.0,31.0,5.0,0,1.45877363372828,71
0,2,5,2.0,27.0,4.0,0,0.5529457534181358,16
1,3,5,26.0,86.0,3.0,0,1.2301232820303798,126
0,2,5,9.0,58.0,3.0,0,4.09927062562485,169
0,3,5,4.0,8.0,5.0,0,0.5529457534181358,11
0,3,4,7.0,9.0,5.0,0,0.35849906823657846,13
1,2,5,5.0,50.0,5.0,0,1.4535918785523236,129
0,1,5,8.0,7.0,3.0,0,2.316201590176335,38
0,2,5,3.0,11.0,3.0,0,0.6177613151453216,15
0,3,5,10.0,42.0,2.0,0,0.5529457534181358,16
1,3,4,65.0,60.0,4.0,0,1.7002478519857769,79
0,2,1,33.0,42.0,1.0,0,3.213038350920716,6
1,3,2,20.0,49.0,2.0,0,0.5809377471396632,39
0,3,1,5.0,24.0,3.0,0,0.6467832264857079,5
0,3,1,22.0,52.0,2.0,0,3.312492765332858,13
1,1,3,30.0,53.0,4.0,0,2.5826707623001046,70
0,1,2,37.0,81.0,4.0,0,1.3939580720010942,99
0,2,2,44.0,2.0,3.0,0,1.4353686637324636,171
1,2,5,94.0,35.0,4.0,0,4.1159038565742545,110
1,2,5,25.0,59.0,3.0,0,1.2067183120345635,116
1,3,3,73.0,44.0,3.0,0,1.6712259406453904,91
0,3,4,7.0,14.0,3.0,0,0.3999096599679479,22
1,3,5,86.0,12.0,5.0,0,0.7059818468683237,184
1,2,2,7.0,65.0,1.0,0,0.882422910314328,117
1,1,1,78.0,88.0,5.0,1,0.98749426607104,178
1,1,1,22.0,29.0,3.0,0,0.6049452427870673,102
1,1,2,23.0,51.0,3.0,0,4.154442288533353,32
1,2,5,25.0,44.0,5.0,0,0.6109895760989084,144
1,3,1,62.0,25.0,3.0,0,2.2475766640593426,102
1,2,5,4.0,24.0,3.0,0,0.5529457534181358,11
0,2,5,9.0,57.0,4.0,0,0.7584087282045263,12
1,1,2,11.0,51.0,1.0,1,0.7530093799442631,84
1,2,2,14.0,38.0,3.0,1,0.3060721869003758,71
1,2,5,85.0,42.0,1.0,0,2.4804715663156625,41
0,3,5,10.0,48.0,3.0,0,0.5763507234139521,18
1,1,2,53.0,35.0,2.0,0,2.716546436312896,20
0,2,1,57.0,34.0,1.0,0,1.540222426404869,119
1,2,1,54.0,34.0,1.0,0,2.1057744532982947,17
1,3,5,8.0,24.0,4.0,0,0.8880398516588979,13
1,3,2,79.0,33.0,1.0,0,1.4243523741276305,116
1,1,5,64.0,52.0,4.0,0,1.7346691115864263,176
1,2,3,48.0,81.0,2.0,0,3.3039134493316817,126
0,3,1,6.0,52.0,5.0,0,0.5171521030313363,19
0,3,3,77.0,53.0,2.0,0,2.4890508823168394,172
1,3,1,67.0,43.0,3.0,0,0.5809377471396632,114
1,1,3,37.0,63.0,2.0,0,3.1410158639785037,28
1,3,4,47.0,0.0,3.0,1,0.3641160095811484,88
0,3,2,85.0,17.0,5.0,0,1.6349971040899773,89
1,3,4,56.0,66.0,3.0,0,1.0480652772398056,44
1,1,1,47.0,86.0,5.0,0,1.818862685835315,124
1,1,3,57.0,66.0,2.0,0,0.6357669368808747,84
1,3,1,31.0,16.0,2.0,0,1.7702451688889191,79
0,2,2,43.0,2.0,1.0,0,0.72938681686414,127
0,1,1,6.0,71.0,3.0,0,1.4398308073751904,97
0,3,2,79.0,22.0,5.0,1,0.6949655572634905,127
1,3,5,4.0,55.0,5.0,0,0.48813019169095,12
1,2,5,84.0,84.0,5.0,0,2.1523668002056207,172
1,2,4,43.0,12.0,1.0,0,1.0948752172314382,188
1,3,4,88.0,24.0,5.0,0,2.5882877036446748,91
0,1,2,22.0,33.0,3.0,0,3.215475324524373,27
0,1,5,79.0,96.0,1.0,1,1.2355226302906432,124
0,1,1,50.0,30.0,3.0,0,2.599086400165201,36
0,1,1,48.0,42.0,1.0,0,3.4938979908705123,19
1,2,5,69.0,80.0,3.0,0,2.501221969623516,142
0,3,5,5.0,44.0,2.0,0,0.5295407834223195,14
0,1,1,20.0,42.0,3.0,0,3.300104084941875,21
0,2,5,81.0,3.0,5.0,0,1.6422040293050042,122
1,3,5,89.0,56.0,5.0,0,1.5706167285314052,92
1,2,5,55.0,72.0,5.0,0,1.4423579958631836,131
1,2,3,36.0,22.0,5.0,0,1.1653077203031943,106
0,2,1,11.0,29.0,2.0,0,1.9880968240662926,113
1,1,1,13.0,39.0,3.0,0,0.21785165517737368,135
0,2,2,44.0,41.0,3.0,0,3.600559330497681,15
1,3,5,56.0,78.0,4.0,0,1.4821786037240963,123
1,2,2,56.0,83.0,5.0,0,1.4589912268125866,81
1,3,2,50.0,41.0,4.0,0,2.2711992271394656,110
1,2,3,70.0,24.0,3.0,0,0.06481556172718578,82
1,1,5,13.0,22.0,1.0,0,0.9101025024966765,123
0,2,4,79.0,98.0,4.0,0,1.7414408506328396,145
1,3,1,68.0,30.0,3.0,0,2.717918827099046,110
1,3,3,25.0,67.0,1.0,0,3.3397070997184812,96
1,1,1,23.0,45.0,2.0,0,1.0881034781850252,39
1,1,5,52.0,28.0,3.0,0,1.8656726258269478,74
0,2,4,73.0,59.0,1.0,0,3.5999065512447608,60
1,2,5,63.0,30.0,5.0,0,0.7059818468683237,106
1,3,4,90.0,33.0,2.0,0,1.7594464723683925,94
1,1,4,38.0,69.0,2.0,0,1.2557854983750005,95
0,2,1,25.0,32.0,2.0,0,3.4900886264807056,21
0,1,3,70.0,23.0,5.0,0,1.9124825658185807,108
0,3,3,83.0,21.0,1.0,0,1.8118733537045952,153
1,2,4,15.0,52.0,2.0,0,2.0519751811759424,84
0,1,5,83.0,4.0,3.0,0,2.4580038009373832,102
1,2,5,46.0,53.0,2.0,0,0.8356129703226952,150
1,2,2,90.0,47.0,4.0,0,2.1345787715543745,115
0,3,5,5.0,31.0,3.0,0,0.7584087282045263,14
0,3,5,1.0,47.0,2.0,0,0.7584087282045263,19
1,3,5,7.0,33.0,5.0,0,0.44671959995958055,22
0,3,2,17.0,4.0,3.0,0,2.051757588091635,98
1,3,5,77.0,46.0,2.0,0,2.294604197135282,125
1,2,4,82.0,49.0,5.0,0,1.370553102005278,51
0,2,5,12.0,37.0,1.0,0,0.5295407834223195,7
0,2,3,87.0,91.0,2.0,0,2.893422685927514,64
1,3,3,96.0,60.0,4.0,0,2.105556860213988,85
0,1,1,56.0,42.0,2.0,0,3.3768731408914303,21
0,2,2,58.0,53.0,2.0,0,3.106812197462161,17
0,1,5,12.0,74.0,3.0,0,2.322973329222748,105
1,3,5,48.0,76.0,2.0,1,1.1306688676182377,182
0,3,2,2.0,97.0,1.0,1,1.3651537537450147,100
0,1,1,41.0,41.0,4.0,0,3.240252685306339,29
1,3,5,74.0,70.0,4.0,0,1.3471481320094616,137
1,3,1,26.0,71.0,5.0,0,3.3824900822360005,70
1,3,5,23.0,52.0,3.0,0,0.9598447455168035,91
0,3,2,35.0,63.0,1.0,0,1.0130414919875683,90
0,3,5,10.0,28.0,4.0,0,0.46472522169513364,14
1,1,5,19.0,11.0,5.0,0,1.5830054089223884,178
0,3,5,40.0,72.0,5.0,0,2.553648850959718,119
1,3,2,3.0,40.0,1.0,1,0.7998193199358958,82
0,3,4,41.0,42.0,1.0,0,2.566037531350702,96
1,3,3,86.0,69.0,3.0,0,2.135951162340524,115
1,2,5,63.0,62.0,5.0,0,2.19514978272314,148
1,3,1,77.0,79.0,4.0,0,1.9070832175583172,116
0,3,4,2.0,32.0,2.0,0,0.5405570730271527,5
1,3,5,4.0,50.0,3.0,0,0.8880398516588979,13
1,2,1,47.0,38.0,1.0,1,0.3060721869003758,76
1,3,2,31.0,26.0,3.0,0,3.3363997537775973,129
1,1,1,54.0,39.0,4.0,0,2.429634668849917,107
1,3,2,79.0,52.0,4.0,0,2.1469674519453577,91
1,2,3,42.0,11.0,2.0,0,1.8712895671715177,128
1,2,3,84.0,31.0,1.0,1,1.6824598233345305,148
0,3,3,26.0,31.0,1.0,0,0.9559975152975425,84
0,1,5,43.0,76.0,2.0,0,1.5289885437157291,169
1,2,2,40.0,46.0,2.0,0,2.1982395355797166,43
0,2,5,53.0,91.0,4.0,0,2.0767525419579083,147
1,3,5,1.0,25.0,2.0,0,0.6411662851411379,12
1,3,4,31.0,48.0,5.0,0,1.224578871713912,124
0,3,1,80.0,24.0,1.0,1,1.7292697633261631,117
1,1,4,36.0,70.0,2.0,0,0.3528821268920085,97
0,3,2,54.0,95.0,5.0,1,0.8934391999191611,179
1,2,3,84.0,40.0,1.0,0,1.8462946133052447,137
0,2,5,58.0,72.0,1.0,0,1.483768587594553,151
0,1,2,51.0,66.0,3.0,0,2.2365603744545095,144
1,2,1,63.0,78.0,1.0,0,2.777117447481662,131
1,2,3,71.0,46.0,1.0,0,2.0587469202223554,183
0,1,4,61.0,35.0,4.0,0,3.3561227375835774,75
1,3,3,53.0,75.0,2.0,1,1.4835509945102463,145
1,1,5,64.0,55.0,3.0,0,1.6698535498592406,117
0,2,2,70.0,56.0,5.0,0,1.0768695954958853,131
0,2,2,37.0,42.0,4.0,0,3.2762639287774453,36
0,3,5,78.0,32.0,5.0,0,1.799484673313612,113
1,2,5,57.0,6.0,1.0,1,0.49374713303552,84
1,1,4,3.0,6.0,1.0,0,2.205228867710437,66
1,1,1,83.0,22.0,2.0,0,1.5830054089223884,115
1,3,2,83.0,70.0,1.0,0,1.2769332220220124,92
0,3,5,1.0,33.0,4.0,0,0.4523365413041506,20
1,1,5,30.0,12.0,1.0,1,0.3060721869003758,106
1,3,5,7.0,15.0,5.0,0,0.5763507234139521,11
1,3,1,12.0,9.0,4.0,0,0.6177613151453216,10
0,2,5,50.0,96.0,5.0,0,1.452001894681867,175
0,2,3,77.0,6.0,5.0,0,1.0354590037645157,133
1,3,1,44.0,98.0,2.0,0,2.0877688315627414,132
0,3,4,3.0,34.0,2.0,0,0.5529457534181358,10
0,3,1,59.0,41.0,3.0,0,3.0946411101554845,16
1,3,2,32.0,10.0,1.0,1,0.6949655572634905,64
0,2,5,12.0,35.0,1.0,0,0.8880398516588979,8
0,3,1,2.0,32.0,5.0,0,0.6701881964815242,7
1,1,1,48.0,54.0,2.0,0,3.4252730647535197,34
0,1,2,52.0,47.0,3.0,0,3.3574951283697274,22
0,1,2,26.0,34.0,4.0,0,3.053012925339808,25
0,2,5,76.0,43.0,1.0,0,2.229788635408096,127
0,1,1,21.0,69.0,3.0,0,3.2226822497393997,122
1,3,4,52.0,43.0,2.0,0,1.0994622409571493,62
1,1,4,20.0,90.0,5.0,0,2.045203442129529,100
1,3,1,95.0,68.0,1.0,0,1.7360415023725762,94
1,1,2,63.0,28.0,5.0,0,0.7239874686038767,69
0,2,1,24.0,33.0,4.0,0,2.1345787715543745,19
0,1,4,12.0,13.0,5.0,0,3.805587119115458,104
0,3,5,8.0,35.0,4.0,0,0.5819676647585221,17
1,2,2,46.0,55.0,4.0,0,1.0466928864536558,102
1,1,2,71.0,10.0,1.0,0,2.1577661484658837,54
0,1,5,73.0,7.0,5.0,0,3.658385560094147,72
1,3,5,88.0,52.0,4.0,0,0.3350940982407621,168
0,3,3,77.0,28.0,2.0,1,1.2602999910726094,122
1,3,5,5.0,12.0,4.0,0,0.5115351616867663,16
1,3,5,10.0,49.0,4.0,0,0.42331462996376423,13
0,3,5,11.0,50.0,3.0,0,0.44671959995958055,16
1,1,4,38.0,65.0,5.0,0,0.7113811951285869,168
1,3,5,69.0,51.0,5.0,0,1.8462946133052447,149
0,2,5,53.0,38.0,2.0,1,1.4479749372077535,179
0,1,1,37.0,46.0,3.0,0,3.206266611874303,27
1,2,5,73.0,49.0,4.0,0,2.0119369802307228,100
1,3,5,65.0,28.0,1.0,1,1.0010377441638663,158
1,2,1,36.0,44.0,2.0,0,3.88322654740224,36
1,2,2,41.0,33.0,2.0,0,2.922009411099287,20
1,3,4,96.0,62.0,2.0,0,1.7360415023725762,106
0,3,4,22.0,55.0,5.0,0,1.803686764472042,153
0,3,1,7.0,13.0,5.0,0,0.5295407834223195,19
1,3,2,60.0,76.0,5.0,0,1.6064103789182047,109
1,3,3,53.0,11.0,5.0,0,1.5170350494933595,108
1,1,5,15.0,88.0,2.0,0,1.8296613823558416,16
0,1,1,38.0,51.0,2.0,0,3.3658568512865976,29
1,1,1,24.0,34.0,3.0,0,4.394761709089007,25
0,1,5,77.0,21.0,1.0,1,0.7998193199358958,142
0,1,5,48.0,14.0,1.0,0,2.135951162340524,131
1,2,4,58.0,4.0,4.0,0,0.8089933673873179,110
0,1,4,60.0,75.0,2.0,0,1.9248712462095636,192
1,3,5,9.0,13.0,1.0,0,0.7998193199358958,12
0,3,1,7.0,9.0,1.0,0,0.6467832264857079,11
1,3,5,64.0,68.0,3.0,0,2.135951162340524,91
0,2,2,35.0,33.0,2.0,0,3.4063302384004306,34
1,3,5,84.0,42.0,3.0,0,0.24687356651776,79
0,3,5,1.0,38.0,5.0,0,0.6935931664773405,12
1,3,1,85.0,45.0,5.0,0,2.105339267129681,81
1,3,4,73.0,21.0,5.0,0,1.4947848771993861,113
0,2,4,10.0,42.0,5.0,0,0.5819676647585221,16
0,2,3,47.0,60.0,5.0,0,2.3980855690215375,39
1,1,5,98.0,73.0,2.0,0,2.2531936054039123,79
0,1,1,25.0,54.0,2.0,0,4.08307258084406,23
1,1,1,37.0,5.0,1.0,1,0.3641160095811484,76
0,2,5,50.0,13.0,5.0,0,1.800857064099762,140
1,3,5,9.0,16.0,4.0,0,0.7584087282045263,12
1,3,5,9.0,11.0,3.0,0,0.3999096599679479,8
1,2,3,59.0,60.0,1.0,1,1.3651537537450147,158
0,3,1,49.0,84.0,4.0,0,2.116573149818821,73
1,3,3,52.0,5.0,3.0,0,0.48251325034638004,40
1,2,1,8.0,28.0,4.0,0,0.6701881964815242,16
1,1,5,60.0,13.0,5.0,0,3.3158669435540515,103
1,1,5,16.0,78.0,4.0,0,1.6064103789182047,29
1,3,3,58.0,68.0,5.0,0,1.6878591715947937,106
0,2,5,45.0,78.0,5.0,0,2.9825804222680525,141
1,1,4,65.0,73.0,2.0,0,1.9716811862011963,158
0,2,2,53.0,77.0,1.0,0,0.5405570730271527,65
1,1,4,9.0,13.0,4.0,0,0.5956261332794407,36
0,2,2,59.0,50.0,2.0,0,3.3370525330305174,24
1,3,4,89.0,54.0,3.0,0,1.9883144171505993,64
0,3,5,3.0,38.0,3.0,0,0.5763507234139521,8
1,1,4,52.0,60.0,3.0,0,0.2427440063874323,118
1,1,1,20.0,74.0,4.0,0,2.5331160407361724,187
1,3,2,36.0,39.0,1.0,0,1.46439057507285,78
1,3,5,51.0,79.0,5.0,0,1.6836146210363736,128
0,2,3,98.0,57.0,2.0,0,1.1346958250923511,59
0,3,3,95.0,69.0,3.0,0,1.9000938854275975,55
1,3,5,57.0,78.0,1.0,0,1.4051919546902343,115
1,1,1,13.0,62.0,1.0,0,2.1748345655839003,58
1,2,1,16.0,33.0,2.0,1,0.5405570730271527,63
0,2,1,51.0,50.0,2.0,0,4.081482596973604,34
1,3,4,53.0,29.0,2.0,0,2.20076672406771,130
1,3,4,65.0,30.0,3.0,0,1.799484673313612,84
1,3,5,60.0,40.0,3.0,0,1.2409219785509062,95
1,3,5,88.0,44.0,3.0,0,1.95813770810837,79
1,3,4,64.0,16.0,4.0,0,0.8476892491744996,69
0,3,5,12.0,32.0,4.0,0,0.3999096599679479,19
0,1,5,56.0,16.0,5.0,0,1.3541374641401815,189
0,2,4,62.0,5.0,1.0,0,0.35288212689200843,95
0,2,5,55.0,42.0,5.0,0,1.7180358806370233,133
1,1,3,57.0,8.0,2.0,1,0.12963112345437156,99
1,2,3,26.0,20.0,1.0,1,0.5405570730271527,87
1,3,2,30.0,73.0,4.0,0,2.43640640789633,76
1,3,4,65.0,34.0,5.0,0,1.9057108267721672,96
0,3,1,11.0,25.0,3.0,0,0.6411662851411379,14
0,1,5,90.0,9.0,5.0,0,1.1583183881724741,134
0,2,2,32.0,51.0,2.0,0,3.3052858401178313,13
0,3,4,43.0,38.0,3.0,0,1.5181898471952027,121
1,3,4,99.0,82.0,2.0,0,3.6399447521899804,71
0,2,1,5.0,33.0,2.0,0,0.5763507234139521,9
0,3,2,73.0,42.0,5.0,0,0.6196336289268448,90
1,3,2,92.0,78.0,3.0,0,2.0477306306175223,129
0,1,3,65.0,32.0,2.0,1,1.2935664529714157,105
1,1,4,60.0,8.0,1.0,1,0.5405570730271527,97
1,3,4,13.0,13.0,1.0,0,0.7225726184177367,47
0,3,1,53.0,48.0,4.0,0,1.4409856050770338,120
1,3,2,80.0,70.0,4.0,0,0.7942023785913258,107
1,1,1,72.0,55.0,5.0,0,1.9815426781041863,109
1,2,1,12.0,64.0,1.0,0,0.2904688735698316,87
1,3,2,59.0,63.0,5.0,0,1.7292697633261631,139
1,1,5,57.0,26.0,5.0,0,2.0063200388861526,129
1,1,2,7.0,57.0,2.0,1,0.17644106344600424,71
1,3,5,56.0,58.0,4.0,0,1.7760797033177957,130
1,3,5,39.0,27.0,1.0,1,0.8578631426166684,140
1,1,5,61.0,29.0,4.0,0,0.8770235620540647,44
0,2,2,47.0,37.0,2.0,0,2.7937506784310653,15
0,3,4,12.0,27.0,3.0,0,0.7584087282045263,16
0,3,3,77.0,84.0,3.0,0,2.7511852889978528,81
0,1,1,55.0,46.0,2.0,0,2.894577483629357,19
1,1,4,10.0,41.0,3.0,0,0.5809377471396632,38
1,1,4,65.0,28.0,5.0,0,1.5292061368000358,131
0,3,3,29.0,48.0,1.0,1,1.0230703233735325,110
1,3,5,93.0,55.0,5.0,0,1.2409219785509062,85
0,3,3,99.0,14.0,1.0,0,3.5879530570223914,126
1,3,1,73.0,27.0,4.0,0,2.035341950226539,136
1,3,2,35.0,9.0,4.0,0,0.8642074896958104,60
1,2,3,34.0,68.0,5.0,0,0.6508402555879333,18
1,3,5,38.0,44.0,4.0,0,1.0277298781273458,157
1,1,5,27.0,18.0,1.0,1,0.49374713303552,111
1,1,3,79.0,54.0,5.0,0,0.8176073485871421,114
0,2,4,51.0,99.0,5.0,0,1.6174266685230378,154
0,2,1,27.0,34.0,2.0,0,2.768973317649099,23
1,2,5,3.0,17.0,2.0,0,0.3999096599679479,25
1,2,5,73.0,51.0,5.0,0,0.8299960289781252,78
0,2,4,92.0,81.0,2.0,0,3.799032973153352,137
0,3,5,54.0,56.0,3.0,0,1.795240122755192,128
0,1,2,28.0,45.0,4.0,0,3.3394895066341745,34
0,2,4,66.0,13.0,2.0,1,1.6464485798634243,92
0,3,5,2.0,35.0,5.0,0,0.5763507234139521,11
1,1,3,66.0,0.0,2.0,1,0.3528821268920085,77
1,2,1,52.0,45.0,3.0,0,1.0442481186486567,77
1,2,1,82.0,68.0,4.0,0,0.792475126866007,108
1,3,1,20.0,22.0,1.0,0,0.4945169981700821,117
0,3,5,52.0,81.0,1.0,0,2.3481858761733276,137
1,2,5,25.0,79.0,5.0,0,1.1115084481808415,109
1,1,5,50.0,32.0,1.0,0,0.7612685002049185,127
1,3,5,61.0,38.0,1.0,0,1.5526111067958521,91
0,1,5,83.0,50.0,4.0,0,1.8834606544781942,166
0,3,5,63.0,21.0,3.0,0,1.482011264241122,161
1,2,5,6.0,93.0,2.0,0,2.7766822613130486,90
1,2,4,16.0,82.0,4.0,0,2.6706737009388,66
1,3,3,57.0,36.0,1.0,0,0.7372610045575144,32
0,1,1,73.0,14.0,3.0,0,2.9187020651584032,141
0,2,3,46.0,36.0,5.0,0,2.193994985021297,183
0,3,2,54.0,41.0,4.0,0,2.9643572074481925,36
0,3,3,57.0,17.0,5.0,0,1.4267971419326295,101
0,3,5,7.0,8.0,2.0,0,0.7115987882128937,17
1,3,4,98.0,73.0,4.0,0,2.19939433328156,91
1,2,5,58.0,21.0,4.0,0,1.1941120385592736,71
1,3,2,78.0,30.0,4.0,0,3.786426699678062,138
1,2,3,65.0,17.0,1.0,1,0.7169981364731569,111
1,3,2,33.0,49.0,3.0,0,1.8051016146581822,8
0,3,4,9.0,46.0,5.0,0,0.8880398516588979,14
0,3,5,45.0,89.0,1.0,1,1.4339962729463138,167
1,2,5,62.0,39.0,3.0,0,1.977515720630073,136
1,2,3,84.0,9.0,5.0,0,1.635432290258591,126
1,1,2,30.0,92.0,1.0,0,2.2309434331099394,95
1,3,5,5.0,46.0,3.0,0,0.3999096599679479,15
1,2,1,52.0,24.0,5.0,0,3.3476336364667376,109
0,2,1,6.0,34.0,3.0,0,0.5295407834223195,3
1,2,1,80.0,45.0,3.0,0,1.9347327381125536,128
0,3,1,57.0,56.0,5.0,1,1.047847684155499,158
1,2,3,63.0,50.0,1.0,0,1.1693647494054196,87
0,2,5,12.0,47.0,1.0,0,0.6287776047501548,9
0,1,2,40.0,49.0,2.0,0,2.6807527859260967,37
1,3,5,9.0,46.0,3.0,0,0.35849906823657846,7
1,3,2,59.0,40.0,2.0,0,2.3828247288582842,24
0,1,2,71.0,96.0,5.0,0,2.3524304267317477,119
1,1,4,64.0,37.0,2.0,0,0.6121443738007516,89
1,2,5,74.0,1.0,5.0,0,1.3361318424046285,172
1,3,5,4.0,53.0,4.0,0,0.4523365413041506,18
1,3,2,34.0,54.0,3.0,0,2.2225817101930696,40
1,1,4,57.0,24.0,3.0,0,2.6531032653718607,121
1,3,1,83.0,46.0,4.0,0,0.9266207430179874,133
1,2,2,37.0,34.0,3.0,0,3.16304844318817,16
1,3,2,48.0,9.0,2.0,1,0.5405570730271527,100
0,2,2,20.0,38.0,2.0,0,1.7816966446623659,18
1,3,5,80.0,55.0,3.0,0,1.5415948171910188,111
0,2,5,70.0,12.0,4.0,0,2.0175539215752925,174
1,3,1,58.0,35.0,4.0,0,2.7413237970948625,99
0,2,2,23.0,36.0,2.0,0,2.2173999550171133,26
1,3,3,33.0,7.0,2.0,1,0.48251325034638004,76
1,2,2,9.0,58.0,3.0,0,1.3361318424046285,41
0,2,5,92.0,73.0,4.0,0,1.1675348950238862,113
1,3,5,21.0,23.0,1.0,0,1.629815348914021,96
0,3,2,46.0,51.0,3.0,0,3.742143948174422,40
1,3,4,11.0,43.0,3.0,0,0.48813019169095,13
1,2,3,69.0,37.0,4.0,0,0.5257236248311705,153
0,2,5,7.0,53.0,3.0,0,0.9175917576227697,54
0,3,4,52.0,39.0,5.0,0,2.975591090137333,89
0,3,2,34.0,55.0,5.0,1,0.5185244938174862,157
0,3,3,4.0,43.0,5.0,0,0.4633103715089937,145
1,3,5,5.0,22.0,4.0,0,0.73500375820871,17
1,2,5,79.0,74.0,3.0,0,1.070097856449472,149
1,1,2,33.0,37.0,2.0,0,2.2531936054039123,43
1,3,1,36.0,25.0,1.0,1,0.5405570730271527,79
0,2,2,46.0,37.0,4.0,0,3.4819444966481425,6
1,2,5,7.0,40.0,2.0,0,0.6053726347543384,19
1,3,4,74.0,41.0,2.0,0,1.5649997871868353,97
0,3,3,74.0,70.0,3.0,0,1.6236461355191958,119
1,1,4,69.0,81.0,5.0,0,0.7059818468683237,170
0,3,5,89.0,58.0,1.0,0,1.9759257367596164,141
1,2,2,54.0,12.0,1.0,0,0.7831860889864926,71
0,3,4,72.0,55.0,1.0,0,1.5462543719448323,176
0,1,5,34.0,26.0,2.0,1,0.9542278041722336,142
0,1,5,61.0,14.0,3.0,0,4.093871277364587,110
0,1,1,6.0,48.0,5.0,0,3.2156929176086795,49
0,3,4,3.0,22.0,5.0,0,0.5819676647585221,11
0,2,2,50.0,45.0,1.0,0,2.8599386309444013,29
0,2,4,2.0,32.0,2.0,0,0.35849906823657846,12
0,2,4,33.0,38.0,3.0,0,1.663881747575502,37
0,3,5,1.0,17.0,4.0,0,0.4523365413041506,7
0,2,2,36.0,81.0,2.0,0,2.1928401873194536,71
1,3,5,64.0,21.0,5.0,0,0.8894122424450479,159
1,3,5,76.0,88.0,2.0,1,0.17644106344600424,123
0,2,4,3.0,8.0,2.0,0,0.3350940982407621,11
1,1,3,71.0,21.0,4.0,0,0.8466292599275285,130
1,3,5,51.0,88.0,5.0,0,1.3181262206690754,120
1,1,1,11.0,86.0,5.0,0,1.3035103655573999,113
1,1,1,32.0,39.0,1.0,1,0.6233782564898915,89
1,3,4,61.0,59.0,3.0,0,1.210745269508677,115
0,1,2,32.0,42.0,3.0,0,2.1221900911633913,11
0,3,4,8.0,45.0,4.0,0,0.27027853651357636,17
1,1,1,38.0,34.0,1.0,0,0.5707337820693821,102
0,3,4,8.0,13.0,3.0,0,0.5115351616867663,6
1,1,2,20.0,78.0,5.0,0,1.4598336229752509,86
0,2,3,99.0,17.0,5.0,0,1.3055199471937853,78
1,2,5,10.0,78.0,2.0,0,2.676073049199063,93
0,3,2,85.0,62.0,3.0,0,0.6031153884055341,94
0,1,1,43.0,31.0,2.0,0,3.17141016610504,25
0,2,4,26.0,16.0,4.0,0,2.7188560317165824,124
1,1,2,39.0,1.0,3.0,0,4.151697506961053,62
0,2,3,59.0,3.0,2.0,1,1.210745269508677,119
1,2,3,90.0,5.0,5.0,0,1.940132086372817,148
0,3,5,84.0,83.0,2.0,1,0.5405570730271527,119
1,3,4,60.0,79.0,1.0,0,1.6244160006537578,127
1,3,5,92.0,39.0,2.0,0,1.9883144171505993,116
1,2,3,36.0,19.0,1.0,1,0.3528821268920085,82
1,2,3,11.0,89.0,5.0,0,1.0881034781850252,127
1,1,1,59.0,68.0,4.0,0,2.2655822857948955,88
1,3,4,16.0,22.0,5.0,0,0.7651804672509395,131
1,3,2,26.0,46.0,3.0,0,1.3939580720010942,96
0,3,1,1.0,45.0,4.0,0,0.5819676647585221,14
1,2,3,45.0,27.0,1.0,0,2.3360147888666516,161
0,3,2,33.0,36.0,2.0,0,2.1347963646386807,32
1,3,4,63.0,14.0,2.0,0,0.24687356651776,136
1,3,5,51.0,54.0,5.0,0,2.1125461923447078,105
1,3,2,55.0,46.0,5.0,0,2.0587469202223554,130
1,1,5,75.0,76.0,4.0,0,0.9341099981440806,148
1,2,3,67.0,5.0,2.0,1,0.5405570730271527,83
1,2,1,56.0,31.0,3.0,0,1.9291157967679837,30
0,2,2,40.0,49.0,3.0,0,3.2802908862515583,12
1,3,2,76.0,50.0,4.0,0,1.629815348914021,77
1,3,5,71.0,33.0,1.0,0,2.546877111913305,131
1,1,1,14.0,23.0,4.0,0,0.706054377896426,154
0,3,2,87.0,99.0,2.0,1,0.5185244938174862,147
1,1,1,91.0,30.0,4.0,0,2.19939433328156,104
1,1,1,39.0,22.0,4.0,0,0.706054377896426,119
0,2,1,47.0,43.0,3.0,0,2.822337403602838,37
0,3,4,9.0,32.0,5.0,0,0.5295407834223195,10
1,3,5,2.0,38.0,3.0,0,0.8232242899317121,11
0,3,5,41.0,16.0,3.0,0,1.123679535487518,140
1,1,1,82.0,21.0,1.0,0,2.1001575119537246,79
1,1,4,68.0,12.0,5.0,0,0.8548883801881839,101
1,1,4,66.0,43.0,4.0,0,2.0173363284909858,129
0,2,2,73.0,45.0,1.0,0,4.259078458121452,181
0,3,2,26.0,49.0,2.0,0,2.522317344215646,44
1,2,2,61.0,77.0,5.0,1,0.6949655572634905,144
0,2,2,42.0,39.0,3.0,0,2.723100582275003,22
0,2,5,27.0,6.0,1.0,1,1.1419027503073778,106
1,3,2,63.0,87.0,5.0,0,2.1303342209959544,157
1,3,5,83.0,91.0,3.0,0,0.3060721869003758,58
0,2,2,64.0,14.0,5.0,0,0.8161924984010022,89
0,3,5,10.0,55.0,4.0,0,0.6467832264857079,19
0,3,5,5.0,34.0,1.0,0,0.5295407834223195,13
0,3,2,59.0,34.0,3.0,0,3.4063302384004306,31
1,2,5,5.0,16.0,5.0,0,0.7584087282045263,14
0,2,4,76.0,52.0,1.0,0,2.5648827336488584,150
1,1,5,41.0,34.0,4.0,0,1.9234988554234138,144
0,3,2,33.0,36.0,4.0,0,2.8047669680358984,24
1,3,1,64.0,22.0,5.0,0,0.4393028758615895,20
0,3,4,10.0,31.0,5.0,0,0.44671959995958055,11
0,2,1,44.0,44.0,4.0,0,3.3658568512865976,25
0,3,1,8.0,49.0,2.0,0,0.3350940982407621,14
1,3,3,17.0,36.0,1.0,1,0.6701881964815242,85
1,2,5,29.0,23.0,1.0,1,0.7169981364731569,97
1,3,4,66.0,49.0,3.0,0,1.5526111067958521,95
0,3,5,13.0,37.0,1.0,0,0.6053726347543384,16
1,1,4,73.0,33.0,5.0,0,0.9886490637728831,99
0,3,5,4.0,51.0,3.0,0,0.6177613151453216,17
1,1,1,23.0,30.0,2.0,0,2.275226184613579,10
1,2,2,51.0,31.0,2.0,0,1.7180358806370233,87
1,1,5,76.0,82.0,4.0,0,0.792475126866007,149
1,2,2,59.0,45.0,5.0,0,2.1303342209959544,77
0,1,2,50.0,31.0,1.0,0,2.635315236720614,13
0,1,1,39.0,49.0,2.0,0,4.224874791605109,10
0,3,4,7.0,35.0,2.0,0,0.44671959995958055,6
1,1,2,94.0,74.0,2.0,0,1.6743156935019674,82
1,2,5,88.0,44.0,5.0,0,1.795240122755192,168
1,3,3,44.0,57.0,3.0,0,0.235254751261339,70
0,2,5,10.0,11.0,1.0,0,0.8232242899317121,8
0,2,5,10.0,10.0,3.0,0,0.7115987882128937,7
1,3,1,58.0,99.0,1.0,1,1.0010377441638663,133
1,3,4,68.0,74.0,4.0,0,1.3403763929630483,134
0,3,2,45.0,31.0,3.0,0,2.116790742903128,27
1,3,3,26.0,0.0,1.0,1,0.17644106344600424,98
0,1,1,83.0,49.0,2.0,0,4.486791605201816,121
1,3,5,71.0,43.0,1.0,0,1.894694537167334,70
0,2,5,6.0,18.0,4.0,0,0.5763507234139521,19
0,2,1,53.0,5.0,5.0,0,2.777117447481662,138
1,1,4,63.0,22.0,4.0,0,2.2241716940635263,68
1,3,4,53.0,49.0,5.0,0,1.6754704912038108,76
1,3,5,98.0,57.0,4.0,0,1.9415044771589667,80
1,1,2,5.0,3.0,3.0,1,1.059081566844639,65
1,3,5,93.0,75.0,3.0,0,2.19514978272314,125
1,3,2,17.0,99.0,3.0,0,2.345441094601028,69
1,1,4,89.0,18.0,5.0,0,1.1618754942793263,162
0,1,2,36.0,51.0,4.0,0,2.123562481949541,23
0,3,5,9.0,12.0,4.0,0,0.6287776047501548,12
1,2,5,7.0,34.0,1.0,1,0.38889337036311467,92
0,2,1,43.0,51.0,2.0,0,2.5108658684421994,21
1,1,2,48.0,51.0,3.0,0,2.428479871148074,39
0,3,5,9.0,39.0,5.0,0,0.8232242899317121,19
1,3,3,56.0,31.0,4.0,0,1.723652821981593,103
1,2,5,48.0,71.0,3.0,0,1.1763240099080274,80
1,3,1,69.0,54.0,4.0,0,2.4820615501861196,112
1,3,3,0.0,36.0,2.0,0,0.7777867407262293,147
1,3,1,56.0,44.0,3.0,0,1.2411395716352132,84
0,2,2,24.0,45.0,2.0,0,2.5988688070808945,23
1,2,3,4.0,52.0,1.0,1,0.17644106344600424,55
0,2,1,66.0,59.0,1.0,1,1.1887126902990104,169
1,3,4,40.0,10.0,3.0,0,1.1002745654917017,188
0,3,5,52.0,61.0,2.0,1,0.48251325034638004,158
1,2,5,0.0,41.0,5.0,0,0.3528821268920085,67
1,3,5,90.0,58.0,2.0,0,1.7414408506328396,82
0,3,5,70.0,54.0,5.0,0,1.1933722450528237,74
0,3,5,84.0,57.0,1.0,0,3.4704930208746956,62
1,1,5,48.0,65.0,5.0,0,3.3448888548944375,79
1,2,1,13.0,48.0,3.0,0,0.46472522169513364,3
1,3,5,25.0,52.0,2.0,0,1.4367410545186137,83
0,1,2,21.0,40.0,3.0,0,3.3190469112949645,27
0,2,3,88.0,56.0,1.0,0,1.717266015502461,143
1,3,5,0.0,53.0,4.0,0,0.8954141163568989,88
0,3,5,13.0,14.0,2.0,0,0.27027853651357636,21
0,2,1,36.0,38.0,2.0,0,3.042214228819282,12
1,1,2,36.0,93.0,4.0,0,1.4821786037240963,147
0,3,5,79.0,48.0,2.0,0,1.9124825658185807,138
1,2,4,47.0,57.0,3.0,0,2.19939433328156,152
1,1,2,31.0,33.0,4.0,0,1.9525207667638,15
0,3,5,2.0,20.0,5.0,0,0.5819676647585221,16
0,2,1,63.0,30.0,2.0,1,0.8714066207094947,111
0,3,5,1.0,28.0,1.0,0,0.3999096599679479,11
1,2,2,0.0,42.0,1.0,0,0.5185244938174862,100
0,3,4,3.0,34.0,1.0,0,0.7115987882128937,9
0,3,5,77.0,12.0,4.0,0,0.37688962253941255,68
1,1,2,58.0,3.0,1.0,1,0.12963112345437156,107
1,2,5,61.0,17.0,3.0,0,1.3595368124004445,95
1,3,5,20.0,22.0,4.0,0,0.6343945460947248,165
1,3,4,90.0,34.0,4.0,0,0.73500375820871,131
1,2,5,80.0,27.0,3.0,0,2.188378043676727,106
1,3,4,16.0,27.0,3.0,0,0.9404667329951005,52
0,2,5,84.0,6.0,2.0,0,1.5125729058506328,147
1,1,5,5.0,57.0,1.0,0,0.6508402555879333,116
1,2,4,27.0,70.0,3.0,0,0.4080962492005011,164
0,3,5,2.0,43.0,4.0,0,0.7584087282045263,20
1,1,2,97.0,59.0,4.0,0,1.806256412360025,76
0,3,1,44.0,81.0,5.0,0,2.3234085153913617,128
0,3,5,5.0,34.0,4.0,0,0.42331462996376423,7
0,1,1,26.0,41.0,4.0,0,3.394661169542677,28
0,3,3,49.0,68.0,1.0,1,1.3403763929630483,151
0,3,4,61.0,51.0,2.0,0,2.1827611023321567,97
1,3,4,95.0,27.0,5.0,0,1.5001842254596496,134
0,3,2,65.0,14.0,5.0,0,2.9187020651584032,119
1,3,5,81.0,41.0,4.0,0,1.3057375402780922,111
0,2,2,80.0,99.0,4.0,0,1.9471214185035368,156
1,2,2,58.0,56.0,1.0,0,2.0531299788777853,112
0,1,1,35.0,54.0,2.0,0,1.8519115546498148,30
0,1,2,43.0,41.0,1.0,0,2.9177648605408666,30
1,3,1,4.0,72.0,1.0,0,2.940952237452376,16
0,3,4,64.0,31.0,2.0,1,1.1774788076098703,99
1,2,3,62.0,0.0,1.0,1,0.17644106344600424,107
0,3,4,8.0,18.0,3.0,0,0.8880398516588979,15
0,3,1,13.0,18.0,2.0,0,0.6287776047501548,10
0,3,2,54.0,50.0,3.0,0,1.8231072363937353,27
1,2,4,86.0,51.0,1.0,0,1.5114181081487894,85
0,2,5,99.0,44.0,4.0,0,1.6106549294766248,122
0,2,5,9.0,8.0,4.0,0,0.6701881964815242,21
0,1,5,73.0,97.0,5.0,0,2.617092021900754,99
1,2,3,58.0,13.0,1.0,1,0.8466292599275285,98
0,2,2,43.0,49.0,1.0,0,4.275929282155161,27
0,3,5,4.0,20.0,5.0,0,0.6177613151453216,13
1,2,5,70.0,60.0,5.0,0,1.2557854983750005,27
0,3,1,5.0,40.0,4.0,0,0.3350940982407621,20
1,1,3,13.0,61.0,4.0,0,0.6701881964815242,26
0,1,2,64.0,4.0,3.0,0,1.882305856776351,121
1,1,3,24.0,52.0,1.0,1,0.3641160095811484,62
1,2,2,96.0,76.0,2.0,0,1.5001842254596496,135
0,2,5,32.0,96.0,3.0,0,3.0703657678224414,71
1,3,1,53.0,48.0,4.0,0,0.32167550023092,86
1,1,5,73.0,54.0,5.0,0,1.382941782396261,133
1,3,1,72.0,51.0,3.0,0,0.2592622469087431,62
1,3,1,3.0,49.0,5.0,0,0.6701881964815242,12
0,3,1,71.0,15.0,1.0,0,3.4745199783488094,182
1,3,5,10.0,49.0,4.0,0,0.7537792450788251,151
1,3,4,18.0,33.0,5.0,0,2.564447547480245,139
1,1,2,15.0,18.0,3.0,1,0.6701881964815242,102
1,2,5,90.0,93.0,4.0,0,1.4452301556354539,147
0,2,3,68.0,20.0,1.0,1,0.8578631426166684,150
1,2,1,59.0,70.0,3.0,0,1.7360415023725762,135
1,3,5,62.0,38.0,3.0,0,2.4476402905854697,121
0,3,5,89.0,26.0,5.0,0,1.5348230781446057,179
1,2,5,60.0,40.0,2.0,0,1.311354481622662,105
1,3,2,54.0,55.0,5.0,0,1.71126414159061,113
0,3,2,57.0,43.0,4.0,0,2.8103839093804686,37
1,1,5,5.0,5.0,3.0,0,0.9266207430179874,152
1,3,5,66.0,43.0,5.0,0,1.623043609867608,121
1,1,1,38.0,56.0,1.0,1,0.49374713303552,89
0,1,1,39.0,34.0,4.0,0,2.0823694833024784,28
0,3,3,75.0,79.0,5.0,1,0.9762603833819,132
1,2,2,69.0,61.0,3.0,0,2.105556860213988,103
0,1,5,13.0,52.0,2.0,0,4.439981665210183,83
1,3,1,7.0,35.0,3.0,0,0.27027853651357636,11
0,1,1,78.0,3.0,3.0,0,2.5578934015181387,131
1,3,2,27.0,52.0,1.0,0,2.9895697543987723,18
1,3,5,70.0,69.0,5.0,0,1.7704627619732258,97
0,2,2,38.0,50.0,2.0,0,2.8585662401582512,40
1,2,1,37.0,54.0,3.0,0,1.3485205227956114,40
1,2,1,95.0,46.0,2.0,0,3.627556071798997,133
1,2,3,58.0,8.0,3.0,0,0.6467832264857079,55
0,2,4,24.0,71.0,1.0,0,1.2944813801621824,8
0,3,2,52.0,42.0,2.0,0,2.68615213418636,18
1,3,2,84.0,69.0,2.0,0,2.3058380798244222,81
0,3,1,7.0,8.0,1.0,0,0.6701881964815242,19
0,3,4,3.0,37.0,2.0,0,0.73500375820871,17
0,2,5,69.0,11.0,1.0,0,2.218554752718956,149
1,2,2,73.0,34.0,1.0,1,1.3763876364341545,167
0,1,4,99.0,12.0,2.0,0,3.6771107933629295,31
1,1,5,72.0,83.0,1.0,0,2.8005224174774783,153
1,2,3,15.0,68.0,2.0,0,0.1820580047905742,118
0,2,1,66.0,10.0,1.0,0,2.523472141917489,142
0,3,3,48.0,43.0,1.0,0,1.9993307067554327,134
1,2,5,30.0,22.0,1.0,1,0.5405570730271527,96
1,2,3,36.0,60.0,5.0,0,3.494115583954819,89
1,1,2,44.0,12.0,3.0,0,1.5390676287030258,78
1,3,1,45.0,31.0,2.0,0,3.1106215618519677,35
1,2,5,41.0,85.0,4.0,0,1.5168174564090526,165
0,2,5,8.0,52.0,1.0,0,0.6053726347543384,18
1,3,4,76.0,39.0,4.0,0,1.9883144171505993,120
1,3,4,73.0,69.0,2.0,0,0.882422910314328,168
1,3,5,9.0,73.0,5.0,0,1.8242620340955784,80
0,2,4,37.0,15.0,2.0,0,4.093871277364587,101
1,3,1,47.0,68.0,2.0,0,1.130668867618238,55
1,1,2,35.0,40.0,2.0,0,2.4710452605812865,21
0,3,3,92.0,34.0,1.0,0,3.3739107662348236,88
1,2,3,38.0,4.0,2.0,0,0.7372610045575144,81
1,1,1,74.0,95.0,3.0,0,3.457886747399406,120
0,1,5,62.0,99.0,5.0,0,1.871071974087211,175
0,2,5,34.0,80.0,2.0,1,1.0343042060626726,146
1,3,4,96.0,56.0,3.0,0,2.611692673640491,84
0,1,5,72.0,39.0,5.0,1,0.2592622469087431,145
1,1,2,92.0,64.0,5.0,0,1.2823325702822759,97
0,3,5,83.0,46.0,4.0,0,1.4243523741276305,119
1,1,1,54.0,69.0,5.0,0,1.7594464723683925,136
1,3,3,65.0,31.0,2.0,0,0.9294504433902673,75
1,1,1,29.0,86.0,4.0,0,1.0230703233735325,171
1,2,2,24.0,52.0,3.0,0,1.9525207667638,30
1,2,3,86.0,51.0,5.0,0,2.958740266103623,31
0,3,1,93.0,53.0,3.0,0,1.0811141460543052,46
0,1,1,56.0,41.0,3.0,0,3.200649670529733,19
1,2,5,54.0,21.0,4.0,0,2.300221138479852,171
0,3,5,30.0,43.0,2.0,0,2.4832163478879625,101
1,2,4,85.0,54.0,1.0,0,1.3349770447027853,129
0,3,1,7.0,53.0,4.0,0,0.3350940982407621,16
1,3,1,8.0,12.0,3.0,0,0.48813019169095,5
0,1,1,24.0,48.0,4.0,0,3.569947435286838,9
1,3,3,58.0,26.0,2.0,0,1.3059551333623989,103
0,3,1,59.0,30.0,2.0,0,2.494450230577103,32
1,3,1,96.0,36.0,2.0,0,2.1001575119537246,84
0,1,1,56.0,31.0,2.0,0,2.7575218418756524,37
1,3,5,47.0,59.0,3.0,0,0.45910828035056367,68
0,3,5,11.0,31.0,3.0,0,0.7059818468683237,10
1,2,4,57.0,20.0,2.0,0,2.20076672406771,185
1,3,1,67.0,64.0,3.0,0,1.6174266685230378,107
1,2,2,38.0,45.0,3.0,0,3.3415146766732446,15
1,3,4,92.0,40.0,5.0,0,2.535860822308472,75
0,3,5,11.0,27.0,4.0,0,0.5763507234139521,17
0,2,1,67.0,30.0,5.0,0,1.5238067885397726,165
1,1,5,85.0,30.0,5.0,0,2.094540570609155,129
1,3,5,47.0,76.0,5.0,0,1.0230703233735325,104
1,1,5,94.0,42.0,3.0,0,1.7002478519857769,122
0,3,5,43.0,71.0,5.0,0,1.229905688946073,156
0,3,3,99.0,1.0,1.0,0,0.8642074896958104,101
1,1,3,63.0,17.0,2.0,1,0.48251325034638004,74
0,3,4,2.0,9.0,3.0,0,0.7998193199358958,11
1,2,2,52.0,32.0,3.0,0,3.393288778756527,16
1,2,2,52.0,36.0,2.0,0,2.540105372866892,13
1,1,1,32.0,37.0,2.0,0,4.207086762953862,35
0,2,1,78.0,96.0,3.0,0,1.123679535487518,124
1,2,2,20.0,33.0,2.0,1,0.6233782564898915,83
0,3,1,12.0,9.0,5.0,0,1.7889983783322645,10
0,3,1,12.0,10.0,4.0,0,0.6411662851411379,18
0,2,2,46.0,35.0,2.0,0,2.4572841894041533,20
1,1,1,58.0,42.0,5.0,0,1.5415948171910188,131
1,3,5,79.0,62.0,2.0,0,0.5887394038049352,57
0,1,1,28.0,32.0,2.0,0,3.735372209128009,30
1,3,2,21.0,54.0,3.0,0,4.0346726569819715,36
1,3,4,8.0,75.0,2.0,0,2.6634667757237733,25
1,3,5,44.0,0.0,4.0,0,0.5185244938174862,91
0,3,3,70.0,2.0,1.0,1,1.4479749372077535,97
0,3,3,58.0,30.0,4.0,0,1.820205004993353,69
0,1,2,82.0,93.0,4.0,0,2.922009411099287,123
1,3,4,74.0,24.0,4.0,0,2.282215516744299,83
1,1,2,6.0,68.0,1.0,0,0.6715605872676742,118
0,2,3,46.0,12.0,5.0,0,3.9874275308217255,70
0,2,5,12.0,17.0,2.0,0,0.6287776047501548,24
0,1,1,52.0,37.0,2.0,0,2.8061393588220485,20
1,3,4,84.0,16.0,2.0,0,0.7115987882128937,128
1,3,5,13.0,38.0,2.0,0,0.46472522169513364,22
0,3,3,3.0,2.0,2.0,0,1.7760797033177957,156
1,1,4,92.0,37.0,5.0,0,1.8877052050366143,139
1,3,1,11.0,43.0,5.0,0,0.46472522169513364,22
1,1,4,42.0,49.0,3.0,0,2.734116871879836,25
1,2,5,47.0,15.0,1.0,0,3.517520553950635,102
0,3,5,6.0,23.0,5.0,0,0.5405570730271527,10
0,3,2,36.0,14.0,2.0,0,2.1566113507640408,84
0,2,3,9.0,1.0,1.0,1,0.2592622469087431,86
0,1,3,99.0,15.0,2.0,0,4.040072005242235,98
1,3,5,35.0,21.0,1.0,1,0.17644106344600424,92
1,1,2,2.0,57.0,3.0,0,0.3603713820181018,68
1,2,1,15.0,41.0,4.0,0,0.5809377471396632,70
1,1,3,89.0,14.0,2.0,0,0.6121443738007516,103
0,2,5,4.0,24.0,5.0,0,0.8880398516588979,15
1,1,5,69.0,78.0,5.0,0,2.565819938266395,72
0,3,4,6.0,24.0,2.0,0,0.8880398516588979,9
1,3,2,93.0,51.0,4.0,0,0.48813019169095,140
0,2,5,80.0,23.0,2.0,1,0.824596680717862,138
0,3,3,32.0,67.0,5.0,0,1.4046195006667588,94
1,1,2,73.0,87.0,5.0,0,0.2592622469087431,104
1,3,5,78.0,67.0,3.0,0,1.311354481622662,163
1,3,2,48.0,2.0,1.0,0,2.569846895740508,48
0,3,5,12.0,42.0,4.0,0,0.6701881964815242,19
0,2,2,42.0,63.0,1.0,1,1.4339962729463138,169
1,1,2,86.0,72.0,1.0,0,2.4649931330681025,115
0,3,4,1.0,56.0,5.0,0,0.5529457534181358,20
1,2,5,86.0,25.0,2.0,0,1.8820882636920442,179
0,1,1,43.0,44.0,2.0,0,3.68899745530499,21
1,2,5,95.0,68.0,5.0,0,2.0643638615669255,110
1,2,3,69.0,74.0,3.0,0,0.73500375820871,63
1,2,4,7.0,26.0,5.0,0,0.5809377471396632,70
1,3,5,9.0,48.0,3.0,0,0.6177613151453216,19
0,1,5,69.0,66.0,4.0,0,2.782081609573312,97
1,3,4,88.0,75.0,1.0,0,1.799484673313612,133
1,3,2,67.0,78.0,2.0,0,1.1362858089628078,108
1,2,1,54.0,81.0,4.0,0,0.5709513751536889,70
1,1,5,89.0,41.0,5.0,0,1.47000751641742,105
0,3,3,73.0,52.0,1.0,0,0.0,52
1,1,5,55.0,30.0,2.0,0,0.7473924385996931,79
1,3,5,59.0,68.0,3.0,0,1.147302098567641,143
0,3,5,2.0,38.0,5.0,0,0.3603713820181018,102
1,1,5,33.0,7.0,1.0,1,0.17644106344600424,80
1,3,4,69.0,63.0,5.0,0,1.9234988554234138,147
1,2,5,26.0,26.0,1.0,0,1.059081566844639,66
1,3,3,79.0,11.0,2.0,0,1.0277298781273458,69
1,3,1,97.0,41.0,3.0,0,2.4710452605812865,150
1,3,3,1.0,29.0,4.0,0,0.3603713820181018,124
1,2,4,37.0,24.0,1.0,1,0.7169981364731569,75
0,2,3,7.0,20.0,2.0,0,4.063476975238052,85
0,3,3,62.0,66.0,1.0,0,2.2279810584533326,92
1,3,2,40.0,62.0,1.0,0,3.5159305700801786,106
0,3,5,7.0,31.0,5.0,0,0.5171521030313363,9
0,3,1,8.0,8.0,2.0,0,0.5763507234139521,17
1,3,5,8.0,57.0,3.0,0,0.3350940982407621,20
0,3,1,79.0,30.0,1.0,1,1.5415948171910188,177
1,2,1,84.0,64.0,2.0,0,1.1583183881724741,113
1,1,5,61.0,27.0,5.0,0,2.19514978272314,90
0,3,4,12.0,9.0,4.0,0,0.8232242899317121,12
1,1,5,46.0,31.0,2.0,0,1.940132086372817,176
1,3,3,33.0,21.0,1.0,1,0.12963112345437156,105
0,1,2,46.0,40.0,3.0,0,3.1230102422429504,37
1,2,5,39.0,93.0,1.0,0,0.2592622469087431,77
1,2,5,15.0,46.0,5.0,0,3.722983528737026,44
0,1,1,32.0,38.0,3.0,0,2.813128690952768,38
0,2,3,75.0,96.0,5.0,0,2.193994985021297,152
0,1,1,42.0,42.0,2.0,0,2.6337252528501574,33
1,2,5,12.0,17.0,3.0,0,0.6287776047501548,23
1,3,5,79.0,35.0,3.0,0,1.7346691115864263,71
1,3,3,54.0,8.0,5.0,0,1.1693647494054196,61
1,2,1,32.0,32.0,4.0,0,3.1050046205073976,20
0,2,1,34.0,38.0,1.0,0,3.8580140004516608,21
1,1,5,58.0,76.0,4.0,0,3.404740254529974,75
0,2,4,12.0,36.0,4.0,0,0.5819676647585221,12
0,2,5,41.0,80.0,5.0,0,1.7002478519857769,120
1,2,2,36.0,22.0,1.0,1,0.49374713303552,85
0,3,3,22.0,96.0,3.0,0,1.730642154112313,110
1,1,1,53.0,24.0,1.0,1,0.17644106344600424,145
0,2,1,28.0,54.0,2.0,0,3.695551601267096,33
0,3,5,10.0,37.0,5.0,0,0.3350940982407621,12
1,2,2,41.0,20.0,1.0,1,0.6949655572634905,74
1,2,2,40.0,10.0,1.0,1,0.6701881964815242,97
0,3,5,9.0,53.0,3.0,0,0.44671959995958055,7
0,2,3,56.0,58.0,2.0,0,2.0833066879200146,146
0,2,1,23.0,40.0,3.0,0,2.9508137293553665,41
1,3,3,62.0,7.0,5.0,0,1.1004921585760084,80
0,1,5,83.0,10.0,4.0,0,1.8170551088805516,129
0,2,4,6.0,50.0,3.0,0,0.6935931664773405,18
0,3,5,55.0,73.0,2.0,1,0.7417754972551232,100
0,2,1,54.0,40.0,2.0,0,2.5761166163379983,8
1,3,2,39.0,56.0,3.0,1,0.12963112345437156,64
0,3,5,24.0,32.0,5.0,0,1.412108755792852,21
1,2,3,57.0,64.0,3.0,0,0.7059818468683237,151
0,3,5,9.0,10.0,4.0,0,0.5819676647585221,8
1,1,1,10.0,35.0,2.0,0,0.98324971551262,88
0,1,4,25.0,58.0,5.0,0,3.739616759686429,157
0,2,1,53.0,46.0,2.0,0,2.2930142132648252,27
1,2,1,30.0,30.0,4.0,0,1.2285332981599233,104
0,2,4,66.0,79.0,5.0,0,2.370436048467301,141
0,3,3,31.0,38.0,5.0,0,3.42814522452579,56
0,2,2,34.0,31.0,1.0,0,2.4104742494125206,20
1,2,2,52.0,43.0,4.0,0,3.405895052231817,23
1,1,4,76.0,27.0,5.0,0,2.0477306306175223,98
1,3,1,92.0,66.0,5.0,0,2.1759893632857437,100
0,2,2,30.0,25.0,1.0,1,1.4367410545186137,72
0,2,5,70.0,30.0,4.0,0,1.6241984075694509,136
1,1,1,35.0,57.0,3.0,1,0.5185244938174862,80
1,2,1,5.0,36.0,1.0,0,0.73500375820871,19
0,2,3,28.0,98.0,1.0,1,0.8466292599275285,111
1,3,5,80.0,21.0,5.0,0,2.523472141917489,102
1,3,5,50.0,24.0,5.0,0,1.8352783237004116,108
0,2,2,70.0,35.0,4.0,0,1.7290521702418564,127
1,2,1,95.0,60.0,2.0,0,1.5884047571826516,103
0,1,1,21.0,35.0,2.0,0,2.712519478838783,19
1,3,3,48.0,3.0,2.0,1,0.8466292599275285,79
1,2,5,45.0,87.0,1.0,0,1.0354590037645157,179
0,3,4,22.0,82.0,3.0,0,3.442625907236153,75
1,2,4,50.0,46.0,5.0,0,2.3180091671310983,135
0,1,2,57.0,89.0,4.0,0,1.0066546855084362,152
0,3,1,10.0,36.0,1.0,0,0.5295407834223195,14
1,3,1,72.0,27.0,3.0,0,1.4767792554638333,137
1,1,1,22.0,50.0,2.0,0,2.7469407384394326,21
1,3,5,5.0,45.0,5.0,0,1.0190433658994194,122
0,2,4,92.0,10.0,5.0,0,1.8276942601194461,106
1,1,2,23.0,47.0,3.0,0,3.2584759001261987,31
1,2,1,45.0,69.0,1.0,0,2.6983232214930366,29
1,1,3,75.0,71.0,2.0,0,1.0066546855084362,138
1,3,1,92.0,38.0,5.0,0,1.8877052050366143,109
1,3,3,81.0,69.0,5.0,0,1.9000938854275975,106
1,1,1,61.0,65.0,5.0,0,1.3057375402780922,114
1,1,3,43.0,6.0,1.0,1,0.48251325034638004,95
1,1,4,24.0,40.0,3.0,1,1.059081566844639,83
1,3,3,68.0,94.0,1.0,0,1.1238971285718247,129
1,1,3,0.0,65.0,1.0,0,1.5774609986059207,166
0,2,1,7.0,17.0,2.0,0,0.73500375820871,17
1,2,2,25.0,52.0,3.0,0,1.9939313584951694,19
1,3,4,86.0,99.0,4.0,0,2.6711088871074136,157
0,1,5,51.0,71.0,2.0,1,1.0230703233735325,171
0,3,5,60.0,86.0,1.0,0,0.900428532049881,149
0,3,5,7.0,25.0,3.0,0,0.6411662851411379,14
1,2,1,6.0,27.0,2.0,0,0.3350940982407621,5
1,1,2,71.0,11.0,3.0,0,1.523589195455466,144
1,2,2,50.0,66.0,3.0,0,2.1593561323363404,91
0,2,2,34.0,47.0,2.0,0,3.6953340081827895,24
0,2,1,52.0,50.0,3.0,0,3.0129747243945886,15
1,1,5,42.0,33.0,2.0,0,3.3755007501052803,38
1,3,1,43.0,67.0,2.0,0,2.44065095845475,158
0,3,2,88.0,65.0,1.0,1,1.3291425102739085,111
1,3,4,79.0,6.0,3.0,0,0.8548883801881839,81
1,1,2,60.0,22.0,1.0,1,0.3641160095811484,77
0,3,2,54.0,42.0,5.0,0,2.8653379792046643,165
1,1,5,82.0,68.0,4.0,0,2.4476402905854697,102
1,2,2,49.0,30.0,1.0,0,2.404639714983644,13
0,3,1,84.0,78.0,5.0,0,1.4046195006667588,70
0,2,2,56.0,35.0,1.0,0,3.6223743166230404,42
1,3,5,72.0,39.0,5.0,0,2.157983741550191,144
1,1,2,90.0,47.0,1.0,0,1.5884047571826516,163
0,1,1,27.0,54.0,2.0,0,2.494450230577103,17
0,1,2,20.0,48.0,2.0,0,4.1172762473604045,13
1,3,2,79.0,67.0,4.0,0,1.5114181081487894,107
0,3,2,47.0,44.0,2.0,0,3.3881070235805706,45
1,3,3,86.0,57.0,5.0,0,2.270981634055159,65
1,3,1,72.0,55.0,3.0,0,1.4713799072035698,124
1,1,2,45.0,81.0,3.0,0,2.346813485387178,152
1,3,3,66.0,35.0,4.0,0,1.5940216985272215,132
0,2,1,61.0,28.0,3.0,0,2.269609243269009,160
0,3,4,53.0,86.0,1.0,0,1.0108992360668563,125
0,3,4,1.0,57.0,3.0,0,0.6177613151453216,19
0,1,2,33.0,32.0,1.0,0,3.736744599914159,22
0,3,5,8.0,82.0,2.0,0,1.8563736982925418,100
0,2,1,53.0,41.0,1.0,0,2.399022773639074,32
1,1,3,51.0,18.0,1.0,1,0.12963112345437156,71
1,1,2,43.0,1.0,2.0,1,0.49374713303552,109
1,3,4,79.0,74.0,4.0,0,2.624081354031474,89
1,2,1,8.0,42.0,4.0,0,2.1303342209959544,96
0,2,3,41.0,1.0,3.0,0,1.8116557606202885,103
1,1,4,21.0,58.0,3.0,1,1.059081566844639,77
0,3,2,52.0,77.0,1.0,0,1.698875461199627,192
1,1,5,71.0,25.0,4.0,0,1.5649997871868353,81
1,3,5,23.0,54.0,5.0,0,0.8700342299233448,169
1,3,1,88.0,69.0,4.0,0,2.188378043676727,116
1,1,4,60.0,76.0,5.0,0,2.329025456735932,106
0,1,1,43.0,32.0,3.0,0,2.7705633015195557,19
0,3,5,8.0,17.0,3.0,0,0.4523365413041506,19
0,2,1,46.0,40.0,3.0,0,4.7710488059768315,42
0,2,5,13.0,48.0,2.0,0,0.6053726347543384,11
0,3,1,31.0,33.0,2.0,0,3.189415787840593,33
0,3,1,6.0,9.0,3.0,0,0.6467832264857079,13
1,1,2,51.0,44.0,2.0,0,3.0334173197337986,20
1,3,5,43.0,71.0,4.0,0,1.6408316385188542,165
1,1,5,15.0,48.0,1.0,1,0.5653344338091189,77
0,2,5,34.0,64.0,5.0,1,0.8934391999191611,114
1,3,1,7.0,28.0,2.0,0,0.8232242899317121,25
0,3,4,1.0,32.0,4.0,0,0.8880398516588979,17
1,3,5,68.0,21.0,4.0,0,2.541477763653042,87
1,3,3,48.0,22.0,2.0,1,0.8466292599275285,102
0,2,5,53.0,19.0,1.0,0,2.835161270162435,128
0,2,2,36.0,45.0,3.0,0,3.5069394505144156,36
1,1,1,66.0,20.0,5.0,0,1.8996586992589837,103
0,1,1,48.0,40.0,2.0,0,4.565585831190441,32
0,3,5,7.0,60.0,3.0,0,1.5132178909022105,162
1,2,2,29.0,71.0,4.0,0,0.5644195066183523,106
1,3,3,42.0,26.0,5.0,0,1.5238067885397726,147
0,2,2,28.0,46.0,2.0,0,2.3767726013451007,55
1,1,5,6.0,6.0,4.0,0,2.8693649366787772,50
1,1,1,78.0,0.0,4.0,0,0.878895875835588,147
1,3,1,36.0,33.0,2.0,0,2.8457423735986547,27
0,2,4,5.0,16.0,2.0,0,0.5295407834223195,14
1,2,2,56.0,56.0,5.0,0,3.846780117762521,130
0,3,5,6.0,26.0,1.0,0,0.48813019169095,12
1,1,2,83.0,17.0,4.0,0,3.536463380303725,128
0,2,4,61.0,63.0,5.0,0,1.795240122755192,148
1,3,1,25.0,53.0,3.0,0,3.3536857639799207,32
0,1,2,35.0,43.0,2.0,0,3.413101977446843,5
1,1,2,67.0,79.0,5.0,0,1.0935028264452884,165
1,1,3,44.0,55.0,4.0,0,0.20404812460025054,128
0,2,3,73.0,2.0,1.0,0,3.194815136100856,95
1,3,1,46.0,94.0,5.0,0,3.142170661680347,43
1,1,5,62.0,37.0,1.0,0,0.792475126866007,35
0,2,5,43.0,20.0,5.0,0,1.4173630419969105,151
0,3,1,2.0,29.0,1.0,0,0.5171521030313363,13
1,3,2,42.0,66.0,5.0,0,2.3650367002070376,146
0,3,5,2.0,48.0,4.0,0,0.6177613151453216,9
0,3,5,7.0,8.0,1.0,0,0.7584087282045263,13
0,1,4,96.0,45.0,2.0,0,3.070800953991055,55
1,1,5,64.0,72.0,5.0,0,1.0010377441638663,80
1,3,4,90.0,29.0,2.0,0,0.46472522169513364,116
0,1,1,39.0,40.0,2.0,0,3.695551601267096,35
0,3,5,45.0,64.0,5.0,0,0.924790888636454,150
0,3,4,85.0,6.0,2.0,0,1.4823961968084032,122
1,3,2,46.0,9.0,4.0,0,4.810869413837745,133
1,3,5,79.0,78.0,3.0,0,2.435251610194487,113
0,3,2,28.0,36.0,2.0,0,4.234518690423792,15
0,3,5,43.0,55.0,5.0,0,2.69451385710323,118
1,3,4,11.0,60.0,3.0,0,0.0,58
1,2,4,60.0,39.0,3.0,0,0.9965232514662574,73
1,3,5,5.0,26.0,5.0,0,1.9445942300155439,86
0,2,3,27.0,31.0,1.0,0,3.7574047883376753,79
0,3,4,1.0,14.0,3.0,0,0.6935931664773405,18
1,2,1,28.0,36.0,4.0,0,2.7581746211285725,9
0,3,4,2.0,41.0,2.0,0,0.5295407834223195,17
1,2,1,11.0,56.0,2.0,0,0.3350940982407621,17
1,2,4,65.0,32.0,2.0,0,2.1303342209959544,107
1,3,4,80.0,24.0,4.0,0,0.8161924984010022,67
0,2,1,38.0,37.0,3.0,0,3.0363796943904053,23
1,3,5,17.0,16.0,5.0,0,0.4393028758615895,54
0,2,5,5.0,38.0,4.0,0,0.27027853651357636,10
0,3,1,46.0,48.0,2.0,0,2.593687051904938,32
1,2,4,62.0,88.0,2.0,0,0.6913659917566483,126
1,1,1,81.0,73.0,5.0,0,1.7650634137129626,145
0,3,2,44.0,53.0,3.0,0,3.1822088626255667,14
1,1,5,69.0,28.0,4.0,0,1.3734128740056704,49
1,2,3,1.0,43.0,3.0,0,0.4467921309876828,24
0,2,3,13.0,14.0,2.0,1,1.7760797033177957,110
1,3,2,44.0,56.0,4.0,0,0.6949655572634905,55
1,1,2,74.0,48.0,2.0,0,2.2876148650045622,129
1,3,3,26.0,14.0,1.0,1,0.17644106344600424,106
1,2,2,57.0,4.0,1.0,1,0.3641160095811484,92
1,3,1,65.0,21.0,3.0,0,1.4877955450686664,93
1,2,5,88.0,41.0,5.0,0,1.5181898471952027,129
1,2,2,15.0,46.0,2.0,0,3.8404435648847217,104
0,2,1,17.0,81.0,4.0,0,3.576719174333251,119
1,1,1,67.0,41.0,3.0,0,2.1649730736809105,89
1,2,4,69.0,34.0,2.0,0,2.8455247805143475,86
1,3,5,15.0,91.0,5.0,0,0.44671959995958055,111
1,3,4,59.0,69.0,4.0,0,1.9057108267721672,150
1,2,1,59.0,37.0,2.0,0,0.1176273756306695,73
1,1,5,44.0,82.0,1.0,0,1.465762965859,124
1,3,3,31.0,1.0,2.0,1,0.3641160095811484,96
1,2,2,97.0,34.0,5.0,0,2.0119369802307228,130
1,1,5,64.0,23.0,5.0,0,0.6411662851411379,117
0,3,4,58.0,39.0,2.0,1,1.5168174564090526,128
0,2,5,50.0,13.0,5.0,0,2.494450230577103,116
1,2,1,48.0,36.0,2.0,0,3.4957055678252753,43
1,3,4,74.0,31.0,3.0,0,1.9180995071631504,131
1,3,2,7.0,44.0,1.0,1,0.2592622469087431,77
1,3,5,58.0,74.0,3.0,0,2.276598575399729,152
1,2,2,45.0,54.0,2.0,0,3.0118199266927457,45
0,3,5,15.0,4.0,1.0,0,1.4361162514402561,141
1,3,5,52.0,11.0,4.0,0,2.3357971957823445,188
1,2,4,7.0,32.0,3.0,0,0.08822053172300212,148
0,2,2,53.0,48.0,3.0,0,2.093168179823005,17
0,1,4,26.0,17.0,3.0,0,2.771282913052785,162
1,3,5,92.0,31.0,3.0,0,2.1703724219411735,92
1,3,5,12.0,15.0,5.0,0,0.5405570730271527,12
0,1,2,52.0,34.0,2.0,0,2.9647923936168064,45
1,3,4,33.0,57.0,2.0,1,0.7998193199358958,71
0,1,1,61.0,43.0,3.0,0,2.5342708384380153,112
1,3,5,58.0,35.0,5.0,0,1.6422040293050042,130
1,3,2,92.0,50.0,3.0,0,1.7290521702418564,110
0,2,5,50.0,17.0,5.0,0,2.3234085153913617,150
1,3,4,35.0,60.0,4.0,0,1.4711623141192631,131
0,2,1,64.0,64.0,2.0,0,1.5940216985272215,121
1,2,2,29.0,52.0,2.0,0,1.8519115546498148,9
0,2,5,49.0,80.0,5.0,0,3.023991013999422,127
0,3,5,2.0,23.0,2.0,0,0.6701881964815242,21
0,2,2,39.0,54.0,3.0,0,3.9658301377806726,37
0,1,4,71.0,40.0,1.0,0,3.3034782631630684,60
0,3,2,44.0,45.0,2.0,0,3.1302171674579773,19
1,3,1,75.0,35.0,4.0,0,1.4119636937366473,133
1,2,5,79.0,3.0,4.0,0,1.3597544054847515,83
0,2,2,48.0,31.0,3.0,0,4.200315023907449,11
0,2,2,77.0,19.0,2.0,0,1.6890139692966368,133
1,3,5,1.0,45.0,2.0,0,0.46472522169513364,24
1,2,5,69.0,77.0,5.0,0,2.2419597227147725,127
1,1,2,23.0,54.0,1.0,1,0.49374713303552,86
1,1,5,29.0,28.0,2.0,1,0.0,84
1,1,1,56.0,44.0,2.0,0,3.7754104100732286,36
1,1,2,59.0,51.0,3.0,0,2.1568289438483474,24
0,3,5,42.0,8.0,5.0,0,2.042331282357259,178
1,1,2,49.0,41.0,1.0,1,0.6701881964815242,91
0,3,1,47.0,39.0,2.0,0,2.883561194024524,38
1,2,2,74.0,47.0,5.0,0,0.9348497916505305,138
0,2,5,34.0,45.0,4.0,0,1.3331772619493643,139
1,1,5,59.0,74.0,3.0,0,1.3417487837491984,78
1,3,5,84.0,32.0,1.0,0,1.8051016146581822,73
1,1,4,63.0,30.0,4.0,0,1.71126414159061,74
0,3,5,49.0,67.0,4.0,0,1.717266015502461,138
0,2,1,7.0,25.0,3.0,0,1.3256880068232708,127
1,2,5,11.0,5.0,5.0,0,2.283370314446142,55
0,3,5,7.0,35.0,2.0,1,1.8589008867805346,90
1,2,4,63.0,85.0,3.0,0,0.4393028758615895,99
0,3,2,42.0,49.0,2.0,0,3.6403799383585937,21
1,3,1,92.0,59.0,4.0,0,2.2599653444503254,123
1,1,3,16.0,46.0,5.0,0,2.7095571041821764,99
1,1,4,4.0,2.0,1.0,0,0.4393028758615895,68
0,3,5,79.0,28.0,2.0,1,1.1058915068362716,136
1,3,2,58.0,86.0,5.0,0,1.2769332220220124,144
1,3,1,12.0,43.0,3.0,0,0.27027853651357636,11
1,3,4,75.0,55.0,1.0,0,1.7880331975401655,36
0,2,5,14.0,69.0,4.0,0,3.9284465035234164,52
1,2,4,77.0,90.0,5.0,0,2.6362524413381507,134
1,1,5,77.0,93.0,2.0,0,1.4299693154722006,165
0,2,2,54.0,30.0,2.0,0,2.2684544455671656,31
1,1,1,71.0,35.0,5.0,0,2.541477763653042,118
1,1,5,2.0,72.0,3.0,0,1.053464625500069,137
1,3,2,55.0,36.0,1.0,0,1.5058011668042195,80
1,3,4,25.0,67.0,4.0,0,0.4080962492005011,79
0,1,1,40.0,45.0,2.0,0,3.342451881290781,30
0,1,1,64.0,75.0,1.0,0,1.2767156289377057,75
1,3,4,69.0,37.0,5.0,0,2.1827611023321567,98
0,3,5,6.0,43.0,3.0,0,0.4523365413041506,11
1,1,1,42.0,33.0,2.0,0,2.5826707623001046,19
0,3,2,42.0,54.0,1.0,0,3.4653112656987393,34
1,3,5,82.0,71.0,3.0,0,2.2351879836683595,102
1,2,1,3.0,57.0,1.0,0,1.4910402496363397,68
0,1,2,32.0,39.0,2.0,0,3.5987517535429174,6
0,2,3,11.0,82.0,1.0,1,1.8228896433094284,115
0,2,5,3.0,33.0,2.0,0,0.5529457534181358,11
0,3,2,44.0,92.0,4.0,0,2.6362524413381507,67
0,1,3,84.0,60.0,5.0,0,1.4407680119927269,55
0,1,1,24.0,37.0,3.0,0,1.71688108293518,45
1,3,1,32.0,40.0,4.0,0,2.953776104011973,34
1,3,2,93.0,44.0,5.0,0,2.211783013672543,90
0,3,1,65.0,88.0,1.0,0,2.6882441365057397,129
0,3,5,70.0,25.0,4.0,0,1.0176709751132695,103
1,3,5,75.0,18.0,2.0,0,1.5872499594808085,180
1,1,4,38.0,69.0,4.0,0,0.235254751261339,56
0,3,1,34.0,36.0,2.0,0,2.6519484676700174,27
0,2,1,32.0,30.0,2.0,0,4.288317962546145,20
1,3,1,88.0,4.0,3.0,0,2.3758353967275645,73
0,3,2,57.0,46.0,2.0,0,1.71688108293518,163
0,1,5,55.0,11.0,5.0,0,1.6286605512121781,141
1,1,4,79.0,82.0,4.0,0,1.501774209330106,130
0,2,3,51.0,69.0,4.0,0,1.730642154112313,128
0,2,1,43.0,49.0,4.0,0,1.9291157967679837,36
0,1,2,26.0,54.0,2.0,0,2.7109294949683265,12
0,1,5,87.0,15.0,5.0,0,1.8820882636920442,148
0,2,5,1.0,8.0,3.0,0,0.46472522169513364,21
1,3,4,55.0,69.0,3.0,0,1.6300329419983277,137
0,1,1,50.0,51.0,1.0,0,4.08307258084406,25
1,1,1,28.0,36.0,4.0,0,3.5481324491614785,25
0,1,1,23.0,35.0,2.0,0,3.4362893543583533,39
1,2,5,66.0,28.0,5.0,0,1.8462946133052447,140
0,3,1,3.0,12.0,5.0,0,0.3350940982407621,13
0,3,1,13.0,42.0,5.0,0,0.7584087282045263,17
0,1,4,74.0,39.0,3.0,0,0.72938681686414,150
0,3,5,10.0,23.0,2.0,0,0.5295407834223195,11
1,1,2,9.0,52.0,1.0,0,0.7113811951285869,83
1,3,4,90.0,29.0,5.0,0,1.799484673313612,137
1,3,5,23.0,3.0,5.0,0,1.382941782396261,84
1,3,5,29.0,46.0,5.0,0,0.9474560651258205,30
0,1,2,47.0,36.0,4.0,0,3.223837047441243,13
1,1,3,93.0,61.0,3.0,0,2.046358239831372,121
0,3,5,13.0,15.0,5.0,0,0.44671959995958055,9
1,1,4,9.0,7.0,1.0,0,1.0517373737747502,54
1,2,4,76.0,45.0,3.0,0,1.9829150688903363,137
1,1,5,81.0,38.0,4.0,0,1.8933221463811845,78
1,1,4,19.0,52.0,2.0,1,0.6701881964815242,93
0,2,1,8.0,20.0,4.0,0,0.27027853651357636,14
0,3,2,97.0,75.0,2.0,0,1.7234352288972863,160
1,1,4,36.0,8.0,1.0,1,0.17644106344600424,110
1,3,4,87.0,34.0,3.0,0,1.46439057507285,105
0,3,5,77.0,87.0,5.0,0,2.181388711546007,178
1,3,5,86.0,89.0,4.0,0,2.3882240771185472,112
0,3,1,2.0,34.0,1.0,0,0.5819676647585221,13
0,1,2,71.0,57.0,2.0,1,1.3403763929630483,113
0,3,5,5.0,18.0,2.0,0,0.8232242899317121,13
1,3,5,35.0,26.0,1.0,0,0.4467921309876828,79
0,2,2,22.0,46.0,1.0,1,0.9046730826083011,91
1,3,5,2.0,20.0,1.0,1,0.5405570730271527,84
1,1,5,58.0,18.0,5.0,0,0.653554965532121,125
1,3,3,61.0,1.0,1.0,1,0.48251325034638004,86
1,2,1,55.0,56.0,5.0,0,1.8352783237004116,102
0,2,5,10.0,37.0,1.0,0,0.4523365413041506,14
0,2,5,62.0,73.0,4.0,0,3.001523248621142,115
1,3,2,35.0,53.0,3.0,0,2.5236897350017955,28
1,2,4,67.0,72.0,2.0,0,1.940132086372817,112
1,3,2,9.0,18.0,2.0,1,0.5405570730271527,69
1,2,2,33.0,49.0,2.0,0,0.8548883801881839,129
1,1,2,13.0,28.0,3.0,1,0.7998193199358958,75
1,1,1,45.0,49.0,3.0,0,3.41691134183665,29
0,2,1,49.0,27.0,5.0,0,1.2699438898912927,144
1,3,2,85.0,37.0,4.0,0,1.9649094471547832,109
0,1,3,94.0,15.0,4.0,0,2.505248927097629,48
1,3,5,49.0,69.0,5.0,0,2.93015354093185,144
0,3,5,1.0,53.0,2.0,0,0.3999096599679479,9
1,1,5,62.0,55.0,3.0,0,0.6411662851411379,43
0,3,3,36.0,5.0,3.0,1,0.6701881964815242,102
1,1,5,16.0,65.0,2.0,0,1.1887126902990104,110
1,2,4,83.0,75.0,5.0,0,1.9705263884993531,131
0,2,1,77.0,74.0,4.0,0,0.9940484120331463,175
1,1,1,39.0,54.0,5.0,0,3.8620409579257746,82
0,2,1,51.0,34.0,2.0,0,3.076200302251318,28
0,2,4,12.0,0.0,1.0,0,1.2482962432489073,92
1,2,2,68.0,28.0,4.0,0,2.2173999550171133,92
1,1,1,39.0,32.0,1.0,1,0.17644106344600424,60
0,1,5,45.0,43.0,5.0,0,1.9111101750324306,117
1,1,1,48.0,31.0,3.0,1,0.7530093799442631,69
1,1,1,23.0,54.0,1.0,0,4.019411816818718,30
1,2,3,79.0,63.0,5.0,0,1.3289249171896018,180
0,2,5,24.0,30.0,3.0,0,2.6281083115055877,126
1,2,4,42.0,37.0,4.0,0,0.9266207430179874,155
1,3,5,4.0,47.0,2.0,0,0.6411662851411379,5
0,2,1,31.0,49.0,2.0,0,3.3066582309039814,15
0,1,2,40.0,31.0,1.0,0,3.1468503984073806,33
1,1,2,5.0,21.0,1.0,1,0.5405570730271527,65
1,1,2,45.0,3.0,1.0,1,0.2592622469087431,83
0,3,4,62.0,52.0,3.0,0,2.8639655884185142,80
0,3,5,3.0,45.0,3.0,0,0.3999096599679479,12
1,2,3,13.0,98.0,4.0,0,0.8522462012720984,84
1,1,4,42.0,49.0,4.0,0,2.9475063834144826,94
1,3,4,1.0,87.0,4.0,0,1.3035103655573999,132
0,2,5,81.0,31.0,5.0,0,1.8276942601194461,35
0,3,5,12.0,24.0,1.0,0,1.5462543719448323,76
1,3,2,58.0,24.0,2.0,0,1.8406776719606748,179
0,1,2,71.0,37.0,3.0,0,2.4696728697951364,80
0,2,2,26.0,63.0,5.0,0,1.639676840817011,143
1,1,4,25.0,33.0,2.0,1,0.3060721869003758,91
1,3,2,79.0,53.0,4.0,0,2.0173363284909858,127
1,2,5,89.0,79.0,5.0,0,1.799484673313612,186
1,3,5,88.0,96.0,1.0,0,1.6064103789182047,105
0,3,1,2.0,48.0,5.0,0,0.35849906823657846,11
1,1,1,87.0,78.0,5.0,0,2.4172459884589337,87
1,3,1,96.0,59.0,5.0,0,1.5938041054429148,128
0,2,4,11.0,89.0,3.0,1,0.48251325034638004,114
0,2,5,74.0,96.0,5.0,0,2.4118466401986707,147
1,3,1,56.0,31.0,3.0,0,0.6343945460947248,175
0,2,1,63.0,47.0,5.0,1,1.5060187598885262,111
0,2,5,13.0,34.0,3.0,0,0.35849906823657846,18
0,3,5,8.0,29.0,3.0,0,0.73500375820871,12
0,3,5,7.0,16.0,5.0,0,0.73500375820871,15
1,3,2,84.0,76.0,4.0,0,2.0173363284909858,101
1,3,3,41.0,30.0,1.0,0,2.5988688070808945,59
0,2,5,10.0,37.0,3.0,0,0.5405570730271527,14
0,2,5,13.0,66.0,4.0,0,3.157213908759293,104
1,3,5,80.0,55.0,4.0,0,1.9829150688903363,125
1,2,2,39.0,38.0,4.0,0,3.3588675191558774,22
1,3,1,53.0,0.0,1.0,0,0.6985651227703326,69
1,2,2,37.0,50.0,4.0,0,2.6749182514972203,104
0,2,2,58.0,49.0,3.0,0,1.7816966446623659,136
0,3,2,24.0,51.0,3.0,0,3.2982965079871116,37
0,2,3,23.0,69.0,1.0,0,0.8536185920582484,107
1,3,5,13.0,96.0,4.0,0,1.3581644216142947,115
1,2,3,55.0,61.0,5.0,0,1.6890139692966368,103
0,2,5,20.0,68.0,2.0,0,2.5939046449892444,100
1,1,1,10.0,35.0,5.0,0,2.0217984721337126,115
1,3,5,8.0,46.0,1.0,0,0.4523365413041506,20
1,1,5,94.0,62.0,1.0,0,1.6408316385188542,88
1,3,2,51.0,63.0,5.0,0,1.1182801872272548,110
1,3,5,29.0,58.0,3.0,0,0.7417754972551232,64
0,2,1,8.0,83.0,2.0,0,4.029055715637401,87
0,1,1,70.0,62.0,1.0,1,0.38889337036311467,144
0,3,5,81.0,93.0,5.0,1,2.211783013672543,137
1,1,5,45.0,17.0,2.0,1,0.7169981364731569,76
0,3,4,58.0,31.0,1.0,1,1.3403763929630483,89
0,2,4,61.0,58.0,2.0,0,2.6519484676700174,121
1,2,2,36.0,46.0,3.0,0,3.0401890587802116,22
1,3,4,16.0,78.0,1.0,0,2.624081354031474,150
1,1,5,53.0,28.0,2.0,0,1.0644809151049022,24
0,2,2,27.0,42.0,2.0,0,3.618564952233234,20
1,3,5,3.0,24.0,2.0,0,0.3350940982407621,8
1,2,5,3.0,5.0,2.0,1,0.6701881964815242,72
1,2,2,10.0,51.0,4.0,0,0.5020062532961754,88
0,1,5,62.0,69.0,5.0,0,1.3883411306565243,145
0,2,2,54.0,77.0,1.0,0,2.6348800505520007,144
0,2,5,41.0,95.0,3.0,0,2.2365603744545095,180
1,3,2,95.0,72.0,2.0,0,1.70701959103219,104
1,2,5,33.0,11.0,1.0,1,0.17644106344600424,84
0,2,1,85.0,36.0,5.0,0,2.0877688315627414,115
0,2,5,16.0,12.0,3.0,0,0.6196336289268448,91
0,3,3,79.0,93.0,2.0,1,1.693258519855057,133
0,3,5,49.0,71.0,1.0,1,1.5168174564090526,125
1,1,5,73.0,23.0,1.0,0,2.8061393588220485,71
1,3,3,62.0,20.0,2.0,1,0.0,89
0,1,1,29.0,43.0,1.0,0,2.9451967880107963,44
1,1,4,65.0,60.0,5.0,0,0.5185244938174862,111
1,3,4,36.0,48.0,2.0,1,1.059081566844639,63
0,3,1,45.0,35.0,4.0,0,1.8575284959943847,24
1,2,5,65.0,26.0,5.0,0,0.7530093799442631,63
0,3,5,11.0,38.0,3.0,0,0.6935931664773405,11
1,3,4,90.0,23.0,3.0,0,1.694630910641207,104
0,3,4,10.0,82.0,1.0,1,1.2355226302906432,96
1,3,3,28.0,8.0,1.0,1,0.6701881964815242,94
0,2,1,43.0,41.0,3.0,0,4.154442288533353,37
0,3,1,53.0,50.0,1.0,0,3.746388498732842,29
1,3,2,41.0,49.0,2.0,0,0.7849858717399135,32
1,3,4,33.0,79.0,4.0,0,0.7132535089101103,68
1,2,1,56.0,18.0,2.0,0,1.9829150688903363,98
1,3,2,16.0,73.0,5.0,0,0.8642074896958104,127
0,3,5,4.0,53.0,3.0,0,0.3999096599679479,12
1,1,2,40.0,6.0,1.0,1,0.7998193199358958,82
0,2,5,83.0,86.0,1.0,0,1.8105009629184456,179
1,2,1,3.0,51.0,1.0,1,0.6949655572634905,85
0,1,2,35.0,53.0,4.0,0,4.131037318537537,17
1,1,2,25.0,40.0,2.0,1,0.6701881964815242,63
1,3,1,74.0,60.0,1.0,0,2.129179423294111,113
1,1,3,77.0,18.0,2.0,0,1.3291425102739085,6
1,2,2,46.0,44.0,2.0,0,3.5987517535429174,12
1,2,5,56.0,31.0,1.0,0,0.506135813426503,100
1,2,2,88.0,62.0,5.0,0,1.6106549294766248,120
0,3,2,72.0,13.0,5.0,0,1.95951009889452,159
0,3,2,52.0,48.0,1.0,1,1.4367410545186137,180
0,3,4,13.0,55.0,2.0,0,0.5295407834223195,24
1,3,3,14.0,85.0,1.0,0,1.851693961565508,115
1,3,5,7.0,35.0,5.0,0,0.8122080003268789,107
0,3,5,43.0,37.0,3.0,1,0.8578631426166684,109
0,3,5,1.0,57.0,5.0,0,0.5405570730271527,8
0,3,5,79.0,99.0,1.0,0,1.5112005150644827,184
1,1,1,59.0,12.0,1.0,0,1.0517373737747502,82
0,3,3,59.0,14.0,5.0,0,2.501221969623516,166
1,2,2,38.0,45.0,4.0,0,2.69875840766165,28
1,3,1,69.0,44.0,4.0,0,2.476662201925856,127
1,3,5,54.0,94.0,2.0,0,1.4299693154722006,90
1,2,2,28.0,49.0,1.0,1,0.7998193199358958,101
1,1,3,86.0,75.0,4.0,0,1.8694819902167543,107
0,2,1,53.0,32.0,2.0,0,2.960765436142693,21
1,3,5,52.0,74.0,4.0,0,1.806474005444332,105
0,1,2,21.0,37.0,2.0,0,1.7693079642713827,37
0,1,1,83.0,91.0,1.0,0,2.8457423735986547,130
1,1,2,42.0,48.0,1.0,1,0.5185244938174862,89
0,3,2,23.0,41.0,2.0,0,2.2173999550171133,21
1,3,1,10.0,9.0,3.0,0,0.73500375820871,16
1,3,4,60.0,51.0,5.0,0,2.435251610194487,84
1,3,2,51.0,76.0,4.0,0,4.286727978675688,89
0,3,5,9.0,22.0,2.0,0,0.7998193199358958,9
0,1,1,30.0,39.0,2.0,0,3.229236395701506,34
1,3,4,6.0,53.0,3.0,0,0.7998193199358958,12
0,3,5,57.0,4.0,5.0,0,2.300221138479852,113
0,3,4,6.0,37.0,3.0,0,0.7115987882128937,10
1,2,5,66.0,51.0,1.0,0,1.2557854983750005,56
1,3,5,30.0,55.0,5.0,0,0.5585626947627058,156
1,2,4,55.0,68.0,3.0,0,1.212117660294827,105
0,3,5,9.0,11.0,4.0,0,0.6177613151453216,9
0,3,5,29.0,23.0,5.0,0,1.663881747575502,84
0,2,2,32.0,38.0,3.0,0,3.764611713552702,27
0,3,5,1.0,51.0,3.0,0,0.7115987882128937,6
0,2,2,37.0,40.0,2.0,0,2.9508137293553665,40
1,1,2,10.0,9.0,3.0,1,0.5185244938174862,86
1,2,4,97.0,8.0,3.0,0,2.2101930298020864,98
1,3,2,78.0,18.0,4.0,0,1.1933722450528237,47
1,1,1,32.0,39.0,4.0,0,1.8753165246456311,59
1,1,2,26.0,35.0,3.0,0,4.223502400818958,15
1,3,4,60.0,37.0,5.0,0,1.95813770810837,91
0,2,2,52.0,33.0,2.0,0,2.45325723193004,7
0,2,2,30.0,48.0,3.0,0,4.406932796395683,19
1,1,5,55.0,55.0,3.0,0,1.4353686637324636,110
1,1,5,40.0,26.0,1.0,1,0.5653344338091189,102
0,3,4,81.0,78.0,3.0,0,1.535977875846449,155
0,3,2,34.0,50.0,2.0,0,2.953776104011973,45
1,2,5,61.0,95.0,5.0,0,1.9070832175583172,139
0,1,3,72.0,94.0,4.0,0,2.2655822857948955,130
1,2,4,95.0,18.0,4.0,0,1.6038831904302115,122
0,2,5,67.0,55.0,3.0,0,1.2713162806774425,101
1,3,5,84.0,56.0,5.0,0,2.3538028175178978,79
0,3,2,44.0,41.0,2.0,0,3.2886526091684285,17
1,3,3,15.0,2.0,3.0,0,0.7849858717399135,113
1,3,5,3.0,45.0,2.0,0,0.6935931664773405,13
0,3,4,2.0,52.0,4.0,0,0.5171521030313363,11
1,2,5,70.0,75.0,5.0,0,2.3938410184631174,152
1,1,3,60.0,18.0,1.0,1,0.12963112345437156,83
1,2,1,89.0,74.0,5.0,0,1.4713799072035698,65
1,1,2,39.0,23.0,1.0,0,0.7003649055237537,67
0,2,5,5.0,39.0,1.0,0,0.3999096599679479,22
1,3,4,84.0,52.0,4.0,0,1.9772981275457662,97
0,1,5,65.0,18.0,1.0,0,1.4175806350812175,125
1,3,1,15.0,84.0,3.0,0,4.169485535612299,153
0,3,5,8.0,17.0,4.0,0,0.6177613151453216,5
1,2,5,87.0,13.0,4.0,0,1.806474005444332,97
1,2,5,4.0,17.0,5.0,0,0.6411662851411379,10
1,3,2,77.0,60.0,4.0,0,1.8422676558311315,106
1,3,4,56.0,51.0,4.0,0,1.9291157967679837,106
1,3,4,73.0,36.0,4.0,0,1.6010110306579415,126
0,3,5,1.0,41.0,2.0,0,0.7115987882128937,22
0,2,5,42.0,66.0,1.0,1,1.4119636937366473,132
1,2,4,65.0,51.0,5.0,0,1.0658533058910522,81
1,1,5,27.0,72.0,4.0,0,1.0881034781850252,55
0,3,5,12.0,20.0,2.0,0,0.46472522169513364,9
0,2,2,47.0,46.0,2.0,0,1.9869420263644497,11
1,1,4,6.0,67.0,4.0,0,3.3574951283697274,72
0,1,5,44.0,26.0,1.0,0,3.406832256849353,121
0,3,5,10.0,37.0,4.0,0,0.5529457534181358,14
1,3,5,5.0,36.0,1.0,0,0.73500375820871,9
1,2,5,76.0,52.0,5.0,0,1.0176709751132695,94
1,2,2,84.0,18.0,5.0,0,1.698875461199627,150
1,2,1,61.0,99.0,5.0,0,1.9469038254192301,140
0,3,4,19.0,5.0,2.0,0,1.5390676287030258,110
1,2,2,39.0,41.0,2.0,0,3.074827911465168,36
0,3,1,27.0,54.0,2.0,0,2.4694552767108298,5
1,1,1,9.0,47.0,1.0,0,0.7874306395449127,86
1,3,3,90.0,59.0,5.0,0,1.8656726258269478,84
1,3,3,28.0,40.0,1.0,1,0.3060721869003758,102
1,1,1,64.0,31.0,3.0,0,3.1585862995454437,65
0,3,1,51.0,36.0,1.0,0,4.076083248713341,37
1,2,2,61.0,75.0,5.0,0,1.7346691115864263,170
1,3,1,95.0,38.0,3.0,0,2.035341950226539,151
0,3,1,87.0,98.0,5.0,0,1.4934124864132363,117
1,2,5,90.0,17.0,4.0,0,1.0644809151049022,54
1,3,1,65.0,7.0,5.0,0,0.6820468822490217,123
0,2,1,38.0,50.0,2.0,0,3.7891714812503614,10
0,2,3,62.0,92.0,1.0,0,2.1703724219411735,105
1,1,1,57.0,69.0,3.0,0,1.406564345476384,81
1,3,3,3.0,36.0,5.0,0,1.0646985081892089,72
0,3,1,11.0,21.0,4.0,0,0.3350940982407621,21
0,1,2,47.0,32.0,3.0,0,2.9109931214944536,26
1,3,2,59.0,18.0,1.0,1,0.17644106344600424,86
0,3,1,12.0,46.0,1.0,0,1.5774609986059207,93
1,3,5,91.0,69.0,5.0,0,2.429634668849917,132
0,3,5,13.0,16.0,4.0,0,0.5115351616867663,17
0,3,3,53.0,42.0,3.0,0,3.0444336093386317,174
0,1,3,35.0,80.0,1.0,0,3.1819912695412595,86
1,2,1,48.0,35.0,5.0,0,1.7830690354485157,153
1,2,3,28.0,8.0,1.0,1,0.3060721869003758,88
0,1,1,42.0,36.0,2.0,0,2.352212833647441,19
0,2,1,11.0,24.0,5.0,0,0.42331462996376423,9
1,1,5,42.0,6.0,5.0,0,0.7777867407262294,135
0,3,2,2.0,83.0,2.0,0,1.1884950972147037,95
0,2,5,75.0,62.0,4.0,0,2.435251610194487,112
0,2,5,9.0,57.0,3.0,0,0.5819676647585221,21
1,2,1,24.0,6.0,3.0,0,0.6913659917566483,128
1,3,5,81.0,31.0,1.0,1,1.1527014468279042,152
0,3,5,9.0,52.0,3.0,0,0.6177613151453216,10
0,2,5,70.0,83.0,3.0,0,3.234635743961769,65
0,1,1,36.0,50.0,2.0,0,2.304248095953965,39
0,2,5,86.0,11.0,5.0,0,0.9762603833819,171
1,1,2,45.0,24.0,2.0,0,2.4118466401986707,146
0,3,1,8.0,35.0,3.0,0,0.5295407834223195,9
1,3,1,77.0,57.0,5.0,0,1.7402860529309963,94
0,2,5,49.0,16.0,5.0,0,1.2587100072021526,166
1,2,3,56.0,17.0,2.0,1,0.5405570730271527,101
0,3,5,3.0,43.0,5.0,0,0.27027853651357636,17
0,3,5,68.0,52.0,5.0,0,3.0638116218603346,40
1,3,5,71.0,80.0,3.0,0,1.653437911994144,119
1,2,5,82.0,37.0,4.0,0,1.3939580720010942,89
0,3,4,69.0,38.0,3.0,1,0.17644106344600424,116
0,3,1,11.0,47.0,3.0,0,0.48813019169095,8
0,3,5,11.0,51.0,3.0,0,0.8880398516588979,7
1,2,5,84.0,27.0,4.0,0,1.1639353295170443,126
0,3,1,48.0,48.0,2.0,0,3.042214228819282,11
1,2,3,67.0,47.0,3.0,0,1.94827621620538,148
1,2,2,3.0,49.0,1.0,1,0.43570331035474735,100
0,2,1,98.0,21.0,5.0,0,3.1241650399447938,109
1,3,2,64.0,74.0,4.0,0,1.6867043738929506,70
0,1,2,41.0,38.0,3.0,0,2.4584389871059966,29
0,3,1,13.0,27.0,4.0,0,0.7584087282045263,15
1,3,1,95.0,72.0,5.0,0,1.3471481320094616,122
0,3,5,81.0,55.0,1.0,1,0.7169981364731569,184
1,2,5,85.0,33.0,5.0,0,2.2588105467484825,111
0,2,5,44.0,32.0,2.0,1,0.5185244938174862,112
1,1,4,60.0,6.0,1.0,0,0.2592622469087431,113
0,2,2,39.0,57.0,5.0,1,0.9542278041722336,167
0,1,1,1.0,28.0,1.0,0,2.1458126542435143,49
0,3,5,1.0,21.0,3.0,0,0.8232242899317121,13
0,3,3,59.0,82.0,3.0,0,2.19939433328156,129
1,2,1,38.0,18.0,2.0,0,0.6825768768725073,108
1,1,5,93.0,76.0,5.0,0,3.533936191815732,153
0,3,5,7.0,56.0,1.0,0,0.5763507234139521,10
1,3,4,65.0,51.0,4.0,0,1.1650901272188874,74
1,2,1,56.0,69.0,5.0,0,1.9772981275457662,108
0,1,4,71.0,56.0,4.0,0,2.835161270162435,121
1,2,1,98.0,1.0,2.0,0,0.9184341537854341,120
1,2,5,54.0,30.0,5.0,0,1.653437911994144,104
0,2,5,87.0,87.0,5.0,0,2.69451385710323,155
1,3,3,69.0,30.0,4.0,0,1.2479113106816264,165
0,2,4,6.0,17.0,3.0,0,0.4523365413041506,16
0,2,2,44.0,48.0,4.0,0,2.6294807022917372,26
1,2,3,72.0,54.0,3.0,0,1.723652821981593,179
1,2,4,55.0,72.0,5.0,0,0.9238335020456974,144
1,1,4,65.0,53.0,5.0,0,1.6836146210363736,132
1,3,4,66.0,59.0,3.0,0,1.147302098567641,106
1,3,2,52.0,41.0,2.0,0,1.8174902950491651,152
1,1,5,51.0,19.0,5.0,0,1.5526111067958521,154
0,2,5,4.0,19.0,4.0,0,0.44671959995958055,20
1,2,2,65.0,25.0,3.0,0,0.8176073485871421,60
0,3,4,75.0,88.0,5.0,0,1.47000751641742,132
1,3,2,24.0,42.0,2.0,0,2.6834975674983967,36
1,3,3,42.0,33.0,3.0,0,0.7849858717399135,50
1,2,3,59.0,61.0,3.0,0,1.5706167285314052,94
1,2,2,84.0,5.0,5.0,0,2.2475766640593426,134
0,1,1,46.0,26.0,5.0,0,4.1213032048345175,142
1,1,4,24.0,39.0,1.0,1,0.49374713303552,93
1,2,5,7.0,13.0,4.0,0,0.6467832264857079,10
1,1,5,77.0,57.0,3.0,0,2.2588105467484825,124
0,3,5,11.0,9.0,5.0,0,0.27027853651357636,4
1,1,4,77.0,25.0,5.0,0,1.9291157967679837,116
1,2,3,80.0,43.0,2.0,0,2.4644911146191797,77
1,1,2,31.0,49.0,2.0,0,2.92179181801498,42
0,1,1,39.0,30.0,2.0,0,3.729755267783439,18
1,3,4,60.0,61.0,3.0,0,0.8590179403185116,179
1,3,3,9.0,17.0,1.0,1,0.0,67
0,1,5,74.0,39.0,3.0,0,1.7358239092882695,179
0,3,5,47.0,62.0,5.0,0,1.6520655212079944,134
0,3,2,33.0,66.0,1.0,1,1.1171253895254116,153
1,3,1,97.0,62.0,1.0,0,2.053347571962092,87
1,1,1,59.0,31.0,2.0,0,3.9532238643053823,40
0,2,2,41.0,39.0,3.0,0,3.1014128492018975,42
1,3,1,61.0,26.0,3.0,0,2.0877688315627414,78
1,1,2,52.0,48.0,2.0,0,3.8184109856750545,39
1,1,1,33.0,42.0,4.0,0,0.7372610045575144,53
1,3,1,3.0,33.0,5.0,0,0.3999096599679479,23
0,3,5,8.0,27.0,4.0,0,0.5819676647585221,13
0,2,5,1.0,28.0,4.0,0,0.7115987882128937,19
0,2,5,12.0,31.0,3.0,0,0.7584087282045263,22
1,3,5,12.0,36.0,2.0,0,1.1115084481808415,85
0,1,2,25.0,33.0,2.0,0,3.364266867416141,34
1,3,2,51.0,64.0,1.0,0,1.9525207667638,101
1,2,5,90.0,95.0,3.0,0,4.563995847319984,74
0,1,3,39.0,18.0,5.0,0,3.582118522593514,115
1,1,5,86.0,47.0,4.0,0,0.2427440063874323,83
1,1,3,46.0,14.0,1.0,1,0.3641160095811484,100
1,2,5,41.0,76.0,5.0,0,2.3067752844419585,107
0,3,1,26.0,43.0,3.0,0,2.8999768318896204,20
1,3,3,60.0,27.0,2.0,0,2.300003545395545,76
0,3,2,16.0,15.0,1.0,0,0.3350940982407621,76
1,1,2,31.0,3.0,1.0,1,0.0,65
0,2,2,36.0,34.0,1.0,0,3.7808097583334916,36
1,3,5,25.0,97.0,4.0,0,1.7513023425358294,91
1,3,5,39.0,22.0,1.0,0,3.1412334570628104,86
1,3,4,99.0,66.0,3.0,0,1.5001842254596496,135
1,3,2,5.0,25.0,1.0,1,0.5185244938174862,89
1,2,3,49.0,86.0,3.0,0,3.240470278390646,84
1,2,3,53.0,46.0,5.0,0,2.494450230577103,174
1,1,1,94.0,27.0,5.0,0,0.8770235620540647,141
1,1,5,80.0,0.0,3.0,0,0.48813019169095,127
1,3,5,66.0,47.0,5.0,0,1.6174266685230378,131
1,3,5,82.0,25.0,3.0,0,2.0173363284909858,83
0,3,5,5.0,33.0,4.0,0,0.5405570730271527,13
1,2,5,76.0,98.0,5.0,0,2.300221138479852,155
1,3,4,87.0,63.0,4.0,0,1.8462946133052447,153
0,2,2,47.0,53.0,1.0,0,2.2063836654122797,22
1,2,2,15.0,44.0,5.0,0,0.5653344338091189,90
1,2,1,86.0,82.0,4.0,0,1.3035103655573999,59
1,1,4,75.0,49.0,5.0,0,0.4411026586150106,121
0,1,2,56.0,36.0,4.0,0,3.7945708295106244,27
0,2,3,54.0,84.0,1.0,1,0.8714066207094947,125
0,3,5,9.0,23.0,4.0,0,0.7998193199358958,12
1,3,1,48.0,40.0,2.0,0,3.004395408393412,59
1,3,4,52.0,34.0,5.0,0,1.7580740815822427,99
0,3,5,72.0,72.0,1.0,1,0.17644106344600424,124
0,1,1,37.0,50.0,2.0,0,2.7509676959135456,12
0,2,5,2.0,44.0,5.0,0,0.6701881964815242,18
1,1,4,67.0,54.0,1.0,0,1.068255614296061,130
1,3,4,72.0,54.0,5.0,0,1.300338192017829,154
1,3,1,79.0,34.0,4.0,0,1.4409856050770338,117
0,1,5,50.0,2.0,2.0,0,2.0130917779325657,143
1,2,2,45.0,44.0,4.0,0,3.454294976093906,23
1,3,5,59.0,33.0,2.0,0,1.129296476832088,147
0,2,4,48.0,95.0,5.0,0,2.1469674519453577,140
1,3,1,97.0,63.0,5.0,0,2.1703724219411735,138
1,1,5,26.0,33.0,4.0,0,1.388558723740831,105
0,3,1,2.0,28.0,5.0,0,0.73500375820871,9
1,1,5,76.0,37.0,3.0,0,0.9266207430179874,109
1,2,5,17.0,7.0,5.0,0,0.98324971551262,110
1,1,2,48.0,24.0,1.0,1,0.9294504433902673,67
1,3,5,3.0,15.0,2.0,0,0.9528554133860836,118
1,2,4,92.0,56.0,5.0,0,2.2115654205882365,177
1,1,4,51.0,53.0,2.0,0,2.300003545395545,96
1,1,1,70.0,33.0,3.0,0,1.8933221463811845,125
0,3,2,26.0,48.0,5.0,0,1.5609427580846098,129
1,1,4,75.0,55.0,4.0,0,2.4683004790089864,116
1,3,4,64.0,44.0,4.0,0,2.624081354031474,109
1,1,5,56.0,17.0,2.0,0,2.836098474779971,184
1,3,5,72.0,17.0,5.0,0,0.7831860889864926,115
1,1,2,59.0,10.0,1.0,0,0.706054377896426,35
0,3,1,37.0,38.0,1.0,0,3.209858383179803,34
1,2,3,79.0,24.0,5.0,0,0.7226150778177269,82
1,2,5,18.0,28.0,5.0,0,1.2715338737617494,65
1,3,5,50.0,64.0,4.0,0,2.042113689272952,147
0,1,4,46.0,49.0,3.0,0,1.9302705944698269,150
0,2,1,49.0,38.0,2.0,0,3.272236971303332,5
1,3,2,66.0,54.0,5.0,0,2.2351879836683595,130
0,3,1,50.0,30.0,2.0,0,4.794453775972648,21
0,1,5,52.0,13.0,5.0,0,1.4407680119927269,155
1,1,5,10.0,16.0,1.0,1,0.17644106344600424,96
0,2,5,8.0,40.0,2.0,0,0.5295407834223195,20
1,1,5,28.0,10.0,2.0,0,1.4891679358548162,129
1,2,5,82.0,3.0,5.0,0,1.8172727019648585,150
1,1,4,57.0,16.0,1.0,1,0.0,107
1,1,2,5.0,44.0,1.0,1,0.38889337036311467,74
0,3,1,37.0,34.0,4.0,0,3.551941813551285,25
1,2,1,13.0,8.0,3.0,0,1.2535282520261963,105
1,1,5,26.0,42.0,2.0,1,0.7998193199358958,77
1,1,5,72.0,70.0,4.0,0,1.4423579958631836,120
1,2,5,5.0,34.0,2.0,0,0.7115987882128937,13
0,3,1,63.0,69.0,1.0,0,0.8548883801881839,10
1,2,4,56.0,64.0,1.0,0,1.3939580720010942,12
1,1,3,14.0,32.0,2.0,1,0.8826405033986346,96
1,1,5,11.0,67.0,3.0,0,0.6049452427870673,51
1,3,2,54.0,44.0,3.0,0,1.2521558612400463,64
0,3,5,7.0,41.0,2.0,0,0.5115351616867663,22
1,3,5,78.0,1.0,5.0,0,2.546877111913305,129
0,3,1,49.0,53.0,3.0,0,3.6761735887453932,8
0,1,1,23.0,42.0,4.0,0,2.5700644888248148,36
1,3,3,85.0,34.0,5.0,0,2.364819107122731,91
1,3,3,53.0,78.0,3.0,0,1.1817233581682904,119
0,1,5,84.0,98.0,4.0,0,4.616422728656187,123
1,1,5,42.0,86.0,5.0,0,1.9950861561970128,110
1,3,4,13.0,15.0,4.0,0,0.6177613151453216,13
1,1,3,53.0,7.0,5.0,0,0.7761967568557726,167
0,3,1,25.0,71.0,5.0,0,0.4321037448479052,151
1,3,2,4.0,54.0,3.0,0,2.0007030975415825,59
0,2,5,67.0,60.0,5.0,0,1.5719891193175553,164
0,3,3,79.0,1.0,5.0,0,2.2711992271394656,124
1,2,2,44.0,46.0,2.0,0,3.588170650106698,8
1,2,3,55.0,24.0,2.0,1,0.49374713303552,109
1,2,2,68.0,7.0,2.0,1,0.3641160095811484,85
1,3,4,41.0,98.0,5.0,0,2.5412601705687354,186
1,1,5,30.0,0.0,1.0,1,0.8466292599275285,96
1,3,1,81.0,65.0,5.0,0,1.6064103789182047,93
1,2,1,8.0,98.0,4.0,0,1.4162082442950674,101
1,2,5,51.0,66.0,2.0,0,1.9000938854275975,137
0,1,3,48.0,97.0,5.0,0,4.34614419214261,99
1,3,1,95.0,52.0,2.0,0,1.3293601033582152,84
1,3,4,92.0,39.0,1.0,0,1.2893219024129956,78
0,1,5,39.0,43.0,2.0,1,1.4231975764257874,150
1,2,5,75.0,25.0,3.0,0,2.3481858761733276,156
1,3,2,51.0,38.0,2.0,0,1.2011013706899936,98
1,1,3,70.0,80.0,4.0,0,0.64335100046184,96
0,3,2,86.0,5.0,5.0,0,1.4745220091150288,76
1,2,1,30.0,48.0,4.0,0,3.6777635726158495,19
1,1,2,48.0,48.0,1.0,1,0.3060721869003758,84
0,2,3,85.0,25.0,3.0,0,3.7047603139171663,138
0,3,5,6.0,19.0,2.0,0,0.7115987882128937,10
0,2,5,72.0,41.0,5.0,0,2.213155404458693,137
1,2,5,73.0,47.0,4.0,0,0.8161924984010022,27
0,3,5,28.0,56.0,2.0,1,1.5528286998801588,94
0,3,4,8.0,17.0,4.0,0,0.5115351616867663,15
0,2,2,1.0,73.0,1.0,0,2.111173801558558,27
0,3,5,2.0,37.0,2.0,0,0.6411662851411379,17
0,3,4,76.0,15.0,1.0,0,1.6236461355191958,126
0,2,1,37.0,40.0,3.0,0,3.5949423891531107,31
1,1,3,13.0,27.0,5.0,0,1.3305149010600585,74
0,1,1,23.0,48.0,1.0,0,3.2074214095761464,7
1,3,1,4.0,4.0,1.0,0,0.8476892491744996,91
0,2,2,54.0,54.0,2.0,0,2.69451385710323,47
1,3,5,47.0,50.0,4.0,0,0.4080962492005011,67
1,2,4,64.0,40.0,3.0,0,2.1928401873194536,125
1,3,3,10.0,55.0,1.0,1,0.6949655572634905,94
1,1,2,40.0,8.0,2.0,1,0.12963112345437156,88
0,1,1,42.0,38.0,4.0,0,2.834943677078128,18
1,2,5,86.0,36.0,2.0,0,1.7346691115864263,81
1,2,3,30.0,29.0,1.0,0,0.8878222585745912,108
0,1,2,46.0,41.0,2.0,0,3.011602333608439,21
0,2,5,67.0,5.0,4.0,0,0.9322801437625473,166
1,3,3,60.0,11.0,2.0,1,0.7169981364731569,91
1,1,4,29.0,30.0,1.0,1,0.12963112345437156,72
1,2,2,57.0,81.0,4.0,0,2.499849578837366,140
1,1,1,94.0,29.0,5.0,0,2.117945540604971,105
0,1,5,67.0,56.0,5.0,0,0.8176073485871421,92
1,3,2,12.0,31.0,5.0,0,0.9578273696790758,38
1,3,5,62.0,25.0,5.0,0,1.7774520941039458,61
0,3,4,54.0,26.0,3.0,0,1.222749017332379,143
1,3,4,8.0,79.0,4.0,0,0.9266207430179874,175
1,3,3,25.0,11.0,1.0,1,0.17644106344600424,71
1,3,1,84.0,56.0,4.0,0,2.024325660621706,141
0,2,5,69.0,25.0,4.0,0,1.6768428819899603,152
1,1,2,7.0,25.0,1.0,1,0.6701881964815242,77
0,2,5,6.0,7.0,2.0,1,0.98749426607104,117
1,3,1,62.0,32.0,5.0,0,1.940132086372817,97
1,3,1,42.0,33.0,2.0,0,3.099822865331441,31
0,3,4,68.0,70.0,3.0,0,2.488615696148226,131
1,3,5,59.0,77.0,4.0,0,2.5000671719216725,113
1,1,1,49.0,31.0,1.0,0,1.21751700855509,108
0,2,1,58.0,16.0,1.0,0,1.7524571402376727,166
0,3,5,62.0,27.0,3.0,0,3.7571871952533686,188
1,1,5,48.0,33.0,4.0,0,2.788133737086495,139
1,3,5,40.0,41.0,4.0,0,1.1346958250923511,29
1,2,4,55.0,37.0,3.0,0,1.1997289799038438,150
1,3,4,55.0,28.0,2.0,0,0.9940484120331463,164
1,1,4,64.0,60.0,4.0,0,2.476662201925856,89
1,3,1,58.0,47.0,4.0,0,1.635432290258591,108
1,1,2,0.0,41.0,1.0,1,0.12963112345437156,85
1,2,5,82.0,79.0,5.0,0,1.0480652772398056,72
1,1,2,27.0,40.0,4.0,0,2.0037928503981597,32
1,2,4,92.0,50.0,4.0,0,2.0643638615669255,124
1,1,1,59.0,62.0,4.0,0,1.3291425102739085,121
0,3,1,1.0,25.0,4.0,0,0.7998193199358958,14
0,2,1,27.0,48.0,2.0,0,2.518072793657226,24
0,3,5,39.0,56.0,4.0,0,0.9322801437625473,121
0,1,4,98.0,14.0,1.0,0,1.7816966446623659,140
1,2,4,81.0,17.0,2.0,0,2.6598750044182737,133
1,3,4,80.0,26.0,5.0,0,0.792475126866007,80
1,2,3,29.0,15.0,1.0,0,0.882422910314328,68
0,3,5,2.0,12.0,4.0,0,0.9026132473705832,130
1,2,1,90.0,77.0,4.0,0,1.7180358806370233,127
0,1,1,46.0,37.0,2.0,0,3.413101977446843,21
1,2,1,73.0,32.0,3.0,0,2.5000671719216725,100
1,1,3,24.0,97.0,2.0,0,3.6441893027484005,149
0,1,5,77.0,27.0,5.0,1,1.0811141460543054,177
1,2,5,19.0,61.0,2.0,0,0.5809377471396632,127
1,3,4,58.0,30.0,5.0,0,1.22875089124423,89
0,3,3,66.0,39.0,5.0,1,0.43570331035474735,156
1,1,5,5.0,87.0,3.0,0,1.1069514960832427,120
0,3,1,29.0,34.0,1.0,0,0.4854880127748646,41
0,3,5,38.0,12.0,3.0,0,0.9101025024966765,114
1,3,3,95.0,23.0,3.0,0,2.0643638615669255,90
0,3,2,78.0,21.0,1.0,1,0.98749426607104,108
1,2,5,80.0,64.0,3.0,0,1.788468383708779,168
1,3,2,84.0,70.0,4.0,0,1.6698535498592406,89
0,3,5,83.0,33.0,1.0,1,1.0343042060626726,118
1,3,1,72.0,72.0,4.0,0,2.2227993032773763,124
0,3,1,80.0,0.0,5.0,0,0.6985651227703326,173
1,2,3,57.0,21.0,2.0,1,0.6701881964815242,95
1,2,5,61.0,15.0,1.0,1,0.0,103
1,2,1,53.0,48.0,4.0,0,3.9010145760534867,18
1,3,2,43.0,20.0,1.0,1,0.6949655572634905,80
1,3,5,70.0,40.0,3.0,0,1.6822422302502238,104
0,1,1,39.0,50.0,4.0,0,2.258592953664176,20
1,3,5,3.0,56.0,1.0,0,0.5115351616867663,19
0,1,2,23.0,51.0,2.0,0,2.0875512384784347,23
0,3,4,3.0,36.0,3.0,0,0.6287776047501548,18
1,3,4,56.0,54.0,4.0,0,1.5469941654512822,79
0,1,5,73.0,80.0,1.0,0,1.070097856449472,173
0,2,2,54.0,34.0,3.0,0,2.786543753216039,10
1,2,3,49.0,81.0,5.0,0,1.8546563362221147,153
1,1,1,34.0,50.0,4.0,0,3.323073868769078,43
1,3,2,26.0,43.0,1.0,1,0.5185244938174862,77
1,2,5,46.0,30.0,2.0,0,1.8048840215738753,183
1,3,2,15.0,9.0,1.0,1,0.9294504433902673,97
0,3,3,62.0,6.0,2.0,1,1.6131821179646177,122
0,1,2,39.0,38.0,2.0,0,3.2186552922652862,18
1,3,1,74.0,44.0,4.0,0,1.7360415023725762,91
0,2,5,68.0,55.0,5.0,0,2.1469674519453577,155
0,3,5,6.0,30.0,4.0,0,0.27027853651357636,9
0,3,5,10.0,26.0,2.0,0,0.73500375820871,12
0,3,4,3.0,51.0,5.0,0,0.35849906823657846,6
1,3,1,86.0,76.0,3.0,0,1.95951009889452,92
1,3,2,30.0,33.0,2.0,0,3.641752329144744,7
1,2,3,42.0,42.0,4.0,0,1.9705263884993531,197
1,1,5,6.0,86.0,3.0,0,2.3119570396179148,25
1,3,1,64.0,98.0,2.0,0,1.1524838537435975,39
0,2,4,8.0,52.0,2.0,0,0.6935931664773405,12
1,1,5,32.0,7.0,2.0,1,0.6701881964815242,92
0,3,2,31.0,45.0,3.0,0,2.7921606945606086,23
1,1,5,3.0,20.0,4.0,0,1.0442481186486567,69
0,2,3,86.0,41.0,5.0,0,3.6647221129719467,77
1,3,5,10.0,48.0,1.0,0,0.5405570730271527,13
1,3,3,68.0,90.0,2.0,0,2.2309434331099394,139
0,2,4,71.0,21.0,2.0,0,3.140798270894197,98
1,3,2,65.0,37.0,5.0,0,1.3761700433498478,110
1,3,2,31.0,95.0,2.0,0,0.5171521030313363,86
1,3,1,65.0,35.0,5.0,0,2.1773617540718933,70
1,1,5,46.0,13.0,1.0,1,0.3060721869003758,79
1,2,5,20.0,3.0,5.0,0,2.6294807022917372,123
0,3,5,85.0,82.0,5.0,0,1.8933221463811845,149
0,3,3,86.0,34.0,1.0,0,4.093653684280281,41
1,2,1,80.0,81.0,1.0,0,2.328590270567318,142
1,1,2,31.0,38.0,3.0,0,0.6301499955363047,96
1,3,1,6.0,9.0,2.0,0,0.3999096599679479,4
0,3,1,5.0,50.0,4.0,0,0.6935931664773405,22
1,3,1,55.0,36.0,1.0,0,2.0767525419579083,66
0,1,1,30.0,48.0,2.0,0,2.575681430169385,25
1,2,3,66.0,20.0,5.0,0,0.73500375820871,139
1,1,1,24.0,80.0,2.0,0,2.846177559767268,120
1,2,3,28.0,14.0,1.0,1,0.7169981364731569,83
1,1,3,37.0,25.0,1.0,1,0.8826405033986346,66
0,2,2,40.0,35.0,3.0,0,2.899541645721007,33
1,2,5,57.0,35.0,1.0,0,3.64556169353455,65
1,1,2,18.0,26.0,3.0,1,0.5185244938174862,60
1,2,4,75.0,61.0,4.0,0,2.229788635408096,109
0,1,2,69.0,36.0,5.0,0,1.6876415785104868,99
1,2,2,42.0,17.0,5.0,0,0.9996653533777163,169
1,2,4,19.0,28.0,4.0,0,2.117727947520664,177
1,3,4,70.0,24.0,2.0,0,1.2699438898912927,89
0,3,5,9.0,10.0,1.0,0,0.7584087282045263,9
1,1,4,79.0,1.0,4.0,0,0.9101025024966765,171
1,2,3,88.0,25.0,3.0,0,0.9886490637728831,145
1,3,1,42.0,12.0,2.0,0,0.2427440063874323,103
1,3,1,12.0,21.0,3.0,0,0.6177613151453216,15
0,3,5,4.0,13.0,5.0,0,0.5763507234139521,6
1,3,4,69.0,57.0,4.0,0,2.49192304208911,51
1,1,4,31.0,56.0,2.0,1,0.38889337036311467,90
1,3,2,63.0,60.0,4.0,0,0.6508402555879333,128
0,1,1,52.0,40.0,2.0,0,3.0710185470753615,41
0,3,1,1.0,47.0,2.0,0,0.6411662851411379,16
0,2,2,51.0,38.0,2.0,0,3.1414510501471176,32
1,1,3,75.0,52.0,1.0,0,2.221644505575533,136
0,1,2,33.0,41.0,4.0,0,4.488381589072272,43
1,3,5,8.0,22.0,4.0,0,0.3350940982407621,15
1,2,5,8.0,7.0,3.0,0,2.7008504099810295,104
0,3,5,5.0,30.0,4.0,0,0.5171521030313363,24
0,2,5,87.0,8.0,2.0,0,3.3890442281981072,114
0,1,4,7.0,36.0,1.0,0,3.2805084793358654,131
1,2,1,31.0,45.0,2.0,0,3.7133396299183428,20
1,3,5,31.0,75.0,2.0,1,1.0010377441638663,178
1,2,5,67.0,79.0,2.0,0,1.3581644216142947,98
0,2,2,50.0,40.0,4.0,0,2.5360784153927787,15
0,3,5,1.0,48.0,2.0,0,0.48813019169095,6
1,2,3,62.0,29.0,5.0,0,0.8065910589823089,94
1,2,1,13.0,55.0,2.0,0,0.27027853651357636,21
1,3,1,40.0,33.0,2.0,0,2.9884149566969294,40
1,3,5,69.0,43.0,3.0,0,1.4934124864132363,103
1,2,1,29.0,34.0,3.0,0,1.8006394710154554,131
0,3,5,69.0,58.0,5.0,0,1.8589008867805348,54
0,2,1,25.0,53.0,4.0,0,3.66378490835441,24
1,2,3,75.0,57.0,5.0,0,1.8877052050366143,106
0,2,1,42.0,32.0,4.0,0,3.2348533370460757,22
0,3,3,46.0,24.0,2.0,0,2.6542580630737036,107
0,1,2,44.0,79.0,2.0,0,2.8859981676281805,124
1,2,5,89.0,59.0,2.0,0,2.022953269835556,129
1,1,3,85.0,44.0,5.0,0,0.8476892491744996,75
0,2,2,56.0,44.0,2.0,0,3.0822524297645013,26
1,1,3,33.0,18.0,1.0,1,0.17644106344600424,78
0,3,1,29.0,3.0,4.0,0,1.8589008867805348,91
1,1,5,30.0,51.0,4.0,0,1.289104309328689,60
0,2,4,12.0,34.0,2.0,0,0.6053726347543384,10
1,1,2,4.0,79.0,2.0,0,0.9348497916505305,106
1,2,2,42.0,52.0,5.0,0,2.1593561323363404,146
0,3,5,10.0,38.0,1.0,0,0.5115351616867663,20
1,1,1,29.0,7.0,2.0,0,1.224578871713912,117
1,3,4,54.0,82.0,5.0,0,1.2482962432489073,94
0,3,1,51.0,66.0,1.0,0,1.6548527621802842,180
0,1,1,59.0,33.0,3.0,0,1.96375464945294,5
0,3,5,5.0,34.0,5.0,0,0.8880398516588979,23
0,2,5,58.0,24.0,2.0,0,1.853066352351658,167
0,2,4,4.0,43.0,3.0,0,0.4523365413041506,13
1,3,1,50.0,55.0,5.0,0,1.8298789754401483,106
1,2,3,60.0,97.0,2.0,0,1.469789923333113,93
1,3,4,96.0,24.0,2.0,0,1.8933221463811845,147
0,2,5,66.0,64.0,5.0,0,2.1471850450296643,169
1,2,5,40.0,40.0,1.0,1,0.7998193199358958,80
1,2,5,1.0,23.0,3.0,0,0.42331462996376423,10
1,1,3,92.0,69.0,4.0,0,2.8538865034312173,105
0,3,4,12.0,53.0,5.0,0,0.7115987882128937,7
1,3,3,34.0,45.0,2.0,1,0.9294504433902673,91
1,2,4,0.0,51.0,4.0,0,1.0130414919875683,73
0,3,3,38.0,24.0,1.0,1,0.5185244938174862,130
0,3,4,6.0,36.0,5.0,0,0.7059818468683237,19
0,3,4,31.0,52.0,2.0,0,1.9523031736794934,77
1,1,5,76.0,31.0,1.0,0,0.5956261332794407,100
1,3,2,43.0,7.0,1.0,1,0.43570331035474735,76
0,3,1,5.0,18.0,3.0,0,0.6467832264857079,11
1,2,1,7.0,92.0,1.0,0,0.7237698755195701,99
1,3,4,9.0,42.0,5.0,0,0.7059818468683237,10
0,2,1,28.0,43.0,2.0,0,2.0823694833024784,22
1,3,4,68.0,60.0,5.0,0,1.2245063406858099,74
0,2,1,45.0,54.0,4.0,0,2.93577048227642,28
0,1,2,43.0,36.0,2.0,0,4.306541177366005,12
1,3,1,73.0,2.0,4.0,0,1.4369586476029204,47
0,2,1,59.0,34.0,2.0,0,3.1106215618519677,39
1,3,1,79.0,29.0,3.0,0,3.3464788387648943,101
0,2,5,73.0,89.0,5.0,0,2.3303978475220815,92
1,1,5,28.0,21.0,5.0,0,0.3294771568961921,89
0,2,1,30.0,44.0,2.0,0,2.864183181502821,45
0,3,5,67.0,57.0,2.0,1,1.4367410545186137,95
1,2,5,92.0,51.0,3.0,0,1.70564720024604,83
1,3,3,36.0,19.0,4.0,0,2.2270438538357964,121
0,1,2,47.0,45.0,2.0,0,3.601714128199524,12
1,3,2,76.0,67.0,4.0,0,1.9000938854275975,135
1,3,4,50.0,50.0,5.0,0,1.053464625500069,165
0,2,2,49.0,22.0,5.0,0,1.918317100247457,156
1,3,1,66.0,39.0,4.0,0,2.523472141917489,123
1,3,4,52.0,49.0,5.0,0,2.0119369802307228,143
1,2,5,43.0,16.0,1.0,0,0.7849858717399135,77
1,3,2,55.0,25.0,1.0,0,1.7290521702418564,181
0,3,3,51.0,64.0,1.0,0,0.9026132473705832,137
1,3,2,92.0,20.0,1.0,0,1.6176442616073448,102
0,2,5,82.0,66.0,4.0,0,1.395590515271541,121
0,1,1,22.0,33.0,2.0,0,3.742143948174422,11
1,3,4,71.0,21.0,3.0,0,1.9180995071631504,138
0,3,5,56.0,44.0,4.0,0,2.106929251000138,177
0,3,3,20.0,3.0,2.0,0,3.2872802183822785,107
0,3,5,1.0,48.0,2.0,0,0.7998193199358958,22
1,1,4,62.0,4.0,5.0,0,0.6067450255404884,96
0,3,4,11.0,8.0,3.0,0,0.8232242899317121,23
0,1,2,20.0,36.0,3.0,0,3.2760463356931386,9
0,2,1,14.0,42.0,1.0,0,2.70574773979237,13
1,1,3,70.0,64.0,1.0,0,1.0130414919875683,89
0,2,5,65.0,28.0,1.0,1,1.5996386398717917,132
1,3,3,92.0,26.0,5.0,0,2.282215516744299,122
1,3,1,66.0,39.0,4.0,0,1.8462946133052447,106
0,3,2,48.0,75.0,3.0,1,1.083858927626605,94
0,2,5,76.0,23.0,5.0,0,2.782734388826232,114
1,3,1,64.0,34.0,5.0,0,1.5760160767916684,134
1,3,5,93.0,46.0,2.0,0,0.9114448216547142,107
0,3,1,7.0,17.0,2.0,0,0.3350940982407621,16
1,2,4,30.0,18.0,2.0,1,0.3060721869003758,89
0,2,2,47.0,36.0,1.0,0,1.693258519855057,30
0,3,5,3.0,12.0,5.0,0,0.48813019169095,20
1,2,2,37.0,41.0,5.0,0,1.2769332220220124,144
1,1,2,83.0,33.0,4.0,0,0.8954141163568989,141
0,3,1,59.0,44.0,2.0,0,3.224272233609856,42
1,3,3,71.0,55.0,5.0,0,1.800857064099762,95
0,2,4,29.0,71.0,2.0,1,1.6244160006537578,124
1,3,4,90.0,39.0,4.0,0,2.1303342209959544,121
0,2,5,64.0,83.0,5.0,0,1.6656089993008205,151
0,3,5,11.0,26.0,2.0,0,0.3350940982407621,15
1,3,5,87.0,89.0,5.0,0,1.3291425102739085,187
0,3,5,5.0,23.0,2.0,0,0.7115987882128937,13
0,3,5,2.0,20.0,5.0,0,0.35849906823657846,22
0,3,5,81.0,77.0,2.0,0,1.966281837940933,148
0,2,4,12.0,42.0,2.0,0,0.5763507234139521,11
0,2,1,21.0,52.0,3.0,0,4.428965375605349,25
1,2,5,93.0,69.0,1.0,0,3.6469340843207,69
0,3,3,93.0,34.0,3.0,0,3.5832733202953575,158
0,2,2,49.0,38.0,1.0,0,2.1289618302098043,27
1,3,3,51.0,81.0,5.0,0,2.553648850959718,146
1,2,1,61.0,23.0,5.0,0,1.9829150688903363,145
1,3,3,94.0,45.0,5.0,0,1.9995482998397396,104
1,1,2,56.0,24.0,1.0,1,0.17644106344600424,79
1,3,5,67.0,42.0,5.0,0,0.8880398516588979,58
0,3,4,11.0,50.0,3.0,0,0.6411662851411379,22
1,2,2,41.0,33.0,2.0,0,3.5987517535429174,38
1,1,5,33.0,97.0,5.0,0,0.8299960289781252,86
1,2,5,0.0,7.0,1.0,1,0.7530093799442631,78
1,2,2,55.0,44.0,1.0,0,3.235070930130383,19
1,2,5,45.0,81.0,5.0,0,1.7538295310238226,137
1,1,2,49.0,67.0,3.0,0,0.6985651227703326,71
1,1,5,90.0,42.0,4.0,0,1.1182801872272548,101
0,3,3,33.0,47.0,1.0,0,0.3603713820181018,74
1,2,4,28.0,2.0,1.0,1,0.8466292599275285,95
0,2,2,64.0,58.0,5.0,0,2.2295710423237898,160
1,1,2,65.0,22.0,1.0,0,0.6121443738007516,104
1,1,5,58.0,51.0,4.0,0,0.5185244938174862,88
1,2,5,90.0,50.0,2.0,0,1.993496172326556,105
1,3,1,91.0,58.0,3.0,0,1.8408952650449817,105
1,1,4,17.0,11.0,3.0,1,0.3641160095811484,79
0,1,4,93.0,50.0,3.0,0,2.2059484792436663,191
1,2,2,83.0,54.0,4.0,0,1.9291157967679837,122
1,3,2,52.0,67.0,4.0,0,1.7594464723683925,147
1,2,5,14.0,18.0,3.0,1,0.5185244938174862,88
0,3,2,88.0,28.0,1.0,1,1.8589008867805346,87
1,1,1,5.0,5.0,4.0,0,0.7612685002049185,78
0,3,4,5.0,45.0,4.0,0,0.6287776047501548,20
1,2,4,55.0,25.0,4.0,0,1.7650634137129626,79
0,2,1,51.0,78.0,5.0,0,1.8987214946414475,12
1,1,5,37.0,37.0,1.0,1,0.6949655572634905,95
1,3,1,60.0,65.0,4.0,0,1.1639353295170443,108
0,1,2,29.0,39.0,2.0,0,2.904003789363734,43
0,3,5,3.0,46.0,5.0,0,0.6411662851411379,22
0,1,2,43.0,32.0,2.0,0,2.523254548833182,20
1,3,4,42.0,8.0,4.0,0,1.3734128740056704,95
0,3,5,3.0,23.0,4.0,0,0.6053726347543384,21
0,2,1,9.0,37.0,1.0,0,0.6467832264857079,5
1,3,4,13.0,55.0,1.0,1,0.17644106344600424,70
0,2,2,57.0,40.0,2.0,0,3.193442745314706,27
1,1,4,28.0,22.0,5.0,0,0.7417754972551232,110
0,3,2,87.0,86.0,3.0,1,0.7885854372467558,84
1,2,4,31.0,26.0,1.0,1,0.0,77
0,1,2,46.0,47.0,1.0,0,2.4722000582831294,33
0,3,5,7.0,37.0,1.0,0,0.7115987882128937,16
1,2,2,47.0,6.0,2.0,0,1.0246603072439893,122
1,3,5,5.0,23.0,1.0,0,0.3350940982407621,3
0,2,1,4.0,23.0,2.0,0,0.8880398516588979,9
1,3,5,87.0,59.0,2.0,1,1.1171253895254116,141
1,3,4,21.0,65.0,4.0,0,0.7005824986080604,141
1,3,2,22.0,49.0,2.0,0,2.8887429492004806,13
0,3,5,13.0,16.0,4.0,0,0.44671959995958055,8
0,1,1,38.0,37.0,2.0,0,2.3414141371269146,26
0,3,5,1.0,38.0,4.0,0,0.42331462996376423,21
1,3,4,63.0,44.0,4.0,0,0.34568299587832413,70
1,1,4,41.0,30.0,5.0,0,2.359202165778161,148
1,3,4,19.0,19.0,4.0,0,0.37688962253941255,108
1,3,5,1.0,27.0,1.0,0,0.7115987882128937,15
0,3,4,29.0,36.0,2.0,0,3.147787603024917,105
1,2,5,90.0,50.0,5.0,0,2.106929251000138,99
1,1,5,37.0,30.0,3.0,0,0.2427440063874323,57
1,3,1,85.0,27.0,5.0,0,1.46439057507285,75
1,3,5,10.0,38.0,5.0,0,0.7998193199358958,4
1,2,2,46.0,23.0,5.0,0,3.029390362259685,130
1,1,2,60.0,24.0,5.0,0,3.1230102422429504,48
0,3,5,46.0,66.0,2.0,0,1.6766252889056537,171
1,2,2,74.0,40.0,3.0,0,0.8700342299233448,88
1,3,3,94.0,25.0,5.0,0,1.799484673313612,101
1,1,5,47.0,10.0,5.0,0,0.9238335020456974,53
1,3,3,93.0,48.0,4.0,0,2.264209895008746,96
1,1,5,9.0,80.0,3.0,0,1.406564345476384,178
1,3,1,11.0,20.0,1.0,0,0.44671959995958055,8
1,2,5,25.0,64.0,2.0,0,1.0881034781850252,148
1,1,3,8.0,54.0,4.0,0,0.7684676312186028,81
0,2,4,98.0,42.0,1.0,0,2.9402326259191467,81
1,3,1,67.0,51.0,5.0,0,2.028352618095819,126
1,2,1,1.0,41.0,4.0,0,0.4523365413041506,16
1,3,3,39.0,14.0,1.0,1,0.3060721869003758,110
1,2,5,50.0,52.0,1.0,0,2.157983741550191,135
1,2,2,81.0,57.0,4.0,0,2.1469674519453577,105
1,3,5,88.0,48.0,3.0,0,1.6408316385188542,135
1,3,4,56.0,24.0,1.0,1,0.49374713303552,105
1,2,1,26.0,44.0,2.0,0,0.8770235620540647,73
1,1,2,19.0,48.0,1.0,1,0.7998193199358958,71
1,1,4,31.0,14.0,2.0,1,0.3528821268920085,91
1,1,1,36.0,33.0,1.0,0,1.457618836026437,33
1,3,2,16.0,12.0,4.0,0,0.7537792450788251,112
1,2,5,48.0,74.0,1.0,0,0.48251325034638004,98
1,2,5,32.0,16.0,1.0,1,0.5405570730271527,107
1,1,4,38.0,36.0,4.0,0,0.5295407834223195,141
1,3,4,55.0,56.0,4.0,0,2.2876148650045622,98
1,1,4,51.0,66.0,2.0,0,0.7612685002049185,93
1,1,2,21.0,97.0,3.0,0,4.38056545174326,89
1,3,1,85.0,31.0,2.0,0,1.5940216985272215,92
0,2,2,80.0,70.0,2.0,1,1.047847684155499,79
1,3,5,86.0,58.0,3.0,0,1.1004921585760084,51
0,2,1,9.0,57.0,2.0,0,0.5529457534181358,14
1,2,4,76.0,37.0,1.0,0,2.2599653444503254,108
1,3,5,14.0,58.0,5.0,0,1.3539198710558749,56
1,1,2,29.0,6.0,1.0,1,0.8466292599275285,95
0,3,5,79.0,52.0,3.0,0,1.4767792554638333,121
1,3,4,99.0,58.0,4.0,0,1.46439057507285,160
1,2,3,8.0,79.0,5.0,0,3.5116860195217585,150
1,3,2,78.0,65.0,5.0,0,0.9101025024966765,94
0,3,5,5.0,27.0,4.0,0,0.42331462996376423,10
1,1,1,66.0,60.0,3.0,0,3.2746739449069886,21
1,3,1,69.0,50.0,1.0,0,1.635432290258591,171
1,1,4,40.0,69.0,1.0,0,0.6049452427870673,18
1,3,2,54.0,50.0,3.0,0,4.169703128696606,28
1,1,2,10.0,62.0,4.0,0,0.6049452427870673,95
1,3,4,70.0,74.0,4.0,0,2.1649730736809105,123
0,2,5,1.0,53.0,3.0,0,0.3350940982407621,8
1,3,1,97.0,25.0,4.0,0,1.5001842254596496,115
0,3,5,31.0,59.0,2.0,1,1.2823325702822759,141
1,3,1,50.0,43.0,2.0,0,4.63580074117789,32
1,2,1,15.0,19.0,5.0,0,3.311839986079938,51
1,1,1,79.0,30.0,3.0,0,2.1001575119537246,81
0,1,1,38.0,32.0,3.0,0,3.481509310479529,32
1,3,5,11.0,40.0,3.0,0,0.3350940982407621,22
1,3,2,21.0,29.0,4.0,0,0.5809377471396632,55
0,3,5,59.0,32.0,3.0,0,1.5060187598885264,47
0,3,4,5.0,51.0,3.0,0,0.5171521030313363,16
0,3,1,3.0,30.0,3.0,0,0.35849906823657846,11
0,1,2,48.0,48.0,3.0,0,3.5299092343416185,12
1,1,5,30.0,56.0,4.0,0,0.5644195066183523,27
0,2,1,36.0,34.0,1.0,0,2.757957028044266,13
1,1,1,40.0,42.0,3.0,0,2.8407782115070046,15
1,1,5,90.0,23.0,4.0,0,0.97064344203733,105
0,3,5,66.0,36.0,1.0,0,1.7124189392924531,105
1,3,5,9.0,39.0,4.0,0,0.5763507234139521,13
0,1,2,49.0,32.0,2.0,0,1.8519115546498148,38
0,3,2,50.0,53.0,2.0,0,4.688227622514093,18
1,1,5,40.0,62.0,5.0,0,0.5941387520651984,62
1,3,1,31.0,35.0,2.0,0,4.18908114121831,8
1,2,1,52.0,38.0,2.0,0,2.4876784915306893,21
1,1,5,84.0,24.0,2.0,0,0.9074178641806009,161
0,3,5,13.0,21.0,3.0,0,0.3350940982407621,9
0,3,3,56.0,57.0,2.0,1,1.1639353295170443,156
1,2,4,6.0,83.0,2.0,0,2.2038564769242868,96
1,2,4,58.0,90.0,4.0,0,1.5996386398717917,102
1,3,4,75.0,31.0,2.0,0,2.3538028175178978,77
1,3,5,87.0,55.0,4.0,0,1.8462946133052447,130
1,3,2,58.0,22.0,1.0,0,1.7760797033177957,141
1,3,5,60.0,55.0,4.0,0,1.6698535498592406,103
1,1,4,48.0,17.0,3.0,0,1.312726872408812,144
1,3,4,66.0,43.0,3.0,0,2.3470310784714847,118
0,2,2,22.0,33.0,2.0,0,3.607331069544094,31
1,2,5,88.0,34.0,3.0,0,2.0531299788777853,87
0,1,1,23.0,53.0,1.0,0,3.5409255239464517,35
1,3,5,56.0,72.0,5.0,0,2.035341950226539,103
0,2,3,61.0,7.0,5.0,0,1.882305856776351,131
0,3,1,98.0,22.0,3.0,0,1.6161568803931026,85
0,3,4,81.0,67.0,2.0,0,1.0120540337686994,190
0,3,3,79.0,91.0,2.0,0,1.9111101750324306,158
0,3,5,9.0,29.0,1.0,0,0.6467832264857079,8
0,3,4,11.0,37.0,2.0,0,0.5763507234139521,16
0,2,5,40.0,70.0,5.0,0,1.4891679358548162,195
1,2,5,11.0,57.0,4.0,0,0.27027853651357636,20
1,3,5,62.0,44.0,3.0,0,0.9413091291577649,72
1,3,2,56.0,85.0,1.0,0,1.5292061368000358,94
0,2,1,87.0,10.0,5.0,0,1.584950253732014,96
0,1,5,51.0,61.0,1.0,0,2.7233181753593096,119
1,3,4,30.0,64.0,3.0,0,2.6814723974593266,161
1,1,2,23.0,48.0,4.0,0,1.1943296316435803,129
1,1,2,45.0,31.0,1.0,0,3.4540773830095994,11
0,2,1,75.0,29.0,3.0,0,2.7118666995858627,39
0,3,1,4.0,24.0,5.0,0,0.27027853651357636,4
1,3,1,73.0,20.0,5.0,0,2.105556860213988,71
1,2,5,34.0,78.0,5.0,0,1.4713799072035698,105
0,3,1,89.0,45.0,5.0,0,1.6642366085146705,168
0,3,4,5.0,20.0,3.0,0,0.6411662851411379,19
1,3,4,99.0,56.0,5.0,0,1.559600438926572,46
0,2,3,78.0,92.0,2.0,0,1.7002478519857769,128
0,1,4,85.0,2.0,3.0,0,1.3057375402780922,148
0,2,5,5.0,29.0,1.0,0,1.5132178909022105,80
1,1,4,50.0,71.0,4.0,0,2.170154828856867,97
0,2,4,75.0,46.0,5.0,0,1.114150627096927,36
1,2,1,8.0,42.0,3.0,0,0.5295407834223195,8
1,3,5,79.0,5.0,4.0,0,1.5114181081487894,168
1,3,5,97.0,40.0,5.0,0,1.7180358806370233,129
1,3,4,95.0,69.0,5.0,0,2.2475766640593426,78
0,3,4,11.0,47.0,2.0,0,0.5115351616867663,6
1,2,4,75.0,50.0,2.0,0,1.8462946133052447,125
1,3,1,57.0,35.0,5.0,0,2.1649730736809105,79
1,3,1,79.0,29.0,5.0,0,1.4423579958631836,94
0,2,1,54.0,46.0,3.0,0,2.8932050928432074,6
0,3,5,95.0,45.0,2.0,0,2.1231272957809275,72
1,1,5,58.0,10.0,1.0,0,1.96512704023909,151
1,3,2,39.0,37.0,1.0,0,3.1414510501471176,33
1,3,4,41.0,39.0,1.0,1,0.5653344338091189,72
0,2,5,3.0,9.0,5.0,0,0.3999096599679479,6
1,3,5,68.0,21.0,5.0,0,1.46439057507285,80
1,3,5,30.0,11.0,4.0,0,0.706054377896426,43
1,3,2,85.0,28.0,1.0,0,2.1593561323363404,116
1,3,5,59.0,46.0,1.0,0,1.1540738376140542,76
0,1,1,54.0,47.0,2.0,0,2.3292430498202386,24
1,1,2,55.0,44.0,2.0,0,3.5229199022108983,33
0,1,2,42.0,40.0,3.0,0,3.7823997422039484,46
1,3,5,52.0,9.0,2.0,0,1.286992125036089,94
0,3,1,1.0,22.0,4.0,0,0.7115987882128937,23
1,3,4,76.0,56.0,4.0,0,0.810835609540729,76
1,3,3,78.0,62.0,4.0,0,1.8051016146581822,98
1,1,3,61.0,11.0,1.0,1,0.3060721869003758,83
1,2,3,55.0,9.0,1.0,1,0.6701881964815242,83
0,1,5,47.0,81.0,2.0,0,1.0935028264452884,141
0,1,2,51.0,43.0,1.0,0,3.93521824256983,37
0,1,2,49.0,35.0,1.0,0,2.883561194024524,28
0,3,3,30.0,41.0,2.0,1,1.2823325702822759,103
1,1,1,48.0,34.0,5.0,0,1.0286872647181027,136
0,2,5,87.0,11.0,4.0,0,1.6422040293050042,138
1,1,4,74.0,28.0,3.0,0,1.7650634137129626,120
0,2,1,25.0,36.0,4.0,0,3.312492765332858,27
0,1,1,56.0,41.0,4.0,0,3.699578558741209,14
0,2,1,1.0,41.0,1.0,0,0.3999096599679479,20
0,2,4,4.0,14.0,3.0,0,0.5115351616867663,12
1,1,2,89.0,58.0,1.0,0,0.5956261332794407,57
1,3,1,96.0,75.0,3.0,0,2.329025456735932,127
0,3,1,1.0,29.0,5.0,0,0.5171521030313363,17
1,2,4,95.0,37.0,2.0,0,1.5292061368000358,118
1,2,2,62.0,83.0,5.0,0,1.6588372602544075,139
1,3,5,59.0,25.0,3.0,0,1.0205307471136618,108
0,3,4,1.0,43.0,4.0,0,0.6053726347543384,6
0,3,3,86.0,9.0,2.0,1,0.7169981364731569,102
1,2,4,5.0,32.0,5.0,0,0.6467832264857079,11
0,3,5,2.0,57.0,3.0,0,0.44671959995958055,13
1,3,2,59.0,0.0,1.0,0,1.1527014468279042,117
1,2,1,40.0,43.0,2.0,0,2.405074901152257,2
1,3,4,67.0,74.0,5.0,0,2.2063836654122797,82
1,3,5,1.0,25.0,1.0,0,0.8880398516588979,18
1,3,3,65.0,12.0,5.0,0,1.9248712462095636,52
1,3,4,47.0,23.0,1.0,1,0.12963112345437156,99
1,2,2,47.0,40.0,2.0,0,3.5011049160855388,21
1,1,4,57.0,10.0,2.0,1,0.48251325034638004,98
1,3,3,33.0,27.0,4.0,0,1.3347169922184883,36
0,2,2,40.0,48.0,2.0,0,2.7991500266913283,19
0,3,5,13.0,29.0,2.0,0,0.7998193199358958,21
1,3,5,2.0,56.0,1.0,0,0.7115987882128937,17
0,3,1,56.0,47.0,2.0,0,1.7636910229268126,9
1,1,2,28.0,8.0,1.0,1,0.17644106344600424,89
0,2,3,74.0,81.0,2.0,0,1.6410492316031609,99
1,2,2,83.0,34.0,4.0,0,2.562137952076559,96
0,1,1,36.0,51.0,2.0,0,3.983618166431919,21
1,3,1,90.0,51.0,5.0,0,1.382941782396261,111
1,3,4,60.0,62.0,5.0,0,0.8880398516588979,128
1,3,1,66.0,67.0,1.0,0,2.3414141371269146,119
0,3,1,57.0,47.0,3.0,0,3.0489859678656948,28
0,3,1,55.0,47.0,2.0,0,3.8469977108468276,42
1,2,2,17.0,57.0,5.0,0,0.5707337820693821,60
1,1,3,31.0,52.0,2.0,0,1.6424216223893109,137
0,1,4,69.0,88.0,5.0,0,2.3234085153913617,141
1,3,5,71.0,20.0,5.0,0,2.4820615501861196,124
1,3,5,78.0,4.0,5.0,0,2.553648850959718,104
1,1,2,93.0,39.0,5.0,0,1.95813770810837,119
0,3,5,10.0,13.0,5.0,0,0.35849906823657846,11
1,3,3,37.0,5.0,1.0,1,0.3060721869003758,109
0,3,5,10.0,54.0,2.0,0,0.8232242899317121,14
0,1,5,42.0,83.0,5.0,0,1.5953940893133716,127
0,3,4,61.0,15.0,5.0,0,2.1388233221127946,131
0,2,1,23.0,47.0,2.0,0,4.065066959108508,11
1,3,3,99.0,33.0,4.0,0,2.264209895008746,94
1,1,3,48.0,18.0,2.0,1,0.0,82
1,3,2,31.0,59.0,1.0,1,0.5185244938174862,97
1,2,2,69.0,9.0,1.0,1,0.3528821268920085,105
1,1,2,51.0,33.0,1.0,0,1.4533742854680167,121
0,2,2,46.0,49.0,3.0,0,2.2477942571436493,28
1,3,1,82.0,91.0,4.0,0,2.7233181753593096,184
0,2,5,13.0,13.0,1.0,0,0.6177613151453216,4
1,1,2,24.0,50.0,2.0,0,3.3714737926311673,14
0,1,4,76.0,7.0,4.0,0,4.7928637921021915,72
1,3,5,78.0,66.0,4.0,0,2.435251610194487,112
0,1,3,53.0,99.0,2.0,1,1.7292697633261631,151
0,3,4,1.0,1.0,1.0,1,1.4479749372077535,85
0,2,1,50.0,40.0,2.0,0,3.0872165918561514,37
1,3,1,73.0,36.0,2.0,1,1.5636273964006855,150
0,1,4,43.0,9.0,2.0,0,3.4855362679536426,99
0,3,2,50.0,51.0,2.0,0,2.788133737086495,26
1,3,4,92.0,54.0,4.0,0,1.6532203189098373,84
0,3,1,58.0,31.0,3.0,0,2.8187456322973383,17
1,2,3,60.0,6.0,2.0,1,0.3528821268920085,104
1,3,3,61.0,21.0,3.0,0,1.5058011668042195,55
1,3,2,17.0,45.0,1.0,1,0.43570331035474735,90
1,1,5,32.0,64.0,4.0,0,0.6121443738007516,94
0,1,2,45.0,35.0,4.0,0,3.094205923986871,8
0,2,1,26.0,49.0,2.0,0,3.116456096280844,32
1,1,4,82.0,79.0,3.0,0,1.71126414159061,154
0,3,4,1.0,42.0,3.0,0,0.5115351616867663,7
1,3,5,16.0,28.0,1.0,0,1.694630910641207,149
0,3,2,52.0,37.0,2.0,0,4.817858745968464,28
1,1,3,48.0,14.0,1.0,1,0.3060721869003758,106
0,2,3,40.0,89.0,2.0,1,1.4119636937366473,162
1,1,3,81.0,72.0,4.0,0,1.8877052050366143,108
0,3,1,9.0,20.0,3.0,0,0.27027853651357636,17
0,3,5,13.0,21.0,2.0,0,0.4523365413041506,7
1,3,4,84.0,55.0,2.0,0,1.3471481320094616,93
1,3,5,13.0,52.0,1.0,0,1.45315669238371,89
1,1,3,90.0,98.0,2.0,0,2.042331282357259,141
0,1,2,51.0,45.0,2.0,0,2.6393421941947275,17
1,3,5,82.0,20.0,3.0,0,0.8756511712679147,77
0,3,1,33.0,40.0,2.0,0,4.206869169869556,37
0,1,5,21.0,84.0,2.0,0,3.9106584748721707,169
1,2,5,12.0,47.0,5.0,0,0.8934391999191611,162
0,2,2,76.0,65.0,2.0,0,1.242511962421363,93
1,3,5,38.0,19.0,2.0,0,1.0754547453097452,5
1,3,5,7.0,11.0,5.0,0,0.6287776047501548,18
1,1,1,86.0,56.0,4.0,0,3.2805084793358654,91
0,1,1,45.0,36.0,2.0,0,1.7288345771575497,101
1,2,5,12.0,72.0,2.0,0,2.3524304267317477,59
0,2,5,77.0,25.0,5.0,0,2.2171823619328066,120
1,2,2,60.0,34.0,1.0,0,1.611809727178468,95
0,3,5,56.0,46.0,2.0,1,1.0811141460543054,165
0,1,1,45.0,30.0,2.0,0,2.975373497053026,9
0,3,5,43.0,84.0,1.0,0,2.230006228492403,128
0,2,4,30.0,99.0,1.0,0,3.529691641257312,183
1,3,1,12.0,6.0,5.0,0,1.6990930542839338,133
0,2,5,46.0,50.0,5.0,0,1.3581644216142947,169
1,3,1,6.0,38.0,5.0,0,0.6053726347543384,17
1,3,5,60.0,33.0,5.0,0,1.8476670040913947,109
1,2,1,8.0,36.0,2.0,0,0.46472522169513364,16
1,3,5,97.0,50.0,5.0,0,2.20076672406771,118
0,3,1,22.0,40.0,2.0,0,3.2544489426520857,20
1,3,1,7.0,21.0,4.0,0,0.5529457534181358,17
1,3,1,88.0,26.0,4.0,0,2.0767525419579083,90
0,3,5,12.0,16.0,2.0,0,0.5763507234139521,18
1,3,5,94.0,20.0,5.0,0,2.040741298486802,143
1,3,2,72.0,66.0,2.0,0,2.6531032653718607,84
1,1,4,11.0,0.0,5.0,0,1.4535918785523236,125
1,2,2,26.0,75.0,3.0,0,1.757856488497936,62
1,1,2,44.0,52.0,4.0,0,1.7816966446623659,153
1,1,2,49.0,21.0,2.0,1,0.8826405033986346,65
1,2,4,99.0,36.0,4.0,0,2.1345787715543745,137
0,3,5,77.0,67.0,1.0,0,1.4051919546902343,130
0,1,2,58.0,54.0,3.0,0,3.975256443515049,25
0,2,1,11.0,48.0,2.0,0,0.7584087282045263,11
1,3,1,1.0,22.0,3.0,0,0.3999096599679479,12
1,3,3,58.0,19.0,1.0,1,0.3060721869003758,77
0,2,1,40.0,37.0,2.0,0,3.254231349567779,31
0,1,2,59.0,50.0,2.0,0,3.4596943243541696,25
1,3,1,32.0,99.0,1.0,0,3.3158669435540515,91
1,2,2,96.0,46.0,5.0,0,1.1596907789586242,61
1,3,5,80.0,40.0,2.0,0,2.435251610194487,107
0,2,5,51.0,46.0,3.0,0,1.7724801378109536,59
1,3,2,22.0,44.0,1.0,1,0.6701881964815242,73
0,3,4,71.0,71.0,5.0,0,2.036496747928382,126
0,3,4,7.0,23.0,3.0,0,0.44671959995958055,22
1,3,1,53.0,57.0,5.0,0,1.5649997871868353,132
0,2,2,98.0,17.0,2.0,0,4.499180285592798,36
1,3,5,11.0,10.0,2.0,0,0.8880398516588979,13
0,2,1,49.0,43.0,2.0,0,3.578309158203708,40
1,3,1,11.0,20.0,2.0,0,0.8880398516588979,16
0,3,5,29.0,64.0,1.0,1,0.7282320191622969,115
1,3,1,51.0,83.0,2.0,1,1.5528286998801588,165
1,3,1,3.0,23.0,5.0,0,0.7998193199358958,18
1,2,3,84.0,3.0,1.0,0,0.9341099981440806,85
1,3,5,75.0,79.0,2.0,0,2.1193179313911212,169
1,1,4,80.0,64.0,3.0,0,1.8228896433094284,114
1,3,5,81.0,63.0,4.0,0,2.7413237970948625,151
1,1,4,76.0,59.0,5.0,0,2.0877688315627414,65
0,3,5,8.0,37.0,3.0,0,0.5295407834223195,9
0,2,2,37.0,50.0,3.0,0,2.6711088871074136,20
0,1,2,29.0,48.0,3.0,0,2.4048573080679505,11
0,2,2,36.0,46.0,2.0,0,2.8889605422847873,26
1,3,2,70.0,24.0,4.0,0,1.6590548533387142,123
1,3,5,38.0,0.0,5.0,0,0.32916475535701334,93
1,3,2,35.0,13.0,1.0,1,0.17644106344600424,72
1,1,2,71.0,69.0,1.0,0,1.7484301827635593,96
1,2,5,31.0,6.0,2.0,0,0.8232242899317121,97
1,3,5,85.0,53.0,2.0,0,2.022953269835556,106
0,2,2,54.0,34.0,2.0,0,2.541477763653042,20
1,2,5,43.0,78.0,2.0,0,1.883678247562501,129
1,3,5,57.0,21.0,5.0,0,1.3775424341359979,76
1,2,1,89.0,47.0,5.0,0,1.1650901272188874,165
1,1,1,35.0,30.0,2.0,0,3.2240546405255497,16
1,2,1,36.0,27.0,1.0,0,0.5497311204785746,85
1,3,2,6.0,19.0,1.0,1,0.5405570730271527,76
1,1,5,11.0,59.0,4.0,0,0.6673584961092441,26
1,1,4,38.0,57.0,4.0,0,1.3651537537450147,164
1,1,1,3.0,46.0,2.0,1,0.9294504433902673,85
1,1,4,71.0,20.0,3.0,0,0.9294504433902673,101
1,3,2,88.0,84.0,3.0,0,2.5882877036446748,125
1,1,3,58.0,22.0,1.0,0,1.5469941654512822,147
0,3,1,2.0,57.0,3.0,0,0.73500375820871,24
0,1,1,41.0,51.0,2.0,0,3.19387793148332,31
1,3,5,58.0,45.0,3.0,0,2.0587469202223554,106
1,1,4,19.0,67.0,3.0,0,0.5956261332794407,49
1,2,5,7.0,28.0,4.0,0,0.5171521030313363,21
1,1,2,19.0,13.0,4.0,0,1.3775424341359979,35
1,1,1,24.0,7.0,1.0,1,0.6949655572634905,72
1,1,2,51.0,57.0,4.0,0,0.7612685002049185,102
0,3,5,13.0,53.0,3.0,0,0.3350940982407621,13
1,3,1,41.0,13.0,4.0,0,4.028838122553095,144
1,1,2,4.0,50.0,3.0,0,1.653437911994144,157
1,3,5,70.0,69.0,4.0,0,0.0,60
0,2,2,49.0,50.0,2.0,0,3.906631517398057,15
1,3,5,49.0,34.0,3.0,0,3.217282901479136,93
1,2,2,59.0,43.0,3.0,0,2.8187456322973383,18
0,3,4,11.0,31.0,4.0,0,0.42331462996376423,5
0,1,1,21.0,41.0,3.0,0,4.160059229877923,27
0,1,4,75.0,64.0,2.0,0,2.0063200388861526,55
1,1,5,91.0,66.0,5.0,0,1.3057375402780922,70
1,3,4,61.0,36.0,3.0,0,2.836316067864278,80
0,2,1,41.0,54.0,2.0,0,1.810718556002752,39
0,3,1,5.0,18.0,4.0,0,0.8232242899317121,14
1,3,1,19.0,93.0,5.0,0,1.9772981275457662,128
1,2,1,15.0,51.0,1.0,1,0.3641160095811484,71
1,3,4,10.0,60.0,2.0,0,2.6114750805561844,131
1,2,2,48.0,64.0,5.0,0,1.6478209706495741,131
0,2,1,49.0,32.0,2.0,0,2.858783833242558,31
1,3,1,96.0,66.0,5.0,0,1.6590548533387142,96
0,3,3,58.0,55.0,3.0,1,0.5653344338091189,90
1,3,4,99.0,77.0,5.0,0,1.8890775958227641,141
1,3,2,69.0,46.0,3.0,0,2.141568103685094,87
0,3,4,18.0,13.0,2.0,0,2.869147343594471,60
1,1,5,79.0,27.0,5.0,0,1.2535282520261963,134
1,1,5,85.0,52.0,4.0,0,1.8586832936962279,92
1,1,5,49.0,13.0,3.0,1,0.6949655572634905,71
1,3,2,40.0,4.0,3.0,1,0.9294504433902673,65
1,1,4,91.0,64.0,5.0,0,2.288987255790712,146
1,1,4,22.0,52.0,1.0,1,0.5185244938174862,101
0,3,2,40.0,40.0,2.0,0,2.1458126542435143,19
1,2,2,48.0,30.0,2.0,0,3.381117691449851,2
1,2,2,44.0,18.0,1.0,0,1.1529190399122111,70
0,2,3,15.0,21.0,2.0,1,0.5293231903380127,111
1,3,3,91.0,55.0,4.0,0,1.0052822947222864,62
1,1,4,7.0,91.0,3.0,0,0.3999096599679479,103
1,2,1,13.0,21.0,2.0,0,0.6411662851411379,21
0,2,2,49.0,47.0,5.0,0,2.676508235367677,117
0,1,2,43.0,47.0,2.0,0,2.363664309420888,14
1,3,3,42.0,20.0,1.0,0,0.8826405033986346,130
0,3,5,7.0,32.0,2.0,0,0.44671959995958055,25
0,3,4,18.0,53.0,3.0,1,1.4947848771993861,99
1,3,3,43.0,76.0,3.0,0,0.9474560651258205,191
1,1,1,78.0,82.0,2.0,1,1.059081566844639,173
1,2,4,99.0,58.0,2.0,0,1.9759257367596164,114
0,3,5,4.0,43.0,5.0,0,0.7059818468683237,16
1,3,4,70.0,36.0,4.0,0,2.282215516744299,101
0,2,2,25.0,63.0,1.0,0,3.947389329876506,87
1,1,5,34.0,79.0,3.0,0,1.1360682158785012,119
1,3,3,38.0,31.0,1.0,0,2.3278706590340885,97
1,1,2,44.0,54.0,3.0,0,0.5473288120735658,77
0,2,5,68.0,85.0,5.0,0,4.18071941830144,120
0,3,5,3.0,17.0,2.0,0,0.6467832264857079,12
0,3,5,8.0,17.0,4.0,0,0.35849906823657846,11
1,2,3,51.0,51.0,4.0,0,2.0821518902181717,100
1,3,2,32.0,45.0,3.0,1,0.3060721869003758,68
1,1,4,74.0,8.0,1.0,0,2.329025456735932,173
0,1,2,57.0,34.0,2.0,0,2.7249081592297664,18
0,3,4,43.0,77.0,1.0,1,0.98749426607104,84
1,2,2,46.0,37.0,2.0,0,3.0710185470753615,29
1,3,4,89.0,76.0,2.0,0,0.7640256695490963,136
0,3,5,74.0,20.0,5.0,0,0.4854880127748646,95
1,1,2,76.0,52.0,3.0,0,3.7875814973799047,102
1,3,5,95.0,43.0,5.0,0,1.9759257367596164,119
1,2,4,94.0,38.0,4.0,0,2.1827611023321567,128
1,1,5,16.0,53.0,3.0,0,4.340527250798041,161
0,2,5,44.0,68.0,4.0,0,1.3057375402780922,158
1,2,5,70.0,33.0,4.0,0,1.71126414159061,142
0,3,4,52.0,35.0,3.0,0,3.1007600699489775,74
0,2,1,35.0,36.0,2.0,0,2.1343611784700673,22
0,2,2,56.0,37.0,3.0,0,3.051422941469352,37
1,1,4,56.0,31.0,5.0,0,1.6836146210363736,59
1,3,2,53.0,32.0,1.0,1,1.4479749372077535,156
0,3,5,5.0,45.0,1.0,0,0.5405570730271527,18
1,3,5,48.0,60.0,3.0,0,0.5709513751536889,142
1,2,4,74.0,43.0,4.0,0,0.7684676312186028,19
0,2,5,85.0,66.0,1.0,0,2.412064233282977,54
0,3,3,62.0,23.0,2.0,1,1.2575552095003095,109
1,2,5,51.0,78.0,2.0,0,0.5653344338091189,145
1,2,2,44.0,50.0,3.0,0,3.9545962550915323,18
1,1,5,8.0,58.0,2.0,0,1.3471481320094616,118
0,1,1,27.0,47.0,2.0,0,4.377910885055297,27
1,3,1,43.0,11.0,1.0,0,2.439496160752907,77
0,3,5,7.0,34.0,5.0,0,0.7059818468683237,15
0,2,1,31.0,41.0,3.0,0,2.581298371513955,22
0,3,5,47.0,64.0,3.0,0,1.663881747575502,80
0,3,5,8.0,31.0,4.0,0,0.5295407834223195,21
0,3,1,25.0,45.0,2.0,0,2.633942845934464,23
0,2,3,15.0,76.0,5.0,0,3.670556647400823,58
0,3,5,9.0,46.0,5.0,0,0.6467832264857079,16
1,2,5,57.0,64.0,5.0,0,2.0891412223488914,139
1,2,2,46.0,42.0,3.0,0,2.527716692475909,45
0,2,2,23.0,28.0,1.0,1,0.6701881964815242,96
0,1,1,92.0,2.0,2.0,0,2.3931882392101973,124
1,2,1,37.0,35.0,3.0,0,4.1048875669694205,15
1,1,4,52.0,54.0,5.0,0,2.1773617540718933,76
0,2,3,63.0,54.0,5.0,0,2.1703724219411735,156
1,3,5,57.0,24.0,2.0,0,1.7058647933303468,163
1,1,4,89.0,86.0,5.0,0,0.9652440937770668,98
1,2,2,35.0,36.0,3.0,0,3.658385560094147,36
1,3,4,18.0,27.0,4.0,0,2.7465055522708193,107
1,3,5,48.0,28.0,2.0,0,0.8990561412637311,28
1,3,4,30.0,26.0,4.0,0,1.606192785833898,116
1,3,5,71.0,78.0,5.0,0,2.0655186592687684,112
1,1,4,14.0,95.0,4.0,0,0.8950291837896178,24
1,1,4,68.0,11.0,1.0,1,0.6701881964815242,109
1,3,5,80.0,53.0,5.0,0,1.8877052050366143,108
0,1,1,54.0,48.0,2.0,0,3.3415146766732446,40
0,3,3,67.0,26.0,5.0,0,1.6064103789182047,154
1,2,4,58.0,28.0,4.0,0,1.611809727178468,87
1,2,2,60.0,28.0,4.0,0,1.0517373737747502,82
0,2,1,48.0,30.0,2.0,0,3.4223106900969134,20
1,2,3,87.0,63.0,4.0,0,1.9950861561970128,177
0,3,5,4.0,36.0,5.0,0,0.5171521030313363,5
1,3,2,95.0,41.0,5.0,0,3.1227926491586437,115
1,3,5,2.0,43.0,2.0,0,0.8232242899317121,12
1,2,4,38.0,6.0,1.0,1,0.17644106344600424,100
1,3,5,12.0,24.0,5.0,0,0.7115987882128937,14
1,1,1,56.0,46.0,5.0,0,1.7058647933303468,24
1,3,5,97.0,27.0,5.0,0,1.864300235040798,149
1,2,5,26.0,8.0,2.0,1,0.5653344338091189,92
1,3,5,5.0,33.0,5.0,0,0.73500375820871,9
1,1,5,50.0,37.0,4.0,0,1.5001842254596496,128
1,2,5,73.0,65.0,3.0,0,2.2711992271394656,102
0,2,5,10.0,54.0,4.0,0,0.6287776047501548,7
1,3,5,86.0,38.0,4.0,0,2.0049476481000026,138
1,2,5,43.0,54.0,1.0,0,1.8890775958227641,126
1,3,5,75.0,41.0,1.0,0,1.8476670040913947,139
1,3,4,68.0,27.0,3.0,0,2.093168179823005,84
1,1,5,84.0,51.0,5.0,0,1.3939580720010942,79
0,3,4,86.0,53.0,2.0,0,1.5485841493217387,154
1,3,2,50.0,22.0,1.0,1,0.7169981364731569,100
0,2,5,85.0,95.0,4.0,0,1.3415311906648917,119
0,3,4,13.0,23.0,5.0,0,0.27027853651357636,5
0,1,2,38.0,52.0,2.0,0,2.356674977290168,31
1,2,2,18.0,3.0,1.0,0,0.35288212689200843,153
0,1,1,38.0,31.0,1.0,0,3.166010817844777,24
1,3,1,7.0,35.0,2.0,0,0.6701881964815242,21
1,3,3,70.0,33.0,1.0,0,0.5809377471396632,142
1,1,2,55.0,47.0,3.0,0,3.2512689749111723,27
0,2,5,89.0,29.0,3.0,0,2.1399781198146375,127
0,3,5,23.0,85.0,1.0,1,0.38889337036311467,107
0,3,4,7.0,17.0,5.0,0,0.3999096599679479,4
1,2,5,65.0,66.0,3.0,0,2.19514978272314,126
0,2,1,35.0,44.0,2.0,0,3.0516405345536586,30
0,2,4,73.0,26.0,5.0,0,2.2686720386514727,99
1,3,2,18.0,99.0,1.0,0,1.2715338737617494,83
0,3,1,10.0,11.0,4.0,0,0.48813019169095,24
0,2,4,7.0,86.0,1.0,0,2.4528220457614265,114
0,3,1,3.0,28.0,2.0,0,0.3350940982407621,11
0,1,3,39.0,15.0,5.0,0,1.3403763929630483,37
1,1,5,84.0,43.0,2.0,0,1.4409856050770338,102
1,3,5,2.0,50.0,2.0,0,0.73500375820871,17
0,2,2,26.0,30.0,2.0,0,3.0584122736000716,9
1,2,5,2.0,55.0,3.0,0,0.5295407834223195,17
1,3,5,25.0,46.0,5.0,0,1.0466928864536558,92
1,1,5,63.0,61.0,1.0,0,2.932808107619813,80
0,3,1,11.0,56.0,3.0,0,0.6177613151453216,10
1,2,3,63.0,95.0,5.0,0,1.294721250673259,165
0,1,2,76.0,31.0,5.0,0,3.299233712604648,56
1,3,1,7.0,18.0,1.0,0,2.958740266103623,82
1,1,2,83.0,82.0,4.0,0,1.635432290258591,158
0,2,1,27.0,47.0,3.0,0,2.811756300166618,15
0,1,4,12.0,26.0,1.0,0,3.463503688743976,78
1,3,3,68.0,26.0,3.0,0,1.311354481622662,97
1,3,3,58.0,5.0,2.0,0,0.17284149793916206,73
0,1,2,60.0,55.0,4.0,0,2.975155903968719,98
1,3,4,52.0,54.0,5.0,0,2.748095536141276,169
0,3,3,39.0,51.0,3.0,1,1.4367410545186137,71
1,3,3,87.0,88.0,3.0,0,1.5112005150644827,132
1,3,2,55.0,50.0,3.0,0,3.035224896688562,24
0,3,5,2.0,24.0,5.0,0,0.6411662851411379,12
1,3,2,31.0,23.0,1.0,1,0.5653344338091189,85
1,1,5,17.0,59.0,2.0,1,0.6233782564898915,59
0,3,1,76.0,46.0,1.0,1,1.8228896433094284,168
1,3,3,1.0,34.0,1.0,0,0.6049452427870673,61
1,3,4,72.0,41.0,5.0,0,1.5058011668042195,88
1,3,1,84.0,33.0,4.0,0,1.3237431620136453,113
1,3,5,30.0,60.0,4.0,0,0.6411662851411379,141
1,3,4,71.0,56.0,3.0,0,1.9471214185035368,116
0,2,4,33.0,84.0,1.0,0,2.2003315378990966,159
0,1,2,27.0,36.0,2.0,0,3.43650694744266,4
1,2,3,59.0,2.0,1.0,1,0.6701881964815242,99
0,1,1,43.0,65.0,1.0,1,1.5060187598885262,156
0,2,4,60.0,96.0,5.0,0,2.1523668002056207,95
1,2,4,12.0,37.0,5.0,0,0.6467832264857079,18
1,3,4,12.0,23.0,5.0,0,0.6287776047501548,19
1,2,3,24.0,68.0,3.0,0,2.9618300189601996,73
0,1,1,42.0,51.0,2.0,0,3.4403163118324662,25
0,2,3,43.0,38.0,5.0,0,1.2355226302906432,146
1,3,5,79.0,25.0,4.0,0,1.70564720024604,139
1,1,4,46.0,3.0,1.0,1,0.17644106344600424,95
1,3,3,92.0,26.0,5.0,0,1.7362590954568828,120
0,2,1,59.0,51.0,2.0,0,3.5247274791656618,36
0,3,5,88.0,13.0,2.0,0,2.2309434331099394,150
1,1,5,77.0,87.0,5.0,0,1.1058915068362716,120
1,3,4,76.0,32.0,4.0,0,2.0063200388861526,125
1,3,5,10.0,44.0,3.0,0,0.5763507234139521,10
0,3,1,3.0,28.0,4.0,0,0.5295407834223195,9
1,2,2,62.0,6.0,2.0,0,3.1040674158898613,24
1,3,5,64.0,80.0,5.0,0,1.799484673313612,189
1,1,2,84.0,79.0,1.0,0,2.4820615501861196,115
1,2,5,81.0,59.0,5.0,0,1.9705263884993531,77
0,2,2,24.0,37.0,2.0,0,4.195852880264722,16
0,3,2,56.0,40.0,3.0,0,2.95262130631013,23
1,3,1,53.0,73.0,5.0,0,1.4119636937366473,100
1,3,2,57.0,43.0,3.0,0,1.9057108267721672,128
0,1,4,47.0,70.0,1.0,0,2.3947782230806536,126
0,2,2,30.0,73.0,2.0,1,1.0946576241471315,120
0,2,1,77.0,18.0,3.0,0,3.6480888820225434,147
1,3,4,69.0,66.0,4.0,0,1.794085325053349,122
1,2,5,10.0,9.0,3.0,0,0.8880398516588979,8
0,3,2,50.0,9.0,5.0,0,0.5956261332794407,62
1,3,2,79.0,29.0,5.0,0,2.4476402905854697,104
0,1,3,66.0,95.0,1.0,0,3.7295376746991327,13
1,2,5,25.0,6.0,1.0,1,0.0,89
1,3,1,68.0,53.0,3.0,0,1.9815426781041863,120
0,2,1,8.0,34.0,3.0,0,0.5819676647585221,21
0,2,5,6.0,22.0,5.0,0,0.8880398516588979,19
1,1,1,72.0,3.0,2.0,0,0.4321037448479052,135
0,1,2,48.0,65.0,2.0,1,2.3414141371269146,173
1,3,4,35.0,29.0,1.0,1,0.38889337036311467,63
0,2,2,40.0,35.0,4.0,0,2.4696728697951364,32
1,1,2,43.0,49.0,2.0,0,4.224874791605109,18
1,3,1,89.0,83.0,5.0,0,2.0130917779325657,78
1,3,5,6.0,38.0,4.0,0,0.8880398516588979,18
0,1,1,21.0,31.0,2.0,0,2.294604197135282,13
1,2,5,80.0,69.0,1.0,1,1.210745269508677,163
0,1,2,51.0,50.0,4.0,0,2.768973317649099,22
0,3,3,51.0,42.0,4.0,0,3.962650170039759,97
1,1,2,20.0,44.0,1.0,0,0.2427440063874323,47
0,3,1,36.0,34.0,2.0,0,3.8184109856750545,25
0,2,2,32.0,47.0,2.0,0,1.4342138660306207,9
1,1,5,86.0,1.0,3.0,0,2.042113689272952,163
0,2,1,56.0,85.0,5.0,0,2.3828247288582842,115
0,2,3,74.0,3.0,3.0,0,1.906625753962934,105
1,2,2,71.0,85.0,2.0,0,2.5511216624717252,38
1,1,5,61.0,30.0,3.0,0,0.9362221824366805,11
1,1,1,62.0,83.0,5.0,0,0.6645712551369543,135
1,2,4,13.0,78.0,5.0,0,1.388558723740831,94
1,3,4,26.0,5.0,1.0,1,0.7169981364731569,88
1,1,2,0.0,26.0,1.0,1,0.38889337036311467,65
1,3,4,91.0,46.0,4.0,0,2.0711356006133386,67
1,3,4,4.0,21.0,5.0,0,0.3350940982407621,18
0,2,1,45.0,46.0,4.0,0,3.2254270313116993,43
0,3,2,46.0,53.0,1.0,0,3.4241182670516763,42
0,2,5,10.0,14.0,5.0,0,0.5295407834223195,18
1,1,5,25.0,69.0,5.0,0,1.1527014468279042,39
1,1,4,75.0,16.0,1.0,0,0.7537792450788251,87
0,2,3,42.0,73.0,5.0,0,0.6121443738007516,29
1,3,5,63.0,40.0,5.0,0,1.894694537167334,89
1,2,2,78.0,79.0,3.0,0,1.6656089993008205,72
0,2,4,47.0,19.0,5.0,0,2.051757588091635,118
0,2,5,6.0,40.0,3.0,0,0.5295407834223195,20
1,2,1,74.0,32.0,5.0,0,1.6754704912038108,126
0,1,2,28.0,98.0,2.0,0,2.4158735976727836,170
1,2,4,42.0,50.0,4.0,0,0.9578273696790758,61
1,1,4,57.0,81.0,5.0,0,1.635432290258591,110
1,2,5,11.0,58.0,5.0,0,1.3719254927914277,89
1,2,5,55.0,45.0,1.0,1,1.0010377441638663,166
1,3,2,64.0,53.0,5.0,0,2.4710452605812865,96
0,2,1,40.0,51.0,2.0,0,4.011267686986155,14
1,2,4,52.0,25.0,5.0,0,1.8420500627468246,114
0,1,1,42.0,71.0,5.0,0,3.6565779831393836,87
1,2,3,11.0,47.0,5.0,0,3.9158402300481265,105
0,3,5,43.0,34.0,5.0,0,1.46439057507285,151
0,3,5,11.0,46.0,5.0,0,0.5295407834223195,19
0,3,1,2.0,26.0,5.0,0,0.27027853651357636,13
0,1,5,58.0,78.0,1.0,1,0.9046730826083011,176
1,3,2,50.0,32.0,3.0,0,0.9578273696790758,50
0,3,3,26.0,27.0,3.0,0,1.3527650733540315,10
0,3,2,43.0,34.0,2.0,0,2.2171823619328066,24
0,3,4,78.0,43.0,3.0,0,1.8589008867805348,134
0,3,1,4.0,42.0,4.0,0,0.5529457534181358,19
1,2,2,52.0,68.0,2.0,0,2.3247809061775113,153
0,2,2,51.0,38.0,2.0,0,3.2406878714749525,15
1,1,2,8.0,20.0,3.0,1,0.38889337036311467,72
1,3,1,7.0,32.0,5.0,0,0.3294771568961921,104
0,3,2,86.0,13.0,3.0,0,2.6112574874718777,56
1,2,5,45.0,52.0,1.0,0,2.4186183792450837,166
1,2,5,7.0,37.0,3.0,0,0.44671959995958055,8
1,3,2,63.0,36.0,4.0,0,0.2904688735698316,95
0,3,4,1.0,10.0,4.0,0,0.6053726347543384,21
0,3,1,2.0,25.0,5.0,0,0.6701881964815242,12
0,2,1,29.0,92.0,3.0,0,1.3235255689293384,92
1,1,1,11.0,33.0,4.0,0,1.2008837776056869,72
0,3,1,25.0,52.0,2.0,0,3.2636576553021555,35
1,2,5,74.0,41.0,5.0,0,1.5168174564090526,126
0,1,1,98.0,61.0,5.0,0,3.5091588310337656,46
1,1,3,32.0,19.0,1.0,1,0.3641160095811484,83
0,3,4,72.0,3.0,5.0,0,1.346930538925155,147
1,1,1,66.0,25.0,4.0,0,0.8954141163568989,54
0,2,3,66.0,15.0,2.0,0,1.8931045532968775,183
1,3,5,48.0,77.0,3.0,0,1.1169077964411047,85
1,3,1,54.0,35.0,1.0,0,0.5257236248311705,64
0,1,1,44.0,49.0,2.0,0,4.209523736557519,49
1,3,2,50.0,63.0,2.0,0,2.135951162340524,111
1,1,3,80.0,68.0,5.0,0,1.2557854983750005,31
1,3,3,64.0,79.0,5.0,0,1.629815348914021,69
1,1,4,89.0,15.0,4.0,0,1.0589365047884345,132
1,3,5,3.0,32.0,3.0,0,0.4523365413041506,11
0,3,4,80.0,44.0,5.0,0,1.7470577919774095,136
1,2,4,66.0,20.0,5.0,0,1.2823325702822759,127
1,1,1,83.0,92.0,2.0,0,3.786209106593755,143
1,1,2,11.0,14.0,3.0,1,0.12963112345437156,82
1,3,2,49.0,38.0,2.0,0,3.564330493942268,12
1,2,1,28.0,51.0,2.0,0,3.9188026047047333,18
0,3,1,2.0,52.0,1.0,0,0.5295407834223195,16
0,3,5,10.0,56.0,1.0,0,0.8232242899317121,7
1,3,4,56.0,6.0,4.0,0,2.965512005150036,104
1,1,2,26.0,52.0,2.0,0,3.3539033570642274,22
0,1,1,42.0,34.0,1.0,0,2.624298947115781,13
1,3,2,24.0,14.0,3.0,1,0.6233782564898915,67
0,3,3,54.0,18.0,5.0,0,2.922227004183594,152
0,2,3,67.0,25.0,1.0,0,1.7100668844887768,114
1,3,5,42.0,71.0,5.0,1,0.5185244938174862,117
1,3,5,67.0,46.0,5.0,0,3.023991013999422,166
1,3,5,68.0,27.0,1.0,0,2.300003545395545,138
1,2,5,11.0,2.0,2.0,0,3.1522497466676436,158
1,3,4,6.0,23.0,3.0,0,0.6053726347543384,6
1,1,3,59.0,34.0,3.0,0,0.9708610351216368,134
0,3,4,69.0,75.0,3.0,0,1.3361318424046285,191
0,3,5,9.0,42.0,2.0,0,0.7584087282045263,21
1,2,1,25.0,53.0,2.0,0,3.8357638281576873,113
0,3,1,13.0,27.0,5.0,0,0.4523365413041506,14
1,1,2,4.0,29.0,4.0,0,1.0277298781273458,110
1,3,1,49.0,42.0,4.0,0,2.1471850450296643,26
0,2,5,60.0,1.0,2.0,0,1.8820882636920442,148
1,2,1,26.0,49.0,1.0,0,3.0473959839952385,33
1,2,4,41.0,90.0,5.0,0,1.95951009889452,146
1,2,1,34.0,65.0,4.0,0,0.5257236248311705,102
1,3,5,64.0,77.0,2.0,1,1.8228896433094284,152
0,1,3,44.0,61.0,2.0,0,3.411076807407773,83
0,2,2,32.0,49.0,2.0,0,2.8705197343806206,130
1,2,4,97.0,72.0,3.0,0,1.5238067885397726,70
0,3,4,35.0,65.0,1.0,1,1.047847684155499,90
1,3,1,70.0,45.0,3.0,0,1.3471481320094616,90
1,2,5,62.0,75.0,2.0,0,0.8410123185829584,128
1,1,5,47.0,50.0,3.0,0,0.5405570730271527,125
1,1,5,78.0,82.0,1.0,0,0.6053726347543384,143
1,3,3,55.0,73.0,5.0,0,1.629815348914021,87
1,3,5,88.0,29.0,5.0,0,1.6244160006537578,102
1,3,1,53.0,79.0,3.0,0,2.359419758862468,107
1,1,3,25.0,14.0,1.0,1,0.3641160095811484,85
0,3,2,45.0,23.0,5.0,0,1.864300235040798,187
1,1,4,75.0,25.0,4.0,0,2.5702820819091214,151
1,3,5,71.0,79.0,4.0,0,1.7760797033177957,81
1,1,2,40.0,6.0,3.0,0,1.1529190399122111,103
0,2,1,9.0,47.0,3.0,0,0.7059818468683237,12
1,3,1,5.0,7.0,1.0,0,0.35849906823657846,130
1,2,2,27.0,33.0,2.0,0,4.559968889845871,34
1,3,1,40.0,5.0,1.0,1,0.0,80
1,1,3,74.0,37.0,3.0,0,1.200571376066508,122
0,2,1,38.0,49.0,4.0,0,3.5575587548958545,32
0,3,5,78.0,35.0,4.0,0,1.184053135545197,160
0,3,3,73.0,52.0,3.0,1,1.693258519855057,115
1,3,5,86.0,66.0,5.0,0,1.5762336698759754,163
1,3,5,42.0,97.0,5.0,0,0.4771139020861168,176
0,2,1,69.0,56.0,5.0,0,2.505466520181936,163
0,3,5,12.0,38.0,3.0,0,0.5171521030313363,7
1,3,4,84.0,69.0,1.0,0,2.035341950226539,136
0,3,1,53.0,32.0,3.0,0,3.6457792866188568,14
1,3,5,34.0,95.0,5.0,0,0.7363761489948599,68
1,3,1,89.0,56.0,3.0,0,2.0007030975415825,70
0,2,1,62.0,28.0,5.0,0,0.2427440063874323,116
1,2,1,78.0,82.0,4.0,0,2.5716544726952715,115
0,3,5,10.0,52.0,2.0,0,0.6411662851411379,16
1,3,2,3.0,42.0,5.0,0,0.8412299116672652,100
0,1,5,78.0,53.0,2.0,0,3.4707106139590027,83
0,2,1,43.0,39.0,3.0,0,2.3758353967275645,134
1,2,5,66.0,19.0,2.0,1,0.17644106344600424,87
1,3,5,94.0,39.0,3.0,0,2.3180091671310983,92
0,3,4,9.0,25.0,4.0,0,0.7115987882128937,3
1,2,4,80.0,64.0,5.0,0,1.4353686637324636,84
0,2,5,59.0,61.0,1.0,0,1.3637813629588647,125
1,1,4,75.0,43.0,2.0,0,1.1830957489544405,132
1,3,2,75.0,21.0,5.0,0,1.6532203189098373,75
1,3,4,67.0,40.0,3.0,0,2.2588105467484825,66
1,3,5,23.0,90.0,2.0,0,3.2982965079871116,17
1,1,1,42.0,1.0,1.0,0,0.47799875764877126,157
0,3,4,22.0,43.0,5.0,0,3.0401890587802116,93
1,1,5,31.0,87.0,4.0,0,1.523589195455466,85
0,1,2,27.0,53.0,3.0,0,3.9408351839143996,23
0,3,5,11.0,36.0,1.0,0,0.5819676647585221,8
0,2,5,66.0,11.0,1.0,0,0.9238335020456974,127
1,1,1,43.0,35.0,3.0,0,2.775745056695512,26
1,1,4,37.0,4.0,4.0,0,1.0517373737747502,29
0,2,1,58.0,85.0,1.0,0,2.1759893632857437,98
0,3,1,13.0,38.0,5.0,0,0.73500375820871,13
0,1,1,33.0,32.0,2.0,0,3.0815996505115812,45
0,3,4,5.0,23.0,2.0,0,0.7059818468683237,11
0,3,1,1.0,22.0,5.0,0,0.5529457534181358,17
0,2,4,77.0,57.0,4.0,0,2.3713732530848373,146
0,3,3,60.0,75.0,5.0,0,3.1122115457224244,172
1,3,3,76.0,23.0,3.0,0,2.1289618302098043,144
0,3,2,61.0,32.0,5.0,0,0.470509502522678,17
1,3,2,62.0,64.0,1.0,0,1.5361954689307558,118
1,1,1,30.0,34.0,3.0,0,2.8463951528515747,39
0,2,2,27.0,54.0,3.0,0,1.9403496794571238,4
1,3,5,39.0,12.0,1.0,1,0.48251325034638004,107
1,1,2,27.0,4.0,2.0,1,0.5405570730271527,90
1,1,2,30.0,22.0,2.0,1,0.5653344338091189,69
1,1,3,37.0,4.0,1.0,1,0.3060721869003758,78
1,3,5,61.0,53.0,5.0,0,1.5886223502669583,16
1,3,5,4.0,33.0,1.0,0,0.5171521030313363,10
0,3,4,3.0,2.0,2.0,0,2.1582013346344975,113
0,2,1,46.0,36.0,2.0,0,3.6223743166230404,22
0,2,5,54.0,93.0,5.0,0,1.7124189392924531,127
1,2,5,72.0,48.0,4.0,0,1.3831593754805678,88
1,1,4,78.0,47.0,1.0,0,1.8422676558311315,90
0,3,5,57.0,83.0,2.0,1,0.7885854372467558,82
1,3,3,7.0,36.0,5.0,0,1.9649094471547832,85
1,2,1,76.0,37.0,4.0,0,1.4945672841150794,174
1,3,1,81.0,27.0,3.0,0,1.6766252889056537,95
0,2,5,7.0,54.0,4.0,0,0.6411662851411379,22
1,2,2,14.0,46.0,1.0,0,3.9214571713926967,72
1,3,5,55.0,12.0,1.0,1,0.3528821268920085,89
1,3,5,72.0,26.0,4.0,0,2.193994985021297,132
1,3,2,8.0,53.0,5.0,0,0.9506282386653915,140
0,3,5,7.0,56.0,3.0,0,0.3999096599679479,7
1,3,5,91.0,31.0,4.0,0,0.8646348816630816,105
1,1,5,51.0,31.0,1.0,0,0.27027853651357636,158
1,1,4,10.0,59.0,1.0,0,1.141685157223071,154
0,3,5,59.0,35.0,5.0,0,2.2543484031057557,120
0,3,5,71.0,73.0,5.0,0,2.4186183792450837,167
1,1,2,21.0,35.0,2.0,0,3.2348533370460757,23
0,3,1,4.0,39.0,2.0,0,0.6177613151453216,8
0,1,2,54.0,40.0,2.0,0,3.5575587548958545,35
0,2,2,21.0,44.0,3.0,0,2.2588105467484825,25
0,2,4,3.0,25.0,2.0,0,0.44671959995958055,15
1,3,1,72.0,20.0,5.0,0,1.9525207667638,122
1,1,2,29.0,30.0,1.0,0,3.312057579164245,26
0,3,1,58.0,50.0,4.0,0,4.129664927751387,18
0,3,1,53.0,94.0,1.0,1,1.1171253895254116,113
1,1,3,68.0,52.0,4.0,0,0.7777867407262294,146
1,1,1,84.0,63.0,2.0,1,0.2592622469087431,153
0,3,5,7.0,17.0,3.0,0,0.6467832264857079,6
0,1,1,89.0,88.0,3.0,0,1.140530359521228,76
1,1,5,85.0,49.0,5.0,0,2.276598575399729,113
1,1,2,21.0,13.0,1.0,1,0.3060721869003758,103
0,3,5,9.0,40.0,2.0,0,0.42331462996376423,14
0,2,1,23.0,42.0,2.0,0,2.0877688315627414,12
1,2,1,78.0,47.0,1.0,0,2.0655186592687684,110
1,3,4,96.0,72.0,5.0,0,1.3307324941443652,106
0,1,5,84.0,82.0,3.0,0,3.481726903563836,124
1,3,2,56.0,57.0,3.0,0,1.523589195455466,149
0,1,2,39.0,41.0,3.0,0,4.018039426032568,18
1,3,5,36.0,1.0,4.0,0,0.47799875764877126,56
0,3,5,6.0,46.0,3.0,0,0.27027853651357636,6
0,2,2,8.0,24.0,3.0,0,1.5703991354470985,135
1,3,2,65.0,7.0,1.0,0,1.46439057507285,141
0,1,2,99.0,50.0,1.0,0,2.752122493615389,68
0,3,1,13.0,40.0,1.0,0,0.4523365413041506,8
1,2,5,41.0,24.0,5.0,0,2.5288714901777523,138
1,1,2,71.0,63.0,2.0,1,1.2355226302906432,115
1,3,5,10.0,50.0,4.0,0,0.3350940982407621,3
0,3,1,4.0,18.0,2.0,0,0.7584087282045263,12
1,2,4,25.0,29.0,1.0,0,3.204241441835233,97
1,2,1,60.0,45.0,2.0,0,0.5419294638133025,86
1,3,5,6.0,49.0,2.0,0,0.5819676647585221,17
0,2,1,4.0,16.0,5.0,0,2.1332063807682244,90
0,3,5,70.0,6.0,1.0,0,2.0477306306175223,171
0,3,4,5.0,27.0,3.0,0,0.3999096599679479,2
0,1,1,21.0,34.0,1.0,0,2.2338155928822094,6
1,2,1,77.0,38.0,2.0,0,2.501221969623516,143
1,1,4,75.0,59.0,3.0,0,2.3236261084756684,86
0,2,5,50.0,23.0,2.0,0,1.9428768679451167,135
0,1,2,58.0,52.0,2.0,0,4.030428106423551,29
1,3,5,83.0,33.0,1.0,0,1.1763240099080274,70
0,3,4,5.0,24.0,3.0,0,0.5763507234139521,5
0,2,3,78.0,22.0,3.0,1,1.1058915068362716,90
0,1,3,44.0,17.0,5.0,0,2.606075732295921,108
0,2,1,34.0,40.0,1.0,0,4.000033804297015,35
1,3,3,19.0,23.0,5.0,0,0.8401999940484063,90
0,1,1,47.0,40.0,1.0,0,3.5467600583753285,41
0,3,4,18.0,99.0,3.0,1,0.7777867407262293,115
0,1,2,28.0,48.0,2.0,0,1.7292697633261631,37
1,2,1,36.0,47.0,4.0,0,1.1693647494054196,104
1,3,2,42.0,69.0,4.0,0,0.2427440063874323,124
1,1,1,29.0,74.0,2.0,0,3.2208746727846362,158
0,2,5,13.0,33.0,1.0,0,0.7059818468683237,18
0,1,2,98.0,3.0,3.0,0,3.2126031647521027,44
1,3,2,77.0,70.0,2.0,1,1.4367410545186137,183
0,3,1,9.0,43.0,4.0,0,0.4523365413041506,8
0,3,5,13.0,35.0,2.0,0,0.5295407834223195,19
1,2,3,29.0,3.0,1.0,1,0.48251325034638004,97
1,2,5,78.0,63.0,2.0,0,1.9772981275457662,143
0,1,1,49.0,36.0,2.0,0,3.562958103156118,25
1,3,2,48.0,48.0,1.0,0,2.1829786954164634,43
1,3,5,87.0,72.0,4.0,0,1.6878591715947937,79
0,3,5,40.0,33.0,3.0,1,0.8353953772383885,109
0,1,1,22.0,50.0,1.0,0,3.6817905300899634,27
0,2,2,47.0,50.0,2.0,0,2.840560618422698,26
1,1,5,47.0,98.0,3.0,0,0.830213622062432,90
1,2,4,55.0,43.0,5.0,0,2.1703724219411735,106
0,3,4,81.0,4.0,4.0,0,0.41558550432659436,114
0,3,5,5.0,48.0,3.0,0,0.5819676647585221,9
1,3,1,7.0,60.0,3.0,0,1.6836146210363736,101
1,3,2,65.0,88.0,2.0,0,1.698875461199627,166
0,3,1,48.0,49.0,2.0,0,2.163383089810454,12
1,2,1,70.0,27.0,3.0,0,1.864300235040798,101
1,1,5,31.0,10.0,5.0,0,1.2355226302906432,131
0,3,2,56.0,96.0,2.0,1,1.1887126902990104,108
1,1,3,69.0,82.0,3.0,0,1.1002745654917017,148
1,3,1,44.0,5.0,4.0,0,0.20404812460025054,62
1,3,5,67.0,56.0,1.0,0,1.3057375402780922,90
0,3,1,51.0,98.0,1.0,0,1.1707070685634573,146
1,2,2,88.0,45.0,2.0,0,1.7526747333219794,108
0,3,5,7.0,35.0,4.0,0,0.5295407834223195,8
0,1,4,88.0,25.0,1.0,0,2.629698295376044,81
0,3,2,59.0,48.0,3.0,0,2.8103839093804686,27
1,2,2,54.0,42.0,3.0,0,1.9099553773305873,38
0,2,5,75.0,58.0,4.0,0,2.847549950553418,128
1,2,3,57.0,31.0,1.0,0,2.606075732295921,139
0,3,4,43.0,32.0,1.0,0,2.5354256361398586,97
1,1,5,78.0,69.0,1.0,1,1.9057108267721672,116
1,1,1,98.0,22.0,4.0,0,2.029725008881969,99
1,1,2,64.0,60.0,4.0,0,1.559600438926572,73
0,2,1,24.0,52.0,2.0,0,4.012640077772305,22
1,2,4,31.0,18.0,2.0,1,0.49374713303552,79
1,1,2,4.0,73.0,1.0,0,3.7337822252575523,104
0,1,2,23.0,33.0,2.0,0,3.4943331770391257,7
1,3,4,93.0,39.0,5.0,0,1.882305856776351,112
0,3,4,58.0,92.0,4.0,0,2.0833066879200146,119
0,2,1,54.0,44.0,2.0,0,1.6050379881320547,7
1,3,4,76.0,45.0,5.0,0,2.0891412223488914,144
1,3,5,85.0,91.0,1.0,0,1.6241984075694509,166
1,3,5,2.0,38.0,2.0,0,0.35849906823657846,15
0,2,1,60.0,16.0,5.0,0,0.7612685002049185,130
0,2,2,32.0,51.0,4.0,0,3.5467600583753285,16
1,3,1,46.0,43.0,2.0,0,3.771601045683422,38
0,2,1,43.0,33.0,3.0,0,2.187005652890577,37
1,2,5,53.0,98.0,5.0,0,1.5114181081487894,99
1,3,5,73.0,16.0,4.0,0,1.0130414919875683,63
0,2,5,70.0,92.0,5.0,0,2.0835242810043213,154
1,3,3,83.0,31.0,1.0,1,0.7998193199358958,150
1,3,1,3.0,56.0,5.0,0,0.5405570730271527,21
1,1,5,18.0,62.0,2.0,0,3.8868183187077405,138
1,3,1,58.0,79.0,4.0,0,1.7636910229268126,78
1,2,5,43.0,16.0,1.0,1,0.7169981364731569,86
0,2,5,20.0,16.0,4.0,0,1.3347169922184883,44
1,3,4,2.0,1.0,5.0,0,0.9266207430179874,99
0,3,1,34.0,54.0,3.0,0,2.1221900911633913,25
0,3,2,44.0,47.0,1.0,1,0.5185244938174862,118
1,2,5,64.0,19.0,1.0,0,1.9248712462095636,124
1,3,4,3.0,37.0,2.0,0,0.46472522169513364,7
1,2,4,75.0,74.0,4.0,0,1.7016202427719267,182
0,3,5,6.0,14.0,4.0,0,0.4523365413041506,6
1,1,2,93.0,6.0,5.0,0,0.7473924385996931,112
0,2,5,11.0,22.0,3.0,0,0.44671959995958055,10
1,1,3,49.0,47.0,3.0,0,0.8714066207094947,56
0,2,4,82.0,86.0,1.0,0,2.8047669680358984,65
1,2,5,11.0,10.0,1.0,0,0.7818136982003427,75
1,3,5,49.0,28.0,1.0,1,2.035341950226539,137
0,2,1,59.0,47.0,3.0,0,3.1162385031965374,33
1,1,5,36.0,4.0,2.0,1,0.3060721869003758,91
0,3,5,22.0,61.0,1.0,1,1.4367410545186137,85
1,3,1,20.0,10.0,2.0,0,0.2427440063874323,102
1,3,4,51.0,27.0,4.0,0,1.782851442364209,96
1,3,5,81.0,32.0,4.0,0,1.370553102005278,118
0,3,1,37.0,37.0,2.0,0,1.5762336698759754,28
1,2,1,35.0,40.0,2.0,0,2.3126098188708353,8
1,3,5,35.0,53.0,5.0,0,1.3059551333623989,81
1,2,4,92.0,6.0,5.0,0,2.6776630330695204,91
1,2,4,47.0,16.0,2.0,1,0.49374713303552,100
1,1,2,22.0,32.0,4.0,0,3.6001241443290675,20
1,3,4,96.0,45.0,3.0,0,2.040741298486802,104
1,3,5,25.0,63.0,3.0,0,0.900428532049881,59
1,1,1,28.0,37.0,4.0,0,2.6119102667247978,19
0,3,4,4.0,51.0,2.0,0,0.5295407834223195,17
1,2,3,8.0,12.0,2.0,0,1.2355226302906432,123
0,1,2,30.0,39.0,2.0,0,2.646331526325447,30
1,3,4,49.0,70.0,4.0,0,1.9981759090535895,125
0,2,5,60.0,21.0,5.0,1,1.6824598233345305,127
0,2,5,82.0,47.0,1.0,0,1.723652821981593,149
1,3,4,65.0,78.0,5.0,0,2.135951162340524,112
1,3,3,97.0,62.0,3.0,0,2.0643638615669255,130
0,2,2,46.0,97.0,5.0,0,2.4654283192367163,120
1,3,4,70.0,67.0,4.0,0,2.0063200388861526,95
0,1,2,51.0,53.0,4.0,0,3.5285368435554685,16
1,1,4,80.0,15.0,3.0,0,1.4713799072035698,187
0,1,2,23.0,49.0,1.0,0,2.188378043676727,22
0,1,5,41.0,95.0,5.0,0,2.094758163693461,160
0,3,5,8.0,32.0,5.0,0,0.48813019169095,14
0,3,1,52.0,94.0,2.0,1,0.7417754972551232,165
1,3,1,63.0,23.0,5.0,0,0.965316624805169,31
1,2,5,2.0,37.0,3.0,0,0.6287776047501548,5
0,2,1,44.0,38.0,3.0,0,3.1920703545285565,33
0,3,1,9.0,42.0,5.0,0,0.5763507234139521,3
0,2,5,12.0,37.0,4.0,0,0.6935931664773405,24
1,3,2,6.0,41.0,3.0,0,0.7226150778177269,154
0,3,3,80.0,55.0,2.0,0,2.117945540604971,176
0,2,1,31.0,39.0,2.0,0,2.075162558087452,19
0,2,1,38.0,44.0,2.0,0,2.2754437776978857,11
1,3,5,4.0,33.0,5.0,0,0.4523365413041506,8
1,2,3,96.0,60.0,2.0,0,0.8660072724492315,98
0,3,5,9.0,31.0,4.0,0,0.27027853651357636,4
1,2,2,34.0,38.0,2.0,0,3.17565471666346,31
1,2,5,4.0,52.0,4.0,0,0.4523365413041506,12
0,3,1,12.0,11.0,3.0,0,0.5529457534181358,11
0,2,5,58.0,54.0,5.0,0,2.1289618302098043,126
1,3,2,62.0,93.0,1.0,1,0.6949655572634905,175
0,3,2,15.0,78.0,3.0,0,2.9479415695830964,121
1,1,1,56.0,40.0,2.0,0,2.7465055522708193,43
1,2,2,13.0,19.0,1.0,1,0.7530093799442631,89
1,3,3,54.0,31.0,5.0,0,1.9124825658185807,122
1,1,5,39.0,51.0,3.0,1,0.7998193199358958,89
1,2,5,84.0,1.0,3.0,0,0.878895875835588,121
0,1,1,20.0,30.0,2.0,0,3.760367162994282,27
1,2,2,25.0,48.0,2.0,0,2.7591118257461087,18
1,1,3,41.0,8.0,5.0,0,1.388558723740831,46
1,2,5,10.0,11.0,4.0,0,0.73500375820871,14
1,3,4,65.0,20.0,4.0,0,1.8118733537045952,134
1,1,2,37.0,26.0,3.0,1,0.17644106344600424,69
1,3,2,66.0,22.0,4.0,0,2.2173999550171133,97
1,3,3,54.0,14.0,1.0,1,0.17644106344600424,106
0,3,4,12.0,19.0,3.0,0,0.46472522169513364,11
1,1,5,72.0,0.0,3.0,0,0.32167550023092,98
1,1,3,59.0,7.0,2.0,1,0.0,116
1,3,2,67.0,56.0,5.0,0,1.0130414919875683,82
1,1,5,41.0,27.0,1.0,1,1.059081566844639,76
0,3,4,67.0,82.0,5.0,0,2.371590846169144,141
1,3,2,49.0,56.0,3.0,1,0.6233782564898915,86
0,3,4,92.0,63.0,1.0,0,0.3603713820181018,81
1,3,3,80.0,64.0,3.0,0,2.305620486740115,89
0,1,2,52.0,31.0,2.0,0,2.3524304267317477,32
0,3,3,85.0,69.0,1.0,1,1.45877363372828,89
0,2,3,47.0,65.0,5.0,0,1.7816966446623659,172
0,3,1,23.0,42.0,2.0,0,3.7781551916455283,36
1,2,1,22.0,51.0,3.0,0,2.7575218418756524,9
1,2,4,42.0,35.0,3.0,1,0.5653344338091189,72
0,3,5,29.0,68.0,3.0,0,1.5372253865496148,124
0,2,2,25.0,54.0,2.0,0,3.010229942822289,27
0,3,5,13.0,27.0,1.0,0,0.3350940982407621,10
0,2,2,23.0,41.0,2.0,0,3.2746739449069886,38
1,2,4,42.0,9.0,1.0,1,0.7530093799442631,80
1,3,3,33.0,10.0,2.0,1,0.49374713303552,80
0,2,2,23.0,51.0,1.0,0,3.635917794715867,12
1,3,2,48.0,71.0,4.0,0,0.6935931664773405,90
0,2,5,97.0,70.0,1.0,0,2.5604205900061316,66
0,3,5,9.0,20.0,1.0,0,0.5819676647585221,16
1,3,1,5.0,11.0,4.0,0,0.35849906823657846,15
0,2,3,84.0,52.0,5.0,0,1.70003025890147,150
1,3,3,53.0,43.0,4.0,0,1.864300235040798,93
0,2,3,51.0,9.0,4.0,0,2.9065309778517268,99
1,1,1,1.0,14.0,1.0,0,1.0130414919875683,95
1,3,4,96.0,43.0,4.0,0,0.72938681686414,90
1,1,5,30.0,79.0,4.0,0,0.9362221824366805,70
0,3,5,4.0,30.0,5.0,0,0.27027853651357636,11
0,2,3,9.0,35.0,3.0,0,0.4393028758615895,171
1,1,1,76.0,44.0,2.0,0,2.7354892626659857,45
0,3,2,89.0,96.0,1.0,0,1.6464485798634243,154
1,3,5,54.0,21.0,4.0,0,1.5886223502669583,119
1,3,5,71.0,62.0,2.0,0,1.3291425102739085,170
1,3,5,60.0,25.0,4.0,0,1.2893219024129956,95
0,3,5,1.0,19.0,2.0,0,0.4523365413041506,13
1,1,3,1.0,48.0,2.0,1,0.7530093799442631,70
1,2,2,67.0,35.0,1.0,0,0.34568299587832413,53
0,3,4,10.0,25.0,2.0,0,0.6287776047501548,9
1,1,3,69.0,4.0,2.0,1,0.48251325034638004,83
1,3,1,94.0,79.0,2.0,0,2.3051853005715017,142
0,3,5,67.0,53.0,5.0,0,1.8699171763853681,164
1,1,2,42.0,89.0,4.0,0,3.9408351839143996,89
1,3,4,9.0,23.0,2.0,0,0.44671959995958055,21
1,3,2,71.0,39.0,2.0,0,3.6579503739255332,20
1,1,2,82.0,29.0,3.0,0,0.7129711789990436,46
1,1,3,45.0,17.0,2.0,1,0.3641160095811484,91
1,1,5,81.0,29.0,4.0,0,0.7777867407262294,26
1,1,5,30.0,42.0,5.0,0,0.7537792450788251,92
1,1,4,29.0,48.0,5.0,0,3.710377255261736,156
1,2,5,60.0,14.0,2.0,0,1.540222426404869,110
1,3,5,91.0,57.0,3.0,0,1.7760797033177957,154
0,2,4,10.0,54.0,3.0,0,0.6467832264857079,12
1,3,5,19.0,27.0,1.0,0,1.1887126902990104,142
1,3,5,9.0,53.0,1.0,0,0.3350940982407621,10
0,3,5,8.0,32.0,2.0,0,0.6053726347543384,13
0,2,4,7.0,34.0,5.0,0,0.6411662851411379,20
1,3,4,17.0,44.0,4.0,0,0.4467921309876828,98
1,2,5,51.0,43.0,3.0,0,2.0891412223488914,157
0,3,4,86.0,16.0,1.0,0,1.130668867618238,114
1,2,5,65.0,31.0,4.0,0,2.0007030975415825,80
0,2,3,83.0,26.0,3.0,1,1.5415948171910188,106
1,1,5,46.0,76.0,3.0,0,0.7005824986080604,56
1,1,3,16.0,52.0,2.0,0,0.4289315713083342,166
1,2,4,48.0,45.0,3.0,0,1.9871596194487564,42
0,3,4,5.0,12.0,2.0,0,0.5295407834223195,11
1,2,3,68.0,15.0,1.0,0,1.7540471241081295,105
1,2,3,77.0,75.0,1.0,0,2.387788890949934,57
1,1,4,63.0,33.0,3.0,0,0.2427440063874323,90
0,3,5,1.0,55.0,5.0,0,1.8589008867805348,123
0,2,1,25.0,51.0,3.0,0,1.5224343977536228,25
0,1,2,42.0,30.0,2.0,0,2.7993676197756354,31
1,2,4,40.0,14.0,1.0,0,3.005767799179562,118
1,3,1,37.0,4.0,2.0,0,2.265147099626282,111
0,1,1,56.0,46.0,3.0,0,3.430672413013783,24
1,3,4,93.0,60.0,4.0,0,2.1593561323363404,105
1,1,1,60.0,42.0,1.0,0,2.7413237970948625,121
1,3,5,70.0,1.0,5.0,0,1.4711623141192631,174
1,2,2,44.0,36.0,2.0,0,3.746606091817149,36
0,1,5,79.0,80.0,5.0,0,1.8931045532968775,162
0,2,2,53.0,43.0,1.0,0,2.117727947520664,119
0,2,3,97.0,60.0,1.0,0,1.5899947410531083,110
1,3,1,65.0,36.0,1.0,0,1.1650901272188874,178
1,3,1,96.0,54.0,1.0,0,2.1125461923447078,106
0,3,2,50.0,48.0,2.0,0,2.8821888032383742,13
0,2,2,33.0,45.0,4.0,0,3.5179557401192487,20
1,3,3,80.0,37.0,2.0,1,0.3528821268920085,154
1,3,1,35.0,81.0,1.0,0,0.5020062532961754,104
1,3,1,89.0,53.0,5.0,0,2.022953269835556,101
1,1,1,88.0,38.0,4.0,0,1.9772981275457662,89
1,3,5,8.0,31.0,3.0,0,2.851576908027531,70
1,3,5,89.0,13.0,5.0,0,1.5238067885397726,159
0,1,1,57.0,49.0,2.0,0,4.659423304258013,33
1,1,4,56.0,10.0,2.0,0,0.8954141163568989,117
1,2,5,64.0,6.0,3.0,0,0.6067450255404884,134
0,3,1,34.0,44.0,3.0,0,3.8303644798974243,33
1,3,5,65.0,81.0,2.0,0,1.0442481186486567,119
1,1,1,33.0,82.0,5.0,0,0.38889337036311467,81
0,2,4,13.0,45.0,3.0,0,0.44671959995958055,8
0,2,1,40.0,37.0,4.0,0,2.694296264018923,43
1,3,1,76.0,41.0,3.0,0,0.49374713303552,109
1,1,5,83.0,15.0,2.0,0,1.1954844293454236,136
0,3,5,60.0,67.0,5.0,0,2.1483398427315072,140
0,2,5,82.0,29.0,1.0,1,0.5293231903380127,168
0,1,1,8.0,35.0,2.0,0,2.4230805228878105,66
0,2,5,59.0,50.0,2.0,1,0.3641160095811484,80
1,3,2,21.0,38.0,5.0,0,3.3935063718408336,84
0,2,2,37.0,43.0,2.0,0,3.0876517780247648,19
1,3,4,63.0,85.0,5.0,0,0.8860950068492723,161
0,1,1,20.0,47.0,2.0,0,3.4585395266523262,33
0,3,5,65.0,75.0,4.0,0,2.529089083262059,140
0,2,5,9.0,53.0,5.0,0,0.5763507234139521,20
1,2,4,64.0,18.0,4.0,0,3.3991233131854037,9
1,3,4,10.0,36.0,1.0,0,3.869247883140801,68
0,3,4,14.0,98.0,1.0,0,2.545722314211462,127
0,1,5,7.0,70.0,5.0,0,3.551724220466978,141
0,3,5,9.0,54.0,4.0,0,0.6411662851411379,14
1,3,5,61.0,61.0,2.0,0,1.9759257367596164,120
0,3,5,8.0,21.0,3.0,0,0.7584087282045263,21
1,2,5,37.0,48.0,5.0,1,1.4835509945102463,195
1,1,4,48.0,18.0,1.0,1,0.7998193199358958,74
1,3,3,66.0,20.0,3.0,0,1.871071974087211,129
1,2,1,32.0,47.0,1.0,0,2.712301885754476,27
1,3,5,56.0,56.0,5.0,0,2.029725008881969,147
1,3,4,15.0,68.0,3.0,0,2.4816263640175062,133
0,2,5,22.0,64.0,3.0,0,2.212937811374386,68
1,3,5,53.0,42.0,2.0,0,1.5055835737199126,152
1,2,1,6.0,13.0,4.0,0,0.35849906823657846,5
0,1,4,42.0,79.0,2.0,0,3.110403968767661,83
1,3,2,45.0,22.0,1.0,1,0.0,108
1,3,2,89.0,64.0,3.0,0,0.37650468997213155,58
1,3,5,98.0,74.0,3.0,0,2.022953269835556,82
1,1,1,52.0,73.0,5.0,0,2.9632024097463496,150
1,3,5,37.0,54.0,2.0,1,1.5168174564090526,145
0,3,5,7.0,12.0,2.0,0,0.7115987882128937,14
1,3,2,58.0,30.0,4.0,0,1.4821786037240963,91
0,2,1,37.0,46.0,2.0,0,2.8932050928432074,16
1,1,4,10.0,60.0,5.0,0,1.4641729819885434,148
1,3,4,51.0,46.0,5.0,0,2.1469674519453577,99
1,3,5,86.0,77.0,4.0,0,2.193994985021297,88
0,2,4,62.0,78.0,4.0,0,1.7402860529309963,161
1,2,5,66.0,30.0,4.0,0,1.3291425102739085,160
1,3,2,99.0,66.0,5.0,0,1.151546649126061,95
0,1,4,22.0,22.0,4.0,0,3.4459332531770364,104
0,3,3,5.0,18.0,3.0,0,4.675621349038803,125
1,2,5,69.0,67.0,5.0,0,2.269609243269009,104
1,2,1,44.0,37.0,1.0,0,1.9761433298439233,24
1,1,5,58.0,58.0,4.0,0,2.300003545395545,117
1,3,4,57.0,55.0,4.0,0,1.6768428819899603,103
1,1,2,82.0,69.0,3.0,0,0.5185244938174862,87
1,3,4,65.0,78.0,3.0,0,1.7402860529309963,101
0,1,2,49.0,48.0,1.0,0,1.0642633220205955,110
0,3,4,88.0,67.0,5.0,0,1.3637813629588647,137
1,3,5,42.0,53.0,1.0,0,1.9649094471547832,102
1,3,2,63.0,18.0,2.0,0,0.9101025024966765,21
0,2,5,89.0,54.0,5.0,0,1.8519115546498148,126
1,3,2,19.0,19.0,1.0,1,0.9294504433902673,99
0,1,2,24.0,33.0,2.0,0,3.7533778308635624,17
0,1,1,53.0,47.0,2.0,0,2.469890462879443,37
1,1,5,29.0,37.0,3.0,0,3.018374072654852,137
0,2,2,23.0,32.0,1.0,0,4.070466307368771,32
0,1,5,77.0,7.0,1.0,0,2.151429595588084,99
1,1,3,1.0,17.0,4.0,0,1.0829440004358386,41
0,3,4,9.0,32.0,5.0,0,0.5529457534181358,21
0,3,5,10.0,35.0,4.0,0,0.46472522169513364,8
0,3,4,54.0,45.0,1.0,0,2.20501127462613,126
0,3,5,73.0,83.0,2.0,1,1.199511386819537,139
0,3,1,80.0,21.0,5.0,0,2.111173801558558,100
1,3,5,46.0,68.0,5.0,0,1.8656726258269478,92
1,1,5,25.0,1.0,2.0,0,2.633942845934464,67
0,3,1,1.0,31.0,1.0,0,0.5819676647585221,11
0,2,2,44.0,33.0,2.0,0,4.0238739604614455,23
1,3,2,94.0,68.0,1.0,0,2.282215516744299,121
0,3,5,7.0,17.0,1.0,0,0.7059818468683237,12
0,2,1,25.0,41.0,2.0,0,4.041879582196998,34
1,3,3,41.0,26.0,2.0,1,1.5415948171910188,150
1,3,4,39.0,58.0,1.0,0,0.20404812460025054,73
0,2,2,41.0,42.0,1.0,0,3.270864580517182,38
1,3,5,13.0,7.0,5.0,0,1.147302098567641,86
1,3,5,69.0,78.0,1.0,0,1.2177346016393968,139
0,3,4,36.0,69.0,2.0,0,1.6218888121657646,188
1,3,5,91.0,65.0,3.0,0,1.799484673313612,99
0,3,1,47.0,38.0,2.0,0,4.464976619076456,10
0,1,2,41.0,44.0,3.0,0,3.582336115677821,15
0,3,2,85.0,12.0,3.0,0,1.906625753962934,41
0,3,2,58.0,44.0,2.0,0,3.6817905300899634,31
0,3,5,62.0,21.0,5.0,0,2.022953269835556,142
0,2,2,67.0,36.0,1.0,0,2.6119102667247978,96
0,3,2,28.0,37.0,3.0,0,3.6871898783502264,23
1,3,5,97.0,75.0,4.0,0,2.4710452605812865,113
0,2,1,30.0,43.0,2.0,0,3.217282901479136,24
0,2,1,54.0,48.0,2.0,0,3.170255368403197,27
0,1,1,33.0,31.0,2.0,0,2.300003545395545,27
0,3,2,53.0,91.0,5.0,0,1.4299693154722006,121
1,1,4,18.0,2.0,1.0,0,0.47799875764877126,113
1,1,4,44.0,19.0,1.0,1,0.0,106
1,1,3,60.0,5.0,1.0,1,0.12963112345437156,91
0,1,4,31.0,76.0,3.0,0,2.839188227636548,63
0,1,1,40.0,41.0,1.0,0,3.170255368403197,33
0,3,5,11.0,16.0,4.0,0,0.48813019169095,17
1,1,4,56.0,17.0,2.0,1,0.0,110
0,2,2,86.0,95.0,5.0,0,1.0822689437561486,143
1,2,3,32.0,56.0,1.0,0,2.4006127575095304,106
0,2,1,28.0,47.0,2.0,0,2.4104742494125206,12
1,1,5,65.0,21.0,3.0,0,1.2011013706899936,86
1,2,5,71.0,87.0,1.0,0,1.725025212767743,115
0,2,2,37.0,45.0,2.0,0,2.775745056695512,30
0,1,2,26.0,52.0,3.0,0,1.7058647933303468,28
1,2,1,45.0,43.0,1.0,0,3.306875823988288,22
1,3,1,5.0,73.0,4.0,0,1.6768428819899603,91
1,2,2,50.0,49.0,2.0,0,2.6643371480610005,28
1,1,2,85.0,63.0,1.0,0,1.71126414159061,96
0,2,5,45.0,69.0,5.0,0,2.618464412686904,166
1,2,2,54.0,34.0,4.0,0,0.6985651227703326,74
0,3,4,31.0,87.0,5.0,0,3.5945072029844973,10
1,2,5,39.0,42.0,1.0,1,0.17644106344600424,85
0,3,5,13.0,17.0,3.0,0,0.6701881964815242,15
1,3,5,47.0,11.0,4.0,0,0.6196336289268448,96
1,3,4,67.0,51.0,4.0,0,0.47799875764877126,57
1,3,5,3.0,19.0,2.0,0,0.6701881964815242,17
0,3,3,58.0,40.0,4.0,0,3.0181564795705453,154
0,3,1,10.0,36.0,5.0,0,0.5529457534181358,18
1,2,1,6.0,78.0,5.0,0,1.6241984075694509,170
0,1,5,75.0,81.0,5.0,0,2.676508235367677,100
0,3,1,12.0,42.0,5.0,0,0.6701881964815242,17
1,3,2,4.0,74.0,3.0,0,0.9708610351216368,69
0,3,5,4.0,31.0,1.0,0,0.44671959995958055,19
1,3,3,41.0,61.0,2.0,0,1.0712526541513152,63
1,2,5,7.0,29.0,2.0,0,0.7059818468683237,17
1,3,4,13.0,70.0,1.0,0,1.6174266685230378,115
0,3,3,67.0,84.0,1.0,1,0.9182165607011273,106
0,1,5,85.0,68.0,1.0,1,0.12963112345437156,188
1,3,1,67.0,71.0,3.0,0,2.093168179823005,102
1,1,3,67.0,51.0,3.0,0,2.123562481949541,134
0,2,3,77.0,46.0,1.0,0,2.0891412223488914,182
1,1,3,54.0,91.0,1.0,1,1.2575552095003095,110
0,2,2,57.0,13.0,2.0,0,1.698875461199627,115
1,3,2,72.0,23.0,5.0,0,2.3470310784714847,117
1,2,5,54.0,73.0,3.0,0,1.9237164485077205,150
0,1,1,62.0,44.0,4.0,0,2.3245633130932046,165
1,3,2,93.0,73.0,1.0,0,2.1044020625121447,50
1,2,2,7.0,54.0,2.0,0,3.132871734145941,135
1,1,1,55.0,87.0,1.0,0,1.2589276002864596,57
1,1,1,1.0,28.0,3.0,1,0.5653344338091189,74
0,1,1,24.0,50.0,1.0,0,3.4900886264807056,31
1,3,4,41.0,83.0,3.0,0,2.130551814080261,135
0,2,1,23.0,77.0,4.0,0,2.7053125536237563,150
0,3,4,23.0,10.0,3.0,0,2.4298522619342235,150
0,2,1,51.0,39.0,3.0,0,1.880933465990201,34
0,1,1,28.0,33.0,2.0,0,2.3402593394250717,9
0,3,1,75.0,60.0,1.0,1,0.8934391999191611,113
0,1,1,38.0,54.0,2.0,0,2.8929874997589007,16
0,2,5,27.0,44.0,5.0,0,2.3744630059414145,117
0,1,1,36.0,49.0,3.0,0,2.6821251767122467,20
1,2,5,77.0,48.0,2.0,0,0.7707974085955094,116
1,3,2,26.0,51.0,3.0,0,0.73500375820871,97
1,3,5,94.0,39.0,5.0,0,2.288987255790712,129
1,3,3,39.0,23.0,1.0,1,0.3060721869003758,106
1,1,2,52.0,79.0,4.0,0,1.6878591715947937,82
1,3,4,57.0,51.0,1.0,0,1.7290521702418564,85
1,3,2,17.0,68.0,2.0,0,1.4598336229752509,14
1,2,1,58.0,37.0,3.0,0,1.0646985081892089,124
1,1,4,93.0,58.0,1.0,0,1.71126414159061,108
0,2,2,50.0,33.0,2.0,0,3.665374892224867,31
0,2,4,28.0,84.0,3.0,0,1.9871596194487564,149
0,3,5,33.0,99.0,2.0,1,0.8578631426166684,104
1,2,2,68.0,99.0,3.0,0,1.1774788076098703,24
0,1,1,41.0,51.0,2.0,0,2.3884416702028544,9
1,3,5,75.0,28.0,3.0,0,1.21751700855509,135
1,2,4,2.0,35.0,4.0,0,0.3350940982407621,14
0,2,1,21.0,54.0,2.0,0,2.593469458820631,29
0,2,1,8.0,35.0,5.0,0,0.35849906823657846,5
0,2,1,81.0,81.0,5.0,0,1.9993307067554327,172
1,3,4,44.0,8.0,4.0,0,1.0130414919875683,101
1,3,5,71.0,42.0,4.0,0,1.9180995071631504,103
0,3,1,33.0,52.0,5.0,1,0.7169981364731569,121
0,3,2,62.0,80.0,1.0,1,1.0343042060626726,144
1,1,5,2.0,77.0,2.0,0,0.7777867407262293,171
1,3,1,65.0,29.0,3.0,0,1.7402860529309963,118
1,2,2,97.0,92.0,1.0,0,1.7522395471533658,112
0,2,1,49.0,93.0,1.0,0,1.388558723740831,123
1,3,4,26.0,13.0,5.0,0,0.6913659917566483,88
0,2,3,17.0,2.0,2.0,0,2.4469875113325497,71
1,1,5,67.0,21.0,3.0,0,1.6822422302502238,84
1,3,5,0.0,51.0,1.0,0,1.3361318424046285,176
0,3,2,21.0,27.0,4.0,0,0.7777867407262294,128
1,1,3,31.0,23.0,4.0,0,0.7612685002049185,76
1,3,5,31.0,92.0,3.0,0,1.2656993393328726,132
0,2,5,1.0,36.0,4.0,0,0.7584087282045263,6
0,2,5,83.0,19.0,5.0,0,2.670891294023107,171
0,2,2,36.0,40.0,2.0,0,2.635315236720614,23
1,1,5,73.0,84.0,1.0,0,0.5005188720819331,106
0,2,4,21.0,24.0,4.0,0,2.21624515731527,163
0,3,1,27.0,43.0,3.0,0,4.052460685633218,29
0,3,4,4.0,27.0,4.0,0,0.35849906823657846,24
0,3,5,8.0,9.0,3.0,0,0.6411662851411379,10
1,1,3,76.0,99.0,2.0,0,1.5994210467874848,141
0,2,1,53.0,26.0,2.0,0,1.0878858851007185,96
0,2,4,11.0,84.0,2.0,0,2.028570211180126,88
1,1,3,86.0,63.0,3.0,0,1.5114181081487894,124
1,2,4,6.0,0.0,1.0,1,0.5653344338091189,62
0,3,5,13.0,54.0,3.0,0,0.5763507234139521,8
0,3,5,59.0,55.0,4.0,0,2.4820615501861196,181
1,3,1,6.0,33.0,5.0,0,0.6935931664773405,5
1,3,5,63.0,20.0,3.0,0,1.0754972047097353,91
1,3,1,78.0,75.0,5.0,0,2.312392225786528,115
0,2,1,46.0,49.0,3.0,0,1.2465389198954764,113
1,3,2,15.0,19.0,5.0,0,0.7849858717399135,98
0,1,2,77.0,20.0,1.0,0,2.8623756045480575,80
1,3,5,24.0,64.0,5.0,0,1.1349134181766578,76
0,1,1,33.0,34.0,3.0,0,2.717918827099046,21
1,2,1,22.0,53.0,3.0,0,3.052577739171195,47
1,2,4,57.0,76.0,5.0,0,2.359419758862468,124
0,1,2,31.0,49.0,4.0,0,2.5522764601735686,37
1,3,1,78.0,33.0,4.0,0,1.8589008867805346,88
0,1,1,87.0,42.0,5.0,0,0.8590179403185116,164
1,3,2,75.0,18.0,3.0,0,0.9996653533777163,100
1,3,2,28.0,44.0,2.0,0,2.251603621533456,23
1,2,3,44.0,21.0,1.0,1,0.3060721869003758,88
1,3,5,79.0,51.0,4.0,0,1.9815426781041863,122
0,3,1,40.0,50.0,1.0,0,3.7781551916455283,22
0,1,5,43.0,49.0,2.0,0,1.611809727178468,125
1,2,5,40.0,60.0,4.0,0,0.0,99
0,3,5,27.0,11.0,1.0,0,0.8623776353142771,125
1,3,2,30.0,3.0,3.0,0,3.591980014496505,54
1,2,4,36.0,52.0,5.0,0,0.235254751261339,87
1,3,1,7.0,32.0,1.0,0,0.6935931664773405,17
0,3,4,84.0,15.0,5.0,0,1.95951009889452,173
0,1,2,51.0,49.0,3.0,0,3.640162345274287,31
1,3,5,73.0,67.0,4.0,0,2.276598575399729,135
0,2,1,10.0,55.0,3.0,0,0.7059818468683237,21
1,1,5,61.0,27.0,1.0,0,1.5289885437157291,169
0,3,2,49.0,96.0,3.0,0,2.71136468113694,64
1,2,5,73.0,48.0,2.0,0,1.9759257367596164,86
0,3,1,53.0,33.0,2.0,0,3.1052222135917043,26
1,2,5,70.0,36.0,4.0,0,1.5649997871868353,78
0,2,4,49.0,29.0,5.0,0,1.3775424341359979,141
1,2,5,50.0,33.0,1.0,0,1.2823325702822759,118
1,3,1,95.0,33.0,1.0,0,1.7636910229268126,107
1,1,5,34.0,2.0,1.0,1,0.7169981364731569,101
1,3,2,24.0,69.0,2.0,0,0.38889337036311467,137
1,1,4,80.0,62.0,5.0,0,0.8122080003268789,74
1,3,1,58.0,75.0,4.0,0,1.5001842254596496,124
0,1,2,50.0,49.0,1.0,0,1.7290521702418564,114
0,2,4,77.0,70.0,5.0,0,2.1895328413785697,121
1,2,5,90.0,68.0,5.0,0,1.8769065085160879,131
0,3,4,23.0,29.0,3.0,0,2.175771770201437,95
0,1,1,58.0,53.0,3.0,0,2.8281719380317147,37
1,3,3,31.0,10.0,1.0,1,0.3641160095811484,90
1,2,5,46.0,14.0,4.0,0,0.9101025024966765,41
1,3,5,63.0,45.0,3.0,0,1.629815348914021,132
1,1,1,67.0,11.0,3.0,0,0.5884270022657564,38
0,2,5,70.0,7.0,1.0,0,1.0904332555619318,128
1,3,4,85.0,63.0,2.0,0,1.5526111067958521,103
1,3,3,81.0,52.0,4.0,0,2.300003545395545,124
1,2,5,66.0,22.0,4.0,0,1.9347327381125536,100
1,3,2,48.0,36.0,4.0,0,0.6121443738007516,61
1,3,3,66.0,5.0,1.0,1,0.12963112345437156,99
0,1,5,54.0,61.0,2.0,1,1.2242887476015032,180
1,2,2,55.0,45.0,4.0,0,2.0051652411843093,29
1,3,2,49.0,72.0,2.0,0,3.5173029608663287,87
1,3,3,78.0,27.0,4.0,0,2.1827611023321567,117
0,1,1,82.0,80.0,2.0,0,2.053347571962092,109
0,2,4,61.0,27.0,3.0,0,2.4118466401986707,149
1,3,1,82.0,23.0,5.0,0,2.135951162340524,124
1,1,3,62.0,28.0,4.0,0,0.8714066207094947,54
1,2,3,83.0,10.0,4.0,0,1.4767792554638333,59
1,1,2,48.0,30.0,1.0,0,2.111173801558558,176
0,3,4,12.0,24.0,3.0,0,0.3350940982407621,18
1,3,5,82.0,76.0,2.0,0,1.8769065085160879,54
1,2,2,32.0,50.0,3.0,0,3.9545962550915323,26
1,1,1,33.0,6.0,3.0,1,1.059081566844639,77
1,3,4,86.0,6.0,3.0,0,0.235254751261339,114
0,2,2,58.0,52.0,1.0,0,2.8585662401582512,4
1,3,1,56.0,40.0,2.0,0,2.6985408145773433,29
0,2,1,29.0,53.0,3.0,0,3.5771543605018645,21
1,2,5,51.0,61.0,5.0,0,1.6934761129393636,187
0,2,5,11.0,48.0,5.0,0,0.5763507234139521,8
1,3,1,85.0,46.0,4.0,0,1.4231975764257874,88
1,1,5,42.0,25.0,3.0,0,1.3361318424046285,158
1,2,5,8.0,35.0,3.0,0,0.5295407834223195,21
0,2,2,49.0,46.0,2.0,0,2.469890462879443,29
1,3,3,42.0,53.0,2.0,0,0.8476892491744996,86
1,3,5,93.0,32.0,3.0,0,1.9939313584951694,148
1,3,2,93.0,7.0,4.0,0,0.3942927186233779,69
1,1,5,9.0,3.0,4.0,0,0.06481556172718578,150
0,2,5,9.0,41.0,5.0,0,0.5115351616867663,19
1,1,2,29.0,41.0,3.0,1,0.7998193199358958,85
0,2,5,12.0,31.0,4.0,0,0.5405570730271527,12
1,2,2,53.0,28.0,4.0,0,2.5592657923042883,117
0,1,5,24.0,34.0,4.0,0,1.9484938092896869,116
1,3,5,79.0,22.0,5.0,0,2.2655822857948955,88
1,3,3,42.0,6.0,3.0,1,0.17644106344600424,84
1,2,5,64.0,54.0,1.0,0,1.2519382681557396,93
0,2,1,30.0,51.0,4.0,0,4.2291193421635285,30
0,2,2,26.0,34.0,4.0,0,3.2114483670502594,33
1,2,3,55.0,49.0,2.0,0,1.547211758535589,166
0,1,2,54.0,51.0,2.0,0,3.983618166431919,13
0,2,5,47.0,76.0,3.0,0,2.5288714901777523,158
1,1,4,38.0,82.0,5.0,0,0.5709513751536889,80
1,3,5,83.0,47.0,3.0,0,2.211783013672543,112
0,1,1,40.0,35.0,4.0,0,3.2884350160841214,42
0,3,2,24.0,39.0,2.0,0,2.8335712862919777,21
0,2,5,44.0,7.0,1.0,0,1.3293601033582152,158
1,3,3,95.0,49.0,4.0,0,1.8051016146581822,87
1,3,5,58.0,54.0,5.0,0,0.5763507234139521,86
0,3,5,37.0,44.0,3.0,1,1.246756512979783,102
1,2,4,74.0,94.0,5.0,0,1.7704627619732258,195
0,1,3,86.0,91.0,1.0,1,0.9182165607011273,143
0,3,3,79.0,98.0,1.0,1,1.3403763929630483,85
1,2,3,0.0,40.0,4.0,0,0.5956261332794407,40
1,3,2,82.0,44.0,5.0,0,1.8586832936962279,72
1,1,4,83.0,81.0,4.0,0,0.792475126866007,61
0,3,4,7.0,43.0,3.0,0,0.5115351616867663,12
0,3,5,8.0,43.0,4.0,0,0.6287776047501548,22
1,2,5,83.0,11.0,1.0,0,1.9703087954150464,163
0,1,1,24.0,53.0,2.0,0,2.998996060133149,40
1,3,2,89.0,59.0,1.0,0,2.1649730736809105,119
1,1,5,71.0,49.0,2.0,0,0.8894122424450479,76
0,2,5,42.0,71.0,4.0,0,1.2065007189502568,137
1,3,1,2.0,67.0,2.0,0,3.028955176091072,30
1,3,4,57.0,22.0,4.0,0,1.71126414159061,84
0,2,2,45.0,39.0,2.0,0,4.248279761600926,23
0,1,2,64.0,11.0,4.0,0,3.240252685306339,117
1,3,5,10.0,39.0,3.0,0,0.8880398516588979,3
0,2,2,51.0,44.0,2.0,0,2.7109294949683265,39
1,1,5,60.0,32.0,4.0,0,0.8089933673873179,115
1,3,5,95.0,66.0,4.0,0,1.0991197677898583,47
1,3,1,34.0,83.0,5.0,0,2.864183181502821,173
0,3,1,44.0,81.0,4.0,0,3.6480888820225434,100
1,2,5,88.0,26.0,4.0,0,1.6300329419983277,163
0,3,3,12.0,11.0,1.0,0,1.395590515271541,46
1,3,4,66.0,32.0,3.0,0,1.1596907789586242,155
1,3,3,77.0,23.0,1.0,0,0.6121443738007516,65
1,1,1,74.0,86.0,2.0,0,1.3347594516184784,43
1,2,1,80.0,76.0,5.0,0,1.45315669238371,133
1,1,5,55.0,55.0,4.0,0,0.73500375820871,143
1,1,5,99.0,38.0,5.0,0,1.8422676558311315,114
1,3,2,73.0,45.0,3.0,0,2.276598575399729,79
0,2,1,25.0,34.0,2.0,0,2.4224277436348904,29
1,1,2,51.0,35.0,3.0,0,4.277301672941311,21
0,3,1,1.0,13.0,2.0,0,0.5763507234139521,14
1,2,1,67.0,26.0,5.0,0,1.7882507906244722,133
1,3,2,48.0,39.0,3.0,0,3.0710185470753615,36
1,1,2,43.0,12.0,3.0,1,0.6233782564898915,59
1,3,1,92.0,25.0,4.0,0,2.1469674519453577,109
0,3,3,35.0,23.0,4.0,0,1.1069514960832427,128
0,1,2,53.0,42.0,4.0,0,4.4359547077360695,19
1,3,1,70.0,71.0,3.0,0,3.3271008262431914,82
0,3,2,87.0,20.0,1.0,1,1.8589008867805346,123
1,3,1,87.0,21.0,5.0,0,1.8933221463811845,87
1,2,2,73.0,28.0,5.0,0,0.5405570730271527,76
1,1,4,52.0,78.0,3.0,0,2.029725008881969,109
0,1,2,50.0,43.0,4.0,0,2.494450230577103,30
1,3,1,11.0,49.0,5.0,0,0.27027853651357636,16
1,3,4,99.0,44.0,5.0,0,1.8285065846539985,104
0,2,5,10.0,27.0,3.0,0,0.7998193199358958,20
0,3,1,36.0,92.0,5.0,0,3.2870626252979718,166
1,3,2,2.0,68.0,4.0,0,0.5809377471396632,52
0,3,1,69.0,84.0,4.0,0,1.5238067885397726,122
0,2,5,94.0,50.0,5.0,0,2.5810807784296483,105
1,3,4,62.0,52.0,4.0,0,2.312392225786528,141
1,3,2,69.0,40.0,4.0,0,1.8174902950491651,82
0,2,1,97.0,27.0,5.0,0,0.9026132473705832,65
0,3,1,2.0,21.0,4.0,0,0.46472522169513364,16
0,3,2,2.0,23.0,5.0,0,3.9764112412168924,78
0,3,5,4.0,35.0,1.0,0,0.73500375820871,19
1,1,5,51.0,34.0,3.0,0,1.45877363372828,133
0,2,1,35.0,96.0,4.0,0,1.2245063406858099,111
1,3,4,87.0,73.0,4.0,0,2.535860822308472,105
0,1,2,54.0,54.0,3.0,0,3.5179557401192487,27
1,1,5,14.0,69.0,4.0,0,1.3457757412233118,54
1,1,5,91.0,41.0,5.0,0,2.7331796672622994,30
1,1,4,57.0,40.0,3.0,0,3.404740254529974,108
1,3,1,99.0,79.0,5.0,0,1.9772981275457662,102
0,1,1,53.0,47.0,1.0,0,3.242060262261102,39
1,3,4,70.0,41.0,5.0,0,1.4891679358548162,117
0,2,5,67.0,52.0,3.0,0,1.4945672841150794,153
1,3,1,40.0,37.0,3.0,0,2.675135844581527,23
1,2,2,53.0,47.0,3.0,0,2.527499099391602,17
0,3,2,41.0,41.0,1.0,0,2.789723720956952,17
1,2,4,47.0,13.0,4.0,0,1.6754704912038108,110
1,2,2,76.0,55.0,5.0,0,4.657833320387557,77
0,2,1,49.0,47.0,2.0,0,3.8456253200606776,32
0,2,4,61.0,71.0,4.0,0,3.5159305700801786,50
0,2,2,24.0,47.0,2.0,0,2.9069661640203406,24
0,3,1,10.0,52.0,5.0,0,0.7059818468683237,3
1,1,2,22.0,34.0,3.0,0,2.2754437776978857,21
0,2,1,42.0,41.0,2.0,0,2.086396440776592,21
0,1,1,64.0,46.0,3.0,0,1.9644742609861696,114
1,1,5,87.0,65.0,4.0,0,0.6357669368808747,164
0,3,4,39.0,4.0,1.0,0,4.7280482303750055,91
0,2,2,35.0,14.0,4.0,0,2.3058380798244222,152
1,2,4,39.0,14.0,2.0,0,2.7836715934437684,74
1,3,2,50.0,63.0,4.0,0,1.4119636937366473,123
0,1,4,63.0,91.0,4.0,0,3.640162345274287,104
1,1,2,50.0,64.0,1.0,0,1.723652821981593,107
1,1,1,57.0,34.0,1.0,0,4.205714372167712,40
0,2,5,5.0,18.0,4.0,0,0.6411662851411379,13
0,2,4,28.0,35.0,3.0,0,1.0664257599145277,11
0,2,2,75.0,14.0,3.0,0,1.0052822947222864,179
0,1,1,30.0,49.0,2.0,0,3.171845352273653,33
1,2,5,51.0,75.0,5.0,0,1.406564345476384,118
1,1,5,34.0,45.0,3.0,0,0.4321037448479052,48
0,3,5,66.0,69.0,1.0,0,1.6860593888413726,84
1,1,2,61.0,15.0,5.0,0,1.286992125036089,103
1,2,4,0.0,60.0,1.0,0,0.9341099981440806,94
1,3,2,30.0,23.0,2.0,0,0.8954141163568989,78
0,1,1,41.0,36.0,2.0,0,2.523472141917489,35
0,3,5,47.0,66.0,5.0,1,1.8228896433094284,174
0,3,5,5.0,22.0,3.0,0,0.8232242899317121,18
0,3,1,59.0,49.0,2.0,0,3.4596943243541696,37
1,3,5,40.0,72.0,1.0,0,1.3289249171896018,97
1,3,1,76.0,51.0,5.0,0,2.359419758862468,116
0,1,2,39.0,37.0,4.0,0,3.3010412895594117,24
1,1,3,79.0,44.0,1.0,1,1.6464485798634243,156
0,1,2,25.0,44.0,3.0,0,1.9291157967679837,33
1,2,5,70.0,29.0,5.0,0,1.4533742854680167,133
1,3,3,76.0,62.0,4.0,0,1.8422676558311315,115
0,1,2,22.0,29.0,3.0,0,2.094322977524848,95
1,3,4,51.0,32.0,5.0,0,0.6701881964815242,34
1,1,3,46.0,11.0,5.0,0,1.0480652772398056,59
1,2,4,88.0,76.0,2.0,0,2.036714341012689,103
1,3,3,95.0,46.0,2.0,0,2.3180091671310983,86
0,3,5,8.0,45.0,1.0,0,0.7115987882128937,12
0,1,1,24.0,48.0,2.0,0,3.488498642610249,39
1,2,2,34.0,40.0,2.0,0,2.94001503283484,25
1,1,2,78.0,34.0,5.0,0,3.145042821452617,143
0,3,5,88.0,17.0,5.0,0,1.9869420263644497,125
1,1,3,41.0,7.0,1.0,1,0.3641160095811484,97
1,3,5,60.0,50.0,4.0,0,2.106929251000138,92
1,3,5,72.0,3.0,2.0,0,0.9362221824366805,50
0,3,4,11.0,15.0,5.0,0,0.7115987882128937,16
1,2,4,67.0,31.0,4.0,0,1.3403763929630483,108
0,2,1,45.0,48.0,1.0,0,3.993262065250602,16
1,3,5,12.0,15.0,3.0,0,0.5295407834223195,20
0,1,2,21.0,30.0,3.0,0,3.430672413013783,48
1,3,2,98.0,30.0,5.0,0,1.3651537537450147,166
0,1,3,92.0,76.0,3.0,0,1.9689364046288964,101
1,3,4,30.0,11.0,1.0,1,0.3528821268920085,75
1,2,4,43.0,90.0,5.0,0,2.1345787715543745,151
0,1,3,16.0,26.0,2.0,0,2.8707373274649273,71
0,2,2,21.0,43.0,4.0,0,3.959995603351796,21
1,3,5,4.0,14.0,5.0,0,0.6701881964815242,18
0,2,4,6.0,51.0,5.0,0,0.5171521030313363,10
1,1,5,24.0,27.0,5.0,0,0.9596271524324969,100
1,1,4,61.0,12.0,1.0,0,0.35288212689200843,89
1,2,5,45.0,10.0,1.0,0,1.6422040293050042,144
1,2,3,7.0,11.0,1.0,0,0.8548883801881839,53
1,1,5,39.0,6.0,4.0,0,0.4633103715089937,100
0,3,5,12.0,13.0,3.0,0,0.3999096599679479,5
0,2,5,9.0,52.0,3.0,0,0.7584087282045263,12
0,2,4,52.0,11.0,5.0,0,1.6602096510405573,146
0,2,5,12.0,34.0,3.0,0,0.73500375820871,10
1,1,4,65.0,43.0,3.0,0,1.7636910229268126,88
1,1,3,89.0,79.0,3.0,0,0.9652440937770668,61
1,2,5,66.0,65.0,1.0,1,0.8826405033986346,175
1,3,5,6.0,57.0,5.0,0,0.4523365413041506,15
0,3,5,9.0,14.0,3.0,0,0.5171521030313363,5
0,3,1,82.0,13.0,5.0,0,1.388558723740831,169
1,3,5,5.0,4.0,1.0,0,0.7764143499400794,151
1,2,5,50.0,17.0,4.0,0,0.7372610045575144,66
0,3,1,47.0,37.0,2.0,0,3.357712721454034,28
0,3,5,63.0,6.0,3.0,0,1.3422062473445815,114
1,1,4,36.0,84.0,4.0,0,3.6385723614038303,75
1,3,3,69.0,70.0,4.0,0,1.71825347372133,61
1,1,2,49.0,58.0,4.0,0,0.6301499955363047,82
0,3,4,9.0,50.0,4.0,0,0.5529457534181358,15
0,2,2,44.0,31.0,4.0,0,2.613282657510948,43
0,1,2,30.0,40.0,2.0,0,3.312057579164245,34
1,1,2,71.0,52.0,3.0,0,2.4118466401986707,100
1,1,3,56.0,14.0,1.0,1,0.48251325034638004,81
0,2,1,55.0,30.0,2.0,0,2.053347571962092,19
0,3,2,83.0,89.0,5.0,0,2.4640559284505663,110
0,2,3,27.0,48.0,3.0,1,1.7292697633261631,93
1,1,5,18.0,54.0,2.0,1,0.3060721869003758,72
0,3,1,3.0,11.0,1.0,0,0.5763507234139521,20
1,1,3,57.0,90.0,5.0,0,1.0300596555042527,123
1,1,4,40.0,47.0,4.0,0,3.5627405100718117,124
1,2,1,32.0,63.0,1.0,0,2.5174200144043053,153
0,3,4,2.0,39.0,4.0,0,0.7584087282045263,14
0,1,2,44.0,45.0,2.0,0,2.5576758084338316,28
1,2,5,72.0,86.0,4.0,0,2.6598750044182737,132
1,1,1,37.0,43.0,2.0,0,1.880933465990201,33
1,2,3,52.0,10.0,1.0,1,0.3060721869003758,97
1,1,3,66.0,23.0,5.0,0,0.7612685002049185,52
1,1,2,85.0,2.0,3.0,0,2.051757588091635,147
1,3,4,97.0,62.0,5.0,0,1.9057108267721672,110
1,3,5,53.0,28.0,1.0,0,1.3347594516184784,81
0,3,5,10.0,10.0,4.0,0,0.6411662851411379,6
1,3,4,82.0,31.0,5.0,0,1.7830690354485157,136
1,2,4,50.0,26.0,4.0,0,1.7414408506328396,132
1,1,5,39.0,2.0,1.0,0,0.8176073485871421,73
1,3,1,16.0,16.0,1.0,0,1.224578871713912,116
1,3,5,73.0,30.0,4.0,0,0.470509502522678,120
1,3,2,24.0,41.0,4.0,0,2.9179824536251733,4
1,3,4,49.0,13.0,2.0,0,2.600241197867044,151
1,1,3,27.0,34.0,3.0,0,1.0205307471136618,109
1,1,5,91.0,27.0,2.0,0,2.0063200388861526,133
1,2,4,85.0,26.0,2.0,0,2.3357971957823445,131
1,3,2,22.0,48.0,1.0,0,1.0286872647181027,90
1,1,5,81.0,48.0,4.0,0,1.3775424341359979,163
1,3,5,93.0,20.0,3.0,0,0.5763507234139521,105
1,1,2,40.0,31.0,3.0,0,2.971781725747526,26
1,2,4,4.0,41.0,2.0,0,1.4821786037240963,133
0,2,1,67.0,89.0,1.0,1,0.6589543137923842,184
0,2,2,75.0,62.0,3.0,1,1.5636273964006855,108
0,2,1,30.0,53.0,1.0,0,3.1758723097477666,22
0,2,2,56.0,33.0,2.0,0,2.9508137293553665,39
0,3,4,4.0,2.0,2.0,1,0.7530093799442631,108
1,3,3,20.0,73.0,1.0,0,3.755814804467219,112
0,3,1,12.0,37.0,5.0,0,0.8880398516588979,15
1,3,3,39.0,8.0,1.0,1,0.6701881964815242,107
1,3,5,8.0,9.0,5.0,0,0.8232242899317121,12
1,2,4,72.0,68.0,5.0,0,1.800857064099762,81
1,3,3,29.0,14.0,4.0,0,1.224578871713912,191
0,1,5,87.0,5.0,5.0,0,1.2519382681557396,89
1,1,4,63.0,31.0,4.0,0,1.5469941654512822,128
1,1,4,89.0,62.0,1.0,0,1.4533742854680167,139
1,1,3,80.0,59.0,3.0,0,1.3761700433498478,73
0,3,5,4.0,38.0,4.0,0,0.42331462996376423,5
0,3,5,7.0,10.0,1.0,0,0.5295407834223195,13
1,3,5,25.0,31.0,1.0,1,0.7998193199358958,81
1,3,1,79.0,22.0,5.0,0,2.046358239831372,101
0,1,1,76.0,75.0,5.0,0,1.4285969246860506,115
0,2,1,44.0,47.0,1.0,0,3.6111404339339006,24
1,1,4,60.0,49.0,4.0,0,3.517520553950635,105
1,3,5,90.0,69.0,5.0,0,1.123679535487518,49
0,1,1,36.0,38.0,2.0,0,3.2598482909123487,28
1,2,4,83.0,39.0,2.0,0,3.533936191815732,97
1,1,1,24.0,34.0,4.0,0,3.1828616418784867,42
1,1,5,8.0,49.0,1.0,0,0.0,64
0,2,5,3.0,31.0,5.0,0,0.6701881964815242,12
1,1,3,69.0,42.0,3.0,0,2.2588105467484825,153
0,3,4,58.0,18.0,3.0,0,1.541377224106712,157
1,2,5,63.0,87.0,5.0,0,2.517855200572919,157
0,1,1,21.0,39.0,4.0,0,2.3126098188708353,30
1,1,5,51.0,69.0,3.0,0,1.7360415023725762,104
0,2,2,26.0,34.0,2.0,0,4.118866231230861,19
0,3,1,95.0,32.0,1.0,0,0.6049452427870673,129
1,1,3,42.0,42.0,1.0,0,0.8065910589823089,104
1,1,5,86.0,42.0,5.0,0,2.0531299788777853,115
1,3,1,56.0,66.0,4.0,0,1.8051016146581822,90
1,1,5,64.0,64.0,5.0,0,2.2173999550171133,162
0,3,4,48.0,30.0,4.0,0,1.0442481186486567,168
1,3,3,68.0,39.0,4.0,0,1.8242620340955784,175
1,1,2,7.0,12.0,1.0,1,0.6233782564898915,74
1,2,1,51.0,57.0,3.0,0,1.9525207667638,136
0,2,5,7.0,27.0,2.0,0,0.42331462996376423,6
1,3,4,59.0,68.0,4.0,0,0.8410123185829584,92
1,3,5,12.0,30.0,1.0,0,2.6983232214930366,69
0,2,4,37.0,11.0,1.0,1,0.8714066207094947,120
0,2,5,62.0,30.0,5.0,0,1.483768587594553,140
1,3,5,66.0,61.0,3.0,0,2.2531936054039123,156
1,3,3,96.0,50.0,5.0,0,1.1941120385592736,115
1,3,3,73.0,32.0,4.0,0,0.21785165517737368,15
1,3,2,39.0,12.0,1.0,1,0.12963112345437156,66
0,3,5,10.0,53.0,4.0,0,0.7059818468683237,18
1,2,5,75.0,56.0,2.0,0,1.9291157967679837,160
1,3,3,44.0,20.0,1.0,1,0.5405570730271527,102
1,3,4,84.0,99.0,3.0,0,3.263875248386462,94
0,2,5,70.0,40.0,5.0,0,1.7234352288972863,98
1,1,5,66.0,18.0,1.0,0,3.5240746999127417,149
1,2,5,63.0,72.0,5.0,0,2.1303342209959544,143
1,1,2,37.0,22.0,1.0,1,0.5405570730271527,74
1,3,5,84.0,50.0,5.0,0,1.2823325702822759,108
1,2,5,54.0,63.0,4.0,0,1.4767792554638333,148
0,1,1,34.0,32.0,2.0,0,3.559148738766311,38
0,2,2,57.0,35.0,3.0,0,3.4018680947577034,24
0,2,2,77.0,51.0,2.0,0,0.7888030303310626,115
0,1,2,24.0,37.0,2.0,0,3.6363529808844803,18
1,2,2,25.0,0.0,1.0,1,0.49374713303552,97
0,3,1,44.0,41.0,2.0,0,4.059450017763938,31
0,1,1,49.0,35.0,3.0,0,2.4224277436348904,8
0,3,5,97.0,45.0,3.0,0,2.1512120025037773,123
1,3,5,10.0,57.0,2.0,0,0.7115987882128937,3
0,3,5,8.0,41.0,3.0,0,0.7059818468683237,13
1,3,5,56.0,46.0,1.0,0,0.4393028758615895,66
1,2,3,44.0,79.0,1.0,0,2.8583486470739445,110
0,2,2,40.0,74.0,5.0,0,1.9361051288987037,141
1,2,3,51.0,2.0,1.0,1,0.8466292599275285,107
1,1,5,53.0,64.0,3.0,0,1.289104309328689,115
0,2,2,85.0,65.0,4.0,0,1.9464686392506165,115
1,2,3,20.0,33.0,1.0,0,3.6649397060562534,40
0,3,2,40.0,81.0,3.0,0,1.795240122755192,146
1,1,1,55.0,50.0,2.0,0,2.2351879836683595,39
1,1,5,48.0,23.0,5.0,0,0.3528821268920085,79
0,3,2,11.0,33.0,5.0,0,2.9159572835861036,131
0,3,2,7.0,92.0,2.0,1,1.5528286998801588,84
1,3,1,80.0,74.0,4.0,0,1.623043609867608,99
0,2,4,35.0,26.0,2.0,0,1.3595368124004445,109
0,1,3,19.0,34.0,3.0,0,2.424235320589654,108
1,2,2,81.0,27.0,5.0,0,3.4333269797017465,60
0,3,2,22.0,31.0,3.0,0,2.617092021900754,8
0,3,5,1.0,38.0,2.0,0,0.4523365413041506,25
0,3,2,35.0,84.0,1.0,1,0.7282320191622969,96
1,3,5,53.0,74.0,4.0,0,1.6836146210363736,94
0,1,1,42.0,42.0,3.0,0,3.4295176153119398,17
0,2,5,62.0,73.0,4.0,0,1.3291425102739085,154
0,1,4,38.0,69.0,2.0,0,3.9698570952547856,83
1,2,2,85.0,7.0,5.0,0,1.853066352351658,152
1,3,5,61.0,73.0,5.0,0,1.129296476832088,100
0,3,5,10.0,21.0,4.0,0,0.5819676647585221,9
1,3,5,8.0,34.0,3.0,0,0.7584087282045263,10
0,2,5,86.0,46.0,1.0,0,1.698875461199627,121
1,3,4,78.0,48.0,4.0,0,1.8408952650449817,68
1,1,3,20.0,55.0,1.0,1,0.6233782564898915,68
1,2,1,46.0,49.0,5.0,0,1.2589276002864596,148
0,2,1,43.0,61.0,3.0,0,3.769575875644352,127
1,1,2,76.0,56.0,1.0,0,1.1115084481808415,65
1,3,5,84.0,26.0,4.0,0,2.2599653444503254,135
0,3,1,86.0,2.0,3.0,0,0.8714066207094947,103
0,2,5,2.0,55.0,2.0,0,0.8232242899317121,5
1,1,3,60.0,67.0,1.0,0,2.3067752844419585,158
0,2,2,42.0,53.0,2.0,0,3.688779862220683,15
0,2,1,24.0,54.0,2.0,0,3.312492765332858,10
1,3,4,87.0,57.0,4.0,0,1.882305856776351,92
0,3,2,44.0,52.0,2.0,0,3.0156292910825524,12
1,3,4,11.0,41.0,1.0,0,0.46472522169513364,16
1,2,5,17.0,31.0,2.0,0,3.082754448213424,139
0,2,5,11.0,55.0,4.0,0,0.5405570730271527,17
1,2,2,48.0,39.0,4.0,0,2.294604197135282,39
1,2,5,52.0,9.0,2.0,0,1.4713799072035698,101
1,3,2,43.0,47.0,2.0,1,0.9650265006927601,132
1,3,5,55.0,33.0,4.0,0,2.1827611023321567,96
1,3,5,62.0,55.0,3.0,0,1.869699583301061,113
1,1,5,26.0,31.0,3.0,0,1.0277298781273458,69
1,1,2,53.0,63.0,2.0,0,1.8037292238720322,161
0,1,3,66.0,59.0,5.0,0,1.6588372602544075,113
1,3,5,51.0,22.0,4.0,0,2.2408049250129296,63
0,3,5,99.0,27.0,5.0,0,2.1582013346344975,149
0,3,5,8.0,9.0,3.0,0,0.5529457534181358,12
0,3,2,35.0,53.0,2.0,0,2.221644505575533,32
1,3,4,85.0,41.0,5.0,0,2.45325723193004,120
0,2,4,22.0,97.0,1.0,0,1.818862685835315,115
1,1,5,75.0,23.0,3.0,0,0.48813019169095,89
1,3,5,13.0,34.0,5.0,0,0.7059818468683237,20
0,2,5,92.0,80.0,5.0,0,2.069545616742882,150
0,2,3,69.0,43.0,1.0,0,0.5884270022657564,37
0,2,5,52.0,34.0,1.0,0,1.7180358806370233,156
0,3,5,37.0,50.0,2.0,1,1.45877363372828,146
1,2,1,50.0,19.0,2.0,0,2.759329418830416,91
1,3,5,53.0,26.0,5.0,0,2.0173363284909858,95
1,2,4,61.0,0.0,3.0,0,0.6301499955363047,166
1,2,2,38.0,52.0,3.0,0,3.518892944736785,19
1,3,4,39.0,99.0,3.0,0,0.8522462012720984,176
1,3,2,83.0,22.0,1.0,0,1.4910402496363397,31
0,3,3,95.0,76.0,1.0,0,1.318343813753382,107
1,3,5,13.0,8.0,5.0,0,0.5405570730271527,16
1,1,4,64.0,57.0,5.0,0,1.4299693154722006,112
0,2,1,41.0,41.0,2.0,0,2.5871329059428314,19
1,2,5,47.0,5.0,4.0,0,1.8408952650449817,120
0,3,5,37.0,97.0,3.0,1,1.6244160006537578,100
1,2,5,88.0,36.0,5.0,0,1.0644809151049022,107
1,3,5,86.0,3.0,5.0,0,2.93015354093185,153
1,1,1,27.0,83.0,1.0,0,2.0037928503981597,21
0,1,1,31.0,46.0,2.0,0,2.1636006828947605,34
1,3,5,82.0,44.0,5.0,0,2.229788635408096,129
0,3,2,3.0,25.0,3.0,1,1.1639353295170443,94
1,3,4,89.0,61.0,5.0,0,2.364819107122731,130
0,3,5,8.0,40.0,1.0,0,0.6701881964815242,13
0,2,2,59.0,54.0,3.0,0,2.5995215863338146,21
0,2,2,36.0,49.0,4.0,0,2.670891294023107,31
1,2,5,44.0,82.0,5.0,0,0.8700342299233448,139
1,3,5,25.0,62.0,4.0,0,1.0066546855084362,164
0,2,5,8.0,18.0,2.0,0,0.6701881964815242,5
1,3,2,41.0,8.0,5.0,0,1.5462543719448323,106
1,3,4,61.0,44.0,1.0,0,1.6712259406453904,127
1,1,4,71.0,74.0,4.0,0,1.4229799833414805,117
1,1,2,29.0,8.0,2.0,1,0.6701881964815242,109
0,3,5,43.0,32.0,3.0,1,0.7777867407262293,96
0,2,5,15.0,69.0,2.0,1,1.6244160006537578,84
1,3,4,68.0,71.0,3.0,0,1.2411395716352132,128
1,3,5,54.0,64.0,5.0,0,0.5763507234139521,128
1,2,4,80.0,41.0,5.0,0,1.7234352288972863,179
0,3,1,44.0,76.0,4.0,0,1.2645445416310295,80
1,3,2,54.0,74.0,3.0,0,1.8656726258269478,142
0,1,1,48.0,53.0,3.0,0,3.2296715818701194,27
1,3,4,87.0,33.0,5.0,0,0.7998193199358958,124
1,3,5,55.0,44.0,3.0,0,1.3815693916101113,82
1,3,2,86.0,56.0,2.0,0,1.8242620340955784,68
0,3,2,42.0,33.0,5.0,0,2.8929874997589007,70
1,1,2,33.0,8.0,2.0,0,1.1349134181766578,115
1,2,1,7.0,42.0,5.0,0,0.6715605872676742,96
1,1,2,79.0,39.0,5.0,0,0.7226150778177269,111
1,3,1,55.0,44.0,3.0,0,3.465528858783046,24
0,2,2,27.0,33.0,2.0,0,4.3117229325419615,18
0,2,2,50.0,32.0,2.0,0,3.565702884728418,23
0,3,1,20.0,74.0,5.0,0,0.8236817535270955,19
1,2,4,69.0,61.0,3.0,0,2.2475766640593426,103
1,3,2,24.0,52.0,2.0,0,3.8004053639395017,21
1,2,4,62.0,44.0,4.0,0,1.940132086372817,99
1,1,5,41.0,99.0,5.0,0,2.258592953664176,147
0,1,1,39.0,46.0,2.0,0,2.399022773639074,17
1,1,4,36.0,37.0,1.0,0,0.506135813426503,87
1,2,5,85.0,63.0,3.0,0,2.1525843932899273,109
1,1,2,25.0,52.0,1.0,0,3.1468503984073806,20
1,2,4,43.0,63.0,2.0,0,1.1540738376140542,132
0,3,5,13.0,44.0,2.0,0,0.7998193199358958,14
1,3,4,55.0,65.0,5.0,0,1.3057375402780922,90
1,1,4,47.0,58.0,5.0,0,0.882422910314328,98
1,2,2,14.0,1.0,1.0,1,0.43570331035474735,88
0,1,1,35.0,35.0,1.0,0,2.9109931214944536,19
1,2,3,21.0,2.0,1.0,1,0.6949655572634905,82
0,2,4,48.0,47.0,2.0,1,1.2575552095003095,109
1,2,4,42.0,26.0,5.0,0,1.9167271163770008,110
1,3,2,77.0,4.0,4.0,0,0.20404812460025054,67
1,2,5,31.0,5.0,2.0,0,2.4418057561565933,66
0,3,5,3.0,46.0,2.0,0,0.27027853651357636,10
1,3,5,56.0,68.0,5.0,0,1.547211758535589,160
0,3,5,86.0,63.0,5.0,0,1.5886223502669583,156
1,2,1,27.0,35.0,2.0,0,2.9938143049571924,19
0,1,5,74.0,54.0,4.0,0,2.6598750044182737,113
1,1,5,61.0,67.0,3.0,0,0.8660072724492315,108
1,3,5,34.0,8.0,2.0,0,2.2101930298020864,92
1,3,5,57.0,86.0,1.0,0,3.467748239302396,178
0,3,4,12.0,46.0,4.0,0,0.46472522169513364,7
1,3,5,33.0,35.0,5.0,0,0.20404812460025054,39
1,1,5,60.0,2.0,2.0,0,3.7324098344714027,59
0,2,5,42.0,91.0,2.0,0,2.5815159645982613,58
1,1,5,48.0,47.0,5.0,0,2.3470310784714847,157
0,3,1,34.0,96.0,5.0,1,1.4119636937366473,172
1,3,2,62.0,20.0,2.0,1,0.3060721869003758,81
0,2,4,62.0,15.0,1.0,0,1.9237164485077205,132
1,2,2,4.0,35.0,1.0,0,2.5772714140398416,37
1,3,5,90.0,40.0,5.0,0,2.282215516744299,122
1,3,3,82.0,33.0,1.0,0,2.4820615501861196,84
0,3,2,40.0,43.0,2.0,0,2.3994579598076875,25
1,3,3,52.0,22.0,3.0,0,1.7873135860069358,125
