external,year,test_1,session_3,session_4,test_2,session_5,test_3,dropout,outside_interaction,first_sessions
False,3,5,40.0,67.0,5.0,69.0,5.0,False,2.8855746727615808,148
True,1,1,76.0,77.0,5.0,35.0,1.0,False,3.565811681270571,94
True,1,1,46.0,36.0,3.0,93.0,4.0,False,4.306758770450312,12
True,1,1,23.0,33.0,2.0,90.0,3.0,False,4.949829737786352,7
False,3,5,15.0,69.0,1.0,67.0,1.0,True,1.8701347694696746,154
True,2,1,22.0,40.0,3.0,72.0,4.0,False,3.475281554143883,34
True,1,5,91.0,25.0,3.0,47.0,4.0,False,3.687984870285455,111
True,3,5,93.0,35.0,5.0,48.0,3.0,False,2.9557895827490297,84
True,2,5,10.0,22.0,2.0,1.0,4.0,False,1.0754972047097353,101
True,2,5,39.0,51.0,5.0,32.0,1.0,False,1.5717715262332483,63
False,2,2,22.0,31.0,1.0,47.0,3.0,False,3.609344548281151,15
True,1,5,50.0,62.0,2.0,23.0,1.0,False,1.6072053708534333,89
True,1,5,88.0,55.0,1.0,40.0,2.0,False,1.3506427980748215,88
False,2,2,57.0,49.0,2.0,64.0,3.0,False,4.430337766391499,18
False,1,2,36.0,51.0,2.0,64.0,3.0,False,5.347148520166322,29
True,2,5,17.0,31.0,2.0,46.0,2.0,True,1.047847684155499,61
True,3,3,68.0,41.0,4.0,10.0,1.0,False,4.5454913503158325,102
True,3,2,35.0,62.0,4.0,51.0,2.0,True,0.6589543137923842,39
False,1,2,31.0,46.0,3.0,78.0,3.0,False,3.2450746347156807,20
True,1,5,4.0,83.0,1.0,19.0,2.0,False,1.960664896596363,20
False,2,5,73.0,43.0,5.0,56.0,2.0,True,1.96649943102524,120
True,2,2,43.0,35.0,4.0,94.0,3.0,False,5.735715500902977,24
True,1,5,89.0,83.0,3.0,48.0,1.0,True,1.872444364873361,54
True,1,2,35.0,39.0,3.0,47.0,2.0,False,4.612568256824212,38
True,1,1,66.0,54.0,3.0,14.0,5.0,False,3.6798858478950596,91
False,3,5,3.0,39.0,5.0,33.0,5.0,False,1.0052822947222864,7
False,3,1,4.0,49.0,2.0,33.0,4.0,False,0.8294186301272037,8
True,2,2,70.0,5.0,2.0,64.0,3.0,False,1.985941132646928,61
False,3,4,82.0,41.0,3.0,65.0,1.0,False,2.498739888577691,162
False,3,5,50.0,20.0,3.0,79.0,1.0,True,1.47000751641742,70
False,3,2,59.0,34.0,1.0,49.0,5.0,False,6.980709544370164,13
False,1,3,11.0,7.0,1.0,10.0,3.0,False,6.643121673781565,121
False,3,1,50.0,42.0,2.0,70.0,2.0,False,3.898629600247802,15
False,3,5,89.0,4.0,5.0,47.0,5.0,False,3.5286456400976216,134
True,1,5,81.0,0.0,3.0,43.0,1.0,True,0.8934391999191611,123
True,3,1,76.0,46.0,4.0,2.0,2.0,False,1.8718669660224396,88
False,2,1,26.0,47.0,1.0,97.0,3.0,False,5.503776384922009,26
False,2,2,11.0,97.0,5.0,74.0,3.0,False,3.8922627744101717,115
False,2,1,11.0,26.0,2.0,34.0,2.0,False,0.8729514971377832,14
True,1,2,75.0,56.0,4.0,41.0,5.0,False,3.106703400920008,106
False,1,1,8.0,68.0,2.0,88.0,4.0,False,4.766946468100719,112
True,3,1,67.0,51.0,4.0,31.0,5.0,False,1.7209531478514615,161
True,1,2,41.0,33.0,1.0,51.0,4.0,False,4.0873622388446496,34
True,2,1,62.0,55.0,5.0,45.0,2.0,False,2.1530529955986957,95
False,3,1,20.0,30.0,5.0,83.0,1.0,True,0.9294504433902673,97
False,1,4,14.0,56.0,1.0,16.0,3.0,False,4.868478050349903,128
False,2,5,11.0,8.0,4.0,40.0,4.0,False,0.40541780477036454,9
True,3,1,88.0,41.0,4.0,57.0,4.0,False,3.617769960298006,102
False,3,5,8.0,40.0,3.0,29.0,2.0,False,0.8729514971377832,18
False,3,4,67.0,55.0,2.0,85.0,5.0,False,3.2183925917388114,124
True,3,1,81.0,98.0,2.0,1.0,2.0,False,2.4180409803941623,87
False,3,1,3.0,21.0,5.0,38.0,5.0,False,0.8729514971377832,15
True,2,5,14.0,16.0,5.0,28.0,2.0,True,1.1887126902990104,98
True,1,5,88.0,64.0,3.0,41.0,1.0,False,3.3882158201227237,113
True,2,1,43.0,33.0,3.0,69.0,4.0,False,3.9168862312078163,76
True,3,4,13.0,22.0,4.0,45.0,5.0,False,0.5377486023548677,7
True,2,2,80.0,94.0,4.0,61.0,5.0,False,2.2569695536535646,75
False,3,5,5.0,55.0,4.0,41.0,5.0,False,1.3320597774883467,10
False,3,1,8.0,32.0,3.0,34.0,4.0,False,1.0403897497160108,20
True,2,5,58.0,24.0,2.0,7.0,1.0,False,4.3766472908113,138
False,3,5,5.0,55.0,4.0,35.0,5.0,False,0.40541780477036454,19
True,3,4,6.0,16.0,3.0,25.0,4.0,False,0.6785048119562258,14
False,3,1,43.0,16.0,5.0,55.0,5.0,False,2.303966813769674,69
True,3,5,99.0,52.0,1.0,17.0,2.0,False,1.340485189505202,50
False,2,2,22.0,44.0,2.0,45.0,3.0,False,4.052254783850924,20
True,3,4,66.0,71.0,1.0,43.0,2.0,False,2.355925092797108,51
False,3,3,84.0,74.0,5.0,72.0,1.0,False,3.6981424788550745,142
True,1,4,68.0,67.0,4.0,15.0,2.0,True,1.389931114526981,62
True,1,4,69.0,27.0,4.0,15.0,4.0,False,1.1126632458826848,86
False,2,2,53.0,42.0,2.0,56.0,5.0,False,5.832612453867295,28
True,2,4,83.0,94.0,1.0,55.0,5.0,False,3.2927246740847096,150
False,2,1,12.0,34.0,1.0,40.0,4.0,False,0.8294186301272037,5
True,2,4,52.0,14.0,5.0,27.0,2.0,False,2.8066079611308163,144
False,2,5,5.0,22.0,2.0,33.0,2.0,False,0.6349719449456463,14
True,1,3,88.0,55.0,3.0,28.0,5.0,False,1.1913035678869888,96
True,2,4,61.0,37.0,5.0,89.0,1.0,False,2.6124876655757197,88
True,3,1,64.0,27.0,4.0,59.0,1.0,False,2.355925092797108,79
True,3,5,35.0,47.0,5.0,42.0,2.0,False,1.758119189024411,164
True,3,5,1.0,18.0,2.0,29.0,4.0,False,0.9617494277117069,9
False,3,2,20.0,51.0,2.0,56.0,3.0,False,5.300904287723598,8
False,3,2,48.0,49.0,4.0,90.0,2.0,True,2.424235320589654,53
False,3,1,81.0,86.0,2.0,9.0,3.0,False,2.6577527291390632,162
False,2,1,46.0,37.0,4.0,96.0,4.0,False,4.136282762813479,39
True,1,5,95.0,75.0,5.0,66.0,4.0,False,2.7964503525611972,71
False,3,1,53.0,31.0,3.0,98.0,3.0,False,5.295516630765348,20
True,3,2,29.0,55.0,3.0,6.0,5.0,False,1.2885269104777675,172
True,1,2,15.0,43.0,5.0,52.0,3.0,False,1.3050513448850172,76
True,3,5,47.0,6.0,3.0,21.0,2.0,False,0.8209932181103486,188
False,3,1,4.0,37.0,3.0,26.0,2.0,False,0.732195287536425,14
True,3,5,43.0,28.0,1.0,57.0,5.0,False,3.0800213579431377,166
False,1,2,44.0,30.0,2.0,60.0,3.0,False,4.76315568536873,15
True,3,4,30.0,64.0,3.0,59.0,4.0,False,1.2267374125071733,99
False,2,2,28.0,31.0,1.0,77.0,4.0,False,5.136177400577514,24
False,1,2,55.0,47.0,4.0,55.0,5.0,False,6.0021092926247475,31
True,2,5,8.0,85.0,1.0,37.0,2.0,False,1.9069744210161637,108
False,2,5,4.0,55.0,1.0,25.0,1.0,False,1.3320597774883467,8
False,1,2,22.0,46.0,2.0,70.0,1.0,False,5.760338957700622,23
False,3,1,2.0,37.0,5.0,31.0,5.0,False,0.6349719449456463,25
True,2,1,73.0,99.0,4.0,9.0,2.0,False,4.306432380823852,105
True,2,2,53.0,33.0,2.0,75.0,3.0,False,4.78412368176089,8
False,3,5,1.0,41.0,2.0,25.0,4.0,False,1.0673981823193406,20
False,3,2,93.0,29.0,5.0,77.0,2.0,True,0.0,104
False,3,5,6.0,46.0,5.0,36.0,5.0,False,0.7673027425301494,12
False,3,5,99.0,70.0,4.0,94.0,3.0,False,2.072354087415167,67
True,3,1,3.0,33.0,3.0,42.0,4.0,False,0.9701748397285618,19
True,1,1,58.0,47.0,3.0,50.0,1.0,False,3.1937691349411663,37
True,1,3,51.0,84.0,5.0,36.0,3.0,False,3.2018681573315617,146
True,2,2,34.0,76.0,2.0,46.0,2.0,True,2.0020754883277325,100
True,3,3,50.0,55.0,4.0,16.0,3.0,False,2.769441919957867,98
True,1,2,89.0,67.0,5.0,20.0,3.0,False,2.603735863932404,129
True,3,5,50.0,55.0,4.0,91.0,3.0,False,3.0260044927364786,84
False,1,1,32.0,48.0,3.0,30.0,3.0,False,4.086709459591729,69
True,3,2,48.0,11.0,3.0,49.0,2.0,True,0.0,145
True,3,2,1.0,30.0,4.0,23.0,3.0,True,1.5663721779729851,113
False,3,1,46.0,45.0,2.0,57.0,4.0,False,5.948745206671009,14
True,3,2,19.0,13.0,3.0,44.0,2.0,False,1.1747791334797388,112
False,1,4,51.0,53.0,3.0,18.0,5.0,False,2.937206562162555,59
False,1,1,82.0,55.0,1.0,42.0,2.0,False,3.468588338679792,160
False,1,1,28.0,7.0,2.0,22.0,4.0,False,2.94563197417941,135
False,2,5,8.0,16.0,1.0,35.0,5.0,False,0.9266419727179824,16
True,1,4,2.0,9.0,4.0,37.0,3.0,True,1.2602999910726094,105
True,3,1,40.0,28.0,1.0,28.0,1.0,True,1.6131821179646177,14
False,3,5,2.0,11.0,3.0,37.0,4.0,False,1.1997289799038438,8
True,3,3,64.0,64.0,3.0,84.0,1.0,False,3.236975612325286,99
False,2,5,3.0,44.0,3.0,36.0,5.0,False,1.3320597774883467,9
False,2,5,79.0,71.0,2.0,79.0,2.0,False,4.341539835817575,136
True,3,5,12.0,54.0,2.0,41.0,2.0,False,0.40541780477036454,5
True,3,5,50.0,78.0,3.0,53.0,2.0,False,2.312392225786528,71
False,2,5,81.0,18.0,2.0,38.0,2.0,False,3.795365821445853,143
True,3,4,61.0,33.0,4.0,46.0,2.0,False,3.687984870285455,113
True,3,5,17.0,65.0,1.0,32.0,4.0,False,3.9192712070135016,57
False,3,5,7.0,42.0,4.0,37.0,4.0,False,1.102505637313065,15
True,1,1,54.0,4.0,5.0,98.0,1.0,False,1.977189331003613,46
True,1,4,20.0,63.0,2.0,31.0,2.0,False,3.4223441062370674,67
False,2,5,65.0,40.0,5.0,19.0,2.0,False,2.9206821277553052,128
True,3,5,59.0,17.0,5.0,49.0,1.0,False,5.7353891112765165,99
False,3,4,18.0,77.0,4.0,73.0,1.0,True,1.8368683075708683,79
False,3,5,1.0,48.0,2.0,31.0,4.0,False,0.8108356095407291,18
False,3,2,71.0,60.0,5.0,17.0,5.0,False,2.4696728697951364,141
True,2,1,34.0,30.0,2.0,38.0,2.0,True,1.800857064099762,118
False,3,2,27.0,62.0,3.0,87.0,1.0,True,1.2602999910726094,174
False,3,5,9.0,14.0,1.0,27.0,2.0,False,1.102505637313065,15
True,2,5,95.0,72.0,4.0,33.0,4.0,False,2.9020991071688305,118
True,2,4,42.0,34.0,4.0,67.0,3.0,False,3.3693064099097887,143
True,3,4,72.0,68.0,5.0,22.0,4.0,False,2.117945540604971,96
False,3,1,70.0,37.0,3.0,70.0,4.0,False,3.1502362679305866,168
False,1,5,72.0,4.0,2.0,78.0,5.0,False,4.668317318583637,131
False,3,4,12.0,8.0,4.0,25.0,5.0,False,0.6349719449456463,18
True,2,4,8.0,43.0,3.0,45.0,4.0,False,1.1997289799038438,19
False,3,1,13.0,53.0,1.0,39.0,5.0,False,0.7673027425301494,15
True,1,1,30.0,38.0,2.0,57.0,1.0,False,3.66907546007252,24
True,3,1,18.0,48.0,2.0,81.0,4.0,False,3.66303502386135,176
True,3,5,66.0,69.0,3.0,1.0,5.0,False,2.577380210581995,46
False,1,2,31.0,48.0,4.0,62.0,4.0,False,4.161558998864043,14
False,2,5,78.0,82.0,3.0,50.0,4.0,False,3.0260044927364786,96
False,2,2,90.0,53.0,2.0,98.0,4.0,False,5.222263965719294,90
True,3,3,22.0,26.0,5.0,20.0,3.0,True,0.5293231903380127,86
True,3,5,14.0,58.0,3.0,67.0,1.0,False,4.781738705955204,85
True,1,3,37.0,40.0,2.0,4.0,1.0,False,2.1098465182145762,115
False,1,1,41.0,50.0,4.0,56.0,5.0,False,3.8824315554670124,18
True,3,4,40.0,92.0,3.0,57.0,3.0,False,2.101421106197721,160
False,2,5,8.0,55.0,5.0,35.0,5.0,False,0.732195287536425,14
False,2,2,31.0,52.0,1.0,97.0,3.0,False,3.104971204367243,15
True,3,3,54.0,68.0,2.0,50.0,1.0,False,3.239034198504511,136
True,3,1,20.0,47.0,3.0,3.0,2.0,False,4.42654698365951,97
True,3,2,40.0,24.0,5.0,57.0,1.0,False,2.628685710356509,167
False,2,3,89.0,36.0,2.0,79.0,2.0,False,3.4310959078803833,92
False,3,5,54.0,99.0,5.0,71.0,5.0,False,2.691127987580024,148
True,2,3,24.0,4.0,3.0,24.0,3.0,False,2.0831644752377065,98
True,3,1,3.0,49.0,4.0,26.0,1.0,False,1.3320597774883467,20
True,3,5,94.0,34.0,5.0,8.0,5.0,False,3.512121205690372,74
False,1,1,93.0,65.0,4.0,50.0,1.0,False,2.8504672177678563,35
False,3,2,21.0,35.0,4.0,50.0,2.0,False,4.244316493226798,107
True,3,5,70.0,5.0,2.0,19.0,5.0,False,1.9069744210161637,54
True,3,5,53.0,73.0,5.0,70.0,3.0,False,1.7995934698557656,171
True,3,5,99.0,58.0,4.0,42.0,4.0,False,2.8336163937341463,133
False,3,5,89.0,78.0,2.0,36.0,4.0,False,6.740345016372342,142
True,1,4,53.0,6.0,4.0,35.0,2.0,True,0.9294504433902673,121
False,3,5,9.0,24.0,3.0,31.0,4.0,False,0.7757281545470045,16
True,3,4,72.0,42.0,5.0,0.0,2.0,False,2.0642550650247715,186
False,3,3,14.0,52.0,1.0,93.0,2.0,False,4.4711592679699335,107
True,3,5,9.0,56.0,1.0,3.0,4.0,False,3.7335763234752593,135
True,3,5,1.0,30.0,5.0,37.0,5.0,False,0.8645260851209282,7
True,3,5,50.0,66.0,1.0,76.0,1.0,False,2.355925092797108,100
True,3,5,56.0,45.0,3.0,46.0,3.0,False,0.9533240156948519,90
True,3,3,81.0,6.0,1.0,18.0,5.0,False,2.3640241151875028,132
True,1,2,29.0,52.0,2.0,60.0,1.0,False,6.643448063408024,5
True,3,5,67.0,75.0,2.0,38.0,4.0,False,0.8831091057074028,126
False,3,2,23.0,34.0,2.0,69.0,2.0,False,5.814355822907281,24
True,3,5,79.0,36.0,5.0,89.0,5.0,False,3.2909924775319457,122
True,2,1,57.0,34.0,5.0,17.0,5.0,False,1.5616139176636288,146
False,3,4,11.0,56.0,3.0,49.0,5.0,False,1.0589727703024856,9
True,2,5,55.0,31.0,3.0,72.0,5.0,False,1.6753616946616572,63
False,2,1,92.0,63.0,5.0,49.0,4.0,False,3.261925458749391,90
True,3,2,52.0,54.0,5.0,28.0,3.0,False,0.802410197523874,22
True,3,3,79.0,88.0,3.0,20.0,4.0,False,5.937934818848468,66
False,1,1,59.0,42.0,2.0,59.0,1.0,False,6.413893923232742,16
False,3,5,4.0,17.0,4.0,34.0,2.0,False,0.7757281545470045,19
False,2,3,19.0,22.0,3.0,34.0,4.0,False,2.919702958875925,165
True,3,3,93.0,37.0,3.0,40.0,5.0,False,4.869130829602824,113
True,2,2,65.0,63.0,3.0,41.0,1.0,True,1.059081566844639,88
False,2,1,43.0,42.0,1.0,72.0,3.0,False,6.486167419399416,17
True,3,5,12.0,98.0,4.0,28.0,1.0,False,1.102505637313065,137
False,3,1,94.0,17.0,5.0,56.0,3.0,True,1.0343042060626726,117
False,3,2,36.0,54.0,2.0,50.0,4.0,False,5.4359464507402455,32
False,3,4,11.0,8.0,3.0,24.0,4.0,False,1.0589727703024856,25
True,1,5,27.0,43.0,2.0,18.0,2.0,False,2.092995694180866,111
True,3,1,96.0,47.0,4.0,53.0,4.0,False,3.1955013314939316,121
True,3,5,7.0,35.0,2.0,35.0,5.0,False,0.7943111751334793,19
False,2,4,39.0,42.0,3.0,71.0,2.0,True,0.38889337036311467,119
True,3,5,72.0,41.0,3.0,67.0,1.0,False,3.8824315554670124,115
True,3,5,65.0,77.0,3.0,32.0,1.0,False,1.4829735956593246,117
True,3,3,88.0,4.0,1.0,67.0,3.0,False,4.719296428731691,114
True,3,1,65.0,76.0,4.0,62.0,4.0,False,2.9638886051394246,137
True,2,4,68.0,67.0,5.0,75.0,1.0,False,2.8069343507572766,89
True,3,2,70.0,38.0,3.0,19.0,5.0,False,0.7507783081228997,125
True,2,5,90.0,63.0,5.0,86.0,4.0,False,1.6774202808408822,149
True,1,2,40.0,39.0,3.0,76.0,4.0,False,4.598102408596187,19
False,1,2,48.0,48.0,2.0,97.0,3.0,False,6.397695878451953,15
False,3,5,58.0,88.0,2.0,14.0,1.0,False,3.495596771283122,98
True,3,1,62.0,74.0,4.0,49.0,3.0,False,3.389948016675488,80
True,2,5,43.0,17.0,5.0,7.0,1.0,False,2.3808749392212127,131
False,3,2,41.0,52.0,3.0,89.0,3.0,False,4.153459976473648,35
True,2,5,40.0,73.0,2.0,29.0,4.0,False,2.390706158164372,162
False,2,1,28.0,51.0,2.0,80.0,3.0,False,4.126451543870319,24
False,3,5,44.0,29.0,3.0,94.0,2.0,True,1.96375464945294,159
False,1,1,40.0,50.0,2.0,48.0,1.0,False,4.1818742160032825,11
False,3,5,8.0,15.0,2.0,39.0,5.0,False,0.8108356095407291,17
True,3,3,10.0,12.0,1.0,32.0,1.0,True,1.883678247562501,72
True,2,3,66.0,49.0,5.0,55.0,5.0,False,3.5742370932874263,162
False,1,5,89.0,81.0,1.0,24.0,1.0,False,4.174101583239349,114
False,3,2,26.0,43.0,2.0,55.0,3.0,False,6.29204712384432,40
False,3,5,13.0,56.0,4.0,44.0,4.0,False,1.0589727703024856,19
True,3,4,56.0,60.0,1.0,70.0,1.0,False,1.7125277358346067,165
False,1,3,33.0,38.0,1.0,94.0,4.0,False,6.28123673602178,71
True,1,5,98.0,21.0,4.0,84.0,2.0,False,5.195908312368884,56
True,1,2,68.0,9.0,4.0,49.0,4.0,False,3.733249933848799,165
False,3,1,2.0,32.0,4.0,31.0,2.0,False,0.9431664071252321,18
True,3,5,12.0,55.0,3.0,44.0,2.0,False,1.1997289799038438,18
True,2,5,73.0,18.0,3.0,23.0,1.0,False,3.6009191362642956,183
False,2,1,8.0,28.0,4.0,26.0,1.0,False,0.7673027425301494,11
False,3,3,73.0,71.0,4.0,42.0,5.0,False,3.149909878304127,162
True,3,4,46.0,82.0,4.0,37.0,2.0,True,1.2242887476015032,132
True,3,5,10.0,12.0,1.0,37.0,4.0,False,0.6700793999393708,12
False,2,1,48.0,31.0,3.0,47.0,5.0,False,4.118352521479924,24
False,3,1,8.0,48.0,4.0,37.0,5.0,False,0.9266419727179824,19
True,2,5,83.0,69.0,5.0,94.0,1.0,False,2.7448184631602226,66
True,3,1,8.0,26.0,2.0,47.0,5.0,False,1.0403897497160108,16
True,2,3,18.0,56.0,5.0,78.0,2.0,False,2.5317887573921904,139
True,2,5,82.0,37.0,4.0,21.0,1.0,False,3.3797904081058685,150
False,3,1,33.0,42.0,4.0,85.0,3.0,False,4.379032266616985,7
False,2,5,8.0,51.0,3.0,28.0,4.0,False,1.0403897497160108,15
True,3,5,72.0,83.0,5.0,33.0,4.0,False,2.639169708552589,143
True,3,5,99.0,66.0,5.0,26.0,1.0,False,2.91225671573845,117
False,3,4,3.0,16.0,4.0,32.0,5.0,False,0.8108356095407291,14
False,3,4,11.0,26.0,3.0,37.0,4.0,False,1.0403897497160108,11
False,2,2,49.0,36.0,2.0,88.0,3.0,False,3.253500046732536,34
False,3,5,2.0,30.0,4.0,47.0,2.0,False,0.6700793999393708,18
False,1,1,31.0,36.0,3.0,47.0,3.0,False,5.319487308310073,31
True,1,5,24.0,6.0,2.0,45.0,5.0,False,1.4373821424695201,59
False,2,2,45.0,53.0,2.0,50.0,1.0,False,3.131326857717652,31
True,3,2,4.0,51.0,3.0,17.0,2.0,False,1.8718669660224396,22
True,1,1,15.0,48.0,1.0,18.0,2.0,True,0.8714066207094948,98
False,3,5,13.0,49.0,3.0,47.0,5.0,False,0.9617494277117069,9
True,3,1,68.0,50.0,5.0,78.0,4.0,False,2.9723140171562794,130
True,1,2,98.0,2.0,5.0,47.0,2.0,False,2.566569822759455,97
True,3,5,72.0,76.0,5.0,92.0,1.0,False,3.396314842513119,130
False,2,1,21.0,32.0,1.0,66.0,3.0,False,5.675331809858688,26
False,2,1,28.0,35.0,1.0,77.0,4.0,False,3.582336115677821,25
False,3,5,13.0,42.0,3.0,49.0,5.0,False,0.6785048119562258,17
False,3,1,13.0,17.0,5.0,27.0,1.0,False,0.7943111751334793,11
True,3,3,77.0,58.0,4.0,68.0,4.0,False,1.7725850372524357,170
False,3,5,8.0,32.0,1.0,27.0,4.0,False,1.2348364348975682,20
True,3,5,13.0,19.0,5.0,47.0,5.0,False,0.9266419727179824,9
False,3,1,62.0,92.0,4.0,38.0,4.0,False,1.9339828536194934,115
False,3,5,5.0,40.0,4.0,31.0,2.0,False,1.0052822947222864,17
False,3,2,31.0,15.0,4.0,94.0,4.0,True,1.6824598233345305,100
False,3,4,83.0,5.0,5.0,29.0,5.0,False,2.107787932035351,132
True,3,1,80.0,51.0,5.0,28.0,5.0,False,3.7420017354921145,171
False,3,5,2.0,33.0,3.0,45.0,2.0,False,0.6700793999393708,14
True,2,1,13.0,38.0,2.0,14.0,1.0,True,0.9182165607011274,78
False,1,2,44.0,78.0,5.0,70.0,1.0,False,4.446209421545829,58
False,2,2,56.0,36.0,2.0,58.0,5.0,False,4.614300453376977,21
True,2,4,46.0,56.0,5.0,57.0,3.0,False,1.8367595110287147,152
False,3,4,8.0,14.0,5.0,41.0,5.0,False,1.0673981823193406,8
False,3,5,9.0,21.0,5.0,44.0,4.0,False,0.6700793999393708,17
True,3,1,60.0,45.0,4.0,61.0,1.0,False,3.034429904753334,90
False,3,5,82.0,92.0,5.0,66.0,1.0,False,4.7982631403624545,147
True,1,2,51.0,31.0,2.0,86.0,2.0,False,4.7901641179720595,19
True,3,4,56.0,42.0,5.0,80.0,5.0,False,2.0207221980141923,164
False,2,5,47.0,11.0,4.0,0.0,1.0,False,3.1232278353272576,188
False,3,2,62.0,45.0,3.0,13.0,4.0,False,2.802817178398827,80
True,3,5,69.0,67.0,4.0,49.0,1.0,False,2.2232679055861446,153
True,1,2,64.0,2.0,3.0,19.0,1.0,False,2.2958677913792784,57
False,3,5,4.0,26.0,2.0,47.0,5.0,False,0.7943111751334793,8
True,2,2,69.0,24.0,4.0,56.0,1.0,False,2.9659471913186493,90
True,2,3,86.0,96.0,2.0,57.0,1.0,False,4.078284047574874,154
True,1,2,71.0,94.0,3.0,60.0,3.0,False,1.085654813279355,60
True,2,5,52.0,37.0,5.0,9.0,1.0,False,2.936880172536095,151
True,3,5,74.0,20.0,3.0,89.0,1.0,False,2.5149379333584805,107
False,3,4,6.0,44.0,3.0,49.0,5.0,False,1.102505637313065,5
False,2,1,32.0,35.0,2.0,88.0,3.0,False,5.233400743168294,25
True,1,4,54.0,43.0,3.0,17.0,1.0,False,3.0445875133229534,86
False,3,1,12.0,44.0,5.0,43.0,4.0,False,0.7757281545470045,14
False,2,2,25.0,39.0,3.0,59.0,3.0,False,4.499146869452644,32
True,2,5,80.0,22.0,3.0,70.0,1.0,False,4.245722300153101,60
False,3,5,3.0,57.0,4.0,49.0,4.0,False,0.7757281545470045,5
False,2,1,47.0,81.0,2.0,74.0,5.0,False,3.0759041855846885,108
True,2,2,22.0,51.0,1.0,93.0,4.0,False,3.086388183780768,27
True,2,5,20.0,98.0,5.0,9.0,2.0,False,1.2348364348975682,140
False,1,1,33.0,46.0,2.0,60.0,5.0,False,2.8318841971813815,8
False,2,1,27.0,44.0,4.0,74.0,4.0,False,4.130895105855228,28
True,1,1,71.0,13.0,4.0,22.0,3.0,False,1.3506427980748215,37
False,2,4,4.0,8.0,5.0,38.0,1.0,False,0.9266419727179824,6
False,2,5,80.0,73.0,4.0,78.0,3.0,False,3.4995786213150675,82
True,3,5,99.0,60.0,3.0,33.0,1.0,False,3.6798858478950596,109
True,1,5,76.0,48.0,5.0,30.0,4.0,False,4.289255167163681,93
True,3,5,81.0,24.0,3.0,12.0,1.0,False,3.5472286606840964,100
True,2,2,25.0,99.0,1.0,7.0,4.0,False,1.5015566162457994,77
True,3,1,52.0,24.0,3.0,94.0,2.0,False,3.088120380333533,99
True,1,5,32.0,56.0,1.0,85.0,1.0,True,2.0020754883277325,166
True,1,1,85.0,74.0,5.0,11.0,1.0,False,3.0965457923503883,75
True,2,1,78.0,70.0,5.0,40.0,1.0,False,2.277284770792804,117
False,3,4,4.0,38.0,2.0,36.0,5.0,False,1.0673981823193406,19
True,3,4,50.0,74.0,4.0,94.0,4.0,False,3.4067988407091985,69
True,3,5,82.0,48.0,1.0,74.0,2.0,False,1.7476351908283312,88
True,1,5,67.0,62.0,5.0,7.0,3.0,False,1.7911680578389104,112
True,3,4,60.0,61.0,3.0,39.0,2.0,True,1.5415948171910188,107
False,3,2,25.0,33.0,4.0,84.0,4.0,False,5.241173375932228,31
True,2,1,67.0,44.0,1.0,4.0,4.0,False,3.25555863291176,131
True,1,1,82.0,4.0,1.0,26.0,2.0,True,1.0370489876349724,62
True,2,4,82.0,66.0,1.0,27.0,4.0,False,4.518482917712503,125
True,2,2,81.0,88.0,5.0,7.0,4.0,False,2.9662735809451095,156
False,1,1,34.0,39.0,4.0,46.0,4.0,False,5.419422016332996,18
False,3,4,26.0,63.0,3.0,87.0,1.0,True,2.835161270162435,101
True,1,5,51.0,43.0,2.0,8.0,4.0,False,1.6338874138303026,121
False,2,1,8.0,40.0,2.0,32.0,4.0,False,0.40541780477036454,8
False,3,5,4.0,23.0,2.0,49.0,2.0,False,0.732195287536425,15
True,3,3,92.0,33.0,2.0,0.0,2.0,False,3.3095754981184196,130
True,2,4,58.0,19.0,3.0,44.0,1.0,True,1.166680111089344,82
False,2,5,12.0,23.0,4.0,40.0,2.0,False,0.8294186301272037,24
False,2,2,35.0,35.0,2.0,94.0,4.0,False,3.598860550085071,33
True,3,4,95.0,24.0,1.0,99.0,1.0,False,2.947364170732175,113
False,2,4,11.0,31.0,3.0,39.0,5.0,False,0.7673027425301494,12
True,1,2,71.0,7.0,3.0,27.0,2.0,True,1.7072371841164968,132
False,3,5,12.0,39.0,4.0,30.0,4.0,False,0.732195287536425,11
True,3,1,85.0,73.0,4.0,68.0,5.0,False,3.344682953112144,115
True,1,2,64.0,33.0,3.0,12.0,3.0,False,2.5402141694090457,131
True,3,5,56.0,65.0,3.0,87.0,1.0,False,1.4913990076761796,107
False,1,2,31.0,84.0,2.0,4.0,5.0,False,2.91225671573845,141
False,1,1,52.0,45.0,2.0,64.0,4.0,False,5.162206664301465,31
False,1,2,49.0,90.0,1.0,3.0,4.0,False,3.9357956414207513,163
False,2,4,13.0,23.0,2.0,39.0,1.0,False,0.5998644899519219,17
True,2,4,60.0,71.0,3.0,58.0,2.0,False,3.042855316770189,71
True,3,5,52.0,25.0,5.0,43.0,4.0,False,2.8048757645780524,100
True,1,5,71.0,96.0,3.0,41.0,3.0,False,3.3281585187048943,146
True,3,5,87.0,64.0,4.0,63.0,4.0,False,2.2070698608053547,106
True,3,4,82.0,43.0,5.0,49.0,4.0,False,3.5307042262768467,111
True,2,5,20.0,16.0,3.0,40.0,5.0,False,0.22955414017528186,75
True,2,1,51.0,36.0,3.0,88.0,3.0,False,6.29172073421786,18
False,2,5,1.0,8.0,1.0,39.0,4.0,False,0.8645260851209282,11
True,1,5,54.0,93.0,3.0,77.0,5.0,False,2.6928601841327877,138
True,1,4,68.0,40.0,1.0,61.0,2.0,True,1.2715338737617494,52
False,2,1,2.0,41.0,3.0,31.0,5.0,False,0.6700793999393708,11
False,3,1,6.0,37.0,2.0,28.0,4.0,False,1.0403897497160108,15
True,1,1,26.0,41.0,2.0,71.0,3.0,False,5.206718700191424,41
False,1,1,25.0,40.0,1.0,96.0,4.0,False,4.190299628020138,21
True,2,4,12.0,48.0,5.0,25.0,2.0,False,0.9431664071252321,10
False,3,1,43.0,53.0,2.0,91.0,4.0,False,4.207150452053847,32
True,1,5,11.0,79.0,2.0,58.0,2.0,True,1.9552655483361,45
False,1,3,39.0,96.0,1.0,90.0,2.0,False,4.03236620475861,102
True,3,1,77.0,42.0,1.0,98.0,1.0,False,3.7501007578825085,122
True,3,1,95.0,49.0,2.0,20.0,1.0,False,2.6827025755631686,114
True,3,5,51.0,60.0,3.0,64.0,1.0,True,1.166680111089344,36
False,2,1,40.0,32.0,2.0,72.0,4.0,False,1.975457134450848,41
False,3,2,55.0,54.0,3.0,90.0,5.0,False,6.105373071426696,104
True,1,1,30.0,40.0,1.0,84.0,1.0,False,6.503018243433126,27
True,2,1,27.0,44.0,4.0,23.0,3.0,True,0.9542278041722336,142
True,1,2,11.0,67.0,1.0,44.0,5.0,False,4.700713408145216,123
True,2,5,81.0,18.0,4.0,23.0,3.0,False,2.161478407615551,120
False,3,5,68.0,30.0,3.0,92.0,1.0,True,1.9772981275457662,42
True,1,5,76.0,47.0,5.0,51.0,2.0,False,2.6104290793964946,132
True,3,2,50.0,44.0,4.0,50.0,1.0,False,2.4531484353878863,136
False,2,4,8.0,55.0,4.0,48.0,2.0,False,1.2348364348975682,16
True,3,2,80.0,32.0,5.0,52.0,5.0,False,2.6827025755631686,150
False,1,2,54.0,46.0,3.0,45.0,5.0,False,2.6974948134176535,28
False,1,2,16.0,38.0,4.0,75.0,5.0,False,4.930920327573418,73
True,3,1,50.0,33.0,4.0,52.0,3.0,False,2.937206562162555,136
True,2,5,10.0,21.0,3.0,25.0,5.0,False,0.9701748397285618,20
True,2,5,53.0,32.0,5.0,8.0,2.0,False,2.5875378191516143,156
True,3,4,10.0,12.0,3.0,32.0,5.0,False,0.5026411473611432,14
False,2,3,71.0,11.0,5.0,38.0,1.0,False,3.705915111619009,141
False,2,4,40.0,33.0,2.0,24.0,3.0,False,2.8954058917047405,136
True,3,2,45.0,59.0,3.0,30.0,2.0,True,0.12963112345437156,121
True,2,2,67.0,73.0,5.0,6.0,2.0,False,2.5398877797825854,37
True,3,4,67.0,20.0,2.0,62.0,1.0,False,3.2990914999223397,123
True,3,5,55.0,54.0,5.0,35.0,1.0,False,2.8852482831351205,95
True,2,4,49.0,36.0,5.0,37.0,1.0,False,3.1148024233104024,134
True,3,4,23.0,67.0,4.0,53.0,1.0,False,4.36583690298876,49
False,2,1,9.0,51.0,3.0,39.0,4.0,False,0.7757281545470045,17
True,1,1,52.0,31.0,2.0,55.0,3.0,False,5.88457073289473,31
True,1,4,93.0,73.0,5.0,98.0,4.0,False,3.539129638293702,94
False,3,1,2.0,37.0,4.0,44.0,5.0,False,1.0052822947222864,18
True,2,3,68.0,20.0,5.0,36.0,1.0,False,1.8799659884128341,149
True,3,4,12.0,1.0,1.0,38.0,2.0,True,1.8476670040913947,79
False,3,4,78.0,62.0,3.0,37.0,1.0,False,3.2018681573315617,123
True,1,3,75.0,24.0,5.0,68.0,3.0,False,2.3903797685379122,108
False,1,1,45.0,34.0,1.0,58.0,2.0,False,2.5216311488225704,20
True,3,2,72.0,79.0,1.0,72.0,1.0,False,3.7230923252791794,107
True,2,2,20.0,33.0,2.0,78.0,4.0,False,2.6722185773670883,16
True,3,5,78.0,41.0,4.0,76.0,1.0,False,2.5149379333584805,128
True,1,1,29.0,47.0,2.0,46.0,3.0,False,5.55779325012867,27
True,1,1,55.0,33.0,1.0,46.0,4.0,False,2.6104290793964946,41
False,3,5,10.0,4.0,4.0,64.0,4.0,False,4.500226286752489,125
True,3,4,50.0,69.0,3.0,97.0,1.0,False,2.0642550650247715,84
True,3,1,66.0,22.0,1.0,48.0,3.0,False,2.4447230233710315,80
True,3,5,23.0,1.0,1.0,39.0,4.0,False,3.416630059652358,80
False,2,4,60.0,75.0,3.0,22.0,3.0,False,4.296601161880691,94
True,2,1,40.0,80.0,5.0,40.0,5.0,False,3.0898525768862974,158
True,3,1,27.0,64.0,3.0,31.0,1.0,True,1.1887126902990104,150
True,2,1,32.0,46.0,3.0,57.0,2.0,False,6.097926828289221,37
False,3,1,39.0,25.0,5.0,79.0,3.0,True,2.223016896361683,99
True,3,4,23.0,9.0,3.0,59.0,3.0,False,1.6588372602544075,74
True,3,1,56.0,36.0,4.0,76.0,5.0,False,2.1965858626092754,92
True,2,5,75.0,41.0,5.0,46.0,3.0,False,2.4366240009806366,158
True,2,3,75.0,77.0,5.0,18.0,3.0,False,3.6798858478950596,158
False,1,3,98.0,29.0,1.0,27.0,3.0,False,5.647996987628898,172
True,2,1,32.0,10.0,2.0,65.0,1.0,True,0.5653344338091189,53
False,1,2,20.0,41.0,3.0,62.0,4.0,False,3.2001359607787965,30
True,3,3,67.0,24.0,2.0,41.0,1.0,False,3.2909924775319457,129
True,3,4,70.0,58.0,5.0,3.0,1.0,False,3.3612073875193946,91
True,3,5,71.0,24.0,5.0,61.0,4.0,False,1.4211840976887307,128
True,3,5,74.0,43.0,2.0,57.0,2.0,True,1.7788244848900958,76
False,2,5,92.0,16.0,3.0,61.0,1.0,True,3.2240546405255497,100
False,3,3,49.0,5.0,5.0,46.0,3.0,False,4.225407083013862,118
True,2,4,57.0,73.0,5.0,32.0,1.0,False,3.257617219090985,117
True,3,5,56.0,68.0,1.0,91.0,4.0,False,2.8048757645780524,147
True,1,5,39.0,35.0,1.0,72.0,2.0,False,2.7448184631602226,73
True,3,5,90.0,57.0,4.0,28.0,2.0,False,2.434565414801412,107
False,2,4,79.0,94.0,5.0,84.0,1.0,False,2.3271844636410135,85
True,1,4,88.0,20.0,5.0,20.0,3.0,False,1.9505072880267433,151
True,3,5,46.0,37.0,4.0,87.0,2.0,True,0.6481556172718578,31
False,3,5,4.0,43.0,1.0,10.0,1.0,False,3.3531083651289992,149
True,2,3,53.0,39.0,5.0,57.0,4.0,False,1.977189331003613,89
False,3,5,13.0,24.0,1.0,29.0,4.0,False,0.8294186301272037,13
False,3,5,4.0,18.0,3.0,34.0,1.0,False,0.5026411473611432,17
True,1,5,43.0,53.0,4.0,22.0,1.0,False,3.2927246740847096,147
True,3,1,1.0,39.0,3.0,30.0,4.0,False,0.6349719449456463,15
True,3,5,3.0,39.0,3.0,35.0,5.0,False,0.5026411473611432,5
True,2,3,78.0,9.0,5.0,59.0,5.0,False,3.2120257659011813,152
False,2,5,98.0,21.0,4.0,13.0,2.0,False,4.535986520999133,50
True,2,5,57.0,24.0,5.0,85.0,1.0,False,3.944547443064066,115
False,2,1,25.0,36.0,2.0,96.0,4.0,False,5.975427249647878,43
True,3,2,79.0,43.0,1.0,76.0,2.0,True,1.5884047571826518,139
True,3,4,81.0,22.0,5.0,75.0,2.0,False,2.5317887573921904,105
False,3,5,5.0,44.0,3.0,44.0,5.0,False,0.7757281545470045,18
True,1,1,6.0,31.0,4.0,87.0,2.0,True,1.1419027503073778,98
True,3,1,71.0,70.0,2.0,60.0,5.0,False,3.257617219090985,135
False,1,2,52.0,52.0,2.0,89.0,5.0,False,6.627250018627235,11
True,1,2,51.0,28.0,1.0,61.0,5.0,False,2.277284770792804,104
False,3,4,9.0,42.0,2.0,30.0,5.0,False,0.8108356095407291,24
False,1,1,59.0,51.0,2.0,57.0,4.0,False,4.923147694809483,20
True,1,5,30.0,83.0,2.0,15.0,4.0,False,2.3745081133835826,59
False,2,3,26.0,27.0,1.0,81.0,3.0,False,4.368221878794445,154
True,3,5,3.0,12.0,3.0,31.0,5.0,False,1.2348364348975682,21
True,3,2,95.0,47.0,3.0,19.0,2.0,False,3.2018681573315617,123
True,3,5,87.0,28.0,4.0,67.0,4.0,False,2.0207221980141923,56
False,2,1,58.0,18.0,5.0,50.0,5.0,False,3.979654898057791,110
False,1,1,43.0,48.0,3.0,68.0,1.0,False,4.957602370550287,26
True,3,3,61.0,69.0,5.0,73.0,5.0,False,2.7964503525611972,129
True,3,4,80.0,70.0,5.0,65.0,1.0,False,3.4770137506966474,113
True,1,5,93.0,22.0,3.0,41.0,5.0,False,2.0642550650247715,116
True,3,1,91.0,23.0,3.0,88.0,1.0,False,3.617769960298006,70
True,1,3,69.0,77.0,3.0,57.0,2.0,False,5.793061436888662,146
False,1,3,9.0,68.0,2.0,63.0,5.0,False,1.7023701272649867,76
True,3,4,46.0,19.0,5.0,77.0,4.0,False,3.1397522697345073,142
False,2,5,10.0,11.0,1.0,26.0,5.0,False,0.7943111751334793,2
False,1,5,67.0,70.0,4.0,23.0,1.0,False,3.371691385715474,137
True,3,5,80.0,70.0,1.0,12.0,2.0,False,1.323960755097952,58
True,1,5,19.0,61.0,3.0,48.0,5.0,False,4.234158884657178,73
True,3,3,77.0,77.0,3.0,57.0,1.0,False,3.3983734286923433,117
True,3,2,46.0,46.0,3.0,69.0,4.0,False,2.8835160865823557,31
True,1,4,56.0,43.0,5.0,73.0,2.0,False,2.5959632311684695,116
True,2,4,83.0,75.0,3.0,52.0,1.0,False,3.468588338679792,112
False,3,1,6.0,41.0,3.0,34.0,1.0,False,1.0589727703024856,9
False,3,1,58.0,51.0,2.0,70.0,3.0,False,5.319487308310073,11
True,3,3,52.0,37.0,4.0,64.0,5.0,False,2.8315578075549217,74
False,3,1,10.0,9.0,4.0,36.0,2.0,False,0.9266419727179824,13
True,2,4,63.0,38.0,1.0,21.0,1.0,False,3.173127528175467,67
True,3,3,8.0,20.0,1.0,30.0,1.0,True,0.6949655572634905,66
False,1,1,56.0,43.0,2.0,52.0,4.0,False,4.138667738619163,30
True,2,2,39.0,54.0,2.0,64.0,4.0,False,3.4131656665468286,28
True,2,1,10.0,33.0,4.0,49.0,4.0,False,0.8294186301272037,7
True,3,2,52.0,81.0,3.0,47.0,2.0,False,1.3776512306781512,73
True,3,4,98.0,37.0,3.0,71.0,1.0,False,4.209209038233073,139
True,3,5,91.0,35.0,1.0,45.0,5.0,False,2.250276338189474,89
True,2,3,9.0,73.0,1.0,37.0,2.0,False,5.282647656763584,52
True,1,1,20.0,48.0,2.0,90.0,3.0,False,6.546224720817246,31
False,3,5,96.0,59.0,3.0,92.0,2.0,True,1.2219791521978167,175
False,2,2,34.0,39.0,3.0,66.0,2.0,False,5.683757221875542,24
False,3,5,8.0,10.0,2.0,48.0,4.0,False,1.102505637313065,13
True,3,2,22.0,62.0,4.0,80.0,1.0,True,0.6701881964815242,145
True,2,4,46.0,91.0,2.0,21.0,5.0,False,3.4331544940596084,50
True,1,5,4.0,89.0,3.0,57.0,4.0,False,2.821073809358842,26
True,2,4,72.0,41.0,4.0,2.0,1.0,False,3.3882158201227237,81
False,2,2,22.0,53.0,3.0,73.0,1.0,False,3.923905836298367,21
True,2,2,36.0,31.0,3.0,55.0,3.0,False,4.314857792840706,37
True,1,3,98.0,9.0,3.0,1.0,3.0,False,3.9671123136824855,132
True,3,5,51.0,30.0,5.0,44.0,4.0,False,2.0122967859973375,132
False,2,5,5.0,19.0,3.0,45.0,4.0,False,0.8108356095407291,8
True,2,2,26.0,56.0,3.0,14.0,1.0,False,4.417795182016194,82
True,2,2,70.0,48.0,4.0,23.0,2.0,False,2.2769583811663434,172
True,1,5,94.0,54.0,5.0,22.0,2.0,False,3.791575038713863,39
False,2,2,90.0,29.0,3.0,43.0,1.0,False,2.7634014837466974,137
True,3,5,79.0,26.0,3.0,26.0,4.0,False,3.32609993252567,65
True,2,2,50.0,5.0,5.0,10.0,1.0,True,0.9294504433902673,38
True,2,2,44.0,13.0,3.0,79.0,2.0,False,4.145034564456793,102
False,3,2,42.0,34.0,2.0,98.0,3.0,False,5.038301278733816,32
True,2,5,79.0,9.0,1.0,32.0,3.0,False,5.408611628510456,98
True,3,5,92.0,35.0,4.0,56.0,5.0,False,2.2401187296198546,100
True,2,1,44.0,34.0,2.0,70.0,4.0,False,4.473544243775619,51
False,3,1,8.0,24.0,3.0,48.0,4.0,False,0.7673027425301494,14
False,3,3,53.0,74.0,1.0,97.0,5.0,False,3.6522246360388095,76
False,3,1,79.0,85.0,5.0,69.0,4.0,False,3.009480058329229,149
False,2,5,82.0,19.0,1.0,47.0,5.0,False,2.16115201798909,179
True,2,5,1.0,38.0,4.0,34.0,5.0,False,1.0403897497160108,15
True,3,3,55.0,46.0,1.0,78.0,1.0,False,2.8315578075549217,129
False,1,2,51.0,44.0,4.0,94.0,4.0,False,4.385072702828155,27
True,2,1,43.0,36.0,2.0,69.0,3.0,False,5.657401568525133,45
True,3,4,84.0,79.0,5.0,70.0,4.0,False,3.5742370932874263,93
False,3,5,3.0,24.0,3.0,30.0,2.0,False,0.9617494277117069,17
False,3,5,9.0,48.0,4.0,45.0,4.0,False,0.7943111751334793,21
False,2,2,42.0,39.0,3.0,55.0,3.0,False,5.462628493717116,35
True,3,4,95.0,57.0,5.0,8.0,3.0,False,2.7363930511433674,103
False,1,4,67.0,56.0,2.0,62.0,4.0,False,3.6238103965091755,150
False,2,1,28.0,50.0,3.0,98.0,4.0,False,4.877229851993219,16
True,2,2,27.0,16.0,2.0,55.0,3.0,True,1.2602999910726094,103
False,1,2,31.0,32.0,4.0,66.0,3.0,False,4.79049050759852,12
True,3,3,56.0,25.0,1.0,33.0,1.0,False,2.7634014837466974,148
True,2,1,30.0,51.0,4.0,98.0,3.0,False,4.296274772254232,33
False,2,4,90.0,85.0,1.0,58.0,4.0,False,4.535986520999133,43
False,1,2,31.0,34.0,2.0,96.0,4.0,False,5.1274255989342,28
True,3,3,60.0,45.0,5.0,65.0,3.0,False,3.247459610521366,121
True,3,4,75.0,88.0,5.0,95.0,3.0,False,1.7273199736890916,65
True,1,1,94.0,35.0,5.0,60.0,5.0,False,1.7708528406996709,92
True,3,2,79.0,48.0,5.0,79.0,4.0,False,1.1376130923067895,45
False,3,1,7.0,46.0,2.0,24.0,4.0,False,1.0403897497160108,9
False,3,5,8.0,27.0,3.0,26.0,5.0,False,1.0589727703024856,22
True,3,2,90.0,45.0,5.0,13.0,4.0,False,3.520546617707227,125
False,3,5,2.0,12.0,3.0,42.0,5.0,False,0.7757281545470045,23
False,2,1,55.0,63.0,4.0,60.0,5.0,False,6.2191208484247245,88
False,1,1,24.0,51.0,2.0,64.0,5.0,False,5.258024199965938,37
True,1,3,58.0,49.0,3.0,71.0,2.0,False,1.2534194554840428,163
False,1,1,50.0,47.0,1.0,92.0,4.0,False,4.8522800055691135,19
False,2,3,55.0,93.0,5.0,73.0,4.0,False,2.357983678976333,131
True,3,2,54.0,76.0,3.0,66.0,5.0,False,1.2348364348975682,83
True,3,4,88.0,96.0,2.0,54.0,1.0,False,1.660895846433632,56
False,2,2,57.0,30.0,2.0,53.0,3.0,False,4.8259243522187045,9
True,3,5,1.0,40.0,4.0,67.0,1.0,True,2.3193815579172483,52
False,2,5,8.0,19.0,3.0,49.0,4.0,False,0.40541780477036454,20
False,2,1,47.0,30.0,2.0,63.0,4.0,False,4.843854593552259,19
False,1,2,64.0,63.0,4.0,8.0,2.0,False,3.404413864903513,159
True,2,4,15.0,13.0,1.0,85.0,5.0,False,3.5013108178678323,120
False,3,5,61.0,93.0,4.0,68.0,2.0,False,4.103233893998978,63
False,1,5,60.0,23.0,5.0,41.0,5.0,False,2.1260445629953657,143
True,1,5,38.0,46.0,3.0,13.0,5.0,False,1.6402542396679327,166
True,2,3,50.0,76.0,3.0,33.0,4.0,False,2.330975246373003,42
True,2,4,17.0,83.0,5.0,91.0,2.0,False,3.034429904753334,137
True,3,3,24.0,86.0,3.0,90.0,2.0,False,3.104971204367243,184
True,2,4,88.0,38.0,4.0,59.0,1.0,True,1.5776060606621254,84
False,1,2,21.0,46.0,2.0,47.0,3.0,False,3.2805084793358654,22
True,3,5,74.0,52.0,4.0,57.0,2.0,True,0.907417864180601,101
False,2,2,45.0,43.0,2.0,80.0,1.0,False,4.930920327573418,30
False,1,5,85.0,33.0,1.0,13.0,5.0,False,2.5854792329723892,143
True,2,3,74.0,54.0,3.0,12.0,4.0,False,2.550371777978665,129
True,2,5,83.0,68.0,5.0,87.0,3.0,False,1.975457134450848,89
True,2,5,66.0,37.0,4.0,14.0,2.0,False,3.5286456400976216,112
False,2,5,46.0,10.0,3.0,32.0,5.0,False,2.128429538801051,130
True,3,1,2.0,55.0,5.0,41.0,4.0,False,0.8294186301272037,7
False,2,5,65.0,20.0,3.0,41.0,5.0,False,3.7686837784689837,127
True,3,5,14.0,52.0,5.0,4.0,5.0,False,2.440932240639042,158
False,2,4,3.0,29.0,1.0,37.0,5.0,False,0.9431664071252321,14
True,2,5,61.0,8.0,5.0,1.0,4.0,False,3.8905305778574073,156
True,3,5,63.0,39.0,1.0,2.0,5.0,False,4.174101583239349,153
False,3,4,13.0,14.0,2.0,32.0,4.0,False,0.9617494277117069,12
False,3,1,25.0,33.0,1.0,63.0,3.0,False,6.56480774140372,48
True,2,2,18.0,42.0,3.0,38.0,2.0,False,1.8782337918600693,131
False,3,5,45.0,53.0,5.0,84.0,1.0,True,1.812090946788902,95
True,3,5,69.0,52.0,5.0,35.0,1.0,False,2.488255890381611,66
True,2,5,89.0,68.0,4.0,74.0,4.0,False,2.3640241151875028,95
True,3,2,71.0,8.0,3.0,10.0,1.0,True,0.6121443738007516,43
True,2,5,87.0,33.0,5.0,24.0,5.0,False,3.9010145760534867,145
False,3,5,70.0,12.0,5.0,10.0,4.0,False,3.785208212876233,133
False,1,2,47.0,35.0,2.0,96.0,4.0,False,5.135851010951054,32
False,2,5,51.0,17.0,2.0,24.0,5.0,False,2.9557895827490297,152
True,2,1,77.0,11.0,2.0,23.0,2.0,True,1.4259423579980872,153
True,3,2,70.0,38.0,1.0,31.0,1.0,True,1.9304881875541335,22
False,2,5,46.0,90.0,5.0,66.0,4.0,False,2.047404240991062,126
True,2,5,83.0,52.0,4.0,98.0,3.0,False,2.5419463659618105,94
True,3,1,11.0,55.0,3.0,29.0,2.0,False,0.40541780477036454,18
True,1,5,50.0,27.0,4.0,55.0,3.0,False,1.6504118482375525,169
False,3,3,50.0,49.0,1.0,93.0,5.0,False,5.274222244746728,25
False,3,5,40.0,67.0,3.0,37.0,2.0,False,4.79653094380969,140
True,1,5,67.0,25.0,3.0,20.0,2.0,False,2.471731455974361,119
True,2,5,68.0,11.0,5.0,17.0,5.0,False,2.0726804770416267,131
False,2,4,13.0,48.0,2.0,25.0,5.0,False,0.7757281545470045,3
True,2,4,48.0,78.0,3.0,39.0,2.0,False,3.0010546463123737,127
True,2,3,74.0,8.0,4.0,8.0,4.0,False,2.866991652175106,140
True,1,5,40.0,32.0,3.0,26.0,2.0,True,1.624416000653758,79
True,3,5,66.0,45.0,4.0,26.0,5.0,False,2.4696728697951364,81
False,3,1,8.0,54.0,1.0,38.0,4.0,False,1.0589727703024856,17
True,3,3,60.0,19.0,4.0,54.0,3.0,False,3.7167254994415493,124
True,3,4,10.0,24.0,3.0,52.0,4.0,False,1.8448585334191097,74
True,3,4,1.0,75.0,5.0,50.0,2.0,False,5.55779325012867,134
True,2,4,63.0,25.0,4.0,14.0,1.0,True,1.5415948171910188,65
True,2,1,81.0,47.0,5.0,28.0,3.0,False,1.7290521702418564,141
False,1,1,24.0,34.0,2.0,74.0,3.0,False,5.392413583729666,23
False,1,1,16.0,53.0,5.0,31.0,5.0,False,2.705593835808048,101
False,1,2,32.0,74.0,1.0,80.0,4.0,False,4.78347090250797,90
True,1,5,50.0,58.0,1.0,84.0,3.0,False,4.806362162752849,130
True,1,4,38.0,66.0,5.0,36.0,2.0,False,1.896816812446544,60
True,2,4,60.0,2.0,2.0,57.0,3.0,False,3.6167907914186253,52
True,3,1,67.0,76.0,1.0,99.0,4.0,False,2.409615568377307,95
True,2,4,6.0,14.0,4.0,30.0,5.0,False,0.732195287536425,11
False,3,5,6.0,50.0,4.0,28.0,5.0,False,0.6700793999393708,9
True,2,3,64.0,61.0,1.0,92.0,4.0,False,2.629012099982969,77
False,3,4,51.0,50.0,1.0,15.0,1.0,False,3.3629395840721585,186
False,3,1,50.0,44.0,3.0,53.0,3.0,False,4.312799206661482,27
False,3,4,10.0,48.0,3.0,26.0,5.0,False,0.9701748397285618,14
False,1,2,35.0,34.0,3.0,93.0,4.0,False,5.938261208474929,15
True,3,2,42.0,88.0,4.0,47.0,2.0,True,1.7788244848900958,84
True,3,2,73.0,8.0,1.0,87.0,1.0,False,1.7125277358346067,183
True,3,5,7.0,44.0,1.0,6.0,1.0,False,2.039305218600667,68
False,3,1,3.0,29.0,2.0,37.0,5.0,False,1.0589727703024856,20
False,3,1,2.0,52.0,5.0,26.0,2.0,False,0.8729514971377832,11
True,3,2,56.0,72.0,5.0,73.0,4.0,False,3.2741416534982353,100
True,3,5,72.0,34.0,3.0,24.0,5.0,False,1.4313417062583504,92
True,3,1,96.0,65.0,1.0,83.0,2.0,False,2.8048757645780524,126
True,3,5,67.0,53.0,1.0,9.0,4.0,False,2.5149379333584805,132
False,3,4,4.0,9.0,3.0,47.0,5.0,False,0.7757281545470045,22
True,3,2,68.0,86.0,4.0,42.0,2.0,False,5.46024351791143,75
True,3,1,66.0,46.0,5.0,45.0,1.0,True,1.872444364873361,36
False,3,5,2.0,47.0,2.0,34.0,4.0,False,0.9617494277117069,11
False,2,4,12.0,96.0,1.0,97.0,3.0,False,2.0439398478855324,125
False,2,5,1.0,26.0,3.0,44.0,4.0,False,1.102505637313065,14
True,1,1,46.0,38.0,2.0,98.0,5.0,False,5.065636100963605,4
True,2,3,42.0,54.0,2.0,43.0,1.0,False,3.177244700533917,177
False,3,5,61.0,88.0,1.0,60.0,2.0,False,4.932326134499723,49
False,1,5,50.0,76.0,5.0,70.0,1.0,False,2.57499523477631,162
False,2,4,2.0,47.0,5.0,37.0,5.0,False,0.6970878325427005,9
False,2,3,45.0,43.0,5.0,40.0,1.0,False,3.5637530950913465,117
True,2,5,68.0,71.0,5.0,51.0,2.0,False,2.0477306306175223,104
True,3,5,85.0,43.0,1.0,14.0,4.0,False,2.6556941429598386,119
True,2,3,23.0,26.0,5.0,9.0,3.0,False,6.254554693044909,89
True,1,1,53.0,36.0,4.0,67.0,4.0,False,3.566138070897031,29
True,3,1,9.0,36.0,1.0,36.0,5.0,False,4.647675711817937,67
True,2,4,87.0,59.0,1.0,70.0,3.0,False,5.091991754314016,83
True,3,1,60.0,52.0,5.0,6.0,1.0,False,3.7230923252791794,96
False,3,4,75.0,26.0,1.0,61.0,4.0,False,1.323634365471492,191
False,2,1,43.0,44.0,2.0,49.0,3.0,False,6.256939668850595,4
False,3,1,9.0,24.0,5.0,47.0,5.0,False,1.0673981823193406,16
False,3,3,84.0,66.0,1.0,8.0,2.0,False,3.183611526371547,67
True,1,3,4.0,43.0,2.0,86.0,2.0,False,1.4394407286487452,82
True,2,1,50.0,42.0,3.0,55.0,3.0,False,2.5918460588100194,32
False,1,2,37.0,51.0,3.0,55.0,4.0,False,5.313446872098902,25
True,3,4,96.0,76.0,1.0,3.0,4.0,False,3.979654898057791,116
False,2,2,44.0,53.0,2.0,53.0,1.0,False,3.2994178895488,20
False,3,5,7.0,50.0,2.0,31.0,2.0,False,1.3320597774883467,17
True,1,5,65.0,69.0,2.0,73.0,3.0,False,1.1727205473005142,22
True,3,5,46.0,7.0,4.0,24.0,2.0,True,1.0698802633651654,73
True,2,1,86.0,23.0,4.0,26.0,1.0,False,3.944547443064066,108
False,3,5,3.0,8.0,4.0,27.0,2.0,False,0.5998644899519219,21
False,2,3,95.0,57.0,2.0,41.0,4.0,False,1.8266019024590952,91
True,3,3,73.0,77.0,4.0,31.0,3.0,False,1.46439057507285,167
True,3,1,84.0,40.0,5.0,2.0,1.0,False,3.6528774152917305,128
False,2,5,63.0,9.0,1.0,2.0,5.0,False,2.637437511999824,101
True,3,4,81.0,22.0,5.0,57.0,4.0,False,2.947364170732175,98
False,3,2,28.0,11.0,4.0,90.0,1.0,False,3.1917105487619413,107
True,2,2,49.0,35.0,2.0,57.0,1.0,False,4.331708616874415,26
True,1,3,6.0,91.0,3.0,47.0,4.0,False,2.0663136512039966,80
True,3,4,5.0,41.0,4.0,39.0,5.0,False,0.9701748397285618,19
True,1,4,81.0,58.0,3.0,65.0,4.0,False,2.0477306306175223,81
True,3,4,88.0,79.0,4.0,49.0,4.0,False,2.637111122373364,125
True,3,1,39.0,30.0,2.0,96.0,5.0,False,4.916780868971853,19
True,3,3,45.0,8.0,4.0,41.0,2.0,False,5.457858542105745,87
False,2,2,33.0,61.0,4.0,24.0,4.0,False,5.141891447162225,165
True,1,2,36.0,33.0,2.0,50.0,3.0,False,5.036569082181051,21
True,2,5,92.0,65.0,5.0,96.0,1.0,False,2.0828380856112467,108
False,3,5,2.0,17.0,3.0,39.0,2.0,False,0.5998644899519219,6
False,1,4,75.0,70.0,5.0,68.0,4.0,False,2.101421106197721,139
False,3,1,11.0,52.0,2.0,38.0,5.0,False,0.6700793999393708,15
True,3,3,56.0,57.0,5.0,60.0,2.0,False,3.6714604358782044,168
True,1,4,25.0,25.0,1.0,11.0,2.0,False,4.73993803549739,106
True,3,2,41.0,51.0,1.0,73.0,3.0,False,1.1396716784860144,50
True,3,1,55.0,48.0,1.0,46.0,5.0,False,2.513205736805716,77
True,3,4,15.0,57.0,2.0,63.0,1.0,True,1.8368683075708683,95
True,3,2,58.0,47.0,1.0,57.0,3.0,False,2.6827025755631686,118
False,3,1,11.0,18.0,4.0,26.0,5.0,False,0.9080589521315077,15
False,2,3,69.0,90.0,4.0,22.0,2.0,False,2.9017727175423706,138
True,1,1,68.0,52.0,1.0,12.0,1.0,True,1.2823325702822759,90
False,1,1,23.0,30.0,3.0,57.0,5.0,False,4.720275597611071,18
False,2,1,82.0,25.0,5.0,23.0,2.0,False,1.3506427980748215,180
True,3,5,30.0,99.0,3.0,17.0,4.0,False,1.8883914004296893,164
True,2,3,41.0,38.0,3.0,69.0,5.0,False,3.66303502386135,137
True,3,5,13.0,50.0,3.0,46.0,5.0,False,1.102505637313065,14
True,1,4,60.0,5.0,1.0,11.0,2.0,True,1.6712259406453907,87
True,3,5,12.0,25.0,4.0,28.0,5.0,False,1.2348364348975682,12
True,2,1,75.0,52.0,2.0,45.0,5.0,False,3.545496464131332,148
False,1,2,22.0,22.0,3.0,28.0,3.0,False,4.955870173997523,110
False,1,1,46.0,4.0,3.0,86.0,1.0,False,2.5381555832298206,63
True,3,2,61.0,66.0,3.0,49.0,1.0,True,1.2134900510809767,146
True,3,4,87.0,72.0,5.0,5.0,1.0,False,2.699227009970418,88
False,2,3,8.0,40.0,3.0,80.0,5.0,False,5.2576978103394785,70
True,1,1,22.0,47.0,2.0,81.0,4.0,False,5.251657374128309,28
True,3,1,66.0,77.0,2.0,20.0,1.0,False,3.160393876500207,123
False,3,2,54.0,36.0,2.0,88.0,4.0,False,3.104971204367243,21
True,2,1,27.0,46.0,2.0,50.0,4.0,False,5.300904287723598,15
False,1,3,23.0,28.0,1.0,54.0,1.0,False,6.332868625422753,95
True,2,1,58.0,19.0,1.0,36.0,3.0,True,1.5415948171910188,67
False,3,5,8.0,49.0,2.0,27.0,4.0,False,1.1376130923067895,10
False,2,3,72.0,37.0,1.0,88.0,1.0,True,3.047613577079545,63
True,2,1,46.0,41.0,5.0,67.0,1.0,False,3.3672478237305645,134
True,3,4,24.0,8.0,4.0,50.0,4.0,False,3.6964102823023097,111
True,2,5,47.0,89.0,4.0,38.0,2.0,True,1.1527014468279042,95
True,3,5,12.0,41.0,4.0,27.0,2.0,False,1.0589727703024856,18
False,3,1,10.0,32.0,2.0,45.0,5.0,False,0.9080589521315077,7
False,1,2,33.0,38.0,2.0,61.0,3.0,False,4.968739147999287,24
False,2,2,39.0,33.0,2.0,72.0,3.0,False,4.749342616393625,7
True,3,2,35.0,85.0,4.0,16.0,4.0,False,3.1502362679305866,109
True,1,1,20.0,33.0,2.0,92.0,3.0,False,4.155192173026413,32
True,3,3,18.0,7.0,1.0,89.0,2.0,True,1.7788244848900958,146
True,2,1,66.0,3.0,3.0,33.0,2.0,True,0.8714066207094948,50
True,2,1,2.0,20.0,3.0,68.0,4.0,False,4.340887056564656,152
False,3,3,1.0,94.0,5.0,99.0,2.0,False,2.5901138622572555,124
True,1,3,33.0,41.0,4.0,12.0,1.0,True,1.059081566844639,34
True,2,3,82.0,53.0,4.0,11.0,2.0,False,5.224322551898519,147
True,1,2,66.0,76.0,5.0,19.0,1.0,False,2.18816045059242,138
False,3,5,55.0,66.0,2.0,68.0,1.0,False,3.160393876500207,151
False,3,3,2.0,88.0,1.0,45.0,2.0,False,2.180061428202025,122
True,1,4,35.0,3.0,2.0,77.0,3.0,False,2.355925092797108,147
False,3,2,78.0,25.0,2.0,22.0,3.0,False,2.045672044438297,175
False,1,2,4.0,85.0,4.0,17.0,2.0,False,2.479504088738296,34
True,3,5,29.0,55.0,3.0,34.0,4.0,False,1.5636725038428536,80
True,1,5,29.0,34.0,3.0,6.0,2.0,False,2.57499523477631,93
False,3,5,2.0,53.0,3.0,26.0,2.0,False,0.40541780477036454,20
False,1,1,47.0,86.0,3.0,77.0,5.0,False,5.10009077670441,112
False,2,5,79.0,76.0,5.0,0.0,4.0,False,2.8045493749515913,128
True,3,5,62.0,44.0,5.0,6.0,3.0,False,3.590761527694676,74
True,2,4,11.0,24.0,2.0,49.0,1.0,False,1.2348364348975682,20
False,3,4,3.0,35.0,3.0,42.0,4.0,False,0.6700793999393708,25
True,3,4,57.0,52.0,5.0,73.0,5.0,False,1.8782337918600693,110
True,3,1,49.0,10.0,4.0,51.0,1.0,True,0.38889337036311467,102
True,3,3,65.0,59.0,5.0,39.0,2.0,False,3.979654898057791,119
True,3,5,54.0,32.0,5.0,25.0,3.0,False,2.029147610031047,131
False,3,5,12.0,41.0,3.0,28.0,2.0,False,1.1997289799038438,23
True,3,5,5.0,43.0,3.0,46.0,5.0,False,0.6785048119562258,7
False,1,3,43.0,57.0,4.0,50.0,2.0,False,4.7881055317928345,134
False,3,5,13.0,57.0,4.0,35.0,2.0,False,1.1997289799038438,13
True,1,5,99.0,40.0,5.0,92.0,1.0,False,1.543030897077154,68
False,2,4,86.0,64.0,2.0,39.0,1.0,False,2.242177315799079,161
False,1,1,44.0,47.0,2.0,83.0,1.0,False,1.7810104492692909,12
True,2,1,37.0,52.0,2.0,79.0,3.0,False,5.330297696132613,13
True,3,2,73.0,62.0,2.0,1.0,4.0,False,3.468588338679792,86
True,2,5,97.0,76.0,4.0,63.0,3.0,False,1.0859812029058151,79
True,3,5,17.0,65.0,3.0,54.0,2.0,False,1.0505473582856306,60
True,1,5,29.0,42.0,4.0,82.0,2.0,True,0.8714066207094948,122
True,3,4,51.0,34.0,4.0,77.0,5.0,False,2.707652421987273,82
False,3,5,7.0,56.0,2.0,46.0,5.0,False,1.0052822947222864,19
False,3,4,46.0,67.0,5.0,82.0,3.0,True,1.5195622379813525,106
True,1,2,36.0,36.0,1.0,31.0,4.0,False,0.40541780477036454,73
True,1,2,66.0,33.0,3.0,41.0,5.0,False,2.128429538801051,146
False,3,5,1.0,45.0,4.0,36.0,5.0,False,0.6349719449456463,17
True,3,1,72.0,79.0,1.0,45.0,1.0,False,2.2587017502063294,96
True,2,5,43.0,29.0,2.0,81.0,2.0,False,2.7448184631602226,141
False,3,5,7.0,28.0,5.0,46.0,2.0,False,0.6349719449456463,21
False,2,1,38.0,50.0,2.0,89.0,3.0,False,5.9136377516772844,11
True,2,1,13.0,54.0,5.0,24.0,5.0,False,1.1997289799038438,8
False,2,2,37.0,54.0,3.0,49.0,5.0,False,3.588702941515451,26
True,3,4,80.0,35.0,5.0,85.0,4.0,False,2.8150333731476715,129
False,3,5,9.0,18.0,2.0,47.0,2.0,False,1.0673981823193406,17
True,3,5,96.0,49.0,5.0,96.0,4.0,False,3.8203156678699575,93
False,2,5,5.0,36.0,5.0,25.0,4.0,False,1.0403897497160108,3
True,1,3,47.0,39.0,5.0,14.0,4.0,False,3.0898525768862974,123
True,3,4,52.0,48.0,3.0,34.0,3.0,False,3.6528774152917305,129
False,2,4,3.0,51.0,4.0,30.0,4.0,False,0.5998644899519219,6
True,3,2,66.0,36.0,2.0,55.0,3.0,False,4.135956373187018,93
True,2,1,9.0,48.0,1.0,44.0,2.0,False,0.6700793999393708,16
True,3,2,80.0,28.0,3.0,46.0,5.0,False,2.566896212385915,83
False,2,5,9.0,27.0,2.0,48.0,1.0,False,0.5026411473611432,25
True,1,5,82.0,62.0,1.0,5.0,3.0,False,0.3969923927535095,81
False,3,5,8.0,38.0,4.0,31.0,2.0,False,0.7757281545470045,6
True,3,1,9.0,20.0,4.0,31.0,5.0,False,0.5026411473611432,8
False,2,5,62.0,13.0,1.0,86.0,1.0,True,1.7044924025441968,128
False,3,2,29.0,20.0,5.0,93.0,2.0,False,5.004599630666396,144
True,3,5,3.0,8.0,4.0,25.0,2.0,False,0.5377486023548677,12
True,3,5,59.0,20.0,5.0,44.0,1.0,False,1.8097510784253852,81
False,1,2,25.0,13.0,2.0,65.0,1.0,False,4.401270747608945,85
True,3,3,29.0,20.0,2.0,4.0,2.0,False,0.0,72
True,3,1,87.0,83.0,2.0,77.0,2.0,False,2.4531484353878863,125
True,2,5,65.0,35.0,1.0,75.0,4.0,False,2.3724495272043575,130
False,3,5,4.0,15.0,2.0,37.0,5.0,False,1.0589727703024856,13
True,3,1,80.0,74.0,5.0,22.0,1.0,False,2.990897037742754,138
False,3,5,4.0,21.0,2.0,26.0,4.0,False,0.8729514971377832,21
False,3,5,10.0,35.0,2.0,26.0,4.0,False,1.1376130923067895,16
True,3,1,62.0,72.0,2.0,37.0,1.0,False,2.9557895827490297,112
True,2,5,13.0,49.0,5.0,28.0,5.0,False,1.0589727703024856,8
False,1,5,16.0,58.0,2.0,79.0,1.0,False,5.524091602061249,23
False,2,2,26.0,44.0,2.0,83.0,3.0,False,3.932004858688762,23
True,3,5,81.0,69.0,5.0,92.0,2.0,False,2.117945540604971,102
True,2,1,33.0,48.0,2.0,58.0,5.0,False,2.4615738474047415,28
False,3,5,6.0,34.0,2.0,39.0,5.0,False,0.9701748397285618,12
False,2,5,66.0,64.0,3.0,47.0,5.0,False,2.7157514443776685,123
False,3,5,5.0,37.0,1.0,27.0,5.0,False,0.7673027425301494,9
True,2,2,40.0,36.0,3.0,47.0,4.0,False,4.014762353051515,34
True,3,5,21.0,36.0,2.0,67.0,2.0,False,0.29167002777233597,46
True,3,5,69.0,60.0,3.0,2.0,3.0,False,2.9743726033355045,123
False,3,1,5.0,15.0,5.0,26.0,4.0,False,1.0403897497160108,15
True,2,3,72.0,71.0,1.0,6.0,2.0,False,5.329644916879692,67
True,3,1,75.0,32.0,3.0,20.0,2.0,True,0.3641160095811484,26
True,1,5,49.0,80.0,5.0,71.0,2.0,True,0.4357033103547474,19
True,3,1,96.0,54.0,5.0,10.0,5.0,False,2.8750906745655014,129
True,2,2,89.0,98.0,5.0,15.0,4.0,False,2.707652421987273,185
True,2,3,50.0,47.0,3.0,67.0,2.0,False,3.0762305752111487,71
False,2,1,59.0,44.0,2.0,80.0,4.0,False,5.9034801431076644,27
True,3,5,37.0,45.0,2.0,21.0,1.0,True,0.17644106344600424,119
True,1,1,71.0,35.0,5.0,24.0,2.0,True,1.047847684155499,108
True,2,5,10.0,52.0,1.0,43.0,5.0,False,0.6970878325427005,15
True,1,4,4.0,7.0,3.0,50.0,1.0,False,4.931246717199878,93
False,1,2,25.0,76.0,1.0,23.0,4.0,False,2.329243049820238,64
False,1,2,75.0,56.0,5.0,43.0,4.0,False,3.2639840449286153,114
True,2,3,14.0,70.0,5.0,51.0,1.0,False,2.2833252070039736,75
True,2,2,5.0,32.0,4.0,81.0,1.0,True,1.883678247562501,125
True,2,1,53.0,35.0,2.0,77.0,2.0,False,4.155844952279334,35
True,3,3,86.0,25.0,5.0,51.0,1.0,False,3.741675345865654,97
False,2,5,7.0,35.0,2.0,29.0,5.0,False,0.5377486023548677,19
True,2,5,5.0,16.0,3.0,56.0,2.0,True,0.6121443738007516,116
True,1,4,25.0,34.0,3.0,42.0,3.0,True,1.96649943102524,47
False,1,5,18.0,5.0,2.0,92.0,5.0,False,2.821726588611762,106
True,1,3,62.0,69.0,2.0,38.0,2.0,True,1.4947848771993861,100
True,3,5,68.0,34.0,5.0,21.0,4.0,False,3.1418108559137323,105
True,2,1,75.0,77.0,2.0,44.0,2.0,False,1.7459029942755664,148
False,1,1,46.0,43.0,3.0,85.0,1.0,False,3.9235794466719067,25
True,3,2,8.0,3.0,4.0,65.0,1.0,False,5.90076877767552,137
False,2,2,95.0,79.0,3.0,56.0,3.0,True,2.495822621363253,66
False,3,2,83.0,64.0,2.0,10.0,1.0,False,1.156196112893264,128
True,2,2,28.0,52.0,4.0,92.0,3.0,False,6.035484551065707,19
False,2,1,6.0,19.0,4.0,33.0,5.0,False,1.1376130923067895,15
False,3,1,19.0,71.0,1.0,59.0,3.0,False,2.330975246373003,103
True,3,1,78.0,57.0,3.0,88.0,3.0,False,3.274468043124695,65
True,1,1,28.0,48.0,2.0,51.0,4.0,False,3.8631957556276166,33
True,1,5,81.0,34.0,5.0,53.0,3.0,False,2.1365285611914455,157
True,2,1,41.0,46.0,2.0,76.0,3.0,False,6.345737599424518,21
False,2,4,9.0,11.0,2.0,38.0,5.0,False,0.5377486023548677,11
True,3,1,80.0,75.0,5.0,71.0,2.0,False,2.9038313037215953,118
False,3,5,57.0,95.0,1.0,50.0,4.0,False,2.9287811501457,115
False,2,1,55.0,37.0,4.0,51.0,3.0,False,7.024242411380744,19
False,1,2,50.0,30.0,2.0,51.0,4.0,False,2.1780028420228,34
True,1,4,74.0,44.0,3.0,68.0,4.0,False,1.46439057507285,54
True,1,2,75.0,36.0,2.0,72.0,3.0,False,1.1913035678869888,90
True,2,2,68.0,64.0,3.0,27.0,1.0,False,3.1937691349411663,166
True,1,5,82.0,79.0,5.0,6.0,2.0,False,1.4559651630559949,90
True,3,5,85.0,55.0,4.0,37.0,1.0,False,2.17163601618517,63
True,3,2,52.0,43.0,4.0,75.0,4.0,False,4.04003858910208,35
False,1,1,48.0,45.0,2.0,87.0,3.0,False,6.707622537184303,23
True,3,5,66.0,49.0,5.0,83.0,5.0,False,2.566896212385915,92
False,2,5,65.0,11.0,3.0,64.0,2.0,False,2.8150333731476715,145
True,1,1,56.0,79.0,5.0,83.0,1.0,False,2.637111122373364,85
True,3,3,76.0,4.0,2.0,53.0,5.0,False,2.3019082275904488,133
True,2,1,29.0,46.0,2.0,70.0,3.0,False,3.725477301084864,17
True,3,4,22.0,50.0,5.0,17.0,2.0,False,0.5647570349581973,146
False,3,1,61.0,38.0,2.0,36.0,4.0,False,5.363672954573572,143
True,3,5,13.0,9.0,2.0,24.0,4.0,False,1.102505637313065,3
False,3,5,9.0,51.0,2.0,38.0,4.0,False,0.7757281545470045,17
True,1,4,64.0,59.0,3.0,91.0,5.0,False,2.637111122373364,97
False,3,5,12.0,46.0,4.0,26.0,4.0,False,0.7757281545470045,13
False,2,5,59.0,70.0,2.0,43.0,2.0,False,1.7746436234316607,172
False,2,4,66.0,85.0,5.0,17.0,3.0,False,2.6577527291390632,156
True,1,5,68.0,80.0,5.0,95.0,4.0,False,2.300176031037684,81
True,1,5,33.0,78.0,5.0,78.0,2.0,True,0.4357033103547474,40
True,3,5,17.0,49.0,3.0,12.0,3.0,False,6.184013393431,18
True,2,3,85.0,44.0,5.0,36.0,1.0,False,2.726235442573748,116
True,1,4,82.0,42.0,5.0,42.0,5.0,False,2.717810030556893,98
False,3,5,5.0,42.0,3.0,63.0,1.0,True,2.035341950226539,84
True,2,3,4.0,45.0,4.0,29.0,3.0,True,0.49374713303552,140
False,3,5,1.0,47.0,1.0,41.0,5.0,False,0.5377486023548677,6
False,3,3,15.0,63.0,3.0,65.0,3.0,True,3.094423517071178,120
False,2,4,72.0,15.0,1.0,15.0,4.0,False,2.4531484353878863,129
False,1,1,23.0,49.0,2.0,47.0,4.0,False,5.12709920930774,14
True,3,1,52.0,76.0,4.0,41.0,1.0,False,3.4148978630995934,122
False,3,1,84.0,37.0,1.0,84.0,3.0,True,1.800857064099762,72
True,2,5,81.0,34.0,3.0,44.0,1.0,False,1.8431263368663449,128
True,2,4,58.0,30.0,5.0,26.0,1.0,False,4.003951965228975,83
False,3,1,5.0,49.0,3.0,49.0,2.0,False,0.9080589521315077,20
False,2,3,20.0,98.0,2.0,17.0,3.0,False,2.4960285231455455,113
False,2,2,69.0,68.0,5.0,49.0,4.0,False,1.6234034156342227,151
True,3,2,44.0,5.0,2.0,44.0,4.0,False,1.8448585334191097,140
True,2,1,83.0,57.0,4.0,78.0,5.0,False,2.180061428202025,78
False,2,2,41.0,49.0,3.0,69.0,2.0,False,2.6890694014007988,21
False,3,5,10.0,36.0,4.0,28.0,2.0,False,0.8108356095407291,7
False,3,5,85.0,82.0,2.0,11.0,5.0,False,3.2183925917388114,84
False,3,2,42.0,46.0,5.0,21.0,1.0,False,2.7259090529472876,159
False,3,3,61.0,51.0,1.0,36.0,3.0,False,3.4229968854899884,120
False,2,2,86.0,20.0,1.0,62.0,1.0,True,0.8714066207094948,162
True,1,2,54.0,97.0,1.0,74.0,4.0,False,4.587618410400108,122
True,3,5,89.0,78.0,5.0,36.0,2.0,False,2.0909371080016412,154
True,1,1,90.0,66.0,5.0,93.0,1.0,False,2.488255890381611,129
True,2,3,71.0,96.0,1.0,32.0,4.0,False,5.16393886085423,132
False,1,2,53.0,60.0,2.0,40.0,5.0,False,2.637111122373364,86
True,1,2,49.0,40.0,4.0,84.0,3.0,False,4.590003386205792,30
True,3,4,74.0,94.0,4.0,90.0,4.0,False,4.020802789262685,30
True,1,2,6.0,33.0,5.0,43.0,5.0,False,2.9551368034961096,104
True,3,5,77.0,28.0,5.0,67.0,3.0,False,2.4447230233710315,109
True,3,5,59.0,83.0,2.0,26.0,1.0,False,3.466529752500568,142
True,3,4,52.0,27.0,5.0,30.0,3.0,False,2.850140828141396,127
False,2,3,45.0,27.0,3.0,67.0,3.0,False,3.5472286606840964,172
True,3,5,50.0,3.0,5.0,38.0,1.0,False,2.1260445629953657,145
False,1,2,16.0,73.0,4.0,97.0,2.0,False,1.9933873757844027,140
True,2,4,49.0,92.0,1.0,38.0,5.0,False,3.0280630789157037,147
True,1,4,63.0,92.0,1.0,53.0,2.0,False,3.847324100473288,67
False,2,5,2.0,23.0,4.0,42.0,4.0,False,0.9617494277117069,8
True,3,2,58.0,52.0,5.0,36.0,4.0,False,3.301150086101565,99
True,3,4,91.0,61.0,4.0,12.0,1.0,False,3.317674520508815,104
False,2,5,90.0,64.0,5.0,81.0,3.0,True,2.6587202067164304,115
True,1,4,49.0,23.0,1.0,57.0,2.0,True,1.1887126902990104,50
False,3,4,2.0,33.0,4.0,34.0,5.0,False,0.9701748397285618,16
True,3,3,74.0,40.0,4.0,37.0,1.0,True,0.2592622469087431,146
False,1,1,44.0,36.0,2.0,49.0,4.0,False,4.347906661655205,26
True,2,5,67.0,94.0,2.0,38.0,4.0,False,2.488255890381611,145
False,1,2,30.0,30.0,2.0,46.0,4.0,False,5.312041065172598,30
False,2,2,32.0,36.0,3.0,70.0,3.0,False,3.3365839307217495,30
True,3,5,3.0,51.0,1.0,49.0,4.0,False,1.3320597774883467,20
True,1,1,61.0,77.0,2.0,80.0,5.0,False,3.2018681573315617,95
True,3,3,58.0,27.0,2.0,42.0,4.0,False,1.4313417062583504,91
True,3,3,53.0,90.0,4.0,63.0,5.0,False,1.977189331003613,131
False,1,1,38.0,49.0,2.0,86.0,4.0,False,3.0800213579431377,19
False,3,5,3.0,25.0,1.0,47.0,4.0,False,1.102505637313065,10
True,2,5,80.0,34.0,4.0,34.0,1.0,False,2.8234587851645268,123
True,3,3,26.0,31.0,2.0,8.0,2.0,False,5.50410277454847,60
False,2,1,59.0,41.0,2.0,92.0,2.0,False,6.116183459249237,5
True,2,1,65.0,70.0,1.0,68.0,1.0,False,0.7673027425301494,75
False,2,1,49.0,44.0,2.0,50.0,3.0,False,5.470727516107511,29
True,1,4,44.0,44.0,1.0,7.0,5.0,False,2.680970379010404,42
True,3,5,78.0,76.0,4.0,93.0,4.0,False,2.7529174855506175,87
True,3,1,51.0,81.0,1.0,3.0,3.0,False,1.8245433162798705,98
False,2,2,41.0,42.0,2.0,59.0,2.0,False,3.803791233462708,34
True,1,2,45.0,43.0,2.0,60.0,3.0,False,2.6806439893839435,16
True,2,3,14.0,95.0,1.0,9.0,5.0,False,1.543030897077154,47
True,3,4,31.0,64.0,4.0,20.0,2.0,False,2.5605293865482848,154
True,3,4,86.0,55.0,4.0,56.0,1.0,True,0.3528821268920085,107
False,1,2,21.0,45.0,2.0,62.0,3.0,False,4.242584296674032,7
False,3,5,3.0,16.0,5.0,30.0,5.0,False,1.2348364348975682,22
True,3,2,49.0,52.0,2.0,77.0,3.0,False,4.439089568034815,16
False,3,5,1.0,25.0,2.0,35.0,5.0,False,1.102505637313065,14
True,3,1,53.0,57.0,4.0,53.0,4.0,False,2.577380210581995,169
True,1,1,30.0,36.0,3.0,58.0,3.0,False,5.249272398322623,22
False,3,5,3.0,50.0,1.0,35.0,5.0,False,0.6785048119562258,16
False,3,5,78.0,29.0,3.0,68.0,1.0,True,1.0010377441638663,44
False,1,1,55.0,43.0,1.0,83.0,3.0,False,5.303615653155743,34
True,3,3,93.0,71.0,5.0,58.0,3.0,False,2.0909371080016412,146
True,3,5,96.0,75.0,5.0,55.0,4.0,False,2.992955623921979,120
False,3,5,5.0,38.0,2.0,46.0,1.0,False,0.40541780477036454,10
False,1,2,77.0,93.0,5.0,42.0,1.0,False,3.7065678908719297,152
True,1,3,15.0,75.0,4.0,20.0,2.0,True,1.5415948171910188,88
True,3,2,86.0,90.0,4.0,57.0,5.0,False,0.9968568827054314,128
True,1,4,33.0,1.0,5.0,66.0,3.0,False,4.877229851993219,178
True,3,5,68.0,74.0,5.0,62.0,1.0,True,2.1429404944712442,114
True,1,1,61.0,24.0,1.0,39.0,1.0,True,0.49374713303552,74
True,2,2,3.0,38.0,2.0,38.0,2.0,True,1.389931114526981,140
True,2,5,9.0,24.0,3.0,46.0,2.0,False,1.2348364348975682,16
True,3,5,92.0,74.0,3.0,71.0,5.0,False,2.0909371080016412,67
True,3,1,13.0,29.0,2.0,29.0,4.0,False,0.7757281545470045,12
False,3,2,61.0,77.0,4.0,6.0,3.0,False,4.755056662978335,187
True,3,2,55.0,40.0,2.0,52.0,4.0,False,3.0425289271437284,41
True,2,3,84.0,54.0,5.0,28.0,5.0,False,3.0634969235358884,133
False,1,4,75.0,9.0,5.0,61.0,3.0,False,2.16115201798909,158
True,3,5,1.0,21.0,4.0,48.0,5.0,False,1.0589727703024856,24
True,2,5,39.0,33.0,1.0,47.0,4.0,False,2.6904752083271033,104
True,3,1,55.0,61.0,4.0,76.0,1.0,False,2.7427598769809975,113
True,3,1,83.0,63.0,3.0,27.0,3.0,False,3.3983734286923433,78
True,3,4,5.0,22.0,3.0,47.0,1.0,False,1.1997289799038438,8
False,3,1,43.0,37.0,2.0,64.0,2.0,False,6.008476118462378,47
True,2,4,66.0,23.0,5.0,63.0,3.0,True,2.2365603744545095,87
False,2,5,11.0,16.0,4.0,44.0,2.0,False,0.6700793999393708,18
False,3,4,10.0,24.0,3.0,41.0,1.0,False,0.9701748397285618,6
False,1,5,88.0,90.0,2.0,14.0,1.0,False,2.2151688831957497,111
False,3,2,43.0,40.0,4.0,77.0,1.0,False,3.545496464131332,21
False,3,5,4.0,44.0,5.0,29.0,2.0,False,0.40541780477036454,15
False,3,1,5.0,14.0,2.0,28.0,5.0,False,0.9431664071252321,18
False,1,2,10.0,8.0,2.0,89.0,2.0,False,2.6847611617423937,88
False,2,5,39.0,78.0,3.0,63.0,1.0,False,5.876145320877875,37
False,2,4,6.0,52.0,2.0,35.0,5.0,False,0.5377486023548677,10
True,3,5,56.0,85.0,4.0,50.0,3.0,True,0.907417864180601,90
True,1,2,32.0,43.0,1.0,49.0,3.0,False,3.923905836298367,19
False,2,2,54.0,45.0,2.0,59.0,4.0,False,5.292805265333203,23
False,1,2,27.0,45.0,3.0,94.0,3.0,False,5.675658199485148,25
False,3,5,9.0,45.0,2.0,30.0,1.0,False,0.9617494277117069,20
False,1,2,38.0,51.0,2.0,48.0,4.0,False,4.713908771773441,20
True,3,5,90.0,24.0,4.0,85.0,1.0,False,2.364350504813963,49
True,2,4,36.0,92.0,4.0,38.0,5.0,False,2.3640241151875028,143
True,2,5,76.0,38.0,3.0,50.0,1.0,False,3.1870759194770764,170
True,3,2,55.0,73.0,4.0,14.0,1.0,False,3.389948016675488,100
False,3,5,12.0,39.0,3.0,33.0,5.0,False,0.5998644899519219,8
True,3,4,83.0,44.0,3.0,8.0,5.0,False,2.091263497628102,106
False,2,2,29.0,39.0,2.0,46.0,4.0,False,5.168573490139094,30
True,1,1,48.0,3.0,2.0,67.0,1.0,False,1.7479615804547914,150
True,1,5,72.0,74.0,4.0,21.0,1.0,False,2.6104290793964946,78
True,3,1,55.0,49.0,1.0,69.0,3.0,False,1.4394407286487452,46
True,1,1,22.0,49.0,4.0,83.0,1.0,False,4.391113139039325,27
False,3,5,1.0,57.0,3.0,44.0,2.0,False,1.0403897497160108,13
False,1,1,58.0,49.0,1.0,78.0,4.0,False,5.567950858698289,33
True,2,1,89.0,43.0,3.0,78.0,1.0,False,3.3983734286923433,78
False,2,1,47.0,34.0,3.0,88.0,1.0,False,4.43670459222913,9
True,3,5,99.0,54.0,1.0,48.0,2.0,False,3.8824315554670124,134
True,1,2,65.0,46.0,4.0,29.0,2.0,True,0.7998193199358958,41
False,1,1,49.0,52.0,2.0,79.0,2.0,False,5.063577514784381,16
True,3,1,79.0,15.0,4.0,24.0,5.0,False,4.134550566260714,183
True,2,1,96.0,54.0,3.0,59.0,2.0,False,2.434565414801412,119
True,2,1,31.0,37.0,2.0,91.0,4.0,False,4.395556701024235,20
True,3,4,23.0,3.0,4.0,40.0,1.0,True,0.6481556172718578,124
True,3,4,2.0,32.0,5.0,36.0,2.0,True,0.8934391999191611,99
False,3,1,12.0,43.0,5.0,30.0,2.0,False,1.0403897497160108,7
True,3,4,66.0,59.0,4.0,41.0,1.0,True,1.0946576241471315,45
True,3,5,75.0,26.0,5.0,12.0,2.0,False,3.3362575410952893,148
True,3,3,99.0,74.0,1.0,25.0,3.0,False,3.2639840449286153,74
False,1,1,39.0,35.0,2.0,47.0,3.0,False,4.7574416387840195,36
True,1,2,28.0,34.0,2.0,85.0,5.0,False,4.736800032018321,19
True,2,4,51.0,95.0,4.0,60.0,4.0,False,2.573263038223545,97
True,2,5,34.0,25.0,5.0,50.0,2.0,False,1.7644860148620412,106
False,3,1,13.0,30.0,4.0,33.0,2.0,False,0.8108356095407291,3
False,3,5,10.0,9.0,3.0,46.0,5.0,False,1.0589727703024856,10
True,3,4,68.0,8.0,2.0,31.0,3.0,True,0.6701881964815242,64
True,3,2,17.0,19.0,5.0,54.0,2.0,True,1.1058915068362716,24
True,3,5,13.0,9.0,3.0,40.0,2.0,False,1.2183120004903183,90
True,3,1,1.0,46.0,5.0,44.0,4.0,False,0.7673027425301494,2
True,1,4,70.0,56.0,3.0,70.0,4.0,False,2.788024940544342,128
True,2,5,72.0,11.0,1.0,12.0,2.0,False,4.779680119775979,44
True,1,5,40.0,37.0,3.0,80.0,2.0,False,2.488582280008071,65
True,1,5,37.0,26.0,4.0,58.0,5.0,False,1.396234251264626,3
False,2,2,55.0,53.0,2.0,53.0,4.0,False,3.034429904753334,28
False,3,5,66.0,91.0,5.0,20.0,1.0,False,4.068452828631714,158
True,3,5,4.0,50.0,5.0,24.0,4.0,False,0.9080589521315077,8
True,3,2,50.0,70.0,2.0,31.0,1.0,False,3.255885022538221,191
False,2,5,11.0,11.0,3.0,48.0,5.0,False,0.8729514971377832,9
False,1,2,58.0,53.0,1.0,64.0,3.0,False,5.064983321710685,3
True,2,1,87.0,59.0,1.0,33.0,1.0,False,3.590761527694676,84
True,3,5,35.0,69.0,4.0,35.0,2.0,False,1.4022746874757956,43
False,3,5,98.0,71.0,1.0,60.0,3.0,True,2.1293970163784177,85
False,3,5,4.0,17.0,4.0,33.0,2.0,False,0.40541780477036454,16
True,3,1,81.0,25.0,4.0,4.0,4.0,False,2.8045493749515913,9
True,3,5,61.0,59.0,5.0,93.0,2.0,False,2.2853837931831986,98
True,1,5,78.0,73.0,4.0,28.0,3.0,False,1.8634415540055844,107
False,3,5,1.0,17.0,5.0,36.0,5.0,False,0.9266419727179824,3
True,1,5,87.0,53.0,5.0,97.0,1.0,False,2.9206821277553052,100
True,2,5,73.0,34.0,5.0,78.0,1.0,False,2.7444920735337623,161
True,2,4,66.0,55.0,2.0,75.0,1.0,False,2.8298256110021565,161
True,1,4,62.0,35.0,5.0,96.0,2.0,False,3.4334808836860677,99
False,1,1,27.0,45.0,1.0,76.0,4.0,False,2.9807394291731346,12
True,1,5,51.0,63.0,3.0,58.0,5.0,False,3.7518329544352738,126
True,1,5,22.0,50.0,5.0,5.0,2.0,False,1.3053777345114772,109
False,2,2,77.0,19.0,3.0,73.0,1.0,False,2.734660854590603,169
True,3,5,87.0,25.0,3.0,45.0,3.0,True,0.705764253784017,71
False,1,1,48.0,33.0,3.0,52.0,4.0,False,5.346495740913402,5
True,3,2,75.0,47.0,5.0,3.0,5.0,False,0.5026411473611432,133
False,3,4,92.0,7.0,3.0,85.0,2.0,False,4.703424773577361,139
True,2,5,70.0,52.0,3.0,49.0,3.0,False,1.5801969382501035,139
True,1,1,22.0,34.0,2.0,84.0,4.0,False,4.862437614138733,36
True,3,3,37.0,13.0,3.0,20.0,3.0,True,0.9762603833819,100
True,2,2,99.0,32.0,4.0,46.0,4.0,False,2.0909371080016412,87
True,1,5,45.0,63.0,1.0,44.0,1.0,True,1.0010377441638663,128
False,3,4,4.0,46.0,2.0,24.0,5.0,False,0.6970878325427005,11
True,1,4,72.0,36.0,5.0,11.0,1.0,False,3.0425289271437284,86
False,3,5,5.0,51.0,2.0,40.0,2.0,False,0.9617494277117069,19
False,3,5,6.0,20.0,1.0,46.0,5.0,False,0.6970878325427005,17
True,1,5,40.0,0.0,4.0,49.0,2.0,True,0.8826405033986346,58
True,3,5,77.0,42.0,3.0,79.0,3.0,False,3.1955013314939316,109
False,3,5,5.0,28.0,3.0,25.0,5.0,False,1.0403897497160108,19
True,3,5,4.0,24.0,4.0,73.0,2.0,True,1.800857064099762,96
True,1,3,89.0,5.0,3.0,17.0,1.0,True,1.047847684155499,81
False,3,5,19.0,7.0,5.0,59.0,2.0,True,0.9182165607011274,139
False,2,1,48.0,30.0,4.0,80.0,3.0,False,3.086061794154308,32
True,3,1,87.0,50.0,3.0,64.0,1.0,False,2.355925092797108,140
True,1,2,49.0,54.0,2.0,74.0,5.0,False,4.711850185594216,21
False,2,2,52.0,40.0,2.0,64.0,4.0,False,5.549694227738274,19
True,2,1,11.0,18.0,4.0,17.0,1.0,True,0.49374713303552,48
True,2,5,58.0,91.0,5.0,42.0,1.0,False,1.6504118482375525,141
True,3,3,60.0,37.0,5.0,50.0,3.0,False,3.239034198504511,149
False,2,5,89.0,16.0,5.0,65.0,5.0,False,1.904915834836939,137
True,2,4,42.0,44.0,2.0,50.0,1.0,False,2.339400658389858,165
True,1,4,17.0,50.0,3.0,12.0,3.0,True,1.0010377441638663,21
True,3,2,84.0,69.0,3.0,86.0,1.0,False,1.6072053708534333,124
True,3,3,14.0,87.0,4.0,68.0,2.0,True,0.8353953772383886,76
True,2,2,79.0,80.0,1.0,36.0,4.0,False,1.8634415540055844,74
False,3,1,65.0,89.0,5.0,96.0,4.0,False,1.2699438898912927,140
True,2,4,38.0,15.0,2.0,40.0,1.0,False,2.790083526723567,38
False,3,5,5.0,20.0,3.0,36.0,4.0,False,1.1376130923067895,7
True,3,2,59.0,31.0,1.0,70.0,2.0,True,0.9650265006927601,37
False,1,2,45.0,43.0,2.0,86.0,5.0,False,4.509304478022264,14
False,1,2,91.0,54.0,3.0,42.0,3.0,False,3.0512807287870434,91
True,3,2,73.0,38.0,5.0,89.0,2.0,False,3.3797904081058685,160
True,1,5,50.0,57.0,5.0,69.0,2.0,True,1.3431211745353484,85
False,2,5,56.0,97.0,1.0,37.0,5.0,False,2.5939046449892444,135
True,3,2,72.0,30.0,5.0,32.0,1.0,False,2.7363930511433674,128
True,3,5,75.0,42.0,2.0,81.0,3.0,False,2.6661781411559184,111
True,1,5,15.0,2.0,3.0,20.0,3.0,True,0.6589543137923842,22
True,2,1,62.0,40.0,3.0,28.0,2.0,False,2.7171572513039726,157
False,2,1,25.0,37.0,2.0,87.0,5.0,False,5.56860363795121,16
False,3,1,7.0,54.0,5.0,48.0,5.0,False,1.2348364348975682,6
False,2,5,77.0,41.0,2.0,59.0,1.0,False,3.6528774152917305,126
True,3,5,79.0,99.0,3.0,8.0,5.0,False,3.7146669132623242,169
True,3,1,65.0,69.0,1.0,28.0,1.0,True,0.7998193199358958,94
False,2,2,48.0,36.0,4.0,73.0,3.0,False,5.43767864729301,16
True,3,5,54.0,26.0,3.0,20.0,4.0,False,1.085654813279355,74
True,3,1,23.0,45.0,1.0,81.0,3.0,False,4.976511780763222,22
False,1,2,50.0,39.0,4.0,63.0,3.0,False,6.328886775390808,38
False,1,2,21.0,43.0,2.0,83.0,4.0,False,4.7982631403624545,27
True,2,5,67.0,37.0,2.0,74.0,4.0,False,3.1418108559137323,182
True,3,5,96.0,79.0,5.0,99.0,5.0,False,2.699227009970418,127
True,1,1,25.0,37.0,1.0,15.0,2.0,True,0.9762603833819,108
True,3,4,53.0,43.0,4.0,79.0,5.0,False,2.355925092797108,86
True,3,5,50.0,56.0,3.0,49.0,2.0,False,3.1232278353272576,103
True,3,5,9.0,9.0,5.0,53.0,3.0,False,1.7476351908283312,111
False,1,4,87.0,17.0,4.0,65.0,3.0,False,2.4514162388351215,162
True,3,1,56.0,71.0,2.0,66.0,5.0,False,1.8431263368663449,18
True,3,5,49.0,99.0,5.0,62.0,1.0,False,2.7363930511433674,126
True,3,4,12.0,14.0,2.0,46.0,5.0,False,0.9266419727179824,18
True,2,5,16.0,32.0,5.0,70.0,2.0,True,1.4479749372077535,45
False,2,5,85.0,39.0,2.0,23.0,1.0,False,1.7911680578389104,134
False,3,2,48.0,33.0,2.0,91.0,2.0,False,3.6592442411293606,16
False,3,4,5.0,10.0,5.0,49.0,4.0,False,0.732195287536425,16
True,2,5,57.0,23.0,4.0,97.0,1.0,False,3.3095754981184196,117
True,3,4,90.0,62.0,4.0,99.0,4.0,False,2.6641195549766934,137
True,3,4,74.0,29.0,1.0,80.0,4.0,False,3.125286421506482,132
True,3,1,51.0,58.0,2.0,81.0,3.0,False,2.910198129559226,85
True,1,1,16.0,61.0,1.0,11.0,2.0,True,1.696003301427357,64
False,2,1,59.0,31.0,2.0,97.0,4.0,False,5.195908312368884,38
True,3,3,98.0,53.0,1.0,32.0,1.0,False,3.1337118335233374,117
False,2,2,55.0,47.0,4.0,46.0,4.0,False,2.6722185773670883,8
False,3,1,32.0,35.0,1.0,49.0,3.0,False,3.917539010460737,25
True,2,5,88.0,18.0,1.0,12.0,2.0,False,2.487929500755151,136
False,1,1,24.0,46.0,2.0,76.0,3.0,False,3.784881823249773,24
False,1,1,67.0,24.0,5.0,34.0,2.0,False,6.018307337405538,14
True,3,1,8.0,60.0,1.0,5.0,2.0,False,3.484459993834122,59
True,1,3,38.0,74.0,5.0,3.0,3.0,False,2.0747390632208518,112
True,3,4,2.0,5.0,2.0,13.0,5.0,False,4.023514154694831,79
False,3,5,50.0,27.0,1.0,73.0,4.0,True,0.5653344338091189,145
True,3,4,75.0,21.0,1.0,19.0,2.0,False,3.25555863291176,169
False,3,1,11.0,8.0,4.0,33.0,5.0,False,1.0403897497160108,6
True,1,4,56.0,33.0,5.0,66.0,2.0,True,0.6121443738007516,105
True,1,5,3.0,13.0,1.0,39.0,2.0,True,1.696003301427357,140
False,1,2,34.0,42.0,4.0,63.0,4.0,False,4.250356929437967,32
True,1,5,82.0,61.0,3.0,31.0,5.0,False,3.4500053180933175,115
False,2,4,58.0,27.0,4.0,18.0,5.0,False,2.60869688284373,51
False,1,3,75.0,37.0,1.0,95.0,1.0,False,3.8547703436107623,115
True,3,1,80.0,27.0,4.0,66.0,5.0,False,3.565811681270571,93
True,3,1,76.0,37.0,5.0,63.0,1.0,False,2.550371777978665,106
True,1,3,20.0,50.0,2.0,64.0,3.0,False,3.3629395840721585,130
False,3,5,10.0,19.0,5.0,44.0,2.0,False,0.6700793999393708,12
True,2,4,62.0,20.0,3.0,1.0,2.0,False,0.9101175383107325,82
False,2,5,2.0,38.0,2.0,48.0,5.0,False,0.6785048119562258,21
True,3,5,79.0,95.0,2.0,4.0,4.0,False,4.655448344581871,100
False,3,2,27.0,41.0,4.0,24.0,3.0,False,2.95611597237549,89
True,2,1,11.0,51.0,5.0,35.0,4.0,False,0.732195287536425,19
True,3,5,6.0,27.0,2.0,30.0,2.0,False,0.9431664071252321,15
True,2,4,87.0,78.0,5.0,75.0,1.0,False,2.0558296530079168,89
False,1,2,27.0,30.0,2.0,48.0,4.0,False,3.209967179721956,5
True,2,5,40.0,60.0,5.0,5.0,1.0,False,6.132381504030025,99
False,2,2,37.0,45.0,2.0,58.0,1.0,False,3.785208212876233,33
True,2,3,76.0,63.0,5.0,75.0,5.0,False,2.5767274313290747,58
False,2,4,64.0,86.0,5.0,73.0,5.0,False,2.0203958083877325,127
True,3,2,90.0,65.0,4.0,81.0,4.0,False,2.5854792329723892,174
True,3,5,52.0,42.0,4.0,79.0,3.0,False,2.250276338189474,92
True,3,5,86.0,24.0,2.0,48.0,1.0,False,3.7501007578825085,139
False,2,5,5.0,17.0,4.0,28.0,3.0,False,4.182200605629743,82
True,1,1,3.0,39.0,4.0,63.0,1.0,False,4.154865783399953,156
True,3,4,94.0,53.0,5.0,73.0,4.0,False,2.3994579598076875,90
False,3,1,61.0,20.0,5.0,94.0,2.0,False,3.203600353884326,72
False,3,1,70.0,15.0,5.0,21.0,5.0,False,5.6009997275127885,69
True,3,1,93.0,26.0,4.0,85.0,2.0,False,2.866665262548646,84
False,1,1,38.0,32.0,1.0,92.0,3.0,False,4.5855598242208835,29
False,3,1,7.0,36.0,3.0,49.0,5.0,False,1.1997289799038438,10
True,3,5,8.0,23.0,3.0,40.0,5.0,False,0.9701748397285618,24
False,2,1,12.0,12.0,4.0,25.0,4.0,False,0.5998644899519219,18
True,3,3,37.0,95.0,5.0,40.0,5.0,False,4.093402675055819,155
False,3,5,4.0,35.0,1.0,40.0,2.0,False,1.0589727703024856,21
True,1,2,40.0,54.0,2.0,57.0,1.0,False,3.086061794154308,10
True,2,5,70.0,76.0,5.0,56.0,1.0,False,2.8251909817172915,129
False,2,3,34.0,65.0,5.0,87.0,4.0,True,0.9182165607011274,79
False,1,1,22.0,42.0,3.0,85.0,1.0,False,5.363346564947111,32
False,3,1,5.0,22.0,2.0,90.0,1.0,False,1.4542329665032303,185
True,3,5,74.0,59.0,3.0,65.0,1.0,False,2.717810030556893,112
False,2,1,3.0,47.0,5.0,37.0,2.0,False,1.3320597774883467,9
False,1,2,28.0,52.0,2.0,90.0,2.0,False,6.397369488825493,32
True,3,4,58.0,76.0,4.0,30.0,5.0,False,2.031206196210272,60
True,3,1,76.0,24.0,2.0,83.0,1.0,False,3.4854391627135026,68
False,1,5,47.0,82.0,5.0,69.0,1.0,False,2.930839736324925,119
True,3,1,4.0,30.0,5.0,29.0,5.0,False,0.8108356095407291,10
True,2,1,10.0,65.0,4.0,66.0,2.0,True,1.649193361435724,155
True,3,5,42.0,61.0,3.0,31.0,1.0,False,3.538803248667242,136
True,2,1,90.0,24.0,2.0,49.0,4.0,False,3.4436384922556877,160
True,3,5,67.0,45.0,5.0,82.0,2.0,True,0.5293231903380127,115
True,2,2,88.0,58.0,5.0,67.0,4.0,False,3.1232278353272576,120
True,3,5,93.0,25.0,4.0,90.0,2.0,False,1.967031722433993,126
False,2,5,81.0,59.0,5.0,5.0,3.0,False,3.6009191362642956,164
True,1,4,45.0,28.0,1.0,46.0,2.0,True,0.8714066207094948,51
False,1,2,53.0,38.0,4.0,63.0,3.0,False,3.102912618188018,21
False,2,1,39.0,31.0,2.0,82.0,2.0,False,6.354163011441373,29
True,2,5,64.0,26.0,4.0,54.0,1.0,False,2.8066079611308163,125
True,1,2,91.0,47.0,4.0,63.0,3.0,False,2.180061428202025,103
True,2,1,36.0,47.0,2.0,60.0,4.0,False,4.320898229051876,25
True,3,3,4.0,23.0,3.0,21.0,1.0,False,1.545089483256379,23
True,3,1,55.0,55.0,3.0,23.0,4.0,False,3.007095082523544,101
False,2,5,4.0,21.0,4.0,42.0,4.0,False,0.732195287536425,18
True,3,5,73.0,57.0,3.0,64.0,1.0,False,2.6827025755631686,99
False,3,5,10.0,33.0,1.0,42.0,5.0,False,1.1376130923067895,10
True,3,5,58.0,37.0,5.0,74.0,2.0,False,2.5236897350017955,108
False,3,5,71.0,28.0,4.0,33.0,2.0,False,2.701611985776103,42
False,2,2,28.0,82.0,1.0,14.0,1.0,False,5.028470059790656,109
True,3,3,34.0,24.0,3.0,52.0,2.0,False,0.7588773305132945,133
False,3,2,57.0,46.0,2.0,69.0,4.0,False,2.9807394291731346,17
True,3,2,77.0,55.0,1.0,54.0,2.0,True,0.7530093799442632,52
True,1,4,34.0,64.0,4.0,84.0,1.0,False,0.9182165607011274,163
False,1,5,90.0,33.0,5.0,73.0,1.0,False,3.909439988070342,151
False,3,5,9.0,39.0,1.0,27.0,4.0,False,0.5377486023548677,18
True,3,5,64.0,82.0,1.0,36.0,2.0,False,2.8687238487278712,83
False,3,1,13.0,14.0,2.0,42.0,5.0,False,0.8294186301272037,12
True,3,4,71.0,75.0,4.0,66.0,5.0,False,1.975457134450848,144
False,2,4,9.0,53.0,1.0,40.0,4.0,False,0.732195287536425,17
True,3,4,9.0,12.0,5.0,39.0,5.0,False,1.102505637313065,5
True,3,5,95.0,66.0,4.0,19.0,4.0,False,3.034429904753334,116
False,2,4,46.0,54.0,5.0,67.0,5.0,False,2.6104290793964946,114
True,3,2,54.0,59.0,5.0,13.0,1.0,False,3.104644814740783,77
False,1,1,28.0,33.0,2.0,71.0,5.0,False,3.9631304636505407,20
True,3,4,87.0,47.0,5.0,40.0,2.0,False,2.8042229853251315,81
False,1,2,42.0,48.0,1.0,73.0,5.0,False,5.4440454731306405,16
True,2,5,17.0,59.0,5.0,2.0,2.0,False,1.9856147430204678,109
False,3,1,14.0,3.0,2.0,26.0,2.0,False,4.058295220062094,39
True,3,5,10.0,37.0,5.0,30.0,4.0,False,0.8108356095407291,16
True,1,3,99.0,28.0,5.0,94.0,2.0,False,3.5742370932874263,115
False,1,3,85.0,33.0,3.0,45.0,3.0,False,4.153459976473648,43
True,2,5,12.0,17.0,4.0,32.0,4.0,False,0.7757281545470045,7
True,3,4,57.0,52.0,4.0,32.0,4.0,False,3.5556540727009516,114
False,3,5,65.0,16.0,5.0,78.0,4.0,False,3.4500053180933175,184
False,2,5,74.0,51.0,5.0,14.0,4.0,False,1.967031722433993,163
False,2,5,5.0,18.0,2.0,33.0,2.0,False,0.732195287536425,16
False,3,5,2.0,18.0,2.0,39.0,2.0,False,1.1997289799038438,23
True,1,4,85.0,44.0,1.0,65.0,3.0,False,1.3506427980748215,157
True,3,2,91.0,35.0,3.0,92.0,2.0,False,1.8451849230455697,160
True,3,2,5.0,11.0,4.0,48.0,3.0,False,5.12677281968128,79
True,3,4,11.0,31.0,2.0,27.0,1.0,False,0.5998644899519219,12
True,2,2,61.0,72.0,2.0,57.0,4.0,False,2.5338473435714155,172
True,3,1,12.0,44.0,4.0,38.0,4.0,False,0.7757281545470045,8
True,1,1,21.0,52.0,2.0,96.0,3.0,False,4.233832495030717,19
False,3,1,6.0,17.0,2.0,46.0,5.0,False,0.9701748397285618,15
False,1,2,36.0,37.0,2.0,95.0,4.0,False,3.795692211072313,39
True,2,4,92.0,11.0,2.0,27.0,3.0,False,6.546224720817246,119
True,2,4,28.0,28.0,4.0,29.0,1.0,True,0.7169981364731569,124
True,1,1,48.0,51.0,4.0,76.0,3.0,False,3.7996740611042585,25
True,2,5,9.0,53.0,3.0,32.0,5.0,False,0.5026411473611432,5
False,1,2,20.0,48.0,2.0,84.0,1.0,False,5.778921978287096,21
True,3,5,84.0,26.0,2.0,51.0,1.0,False,0.8645260851209282,164
False,2,1,21.0,41.0,3.0,84.0,4.0,False,4.614300453376977,39
False,3,4,76.0,15.0,5.0,87.0,4.0,True,2.1897504344628764,171
True,3,5,5.0,55.0,2.0,47.0,2.0,False,1.0589727703024856,19
True,2,2,57.0,23.0,3.0,73.0,4.0,False,2.029147610031047,95
False,2,2,51.0,51.0,2.0,84.0,3.0,False,3.6589178515029,27
False,3,4,73.0,57.0,5.0,25.0,3.0,False,2.842041805751001,129
False,2,2,57.0,43.0,2.0,46.0,4.0,False,4.798589529988915,23
False,3,5,33.0,59.0,4.0,83.0,2.0,True,2.2365603744545095,101
True,3,5,55.0,39.0,2.0,93.0,1.0,False,0.5914390779350669,150
True,3,4,15.0,78.0,2.0,46.0,1.0,True,0.5405570730271527,70
True,2,5,76.0,28.0,5.0,25.0,4.0,False,2.842041805751001,150
True,3,1,89.0,67.0,5.0,95.0,3.0,False,3.32609993252567,124
True,3,5,81.0,60.0,4.0,72.0,4.0,False,2.250276338189474,80
True,3,1,84.0,58.0,2.0,3.0,1.0,False,1.9234988554234138,134
True,3,5,86.0,87.0,2.0,32.0,1.0,False,3.441906295702923,139
False,3,5,12.0,29.0,2.0,47.0,5.0,False,1.1997289799038438,11
True,1,2,57.0,30.0,2.0,84.0,1.0,False,3.3612073875193946,11
False,3,4,2.0,30.0,5.0,27.0,4.0,False,0.9266419727179824,7
False,2,3,24.0,21.0,4.0,13.0,3.0,False,4.1372619316928585,147
False,1,2,25.0,90.0,5.0,35.0,4.0,False,4.448594397351513,90
True,1,3,9.0,20.0,5.0,18.0,2.0,True,1.318343813753382,98
True,1,4,79.0,74.0,5.0,52.0,3.0,False,3.363265973698619,151
False,2,2,47.0,31.0,1.0,70.0,4.0,False,4.37697368043776,38
False,1,1,37.0,52.0,3.0,94.0,2.0,False,6.61882460661038,28
True,3,1,67.0,42.0,2.0,49.0,4.0,False,2.709384618540038,118
True,2,1,74.0,50.0,3.0,32.0,1.0,True,0.6701881964815242,5
False,2,4,14.0,73.0,3.0,56.0,3.0,False,3.879720190034867,43
False,1,1,45.0,52.0,4.0,78.0,3.0,False,3.077636382137453,35
False,3,2,71.0,60.0,5.0,34.0,2.0,False,4.339807639264811,75
True,1,2,10.0,39.0,4.0,23.0,1.0,True,1.083858927626605,58
True,3,5,82.0,39.0,3.0,92.0,1.0,False,3.0530129253398086,86
True,3,3,23.0,73.0,3.0,37.0,3.0,False,2.115886954425746,118
False,3,1,10.0,48.0,5.0,40.0,4.0,False,1.3320597774883467,18
False,1,2,47.0,45.0,3.0,67.0,3.0,False,4.252741905243653,41
True,3,1,54.0,58.0,2.0,76.0,5.0,False,2.8048757645780524,113
False,2,1,43.0,53.0,2.0,98.0,4.0,False,4.955543784371062,38
False,3,1,60.0,55.0,5.0,64.0,4.0,False,4.00633694103466,184
True,2,5,50.0,95.0,1.0,27.0,4.0,False,6.581332175810971,130
True,3,2,42.0,37.0,1.0,80.0,5.0,False,6.054067571652182,28
False,1,2,44.0,53.0,2.0,87.0,3.0,False,4.798915919615375,7
False,1,5,19.0,24.0,3.0,93.0,2.0,False,2.21549527282221,101
False,3,4,73.0,22.0,2.0,36.0,1.0,False,5.152375445358305,83
False,2,2,46.0,61.0,3.0,8.0,4.0,False,3.565811681270571,162
True,2,3,78.0,39.0,5.0,50.0,2.0,False,3.2207775675444967,114
False,2,3,88.0,8.0,4.0,16.0,3.0,False,4.103233893998978,32
True,1,5,66.0,19.0,3.0,62.0,2.0,False,0.8480016507136783,90
True,3,1,54.0,54.0,1.0,90.0,1.0,False,3.6444520032748753,110
True,3,1,5.0,37.0,3.0,36.0,5.0,False,1.0673981823193406,9
True,3,4,2.0,34.0,3.0,41.0,2.0,False,0.6785048119562258,15
False,3,5,3.0,36.0,4.0,48.0,5.0,False,1.102505637313065,14
False,3,5,10.0,22.0,5.0,30.0,2.0,False,0.5998644899519219,5
True,1,2,30.0,46.0,3.0,44.0,1.0,False,0.6785048119562258,161
False,2,2,39.0,49.0,3.0,85.0,5.0,False,4.068779218258175,22
False,3,5,55.0,27.0,1.0,8.0,2.0,False,5.408611628510456,36
False,2,3,84.0,71.0,4.0,76.0,1.0,False,2.3390742687633983,137
True,3,4,55.0,76.0,1.0,29.0,5.0,False,3.6528774152917305,89
True,3,3,57.0,34.0,5.0,71.0,1.0,False,2.771500506137092,139
True,1,1,46.0,37.0,3.0,85.0,4.0,False,4.903911894970088,7
False,1,1,32.0,53.0,4.0,51.0,3.0,False,4.277038972414837,42
False,3,4,50.0,87.0,3.0,6.0,5.0,False,3.389948016675488,55
True,1,1,85.0,96.0,5.0,51.0,5.0,False,3.2393605881309706,59
False,3,5,1.0,54.0,5.0,29.0,5.0,False,0.8645260851209282,9
False,1,2,28.0,51.0,1.0,80.0,3.0,False,5.603058313692014,32
True,3,4,59.0,52.0,5.0,7.0,2.0,False,4.233179715777798,105
True,3,5,50.0,63.0,4.0,97.0,3.0,False,3.0445875133229534,135
True,3,4,53.0,30.0,1.0,57.0,3.0,False,1.1210886578995396,81
False,3,1,82.0,43.0,1.0,88.0,4.0,True,1.7873135860069358,107
False,3,2,73.0,79.0,2.0,44.0,1.0,False,2.6040622535588644,71
True,3,5,75.0,58.0,2.0,30.0,2.0,False,2.647595120569444,84
True,2,3,64.0,77.0,3.0,8.0,3.0,False,2.153379385225156,136
True,3,5,8.0,50.0,2.0,29.0,4.0,False,1.1997289799038438,20
True,1,3,64.0,14.0,1.0,89.0,2.0,False,4.475276440328384,119
True,3,1,99.0,58.0,4.0,63.0,2.0,False,2.117945540604971,113
False,1,4,32.0,30.0,1.0,84.0,2.0,False,2.471731455974361,72
False,3,5,87.0,8.0,5.0,59.0,4.0,False,3.538803248667242,165
True,3,3,9.0,54.0,5.0,20.0,4.0,False,4.869130829602824,45
True,3,1,66.0,38.0,4.0,36.0,1.0,False,3.063170533909428,111
True,3,2,63.0,60.0,4.0,33.0,1.0,False,2.55847080036906,87
True,1,3,3.0,25.0,5.0,50.0,3.0,False,5.51426038311809,102
False,2,2,63.0,50.0,5.0,0.0,4.0,False,3.7230923252791794,141
False,3,1,12.0,98.0,4.0,74.0,3.0,False,3.733249933848799,100
True,3,5,92.0,66.0,5.0,26.0,1.0,False,3.3713649960890137,71
False,3,1,24.0,45.0,3.0,94.0,4.0,False,5.719191066495727,18
True,2,5,47.0,67.0,5.0,48.0,1.0,False,2.3745081133835826,151
True,3,5,1.0,15.0,4.0,38.0,5.0,False,0.732195287536425,14
True,2,3,51.0,57.0,4.0,35.0,5.0,False,2.6661781411559184,64
True,3,1,85.0,55.0,5.0,44.0,1.0,False,3.803791233462708,122
True,3,2,93.0,65.0,5.0,79.0,4.0,False,4.589024217326411,132
True,3,5,7.0,83.0,4.0,77.0,2.0,True,1.883678247562501,63
True,2,2,26.0,36.0,2.0,88.0,4.0,False,2.5402141694090457,19
False,2,1,1.0,26.0,3.0,28.0,5.0,False,0.5026411473611432,14
True,1,5,88.0,99.0,1.0,45.0,1.0,False,1.307109931064242,97
True,2,1,82.0,13.0,3.0,28.0,5.0,False,4.130568716228769,128
False,1,1,48.0,34.0,1.0,76.0,3.0,False,3.3426243669329194,30
False,3,5,6.0,16.0,2.0,39.0,4.0,False,1.1376130923067895,11
False,2,3,47.0,1.0,5.0,40.0,4.0,False,2.337342072210633,184
True,3,5,73.0,21.0,5.0,55.0,2.0,True,1.4727522979897198,48
False,1,4,10.0,76.0,3.0,93.0,3.0,False,5.07308234410108,139
False,3,4,6.0,41.0,1.0,27.0,5.0,False,0.9701748397285618,9
True,3,5,17.0,15.0,2.0,57.0,1.0,True,1.1058915068362716,60
False,2,2,30.0,52.0,2.0,74.0,1.0,False,4.526155302055974,17
True,3,2,97.0,67.0,2.0,31.0,3.0,False,2.3724495272043575,127
False,3,5,70.0,46.0,1.0,53.0,5.0,False,2.699227009970418,165
True,3,4,52.0,59.0,3.0,65.0,1.0,False,2.788024940544342,129
False,3,3,84.0,10.0,2.0,19.0,1.0,False,4.09976950089345,172
True,3,1,30.0,48.0,4.0,91.0,3.0,False,4.472138436849313,34
True,1,1,60.0,86.0,4.0,54.0,3.0,False,3.9972587497648853,162
False,2,2,41.0,53.0,2.0,73.0,5.0,False,5.401165385372981,37
False,3,2,27.0,39.0,2.0,50.0,2.0,False,2.9206821277553052,40
True,1,2,66.0,23.0,1.0,21.0,2.0,False,3.802059036909943,89
True,3,3,83.0,35.0,2.0,10.0,3.0,False,3.5286456400976216,96
False,3,5,9.0,36.0,3.0,46.0,5.0,False,0.7757281545470045,12
True,1,5,29.0,0.0,1.0,43.0,4.0,False,1.5886223502669585,152
True,2,4,59.0,9.0,3.0,50.0,2.0,True,1.2963112345437156,58
False,1,2,88.0,27.0,4.0,10.0,5.0,False,3.9154804242815118,81
False,3,5,67.0,2.0,1.0,36.0,3.0,False,2.8852482831351205,139
True,3,4,8.0,54.0,2.0,48.0,2.0,False,0.7673027425301494,15
True,1,1,71.0,42.0,4.0,27.0,3.0,False,2.55847080036906,97
True,3,2,31.0,38.0,1.0,54.0,1.0,True,1.6712259406453907,91
False,1,4,72.0,35.0,1.0,25.0,4.0,False,3.5654852916441113,22
False,2,5,5.0,40.0,3.0,43.0,2.0,False,0.9701748397285618,7
False,2,5,1.0,40.0,1.0,41.0,4.0,False,1.0589727703024856,20
False,3,4,5.0,45.0,1.0,33.0,2.0,False,0.8108356095407291,8
True,1,2,83.0,33.0,5.0,4.0,1.0,False,2.7448184631602226,110
True,1,2,44.0,44.0,4.0,68.0,4.0,False,3.5910879173211363,31
True,2,1,22.0,44.0,1.0,71.0,4.0,False,3.7480421717032844,31
True,3,4,98.0,27.0,1.0,22.0,4.0,False,1.6486796516847875,131
False,2,1,74.0,65.0,1.0,29.0,3.0,False,2.849814438514936,88
True,3,1,24.0,7.0,3.0,12.0,5.0,False,3.3356047618423688,79
True,3,5,86.0,63.0,5.0,66.0,4.0,False,3.1397522697345073,90
False,3,4,80.0,26.0,5.0,24.0,5.0,False,3.236975612325286,174
False,2,2,53.0,48.0,2.0,64.0,3.0,False,5.047379470003591,16
True,3,2,89.0,56.0,3.0,32.0,4.0,False,1.6072053708534333,190
False,3,5,13.0,17.0,2.0,32.0,2.0,False,0.8294186301272037,9
True,2,5,2.0,39.0,5.0,32.0,2.0,False,1.102505637313065,17
False,2,1,8.0,30.0,4.0,39.0,1.0,False,1.102505637313065,10
False,3,1,60.0,54.0,5.0,56.0,4.0,False,4.341539835817575,141
True,2,4,70.0,25.0,2.0,1.0,3.0,False,2.8936736951519757,171
True,1,2,59.0,32.0,3.0,20.0,1.0,False,3.168819288517062,97
True,1,1,10.0,3.0,5.0,83.0,1.0,True,0.0,178
False,3,1,35.0,30.0,4.0,77.0,1.0,False,5.7954464126943455,8
False,1,5,88.0,21.0,5.0,49.0,5.0,False,2.7529174855506175,99
True,3,2,62.0,23.0,2.0,0.0,2.0,False,2.6827025755631686,108
True,1,4,64.0,43.0,3.0,74.0,3.0,False,1.9319242674402686,59
True,2,5,71.0,30.0,5.0,83.0,3.0,False,1.9403496794571236,147
True,3,5,87.0,75.0,5.0,61.0,1.0,False,2.2151688831957497,120
False,1,1,68.0,37.0,1.0,51.0,4.0,False,5.211779967523214,107
True,1,2,78.0,8.0,5.0,69.0,2.0,True,0.6481556172718578,138
True,1,5,44.0,11.0,2.0,13.0,2.0,False,1.164621524910119,50
False,1,1,57.0,45.0,1.0,70.0,2.0,False,6.63534904101763,7
False,3,2,31.0,4.0,4.0,80.0,1.0,False,4.281156144773286,100
True,3,2,43.0,45.0,3.0,59.0,4.0,False,1.8100774680518452,106
False,1,2,23.0,45.0,2.0,46.0,1.0,False,5.7252315027068965,24
True,2,5,79.0,45.0,2.0,19.0,5.0,False,6.2356452828319755,96
False,2,2,55.0,31.0,2.0,60.0,4.0,False,4.908355456954998,25
True,1,5,2.0,63.0,3.0,17.0,1.0,True,1.4367410545186137,20
False,3,2,24.0,36.0,4.0,74.0,3.0,False,6.751155404194882,6
True,3,5,1.0,55.0,4.0,36.0,5.0,False,0.9080589521315077,7
False,3,5,76.0,22.0,2.0,39.0,1.0,False,3.847324100473288,194
True,1,5,4.0,88.0,4.0,33.0,2.0,False,1.5720979158597084,69
True,1,5,82.0,26.0,2.0,32.0,4.0,False,2.5233633453753357,110
False,1,1,36.0,51.0,3.0,64.0,2.0,False,5.578108467267908,43
True,3,5,79.0,27.0,1.0,36.0,2.0,False,3.228876589934891,131
True,3,5,4.0,16.0,5.0,45.0,2.0,False,1.7209531478514615,121
False,2,5,69.0,29.0,5.0,78.0,4.0,False,1.7395361684379362,152
True,1,5,90.0,64.0,3.0,3.0,2.0,False,1.7125277358346067,140
False,1,5,88.0,81.0,5.0,31.0,1.0,False,1.09408022529621,126
True,2,2,32.0,37.0,2.0,20.0,5.0,False,1.4022746874757956,127
False,3,5,3.0,33.0,1.0,43.0,2.0,False,0.6349719449456463,8
True,2,2,60.0,42.0,4.0,4.0,3.0,False,2.7630750941202367,161
True,3,4,54.0,59.0,5.0,68.0,3.0,False,3.8388986884564327,130
False,1,2,49.0,45.0,2.0,63.0,2.0,False,3.2994178895488,37
True,3,1,81.0,51.0,1.0,37.0,2.0,True,1.3431211745353484,57
False,3,4,5.0,14.0,2.0,48.0,4.0,False,0.8108356095407291,9
True,3,4,6.0,45.0,2.0,39.0,5.0,False,0.8729514971377832,6
False,1,2,26.0,53.0,2.0,84.0,3.0,False,4.8603790279595085,33
False,2,2,52.0,31.0,2.0,80.0,5.0,False,5.055478492393986,15
False,3,5,10.0,32.0,2.0,45.0,4.0,False,0.7943111751334793,9
False,3,3,62.0,7.0,2.0,84.0,4.0,False,4.285790774058151,96
True,3,5,65.0,34.0,5.0,33.0,5.0,False,4.668317318583637,130
True,2,1,46.0,30.0,2.0,89.0,1.0,False,6.159716326259815,37
True,3,4,64.0,69.0,4.0,59.0,2.0,False,1.7395361684379362,123
True,2,5,52.0,86.0,2.0,36.0,3.0,False,1.1376130923067895,63
False,3,2,67.0,28.0,5.0,0.0,1.0,False,2.7630750941202367,185
True,3,2,76.0,28.0,4.0,34.0,1.0,True,0.8934391999191611,170
True,1,2,62.0,4.0,2.0,20.0,2.0,False,0.5914390779350669,94
False,1,1,23.0,37.0,2.0,70.0,3.0,False,2.0726804770416267,17
True,1,4,91.0,66.0,4.0,37.0,1.0,False,3.007421472150004,135
False,2,3,15.0,4.0,5.0,55.0,4.0,False,2.031206196210272,157
False,1,2,57.0,38.0,1.0,73.0,3.0,False,4.6659323427779515,41
True,1,4,8.0,44.0,5.0,56.0,3.0,True,0.3528821268920085,125
True,3,4,86.0,33.0,5.0,32.0,1.0,False,3.783476016323469,109
True,1,1,61.0,42.0,1.0,54.0,1.0,False,3.158335290320982,109
False,3,1,11.0,56.0,5.0,49.0,5.0,False,0.9431664071252321,17
True,3,2,66.0,76.0,4.0,36.0,1.0,False,2.9020991071688305,88
True,3,5,75.0,21.0,3.0,41.0,3.0,False,2.0747390632208518,154
True,2,3,26.0,59.0,5.0,63.0,2.0,False,3.1600674868737464,130
False,3,4,8.0,57.0,5.0,38.0,2.0,False,0.8294186301272037,19
False,3,1,25.0,41.0,2.0,65.0,4.0,False,5.197640508921649,15
True,2,2,55.0,58.0,4.0,77.0,1.0,False,4.121490524958993,122
False,1,1,36.0,38.0,2.0,52.0,3.0,False,5.876471710504335,32
False,3,5,1.0,53.0,4.0,37.0,4.0,False,0.9617494277117069,16
True,2,5,49.0,32.0,3.0,68.0,2.0,False,1.5987799588365783,132
True,2,2,63.0,76.0,2.0,50.0,2.0,True,1.96649943102524,46
False,1,1,51.0,44.0,3.0,81.0,3.0,False,5.8697784950402445,24
True,3,5,33.0,6.0,1.0,15.0,4.0,False,1.756060602845186,87
True,1,5,49.0,15.0,5.0,85.0,2.0,True,1.5195622379813525,71
True,1,2,23.0,32.0,2.0,97.0,4.0,False,2.96215640858666,12
True,3,4,2.0,49.0,2.0,40.0,5.0,False,0.8108356095407291,12
True,1,3,81.0,6.0,1.0,75.0,4.0,False,3.044913902949413,136
True,3,5,48.0,57.0,5.0,62.0,1.0,True,1.5663721779729851,41
True,3,4,64.0,58.0,4.0,27.0,1.0,False,3.228876589934891,111
True,3,4,12.0,10.0,4.0,24.0,4.0,False,0.5026411473611432,14
False,2,1,11.0,56.0,5.0,31.0,2.0,False,0.7757281545470045,8
True,2,1,23.0,49.0,4.0,53.0,3.0,False,5.12775198856066,18
False,2,5,8.0,14.0,2.0,47.0,2.0,False,0.9080589521315077,13
True,1,1,69.0,35.0,2.0,48.0,1.0,False,0.38889337036311467,30
False,2,2,24.0,42.0,2.0,73.0,4.0,False,5.425462452544166,28
False,3,1,53.0,44.0,2.0,60.0,3.0,False,5.206392310564964,28
False,2,1,3.0,39.0,2.0,48.0,5.0,False,0.9266419727179824,12
True,1,2,42.0,35.0,2.0,96.0,4.0,False,4.993362604796932,5
True,2,5,59.0,73.0,5.0,0.0,5.0,False,2.1344699750122205,151
True,1,5,50.0,31.0,3.0,52.0,4.0,False,0.6785048119562258,127
False,1,2,24.0,2.0,5.0,6.0,2.0,False,3.5040221832999774,74
False,2,5,7.0,18.0,3.0,30.0,1.0,False,1.102505637313065,18
True,3,4,65.0,56.0,5.0,35.0,5.0,False,3.5286456400976216,93
False,3,5,29.0,77.0,1.0,62.0,4.0,True,3.2240546405255497,126
True,3,5,77.0,72.0,5.0,10.0,4.0,False,2.577053820955535,91
True,3,5,89.0,63.0,3.0,67.0,1.0,False,3.441906295702923,114
True,3,3,51.0,3.0,3.0,26.0,4.0,False,3.0533393149662684,163
True,3,5,58.0,45.0,2.0,71.0,5.0,False,2.2232679055861446,100
True,3,2,36.0,3.0,5.0,88.0,1.0,True,1.800857064099762,136
False,2,1,23.0,36.0,3.0,84.0,1.0,False,4.41002254925226,32
False,3,5,12.0,15.0,4.0,48.0,4.0,False,0.5998644899519219,12
True,3,5,94.0,47.0,5.0,74.0,5.0,False,1.2615184778744377,133
True,3,5,57.0,15.0,2.0,65.0,3.0,False,3.7234187149056392,109
True,1,5,50.0,40.0,5.0,76.0,1.0,False,3.687984870285455,108
True,3,1,68.0,3.0,3.0,2.0,1.0,False,3.1870759194770764,133
True,1,2,3.0,31.0,5.0,31.0,3.0,False,1.7395361684379362,65
False,2,1,14.0,66.0,4.0,13.0,3.0,False,5.2036809451328185,141
True,3,5,97.0,55.0,4.0,34.0,1.0,False,3.0715959459262834,103
True,3,5,50.0,23.0,2.0,30.0,2.0,False,0.40541780477036454,86
False,3,5,94.0,1.0,4.0,58.0,3.0,True,1.96649943102524,152
True,3,5,74.0,76.0,4.0,8.0,5.0,False,2.0726804770416267,183
True,2,5,16.0,7.0,5.0,3.0,2.0,False,1.7455766046491064,183
False,2,3,31.0,82.0,4.0,51.0,5.0,False,3.3679006029834846,65
False,2,5,6.0,25.0,3.0,43.0,1.0,False,0.6349719449456463,13
False,1,4,4.0,80.0,4.0,66.0,3.0,False,2.9189499312025404,157
False,2,1,2.0,41.0,5.0,99.0,1.0,False,3.65255102566527,125
False,2,2,74.0,91.0,5.0,47.0,4.0,False,5.379544609727901,32
True,1,5,51.0,64.0,4.0,33.0,1.0,False,2.4696728697951364,145
False,3,2,45.0,50.0,2.0,71.0,4.0,False,4.74695764058794,31
False,1,1,39.0,37.0,2.0,50.0,5.0,False,5.152049055731845,14
True,2,2,43.0,57.0,1.0,9.0,2.0,False,0.7858857631166242,89
False,2,5,4.0,15.0,5.0,41.0,2.0,False,0.732195287536425,20
False,2,2,69.0,59.0,1.0,23.0,3.0,False,2.8817838900295913,91
False,2,4,8.0,5.0,3.0,90.0,3.0,False,4.895486482953233,56
True,1,5,60.0,24.0,5.0,51.0,4.0,False,1.7914944474653705,181
False,3,1,27.0,96.0,4.0,63.0,4.0,False,3.916559841581356,117
True,3,5,84.0,32.0,5.0,41.0,5.0,False,3.9361220310472107,108
True,1,1,33.0,46.0,2.0,50.0,4.0,False,4.368221878794445,17
True,2,2,61.0,15.0,2.0,74.0,5.0,False,0.6886624205258455,70
True,3,2,77.0,27.0,1.0,82.0,3.0,False,2.269185748402409,126
True,3,5,12.0,20.0,5.0,50.0,4.0,False,1.8718669660224396,97
False,3,1,50.0,20.0,4.0,21.0,5.0,False,4.440168985334659,39
False,2,5,84.0,16.0,5.0,73.0,3.0,False,2.726235442573748,108
True,2,5,60.0,21.0,5.0,74.0,5.0,False,2.180061428202025,165
False,1,2,45.0,64.0,4.0,66.0,4.0,False,3.8719475572709325,73
True,3,4,81.0,44.0,3.0,2.0,5.0,False,3.115128812936862,129
True,1,1,22.0,37.0,2.0,89.0,3.0,False,5.398454019940836,23
True,1,5,25.0,67.0,1.0,45.0,2.0,False,1.8779074022336095,109
True,2,1,34.0,19.0,1.0,33.0,2.0,True,1.6712259406453907,32
False,3,5,90.0,14.0,5.0,13.0,1.0,False,3.512121205690372,149
True,2,1,57.0,39.0,4.0,79.0,4.0,False,4.507245891843039,19
True,2,4,77.0,65.0,3.0,41.0,3.0,False,1.7476351908283312,138
False,3,1,4.0,27.0,2.0,36.0,4.0,False,1.1376130923067895,7
False,2,5,75.0,42.0,5.0,13.0,1.0,False,2.20501127462613,171
True,3,5,98.0,44.0,4.0,66.0,1.0,False,2.8234587851645268,90
False,3,5,12.0,20.0,1.0,48.0,4.0,False,1.0403897497160108,19
True,3,5,54.0,73.0,5.0,62.0,4.0,False,2.6827025755631686,143
False,2,1,55.0,41.0,2.0,73.0,3.0,False,4.562668563976003,9
True,2,1,48.0,38.0,2.0,53.0,3.0,False,3.396314842513119,19
False,3,4,72.0,18.0,3.0,45.0,1.0,False,3.036488490932559,122
True,3,1,93.0,91.0,4.0,64.0,4.0,False,4.340134028891271,89
True,3,1,70.0,66.0,3.0,98.0,3.0,False,3.2204511779180365,90
True,3,4,76.0,64.0,3.0,40.0,1.0,False,2.709384618540038,136
False,2,1,39.0,37.0,1.0,67.0,3.0,False,4.668643708210096,11
False,3,5,13.0,36.0,4.0,28.0,5.0,False,0.9431664071252321,11
False,3,2,47.0,33.0,4.0,71.0,2.0,False,3.907055012264657,14
False,3,4,10.0,52.0,1.0,43.0,5.0,False,0.6700793999393708,16
True,1,5,85.0,46.0,2.0,9.0,5.0,False,0.8561006731040731,111
True,1,5,79.0,15.0,3.0,56.0,1.0,True,1.4367410545186137,104
True,1,1,62.0,23.0,5.0,50.0,5.0,False,2.3910325477908323,88
True,3,5,7.0,13.0,5.0,80.0,2.0,True,1.4011649972161209,49
True,2,2,21.0,41.0,2.0,87.0,4.0,False,5.472786102286735,16
True,3,5,88.0,40.0,4.0,52.0,5.0,False,3.6174435706715453,176
True,3,1,26.0,38.0,2.0,93.0,5.0,False,3.803791233462708,140
False,3,5,13.0,17.0,5.0,35.0,4.0,False,0.6970878325427005,12
True,2,5,65.0,66.0,3.0,92.0,2.0,False,1.2017875660830686,9
False,2,2,78.0,73.0,1.0,11.0,2.0,False,3.2471332208949057,122
False,1,2,63.0,92.0,5.0,46.0,4.0,False,3.133385443896877,131
False,1,1,58.0,25.0,5.0,46.0,1.0,False,3.9526464654544613,96
False,3,2,22.0,35.0,4.0,94.0,3.0,False,3.714993302888784,23
False,2,1,39.0,35.0,2.0,86.0,2.0,False,4.709791599414991,32
True,1,4,60.0,38.0,5.0,43.0,1.0,False,2.409615568377307,97
True,3,2,76.0,53.0,2.0,42.0,1.0,False,2.037246632421442,81
True,2,5,45.0,65.0,4.0,20.0,1.0,True,1.047847684155499,17
False,3,2,84.0,56.0,1.0,55.0,1.0,True,1.9057108267721672,125
True,3,1,61.0,54.0,1.0,16.0,5.0,False,1.0839226167265905,163
True,3,3,51.0,48.0,1.0,56.0,1.0,False,3.236975612325286,98
True,3,4,27.0,5.0,4.0,26.0,1.0,True,1.4119636937366473,137
True,2,3,54.0,53.0,4.0,35.0,3.0,False,2.6827025755631686,140
True,3,2,92.0,58.0,3.0,79.0,1.0,False,3.803791233462708,138
True,1,4,96.0,52.0,4.0,95.0,3.0,False,5.4869255608883,61
True,2,5,73.0,5.0,3.0,48.0,1.0,False,1.9589327000435983,192
True,1,5,54.0,31.0,5.0,13.0,1.0,False,3.423323275116448,89
True,3,5,11.0,8.0,2.0,48.0,5.0,False,1.0673981823193406,12
False,3,5,3.0,49.0,3.0,28.0,5.0,False,1.0052822947222864,8
True,3,4,87.0,61.0,5.0,44.0,2.0,False,3.4067988407091985,173
True,2,2,39.0,22.0,1.0,42.0,1.0,False,1.2885269104777675,63
False,1,2,51.0,47.0,2.0,53.0,2.0,False,4.2797503378469814,16
True,3,5,99.0,62.0,4.0,99.0,3.0,False,2.937206562162555,99
False,3,2,63.0,59.0,2.0,22.0,5.0,False,4.674684144421266,108
True,3,5,26.0,92.0,3.0,42.0,2.0,False,2.850140828141396,35
True,1,1,53.0,82.0,3.0,48.0,2.0,False,2.2668007725967243,92
False,2,1,40.0,37.0,2.0,64.0,5.0,False,3.5890293311419117,3
True,1,2,58.0,9.0,2.0,29.0,1.0,True,0.8714066207094948,115
True,3,5,11.0,52.0,5.0,34.0,1.0,False,0.732195287536425,17
False,2,1,12.0,10.0,3.0,24.0,2.0,False,1.3320597774883467,14
False,1,5,60.0,75.0,5.0,17.0,5.0,False,3.1148024233104024,147
True,3,1,52.0,32.0,5.0,71.0,4.0,False,2.629012099982969,117
True,3,1,60.0,25.0,4.0,70.0,1.0,False,3.125286421506482,143
True,3,5,28.0,37.0,3.0,16.0,5.0,False,1.4809150094800998,140
True,2,1,20.0,38.0,2.0,79.0,2.0,False,5.222590355345754,12
False,1,1,88.0,50.0,4.0,13.0,1.0,False,4.490395067809328,86
True,3,5,5.0,36.0,5.0,42.0,5.0,False,0.8645260851209282,21
False,3,4,2.0,53.0,2.0,42.0,4.0,False,0.8645260851209282,8
False,1,2,58.0,53.0,2.0,62.0,3.0,False,5.452470885147496,13
True,1,1,26.0,50.0,2.0,91.0,4.0,False,3.855749512490142,24
True,1,5,51.0,95.0,5.0,79.0,5.0,False,1.3506427980748215,135
True,2,1,98.0,66.0,4.0,56.0,1.0,False,3.061111947730203,101
False,2,2,24.0,31.0,2.0,62.0,4.0,False,3.4833805765342776,21
True,2,1,50.0,40.0,2.0,41.0,2.0,False,4.234485274283637,84
True,3,5,50.0,70.0,4.0,87.0,5.0,False,1.896816812446544,134
True,3,5,94.0,48.0,1.0,28.0,3.0,False,2.3660827013667274,153
False,1,3,29.0,21.0,1.0,59.0,2.0,False,4.314857792840706,121
True,3,4,69.0,38.0,5.0,57.0,2.0,True,2.2365603744545095,149
True,1,3,53.0,25.0,5.0,59.0,1.0,True,0.2592622469087431,88
False,1,5,71.0,61.0,5.0,49.0,5.0,False,2.848082241962171,172
True,1,5,83.0,55.0,4.0,41.0,2.0,True,1.8256344248817284,47
False,1,1,52.0,51.0,2.0,45.0,5.0,False,5.533496182957485,15
True,3,2,64.0,24.0,5.0,28.0,2.0,False,1.8883914004296893,125
True,3,5,64.0,58.0,5.0,26.0,5.0,False,2.93926514834178,119
True,2,5,52.0,43.0,2.0,22.0,5.0,False,2.8771492607447255,118
True,3,4,52.0,4.0,5.0,48.0,2.0,True,1.1306688676182377,144
True,1,1,86.0,25.0,2.0,11.0,2.0,True,1.307109931064242,140
False,2,2,79.0,50.0,5.0,92.0,5.0,False,3.836840102277208,86
False,3,1,66.0,78.0,3.0,42.0,1.0,False,2.249949948563014,107
True,3,2,32.0,32.0,5.0,69.0,2.0,False,0.9515918191420871,117
False,2,2,57.0,30.0,2.0,69.0,4.0,False,4.668317318583637,22
False,3,4,2.0,43.0,2.0,37.0,4.0,False,0.7673027425301494,12
True,2,4,85.0,76.0,3.0,53.0,1.0,False,3.0425289271437284,79
True,2,5,34.0,51.0,4.0,69.0,4.0,False,1.623729805260683,160
True,3,5,58.0,89.0,4.0,60.0,2.0,True,1.4367410545186137,99
False,2,2,42.0,34.0,2.0,94.0,2.0,False,5.973695053095113,18
True,1,5,7.0,52.0,1.0,23.0,3.0,False,2.409615568377307,138
False,3,4,9.0,54.0,2.0,34.0,4.0,False,0.8294186301272037,10
True,1,1,44.0,36.0,2.0,65.0,4.0,False,5.717132480316502,15
False,3,3,46.0,17.0,5.0,15.0,2.0,False,2.9206821277553052,114
False,3,2,27.0,34.0,2.0,91.0,5.0,False,4.739185007824005,7
True,2,5,86.0,76.0,5.0,57.0,1.0,False,2.9206821277553052,152
False,3,5,9.0,30.0,3.0,40.0,4.0,False,1.0673981823193406,21
True,2,3,81.0,53.0,5.0,32.0,1.0,False,3.036488490932559,97
True,1,1,59.0,90.0,5.0,99.0,1.0,False,4.295295603374852,33
False,1,2,57.0,45.0,1.0,52.0,3.0,False,2.107787932035351,28
True,3,1,67.0,59.0,5.0,30.0,2.0,False,3.301150086101565,92
False,3,5,1.0,49.0,5.0,40.0,1.0,False,1.1376130923067895,9
True,3,5,93.0,22.0,3.0,95.0,1.0,False,3.5222788142599915,96
False,2,5,73.0,36.0,5.0,44.0,3.0,False,1.888065010803229,150
True,2,2,45.0,47.0,2.0,50.0,4.0,False,4.437030981855589,35
True,1,4,59.0,53.0,4.0,33.0,4.0,False,2.7613428975674728,127
False,3,1,16.0,43.0,5.0,93.0,4.0,True,2.7883513301708023,115
True,3,3,58.0,32.0,3.0,91.0,1.0,False,3.1232278353272576,120
False,3,4,61.0,30.0,1.0,79.0,3.0,False,1.9339828536194934,152
True,2,1,57.0,61.0,5.0,21.0,5.0,False,2.0909371080016412,95
False,3,2,3.0,80.0,3.0,10.0,4.0,False,4.844180983178719,21
True,2,5,69.0,85.0,5.0,79.0,1.0,False,4.130568716228769,172
True,3,5,31.0,32.0,5.0,81.0,2.0,True,0.6589543137923842,141
True,3,5,90.0,50.0,3.0,49.0,2.0,False,2.4261400027845568,112
False,3,2,43.0,36.0,3.0,56.0,3.0,False,1.975457134450848,10
False,2,2,51.0,49.0,2.0,95.0,3.0,False,4.73075959580715,18
False,2,2,42.0,52.0,2.0,97.0,3.0,False,3.378058211553104,30
True,1,4,18.0,76.0,4.0,74.0,2.0,False,0.9431664071252321,111
True,1,3,88.0,31.0,3.0,30.0,5.0,False,1.82833409901186,63
True,3,5,8.0,26.0,3.0,27.0,5.0,False,0.8294186301272037,11
False,3,1,59.0,54.0,4.0,81.0,4.0,False,2.8048757645780524,18
True,3,2,90.0,49.0,4.0,30.0,4.0,False,2.045672044438297,157
True,1,2,38.0,42.0,1.0,94.0,3.0,False,5.063577514784381,38
True,1,5,93.0,77.0,5.0,79.0,3.0,False,2.8504672177678563,116
True,3,2,36.0,59.0,5.0,23.0,1.0,True,1.5663721779729851,45
True,3,5,4.0,26.0,4.0,27.0,5.0,False,1.2348364348975682,9
False,2,5,11.0,45.0,5.0,32.0,2.0,False,0.7943111751334793,17
True,3,3,55.0,35.0,3.0,79.0,4.0,False,3.6258689826884005,114
False,2,5,1.0,19.0,2.0,45.0,2.0,False,0.6970878325427005,9
False,2,1,97.0,98.0,1.0,26.0,4.0,False,4.844180983178719,169
True,3,2,78.0,68.0,3.0,2.0,5.0,False,3.5742370932874263,73
False,2,2,75.0,14.0,4.0,19.0,2.0,False,2.656020532586299,141
True,3,3,32.0,20.0,5.0,62.0,1.0,True,1.3651537537450147,78
False,2,1,9.0,55.0,2.0,37.0,4.0,False,0.5377486023548677,4
True,2,5,7.0,49.0,3.0,25.0,5.0,False,0.40541780477036454,21
True,1,5,86.0,41.0,5.0,0.0,3.0,False,3.5286456400976216,83
False,3,5,11.0,8.0,4.0,26.0,4.0,False,0.9266419727179824,12
False,3,4,69.0,15.0,2.0,2.0,1.0,False,4.126451543870319,127
True,1,4,90.0,70.0,3.0,29.0,1.0,False,4.782065095581665,93
True,1,1,67.0,31.0,1.0,11.0,3.0,True,1.389931114526981,112
False,1,2,64.0,88.0,1.0,45.0,1.0,False,4.041770785654845,66
True,2,5,49.0,48.0,1.0,45.0,1.0,False,1.8718669660224396,148
False,2,1,59.0,52.0,4.0,73.0,3.0,False,4.258782341454822,4
True,3,4,49.0,52.0,5.0,40.0,5.0,False,6.157331350454131,151
True,1,2,88.0,35.0,5.0,7.0,1.0,False,2.9206821277553052,130
True,3,5,77.0,70.0,4.0,34.0,1.0,False,1.83470092484949,112
True,1,4,11.0,43.0,4.0,23.0,2.0,False,4.175507390165652,82
False,3,5,11.0,17.0,4.0,46.0,4.0,False,1.2348364348975682,21
False,3,4,1.0,12.0,4.0,25.0,2.0,False,0.9617494277117069,8
True,3,5,25.0,20.0,1.0,16.0,1.0,True,1.3651537537450147,100
True,3,5,42.0,24.0,3.0,65.0,4.0,False,0.8108356095407291,87
False,1,1,65.0,92.0,5.0,50.0,3.0,False,2.1986444487885,115
False,3,4,6.0,47.0,2.0,42.0,5.0,False,0.6349719449456463,19
False,3,5,9.0,52.0,3.0,47.0,4.0,False,0.40541780477036454,16
True,2,4,26.0,1.0,3.0,18.0,1.0,True,0.8826405033986346,76
True,2,5,86.0,41.0,3.0,86.0,4.0,False,2.161478407615551,78
True,1,1,68.0,27.0,2.0,61.0,2.0,False,3.6052273759227007,101
True,2,2,29.0,45.0,2.0,80.0,4.0,False,3.8929155536630917,14
True,3,5,60.0,72.0,5.0,48.0,5.0,False,4.084977263038964,134
True,2,5,86.0,45.0,5.0,34.0,2.0,False,6.6329640652119455,140
False,3,2,66.0,26.0,5.0,24.0,5.0,False,1.9153998330330186,148
True,3,4,86.0,80.0,2.0,42.0,4.0,False,3.1148024233104024,54
False,3,3,72.0,30.0,5.0,56.0,2.0,True,1.2935664529714157,138
True,2,3,72.0,49.0,4.0,36.0,2.0,True,1.4947848771993861,98
True,3,5,88.0,7.0,2.0,89.0,1.0,True,1.7072371841164968,62
True,3,3,62.0,27.0,4.0,81.0,1.0,False,0.9101175383107325,103
True,3,4,62.0,76.0,4.0,65.0,1.0,False,2.6641195549766934,92
True,3,3,61.0,24.0,3.0,5.0,1.0,False,3.5742370932874263,154
False,3,5,9.0,23.0,1.0,35.0,5.0,False,0.7757281545470045,21
True,3,4,90.0,62.0,5.0,95.0,1.0,False,3.4854391627135026,140
True,3,5,64.0,27.0,4.0,57.0,3.0,False,3.512121205690372,98
True,3,5,50.0,66.0,2.0,0.0,1.0,False,3.590761527694676,133
True,1,5,47.0,90.0,5.0,9.0,3.0,False,2.118271930231431,143
True,2,1,55.0,93.0,5.0,34.0,4.0,False,1.7209531478514615,140
True,2,5,33.0,7.0,2.0,59.0,1.0,False,3.7912486490874033,95
True,3,1,99.0,78.0,1.0,61.0,1.0,False,2.577053820955535,119
False,3,5,12.0,43.0,4.0,40.0,5.0,False,0.732195287536425,16
True,2,2,86.0,35.0,4.0,60.0,4.0,False,3.2639840449286153,144
True,1,4,54.0,65.0,4.0,53.0,2.0,True,0.5185244938174862,98
False,2,3,16.0,38.0,5.0,19.0,2.0,False,7.075547911155258,148
False,1,2,50.0,53.0,2.0,49.0,3.0,False,6.486167419399416,43
False,2,1,25.0,38.0,2.0,98.0,4.0,False,5.9399934050276935,32
False,3,2,48.0,33.0,1.0,62.0,3.0,False,4.341213446191116,44
True,1,3,69.0,72.0,4.0,68.0,5.0,False,2.6641195549766934,120
True,3,5,62.0,23.0,5.0,28.0,4.0,False,2.982471625725899,104
False,1,2,34.0,33.0,1.0,49.0,3.0,False,3.9526464654544613,12
False,3,5,4.0,57.0,5.0,44.0,2.0,False,0.6349719449456463,12
True,3,2,23.0,31.0,2.0,74.0,4.0,False,3.6984688684815348,12
False,3,1,2.0,10.0,4.0,36.0,2.0,False,0.9080589521315077,18
False,3,1,5.0,35.0,4.0,26.0,4.0,False,0.5998644899519219,19
True,3,2,3.0,27.0,2.0,26.0,4.0,False,1.2078280022942387,100
False,3,1,4.0,32.0,2.0,27.0,2.0,False,0.7757281545470045,20
False,3,3,45.0,72.0,2.0,79.0,5.0,False,1.9133412468537938,118
True,3,2,73.0,18.0,5.0,76.0,1.0,False,1.896816812446544,109
True,2,1,61.0,67.0,2.0,85.0,3.0,False,2.5068389109680855,100
True,1,4,67.0,67.0,1.0,25.0,3.0,True,0.6233782564898915,96
False,2,2,52.0,20.0,5.0,17.0,5.0,False,3.363265973698619,132
False,1,1,27.0,44.0,3.0,13.0,5.0,False,4.578540219130332,107
True,3,4,65.0,79.0,1.0,76.0,1.0,False,2.3745081133835826,79
False,3,5,11.0,50.0,5.0,26.0,5.0,False,0.5998644899519219,13
True,1,4,67.0,13.0,5.0,87.0,2.0,True,1.047847684155499,113
True,1,3,65.0,19.0,4.0,71.0,1.0,False,3.6708076566252847,105
True,3,4,85.0,32.0,5.0,77.0,3.0,False,2.2131102970165246,53
False,3,5,73.0,8.0,3.0,70.0,2.0,False,1.8181764904422404,145
True,2,2,62.0,28.0,3.0,36.0,2.0,False,0.7943111751334793,107
True,3,5,40.0,98.0,1.0,66.0,5.0,False,2.0558296530079168,146
False,2,5,57.0,35.0,4.0,30.0,2.0,False,1.5801969382501035,104
True,2,5,92.0,62.0,5.0,24.0,1.0,False,2.910198129559226,122
False,2,5,9.0,21.0,1.0,27.0,2.0,False,1.1997289799038438,13
True,2,4,21.0,87.0,2.0,54.0,1.0,True,2.1429404944712442,129
True,1,1,23.0,51.0,3.0,52.0,3.0,False,4.06639424245249,35
True,2,5,43.0,66.0,2.0,55.0,1.0,False,3.0196376668988485,144
True,3,1,36.0,40.0,2.0,62.0,4.0,False,4.242584296674032,28
False,2,2,57.0,44.0,2.0,74.0,2.0,False,3.1043184251143225,33
True,2,4,65.0,47.0,5.0,64.0,5.0,False,1.4208577080622704,75
False,3,4,84.0,88.0,3.0,87.0,4.0,False,2.5875378191516143,112
True,2,1,8.0,32.0,3.0,37.0,5.0,False,1.2348364348975682,19
True,3,2,96.0,36.0,4.0,61.0,1.0,False,3.3527819755025394,133
True,1,4,57.0,3.0,2.0,75.0,2.0,False,0.42400082535683914,61
True,3,4,60.0,86.0,2.0,29.0,4.0,False,2.8170919593268966,164
True,2,4,34.0,65.0,3.0,42.0,1.0,True,1.5415948171910188,71
True,3,3,90.0,19.0,3.0,82.0,1.0,False,4.721681404537375,163
False,1,1,42.0,44.0,1.0,5.0,1.0,False,4.535660131372673,130
True,2,1,40.0,48.0,1.0,68.0,2.0,True,2.0020754883277325,159
True,3,2,85.0,30.0,4.0,80.0,1.0,False,3.3797904081058685,105
False,3,5,13.0,39.0,1.0,30.0,4.0,False,0.6785048119562258,17
True,3,4,78.0,34.0,1.0,21.0,1.0,False,2.6827025755631686,76
True,3,5,83.0,49.0,2.0,15.0,5.0,False,2.990897037742754,112
True,3,5,55.0,59.0,1.0,37.0,4.0,False,3.344682953112144,129
True,2,1,2.0,45.0,4.0,36.0,4.0,False,0.6970878325427005,17
False,3,1,10.0,35.0,4.0,47.0,5.0,False,0.5998644899519219,14
True,3,5,70.0,64.0,3.0,29.0,3.0,False,1.4478661406656002,108
True,1,5,11.0,8.0,4.0,19.0,2.0,True,0.7998193199358958,104
True,3,4,91.0,46.0,5.0,21.0,1.0,False,3.4067988407091985,93
True,2,3,63.0,61.0,4.0,2.0,2.0,False,5.735062721650057,123
False,2,5,12.0,61.0,3.0,92.0,1.0,True,2.0133093710168724,93
True,2,2,76.0,83.0,3.0,78.0,2.0,False,3.404413864903513,166
True,3,1,51.0,38.0,2.0,50.0,4.0,False,3.667343263519755,28
False,3,2,48.0,36.0,4.0,72.0,1.0,False,5.865661322681795,25
False,2,5,44.0,91.0,4.0,46.0,1.0,False,2.788024940544342,153
True,3,4,78.0,73.0,3.0,53.0,4.0,False,2.637111122373364,123
True,1,4,53.0,35.0,5.0,48.0,1.0,False,1.5346054850602988,109
False,3,5,12.0,40.0,3.0,38.0,2.0,False,1.0589727703024856,19
False,3,1,6.0,45.0,5.0,44.0,1.0,False,1.0673981823193406,17
False,1,5,80.0,30.0,1.0,48.0,5.0,False,3.3612073875193946,134
True,2,5,25.0,40.0,4.0,43.0,2.0,False,1.7290521702418564,120
True,3,4,3.0,43.0,2.0,62.0,2.0,False,2.031206196210272,120
True,1,5,43.0,22.0,4.0,36.0,4.0,False,2.6539619464070743,118
True,3,4,62.0,50.0,3.0,6.0,1.0,False,2.910198129559226,124
False,1,1,47.0,33.0,3.0,96.0,3.0,False,3.8371664919036674,15
False,1,5,48.0,98.0,4.0,47.0,5.0,False,2.3826071357739775,167
False,3,4,3.0,10.0,2.0,42.0,5.0,False,0.6700793999393708,15
True,1,5,21.0,22.0,4.0,27.0,2.0,False,1.545089483256379,34
False,2,2,87.0,43.0,1.0,59.0,4.0,False,3.090178966512758,139
False,2,2,20.0,32.0,4.0,63.0,3.0,False,6.19482378125354,29
False,3,5,21.0,56.0,3.0,37.0,5.0,False,5.532190624451644,142
True,3,1,88.0,41.0,5.0,42.0,3.0,False,3.8203156678699575,116
True,1,3,97.0,34.0,3.0,12.0,1.0,False,2.5149379333584805,146
False,2,2,27.0,59.0,3.0,68.0,2.0,False,5.714421114884357,129
True,2,5,69.0,70.0,3.0,57.0,4.0,False,1.9940401550373228,138
True,3,4,12.0,51.0,4.0,28.0,5.0,False,2.4633060439575063,85
True,3,4,9.0,51.0,3.0,35.0,4.0,False,0.9266419727179824,4
True,3,1,49.0,63.0,2.0,93.0,5.0,False,2.7511852889978528,27
True,2,2,72.0,61.0,5.0,31.0,1.0,False,3.0965457923503883,88
False,2,5,54.0,53.0,5.0,13.0,5.0,False,3.1870759194770764,155
False,3,1,69.0,63.0,5.0,53.0,5.0,False,2.5686284089386797,165
True,3,2,80.0,52.0,3.0,64.0,1.0,False,2.839983219571777,125
True,2,5,79.0,53.0,3.0,51.0,2.0,True,1.2823325702822759,84
False,2,3,63.0,40.0,3.0,64.0,1.0,False,3.257617219090985,145
False,1,5,87.0,63.0,4.0,41.0,5.0,False,3.063170533909428,152
True,3,2,30.0,91.0,5.0,39.0,4.0,False,0.3267774827660605,162
False,2,5,43.0,82.0,3.0,52.0,4.0,False,4.5710939759928575,132
True,3,4,69.0,55.0,5.0,97.0,1.0,False,3.088120380333533,149
True,2,5,3.0,13.0,5.0,40.0,5.0,False,0.8645260851209282,6
False,3,5,5.0,21.0,4.0,25.0,4.0,False,5.633722206700829,92
False,3,5,6.0,13.0,2.0,43.0,4.0,False,0.6700793999393708,7
False,3,1,57.0,51.0,1.0,49.0,5.0,False,3.6012455258907563,12
False,1,1,26.0,13.0,2.0,93.0,5.0,False,5.390354997550442,107
False,3,4,9.0,44.0,3.0,36.0,2.0,False,1.0403897497160108,4
False,3,5,8.0,43.0,4.0,40.0,4.0,False,1.1376130923067895,11
False,2,2,15.0,52.0,4.0,64.0,1.0,False,3.557059879627256,173
True,1,5,38.0,51.0,5.0,16.0,3.0,False,2.099362520018496,108
False,1,1,58.0,49.0,2.0,83.0,2.0,False,3.8641749245069974,32
False,3,5,68.0,30.0,5.0,63.0,1.0,True,1.1306688676182377,98
True,3,2,20.0,64.0,3.0,57.0,5.0,False,1.6774202808408822,85
False,2,1,48.0,49.0,2.0,77.0,3.0,False,6.997233978777414,18
False,1,1,54.0,42.0,3.0,97.0,3.0,False,5.327912720326927,6
False,1,5,51.0,61.0,4.0,95.0,1.0,False,3.67923306864214,93
True,1,4,65.0,56.0,2.0,22.0,5.0,False,3.528319250471162,61
True,3,2,90.0,73.0,1.0,48.0,4.0,False,3.3092491084919597,62
False,1,5,54.0,80.0,5.0,30.0,5.0,False,3.0010546463123737,166
True,2,5,1.0,70.0,5.0,16.0,4.0,False,3.8112374766001826,67
True,2,4,7.0,44.0,3.0,45.0,2.0,False,0.9617494277117069,15
True,1,2,26.0,68.0,1.0,68.0,5.0,False,3.0709431666733633,125
False,2,2,57.0,37.0,2.0,86.0,2.0,False,3.8371664919036674,37
True,3,4,70.0,33.0,5.0,62.0,1.0,False,2.8687238487278712,96
True,2,3,62.0,76.0,5.0,96.0,5.0,False,2.9743726033355045,118
True,3,2,67.0,37.0,5.0,44.0,3.0,False,2.347499680780253,132
True,3,3,79.0,30.0,3.0,61.0,1.0,False,3.2825670655150905,130
True,3,4,69.0,25.0,4.0,67.0,1.0,False,2.231693317603,141
False,3,4,1.0,32.0,5.0,39.0,5.0,False,0.9080589521315077,14
True,2,2,48.0,15.0,4.0,9.0,4.0,False,3.2120257659011813,138
True,2,5,8.0,28.0,5.0,34.0,5.0,False,0.8729514971377832,20
True,2,5,75.0,89.0,3.0,38.0,3.0,False,3.0962194027239276,121
True,1,2,44.0,47.0,5.0,14.0,2.0,False,1.536990460865984,122
False,3,5,4.0,50.0,5.0,33.0,4.0,False,1.2348364348975682,20
True,3,3,30.0,88.0,5.0,48.0,5.0,False,1.758119189024411,129
False,2,5,75.0,57.0,5.0,16.0,4.0,False,1.7290521702418564,134
False,2,2,45.0,39.0,2.0,55.0,3.0,False,4.779680119775979,22
True,3,1,32.0,28.0,5.0,80.0,2.0,True,0.9650265006927601,124
False,1,1,42.0,35.0,2.0,65.0,3.0,False,5.6009997275127885,35
True,1,2,55.0,49.0,3.0,98.0,3.0,False,4.79049050759852,46
True,2,5,97.0,23.0,2.0,42.0,4.0,False,3.4770137506966474,114
True,3,5,58.0,1.0,1.0,2.0,5.0,False,3.185343722924311,132
False,2,4,6.0,16.0,4.0,25.0,5.0,False,0.7673027425301494,13
False,2,3,67.0,98.0,4.0,47.0,1.0,False,4.620993668841066,41
True,2,1,71.0,37.0,3.0,66.0,5.0,False,2.4447230233710315,139
True,3,4,85.0,71.0,4.0,66.0,4.0,False,2.91225671573845,117
True,3,1,82.0,41.0,4.0,92.0,1.0,False,2.930839736324925,85
False,1,5,65.0,78.0,5.0,15.0,2.0,False,3.3693064099097887,160
True,2,1,29.0,35.0,4.0,89.0,3.0,False,6.175914371040607,13
True,2,1,55.0,76.0,4.0,58.0,1.0,False,3.5472286606840964,104
False,2,2,45.0,40.0,3.0,45.0,2.0,False,4.4468622007987495,46
False,3,5,71.0,64.0,5.0,67.0,4.0,False,2.330975246373003,171
True,3,1,80.0,32.0,3.0,0.0,5.0,False,3.088120380333533,142
True,2,4,80.0,48.0,4.0,26.0,1.0,False,2.639169708552589,133
True,1,2,57.0,37.0,3.0,28.0,2.0,False,1.5886223502669585,144
True,3,5,79.0,27.0,4.0,52.0,1.0,False,2.9743726033355045,46
False,2,1,89.0,66.0,5.0,74.0,2.0,False,1.8698083798432146,131
True,1,1,58.0,46.0,4.0,52.0,4.0,False,3.3095754981184196,109
True,1,1,33.0,52.0,3.0,77.0,3.0,False,3.6775008720893747,42
True,3,5,59.0,59.0,4.0,75.0,1.0,False,1.6588372602544075,106
True,3,4,51.0,41.0,1.0,52.0,1.0,False,2.707652421987273,131
False,2,4,47.0,32.0,5.0,60.0,4.0,False,2.409615568377307,135
True,3,5,68.0,27.0,3.0,56.0,5.0,False,2.2070698608053547,47
True,2,2,70.0,26.0,4.0,69.0,3.0,False,3.0010546463123737,91
True,2,5,63.0,65.0,5.0,52.0,2.0,True,0.5185244938174862,112
False,2,1,82.0,24.0,5.0,27.0,4.0,False,3.236975612325286,122
True,3,5,64.0,0.0,2.0,25.0,1.0,True,0.7530093799442632,121
False,3,5,13.0,12.0,4.0,41.0,1.0,False,1.1997289799038438,8
True,3,5,1.0,95.0,2.0,12.0,5.0,False,1.3776512306781512,48
False,2,1,57.0,32.0,2.0,95.0,3.0,False,4.854664981374799,19
True,2,5,10.0,34.0,2.0,44.0,2.0,True,0.5653344338091189,92
False,3,5,6.0,39.0,5.0,33.0,5.0,False,0.8294186301272037,9
False,2,2,70.0,42.0,1.0,42.0,2.0,False,1.6318288276510777,178
False,3,5,89.0,66.0,3.0,0.0,1.0,False,4.341539835817575,171
False,2,5,1.0,18.0,4.0,27.0,4.0,False,0.7757281545470045,13
True,2,2,78.0,28.0,4.0,87.0,3.0,False,3.301150086101565,127
False,2,5,81.0,18.0,5.0,51.0,4.0,False,3.3527819755025394,174
True,2,4,83.0,13.0,3.0,4.0,3.0,False,3.917539010460737,119
False,3,1,5.0,29.0,5.0,30.0,4.0,False,0.7943111751334793,10
True,1,2,24.0,48.0,3.0,94.0,2.0,False,2.5402141694090457,31
True,1,1,89.0,60.0,2.0,14.0,2.0,False,1.4211840976887307,83
True,1,4,61.0,34.0,4.0,30.0,4.0,False,1.8782337918600693,52
False,3,2,24.0,49.0,2.0,52.0,3.0,False,2.7427598769809975,26
True,1,2,53.0,77.0,5.0,27.0,1.0,True,1.4011649972161209,44
False,3,4,12.0,30.0,2.0,33.0,4.0,False,0.6970878325427005,10
True,3,5,10.0,53.0,4.0,29.0,4.0,False,0.6349719449456463,6
True,3,4,69.0,53.0,4.0,1.0,3.0,False,6.157004960827671,110
True,3,5,96.0,62.0,2.0,72.0,1.0,False,2.0807794994320217,126
True,1,4,59.0,78.0,5.0,36.0,2.0,False,2.4696728697951364,94
True,1,2,56.0,41.0,2.0,51.0,3.0,False,4.960313735982432,31
False,3,2,57.0,96.0,1.0,98.0,5.0,False,5.230362988109688,103
True,3,4,52.0,28.0,4.0,46.0,2.0,True,0.7777867407262293,20
True,1,1,79.0,58.0,2.0,54.0,2.0,False,3.615058594865861,117
True,2,5,10.0,55.0,5.0,45.0,4.0,False,0.5026411473611432,24
False,3,1,21.0,50.0,2.0,79.0,1.0,False,3.8469977108468276,19
True,1,5,68.0,52.0,5.0,54.0,4.0,False,2.815359762774132,55
False,1,5,80.0,99.0,1.0,8.0,4.0,False,4.01649454960428,85
True,3,4,39.0,34.0,1.0,57.0,2.0,False,4.235564691583482,106
True,3,2,38.0,2.0,2.0,88.0,2.0,True,1.4119636937366473,147
True,2,5,43.0,90.0,5.0,67.0,1.0,False,2.8771492607447255,172
True,1,2,20.0,28.0,4.0,45.0,1.0,True,0.6701881964815242,84
True,2,1,5.0,18.0,5.0,41.0,5.0,False,1.102505637313065,6
True,2,5,40.0,36.0,2.0,12.0,5.0,False,4.04986980804524,110
True,3,3,45.0,38.0,4.0,83.0,3.0,False,4.223348496834637,67
False,1,1,26.0,53.0,3.0,46.0,5.0,False,6.6103991945935245,24
False,2,5,68.0,30.0,5.0,50.0,3.0,False,2.5317887573921904,163
False,3,1,9.0,26.0,5.0,25.0,2.0,False,1.0673981823193406,8
True,3,4,93.0,92.0,4.0,52.0,4.0,False,5.011619235756947,118
True,3,1,68.0,74.0,4.0,51.0,5.0,False,3.6798858478950596,132
False,1,2,62.0,33.0,4.0,78.0,4.0,False,1.9339828536194934,150
False,1,2,37.0,46.0,4.0,76.0,4.0,False,5.806256800516886,31
True,1,1,76.0,26.0,5.0,75.0,1.0,False,2.6661781411559184,171
True,3,5,42.0,21.0,5.0,79.0,1.0,False,2.5939046449892444,115
False,2,5,2.0,30.0,4.0,29.0,5.0,False,0.732195287536425,24
True,3,4,3.0,44.0,2.0,49.0,2.0,False,0.5998644899519219,24
True,2,2,88.0,43.0,4.0,45.0,4.0,False,2.3724495272043575,90
True,1,5,39.0,62.0,1.0,23.0,1.0,False,2.837924633392552,45
False,3,4,68.0,19.0,5.0,72.0,5.0,False,2.8690502383543306,164
True,2,2,59.0,69.0,1.0,19.0,4.0,False,2.9206821277553052,101
False,3,5,16.0,33.0,3.0,60.0,2.0,True,1.387186332954681,126
True,3,5,97.0,66.0,2.0,24.0,2.0,False,2.471731455974361,110
False,1,4,85.0,35.0,4.0,9.0,2.0,False,4.00633694103466,106
False,2,1,38.0,42.0,1.0,85.0,4.0,False,4.437030981855589,30
True,1,5,49.0,55.0,1.0,69.0,4.0,False,3.317674520508815,142
False,1,4,65.0,80.0,2.0,34.0,1.0,False,3.396314842513119,96
True,2,3,98.0,30.0,5.0,91.0,3.0,False,3.079694968316678,71
True,1,5,26.0,69.0,2.0,63.0,4.0,False,2.9554631931225694,54
False,2,5,48.0,49.0,2.0,69.0,1.0,False,2.629012099982969,109
False,2,4,7.0,52.0,2.0,49.0,5.0,False,0.9617494277117069,20
True,2,5,3.0,32.0,5.0,8.0,2.0,False,0.5377486023548677,62
True,1,5,83.0,30.0,1.0,28.0,2.0,False,2.3289166601937783,103
False,1,2,48.0,53.0,3.0,54.0,4.0,False,4.223674886461097,27
True,3,5,58.0,56.0,2.0,78.0,5.0,False,3.389948016675488,116
False,1,5,79.0,3.0,3.0,96.0,3.0,False,1.6234034156342227,150
True,1,3,58.0,56.0,1.0,20.0,4.0,False,1.8181764904422404,108
True,3,5,57.0,28.0,5.0,81.0,1.0,False,2.550371777978665,98
False,3,2,59.0,42.0,2.0,97.0,4.0,False,3.9154804242815118,19
True,2,5,56.0,54.0,5.0,74.0,1.0,False,3.007421472150004,109
False,2,4,97.0,36.0,5.0,71.0,5.0,False,1.0403897497160108,92
True,1,1,84.0,27.0,3.0,60.0,1.0,False,1.5447630936299186,139
True,1,2,44.0,48.0,4.0,22.0,1.0,True,1.5663721779729851,15
False,2,3,38.0,16.0,2.0,89.0,2.0,False,3.520546617707227,71
True,1,1,60.0,19.0,3.0,3.0,3.0,False,1.4562915526824551,49
False,2,5,85.0,14.0,5.0,13.0,1.0,False,1.588295960640498,166
False,3,5,9.0,31.0,3.0,34.0,5.0,False,0.6349719449456463,13
False,2,1,65.0,21.0,1.0,34.0,1.0,False,3.2225097640972606,165
True,1,5,48.0,51.0,1.0,90.0,2.0,False,4.216655281370548,109
True,1,3,91.0,29.0,5.0,40.0,1.0,False,2.8126483973419867,98
True,3,3,37.0,26.0,5.0,8.0,2.0,False,4.3949039217713155,132
True,3,2,92.0,57.0,3.0,43.0,4.0,False,3.539129638293702,105
False,2,1,57.0,16.0,4.0,75.0,4.0,False,3.9755377256993416,68
True,1,5,9.0,63.0,5.0,44.0,3.0,False,2.285710182809659,94
True,3,3,60.0,45.0,1.0,30.0,4.0,False,4.870863026155588,40
False,3,5,8.0,35.0,3.0,40.0,5.0,False,1.0052822947222864,8
False,2,2,30.0,39.0,3.0,64.0,1.0,False,6.141133305673342,7
False,2,5,65.0,78.0,3.0,69.0,1.0,False,3.6279275688676256,120
False,2,5,11.0,29.0,5.0,33.0,1.0,False,0.6970878325427005,15
True,1,1,62.0,29.0,5.0,0.0,3.0,False,3.6444520032748753,102
False,3,1,20.0,30.0,1.0,49.0,4.0,False,5.2861120498691125,99
False,2,2,24.0,32.0,2.0,77.0,5.0,False,3.4229968854899884,25
False,2,5,48.0,2.0,2.0,44.0,2.0,False,3.466856142127028,132
False,3,5,10.0,54.0,3.0,32.0,5.0,False,1.1376130923067895,3
False,3,5,3.0,47.0,5.0,27.0,4.0,False,1.2348364348975682,5
False,2,1,43.0,98.0,4.0,79.0,1.0,False,3.187402309103536,113
False,2,1,20.0,32.0,1.0,76.0,4.0,False,5.419095626706536,40
False,2,5,9.0,28.0,5.0,32.0,5.0,False,0.8645260851209282,10
False,2,1,20.0,35.0,4.0,86.0,4.0,False,5.098684969778105,24
True,3,5,83.0,56.0,4.0,24.0,3.0,False,2.656020532586299,73
False,3,5,85.0,12.0,5.0,29.0,5.0,False,3.034103515126873,176
True,2,2,66.0,77.0,3.0,14.0,2.0,False,2.7448184631602226,81
True,1,5,23.0,85.0,3.0,16.0,5.0,False,1.9856147430204678,46
True,1,5,73.0,59.0,4.0,27.0,2.0,True,1.0010377441638663,144
False,1,4,5.0,31.0,1.0,23.0,5.0,False,4.710117989041452,114
True,2,1,79.0,35.0,3.0,74.0,4.0,False,4.71292960289406,70
True,3,2,43.0,73.0,5.0,30.0,4.0,False,2.1695774300059454,160
True,3,5,0.0,4.0,2.0,33.0,1.0,True,1.5307961206704928,112
True,3,1,80.0,71.0,5.0,42.0,1.0,False,3.2741416534982353,76
False,2,2,56.0,34.0,2.0,64.0,3.0,False,3.6261953723148608,7
True,3,3,46.0,36.0,4.0,14.0,1.0,True,1.166680111089344,86
False,1,2,39.0,54.0,2.0,54.0,4.0,False,6.6103991945935245,24
False,1,2,21.0,32.0,4.0,91.0,3.0,False,3.731191347669574,16
False,2,2,21.0,37.0,2.0,46.0,2.0,False,4.279423948220522,23
False,1,5,83.0,36.0,3.0,74.0,3.0,False,5.10041716633087,86
True,2,2,27.0,31.0,2.0,66.0,5.0,False,4.1116593060158335,31
True,1,1,34.0,40.0,2.0,72.0,4.0,False,5.021776844326567,3
False,2,2,19.0,27.0,2.0,27.0,2.0,False,3.944221053437606,95
True,3,5,69.0,21.0,4.0,59.0,4.0,False,3.512121205690372,115
True,2,5,64.0,52.0,4.0,5.0,3.0,False,3.2842992620678544,94
False,1,3,50.0,4.0,2.0,80.0,1.0,False,3.776130021606458,128
False,3,2,40.0,41.0,3.0,55.0,4.0,False,6.256613279224135,20
True,2,2,38.0,30.0,4.0,98.0,3.0,False,5.541595205347879,21
True,3,5,10.0,23.0,2.0,36.0,5.0,False,0.6970878325427005,21
False,2,5,10.0,25.0,5.0,39.0,2.0,False,0.9431664071252321,14
True,2,1,92.0,49.0,3.0,30.0,3.0,False,2.947364170732175,94
True,3,5,7.0,37.0,3.0,39.0,4.0,False,0.6700793999393708,4
True,2,5,13.0,82.0,1.0,80.0,3.0,True,1.45877363372828,101
True,1,1,47.0,50.0,2.0,46.0,3.0,False,5.505834971101235,46
False,2,4,7.0,0.0,1.0,71.0,4.0,True,1.0698802633651654,8
False,2,1,61.0,3.0,3.0,52.0,1.0,False,3.077636382137453,191
False,3,4,6.0,24.0,1.0,36.0,4.0,False,0.6970878325427005,17
True,3,5,14.0,78.0,2.0,54.0,2.0,False,2.480156867991216,43
True,2,2,64.0,65.0,3.0,1.0,1.0,False,4.084977263038964,135
True,2,5,83.0,76.0,3.0,23.0,4.0,False,3.017905470346084,77
True,2,5,51.0,43.0,3.0,27.0,4.0,False,2.409615568377307,113
True,3,5,67.0,96.0,4.0,55.0,2.0,False,2.9827980153523592,114
False,2,2,56.0,21.0,1.0,66.0,3.0,False,3.979328508431331,78
True,3,1,96.0,43.0,3.0,91.0,1.0,False,2.8852482831351205,81
True,1,5,24.0,67.0,2.0,53.0,4.0,False,2.5959632311684695,122
True,1,5,76.0,68.0,4.0,23.0,1.0,True,1.0230703233735325,107
True,2,5,25.0,4.0,3.0,8.0,3.0,False,5.10613121291558,94
False,3,1,8.0,38.0,3.0,38.0,1.0,False,1.0673981823193406,9
False,2,2,59.0,40.0,1.0,68.0,4.0,False,5.152049055731845,36
False,3,5,92.0,30.0,2.0,27.0,3.0,False,3.502289986747212,128
True,2,5,55.0,92.0,5.0,4.0,4.0,False,2.513205736805716,116
True,3,1,75.0,48.0,5.0,11.0,1.0,False,3.6714604358782044,101
True,2,2,56.0,41.0,2.0,89.0,1.0,False,6.5921425636335105,26
False,2,2,46.0,30.0,2.0,49.0,3.0,False,5.532843403704565,34
False,3,3,39.0,60.0,3.0,56.0,5.0,False,6.713662973395473,114
False,2,2,83.0,71.0,3.0,38.0,5.0,False,2.312392225786528,159
True,2,3,32.0,48.0,2.0,70.0,2.0,False,1.2534194554840428,125
True,3,5,40.0,12.0,5.0,60.0,1.0,False,3.7743978250536934,51
True,2,5,1.0,45.0,2.0,39.0,5.0,False,1.2348364348975682,11
True,3,3,40.0,23.0,1.0,24.0,4.0,False,5.228304401930464,164
True,1,1,71.0,74.0,5.0,37.0,5.0,False,3.139425880108047,128
True,1,3,75.0,12.0,4.0,50.0,1.0,True,1.4947848771993861,92
True,3,1,86.0,65.0,5.0,60.0,2.0,True,0.8466292599275285,26
True,1,2,77.0,84.0,4.0,69.0,1.0,True,1.2355226302906432,85
False,1,2,35.0,51.0,2.0,77.0,4.0,False,4.695652140813426,37
True,1,2,29.0,43.0,2.0,67.0,4.0,False,6.008802508088838,16
True,2,4,71.0,24.0,5.0,20.0,1.0,False,3.2990914999223397,77
False,2,3,18.0,39.0,5.0,26.0,2.0,False,5.1496640799261595,27
False,2,5,7.0,38.0,4.0,48.0,5.0,False,0.7673027425301494,16
True,3,5,15.0,20.0,4.0,31.0,1.0,True,1.1306688676182377,165
True,3,2,80.0,69.0,3.0,35.0,1.0,True,1.5195622379813525,98
True,1,5,14.0,23.0,5.0,65.0,2.0,False,1.385750253068546,142
True,3,1,97.0,79.0,4.0,2.0,4.0,False,2.9038313037215953,116
True,1,5,73.0,59.0,5.0,19.0,2.0,True,0.6121443738007516,49
False,2,1,20.0,40.0,2.0,70.0,3.0,False,3.2906660879054854,32
False,1,2,27.0,6.0,5.0,76.0,4.0,False,1.9150734434065586,46
False,1,2,79.0,49.0,4.0,18.0,3.0,False,4.544411933015988,137
False,2,5,87.0,58.0,3.0,74.0,2.0,True,0.9650265006927601,98
True,2,5,58.0,8.0,2.0,37.0,2.0,False,2.101421106197721,123
True,2,1,25.0,32.0,4.0,75.0,4.0,False,3.928023008656816,13
False,2,5,47.0,85.0,2.0,7.0,5.0,False,2.322876223982608,132
True,3,1,9.0,50.0,3.0,25.0,4.0,False,0.6785048119562258,21
False,2,2,46.0,39.0,1.0,83.0,3.0,False,4.80701494200577,23
False,2,5,4.0,24.0,4.0,27.0,5.0,False,1.0052822947222864,17
False,1,4,21.0,55.0,3.0,60.0,2.0,False,3.6795594582685998,169
False,3,5,69.0,90.0,3.0,28.0,4.0,False,2.658079118765524,131
True,3,5,68.0,43.0,4.0,39.0,4.0,False,1.5265064626699043,134
False,1,3,81.0,46.0,1.0,16.0,5.0,False,1.7810104492692909,109
False,1,1,30.0,53.0,2.0,48.0,2.0,False,4.908355456954998,24
False,2,1,34.0,49.0,1.0,81.0,3.0,False,4.701366187398136,40
True,1,5,13.0,76.0,1.0,73.0,4.0,False,3.8733533641972366,5
True,2,4,18.0,25.0,3.0,92.0,2.0,False,2.3829335254004373,57
False,2,1,52.0,34.0,4.0,92.0,3.0,False,5.630066746295343,25
True,2,4,74.0,68.0,2.0,70.0,5.0,False,1.977189331003613,150
False,3,2,20.0,46.0,2.0,50.0,2.0,False,4.02922820127954,39
False,3,1,13.0,72.0,3.0,90.0,1.0,True,1.7513023425358294,181
False,2,1,82.0,3.0,4.0,46.0,5.0,False,3.487171359266267,146
True,1,4,40.0,53.0,5.0,58.0,5.0,False,4.544085543389528,126
False,2,2,79.0,62.0,1.0,66.0,2.0,True,0.4357033103547474,62
True,3,4,63.0,43.0,2.0,8.0,1.0,False,3.741675345865654,135
False,3,5,8.0,16.0,4.0,41.0,1.0,False,1.1997289799038438,13
False,2,5,10.0,41.0,2.0,40.0,5.0,False,0.9701748397285618,16
True,1,1,17.0,68.0,3.0,50.0,1.0,True,1.1419027503073778,145
True,1,4,76.0,23.0,5.0,64.0,5.0,False,2.364350504813963,185
False,2,2,29.0,51.0,3.0,63.0,3.0,False,3.077636382137453,26
False,3,4,5.0,13.0,5.0,31.0,5.0,False,0.7943111751334793,10
False,3,5,13.0,57.0,5.0,42.0,5.0,False,0.9431664071252321,18
True,1,5,21.0,25.0,2.0,43.0,2.0,False,0.8996335401146528,94
False,2,1,71.0,31.0,5.0,46.0,5.0,False,3.1418108559137323,148
True,3,5,11.0,30.0,4.0,27.0,1.0,False,0.732195287536425,10
True,2,5,81.0,76.0,5.0,92.0,1.0,False,2.8936736951519757,99
True,1,3,46.0,77.0,4.0,79.0,5.0,False,4.709791599414991,107
True,1,1,45.0,50.0,2.0,38.0,3.0,False,2.3640241151875028,89
True,3,5,50.0,69.0,3.0,49.0,4.0,False,2.5854792329723892,161
False,3,1,12.0,20.0,3.0,48.0,4.0,False,0.9617494277117069,12
False,2,5,26.0,5.0,5.0,65.0,2.0,False,3.5462494918047165,186
True,2,1,90.0,77.0,3.0,32.0,2.0,False,4.279423948220522,186
False,3,3,79.0,86.0,5.0,7.0,3.0,False,3.255885022538221,196
True,2,1,8.0,0.0,4.0,34.0,3.0,False,1.4292831200791254,56
True,1,5,54.0,20.0,5.0,77.0,2.0,False,2.8066079611308163,118
True,2,4,86.0,49.0,5.0,28.0,1.0,False,3.1937691349411663,77
False,1,1,77.0,56.0,2.0,27.0,2.0,False,2.55243036415789,83
False,2,3,69.0,28.0,3.0,44.0,4.0,False,3.8716211676444727,39
True,3,4,43.0,27.0,4.0,45.0,3.0,True,1.2602999910726094,49
False,3,5,1.0,19.0,3.0,31.0,4.0,False,0.40541780477036454,14
True,3,2,0.0,56.0,3.0,21.0,3.0,True,0.8714066207094948,99
True,3,2,59.0,52.0,4.0,73.0,2.0,False,3.0530129253398086,150
False,2,5,42.0,56.0,5.0,49.0,1.0,False,3.317674520508815,153
False,3,2,33.0,44.0,2.0,62.0,2.0,False,5.162206664301465,36
False,2,2,21.0,38.0,2.0,71.0,2.0,False,3.2994178895488,37
False,3,2,80.0,55.0,5.0,48.0,1.0,False,2.9662735809451095,144
True,3,3,23.0,19.0,4.0,71.0,2.0,False,4.446209421545829,76
False,3,4,9.0,20.0,5.0,41.0,1.0,False,0.5377486023548677,4
True,2,5,85.0,5.0,5.0,59.0,4.0,False,2.091263497628102,135
True,1,5,58.0,30.0,1.0,34.0,4.0,False,5.4184428474536155,165
True,3,2,16.0,38.0,4.0,22.0,1.0,True,0.824596680717862,17
True,3,5,60.0,22.0,1.0,70.0,2.0,False,2.4531484353878863,121
True,3,5,73.0,37.0,4.0,52.0,5.0,False,2.9206821277553052,126
False,3,1,48.0,6.0,3.0,63.0,3.0,True,0.17644106344600424,96
True,3,2,81.0,30.0,3.0,36.0,4.0,False,2.1449539732083007,105
True,2,5,77.0,45.0,2.0,63.0,4.0,False,1.2618448675008977,93
True,2,5,41.0,42.0,3.0,56.0,1.0,False,3.2741416534982353,176
False,1,1,25.0,40.0,1.0,91.0,3.0,False,4.4988204798261835,38
True,3,4,54.0,25.0,5.0,62.0,2.0,False,3.3797904081058685,68
False,2,1,34.0,41.0,2.0,92.0,3.0,False,3.1380200731817425,31
True,3,1,28.0,27.0,3.0,66.0,2.0,True,0.7530093799442632,98
False,1,3,94.0,29.0,2.0,63.0,1.0,False,2.9912234273692144,51
True,2,4,48.0,53.0,4.0,69.0,2.0,True,1.7788244848900958,108
False,3,5,12.0,55.0,5.0,24.0,4.0,False,1.2348364348975682,6
False,3,5,2.0,17.0,2.0,49.0,5.0,False,1.0052822947222864,18
True,3,5,74.0,43.0,4.0,13.0,4.0,False,3.160393876500207,109
False,3,5,8.0,27.0,3.0,27.0,1.0,False,0.8645260851209282,9
False,3,5,8.0,53.0,2.0,45.0,4.0,False,0.6970878325427005,24
True,1,4,24.0,57.0,4.0,35.0,2.0,True,0.7169981364731569,58
True,1,1,39.0,40.0,2.0,78.0,4.0,False,6.037543137244933,20
False,3,5,4.0,20.0,2.0,29.0,1.0,False,0.6785048119562258,12
True,3,1,88.0,75.0,1.0,32.0,2.0,False,2.312392225786528,112
True,2,1,51.0,41.0,2.0,54.0,1.0,False,5.189215096904794,43
False,2,3,60.0,25.0,5.0,5.0,1.0,False,3.5472286606840964,136
True,3,5,30.0,27.0,2.0,78.0,1.0,True,0.8714066207094948,76
True,3,5,60.0,66.0,4.0,64.0,5.0,False,3.034103515126873,171
False,2,1,48.0,42.0,3.0,46.0,3.0,False,4.617011818809122,20
False,3,5,12.0,43.0,5.0,65.0,4.0,True,1.4119636937366473,112
False,1,2,59.0,53.0,2.0,58.0,4.0,False,6.1428655022261065,32
False,1,1,45.0,47.0,2.0,98.0,4.0,False,4.544085543389528,31
True,1,1,6.0,97.0,3.0,60.0,5.0,False,1.2615184778744377,93
True,1,5,28.0,2.0,3.0,88.0,4.0,False,4.913743113913248,108
False,3,5,8.0,13.0,1.0,26.0,5.0,False,0.9266419727179824,14
False,3,5,46.0,3.0,4.0,53.0,2.0,False,3.441906295702923,147
True,3,5,28.0,15.0,1.0,61.0,2.0,True,1.047847684155499,103
False,1,1,47.0,35.0,2.0,53.0,2.0,False,5.53490198988379,39
True,2,5,91.0,59.0,4.0,74.0,4.0,False,3.2741416534982353,88
True,3,4,51.0,72.0,3.0,96.0,4.0,False,2.5935782553627846,152
True,3,1,64.0,48.0,4.0,30.0,1.0,False,2.2151688831957497,136
True,2,5,74.0,18.0,4.0,34.0,1.0,True,0.7169981364731569,97
True,3,3,6.0,90.0,4.0,35.0,1.0,False,3.106703400920008,107
True,2,3,78.0,61.0,4.0,68.0,3.0,False,3.3362575410952893,91
True,2,5,54.0,6.0,1.0,45.0,5.0,False,1.8799659884128341,173
False,1,3,43.0,53.0,3.0,36.0,1.0,False,5.706322092493962,75
True,3,2,30.0,58.0,3.0,11.0,1.0,False,2.159419821436326,116
True,3,2,72.0,38.0,3.0,89.0,4.0,False,2.117945540604971,86
False,3,5,79.0,99.0,5.0,76.0,4.0,False,3.8824315554670124,116
False,1,3,13.0,70.0,5.0,25.0,4.0,False,2.5230369557488754,160
False,2,5,69.0,58.0,4.0,23.0,1.0,False,2.2836515966304343,128
True,3,5,13.0,41.0,4.0,39.0,2.0,False,0.6970878325427005,89
True,3,5,56.0,30.0,5.0,86.0,4.0,False,3.2204511779180365,90
False,3,2,68.0,89.0,4.0,17.0,1.0,False,2.1695774300059454,159
True,3,2,33.0,90.0,1.0,51.0,4.0,False,1.6753616946616572,174
True,3,3,95.0,76.0,5.0,8.0,5.0,False,3.0445875133229534,102
True,2,1,63.0,20.0,5.0,61.0,4.0,False,0.8480016507136783,105
False,1,1,50.0,52.0,2.0,46.0,5.0,False,3.201541767705101,18
False,1,2,73.0,69.0,1.0,49.0,5.0,False,2.442664437191807,110
True,3,1,66.0,69.0,5.0,13.0,5.0,False,2.5233633453753357,126
False,2,2,57.0,52.0,3.0,88.0,4.0,False,3.368980020283329,5
False,3,1,6.0,53.0,4.0,37.0,2.0,False,0.5377486023548677,6
True,3,1,71.0,71.0,2.0,2.0,2.0,False,4.306432380823852,32
False,3,1,54.0,23.0,2.0,26.0,5.0,False,3.4415799060764627,181
False,3,5,44.0,64.0,2.0,8.0,4.0,False,5.046073911497751,41
False,3,5,34.0,22.0,5.0,24.0,4.0,False,2.2067434711788945,77
False,1,2,37.0,36.0,2.0,90.0,3.0,False,2.699227009970418,34
False,2,1,43.0,31.0,3.0,50.0,3.0,False,4.682456777185202,28
True,2,4,50.0,8.0,5.0,67.0,1.0,False,2.717810030556893,129
True,1,5,46.0,76.0,1.0,85.0,4.0,False,2.4876031111286907,63
False,3,4,3.0,35.0,2.0,36.0,5.0,False,1.0589727703024856,18
False,1,1,32.0,37.0,3.0,74.0,4.0,False,6.397369488825493,13
True,3,4,33.0,69.0,3.0,79.0,2.0,True,1.1774788076098703,74
False,2,5,5.0,27.0,3.0,46.0,5.0,False,0.732195287536425,12
False,3,5,9.0,26.0,1.0,90.0,1.0,True,2.294604197135282,177
True,2,5,54.0,57.0,3.0,78.0,1.0,False,2.9206821277553052,63
False,3,1,46.0,50.0,1.0,45.0,4.0,False,3.725477301084864,19
True,2,5,62.0,4.0,5.0,62.0,1.0,False,1.5967213726573533,111
False,2,2,42.0,44.0,3.0,78.0,3.0,False,2.94563197417941,23
False,2,5,3.0,12.0,4.0,26.0,5.0,False,0.9617494277117069,19
False,3,2,37.0,78.0,4.0,40.0,3.0,False,4.02286137544191,96
True,1,2,3.0,62.0,4.0,36.0,3.0,True,1.4947848771993861,95
False,1,1,6.0,60.0,2.0,29.0,4.0,False,3.99617933246504,160
True,1,1,87.0,41.0,4.0,86.0,4.0,False,2.355925092797108,76
False,3,4,2.0,50.0,3.0,37.0,5.0,False,0.5998644899519219,17
False,3,1,29.0,40.0,2.0,61.0,1.0,False,3.944547443064066,33
True,2,4,64.0,3.0,4.0,14.0,1.0,False,2.3555987031706476,167
False,1,2,46.0,53.0,4.0,88.0,3.0,False,4.725989644195781,10
True,3,4,87.0,3.0,3.0,53.0,2.0,False,1.1210886578995396,64
True,2,4,96.0,48.0,5.0,35.0,2.0,False,1.4211840976887307,65
True,3,5,51.0,78.0,4.0,21.0,5.0,False,2.330975246373003,152
True,3,4,74.0,26.0,4.0,66.0,1.0,False,3.4314222975068436,115
True,3,1,46.0,38.0,3.0,12.0,2.0,False,1.7725850372524357,9
False,2,2,41.0,46.0,1.0,67.0,3.0,False,5.876145320877875,34
False,3,5,89.0,11.0,5.0,17.0,5.0,False,2.4447230233710315,152
False,3,4,2.0,17.0,5.0,46.0,4.0,False,0.8294186301272037,11
False,1,1,32.0,40.0,2.0,80.0,5.0,False,4.36616329261522,31
True,3,5,63.0,31.0,4.0,33.0,2.0,False,1.6423128258471573,153
True,3,5,79.0,31.0,3.0,71.0,1.0,False,2.9638886051394246,137
True,3,5,35.0,43.0,3.0,0.0,5.0,False,1.756060602845186,37
True,1,2,44.0,42.0,1.0,65.0,5.0,False,4.172369386686583,30
True,3,4,72.0,88.0,5.0,34.0,2.0,True,1.2823325702822759,147
True,2,1,42.0,49.0,2.0,72.0,3.0,False,4.111985695642294,19
True,2,5,78.0,47.0,5.0,82.0,1.0,False,2.947364170732175,109
False,2,5,14.0,28.0,4.0,4.0,1.0,False,4.725989644195781,132
True,1,1,94.0,66.0,3.0,33.0,1.0,False,2.709384618540038,81
False,3,2,47.0,34.0,4.0,2.0,5.0,False,3.99552655321212,147
True,3,1,84.0,32.0,4.0,51.0,1.0,True,0.8466292599275285,101
True,2,2,41.0,0.0,1.0,46.0,2.0,False,1.5636725038428536,87
True,1,3,16.0,35.0,3.0,34.0,3.0,True,0.49374713303552,93
False,3,5,66.0,46.0,3.0,16.0,3.0,False,3.0445875133229534,123
False,3,5,12.0,38.0,5.0,33.0,2.0,False,0.8294186301272037,13
True,3,1,96.0,72.0,4.0,59.0,2.0,False,3.7065678908719297,123
True,3,3,5.0,35.0,2.0,59.0,2.0,True,0.7169981364731569,59
True,2,2,52.0,99.0,1.0,17.0,4.0,False,3.3365839307217495,175
False,2,5,72.0,94.0,5.0,7.0,5.0,False,2.1344699750122205,137
True,3,3,57.0,56.0,1.0,54.0,3.0,False,0.9164843641483625,130
False,1,2,38.0,41.0,4.0,82.0,5.0,False,5.772555152449466,32
True,3,4,56.0,35.0,4.0,94.0,1.0,False,2.910198129559226,86
True,3,3,4.0,38.0,3.0,95.0,3.0,False,4.136282762813479,95
True,2,5,34.0,43.0,4.0,33.0,4.0,False,1.47487457326893,179
True,2,5,45.0,74.0,4.0,77.0,2.0,True,0.4357033103547474,75
True,2,3,24.0,29.0,5.0,27.0,1.0,True,0.9762603833819,121
False,3,1,42.0,85.0,1.0,93.0,2.0,False,5.09025955776125,66
False,3,5,89.0,8.0,1.0,71.0,4.0,False,3.5036957936735167,155
False,2,5,8.0,28.0,2.0,30.0,4.0,False,1.3320597774883467,15
True,3,1,55.0,33.0,4.0,0.0,4.0,False,2.717810030556893,78
True,2,1,35.0,42.0,2.0,67.0,3.0,False,5.787021000677491,21
False,1,2,39.0,38.0,2.0,59.0,1.0,False,4.798589529988915,17
True,3,1,22.0,89.0,4.0,32.0,4.0,False,0.8564270627305333,77
True,3,5,93.0,61.0,5.0,80.0,5.0,False,2.5422727555882707,112
True,3,5,1.0,10.0,1.0,35.0,5.0,False,0.5377486023548677,17
False,2,4,71.0,71.0,1.0,21.0,4.0,False,2.6847611617423937,147
True,2,2,51.0,33.0,2.0,80.0,1.0,False,2.231693317603,136
True,2,2,76.0,9.0,2.0,97.0,1.0,False,6.837568358963122,132
False,2,3,16.0,36.0,1.0,39.0,4.0,False,3.756141194093679,145
True,1,3,94.0,77.0,5.0,88.0,1.0,False,3.0715959459262834,94
False,1,2,39.0,47.0,2.0,93.0,3.0,False,6.4598117660490075,34
True,3,3,58.0,50.0,2.0,78.0,1.0,False,3.565811681270571,74
True,1,5,16.0,34.0,4.0,30.0,4.0,False,2.8196680024325373,36
False,3,5,86.0,46.0,3.0,22.0,2.0,False,2.9476905603586347,129
True,2,1,1.0,65.0,3.0,11.0,4.0,False,4.39349811484501,63
True,2,4,32.0,38.0,1.0,17.0,1.0,False,4.4907214574357885,102
False,2,5,65.0,17.0,1.0,67.0,2.0,True,2.1293970163784177,64
True,3,3,66.0,83.0,5.0,55.0,2.0,False,3.760258366452129,158
False,3,3,49.0,57.0,1.0,59.0,5.0,False,5.14999046955262,105
False,2,5,75.0,79.0,3.0,11.0,4.0,False,1.6588372602544075,122
False,2,3,44.0,53.0,1.0,52.0,4.0,False,1.7290521702418564,117
True,3,1,52.0,33.0,5.0,68.0,4.0,False,3.2018681573315617,107
False,1,4,87.0,63.0,1.0,88.0,3.0,False,4.091017699250134,96
True,1,3,32.0,60.0,3.0,49.0,2.0,True,1.1058915068362716,26
True,3,3,56.0,77.0,4.0,10.0,1.0,False,2.771500506137092,104
True,1,2,29.0,37.0,4.0,73.0,4.0,False,5.239114789753003,43
True,1,2,63.0,58.0,5.0,46.0,2.0,False,1.0859812029058151,129
False,2,5,6.0,54.0,2.0,28.0,4.0,False,1.2348364348975682,4
True,1,1,37.0,46.0,3.0,43.0,1.0,True,0.5653344338091189,69
False,2,2,72.0,2.0,3.0,94.0,3.0,False,5.822128455671216,46
False,1,1,72.0,17.0,1.0,27.0,5.0,False,1.553514895273234,167
True,3,1,31.0,55.0,4.0,46.0,1.0,True,2.0601193110085054,56
True,2,4,59.0,6.0,5.0,32.0,5.0,False,3.26604263110784,101
True,3,1,73.0,24.0,4.0,87.0,4.0,False,3.016173273793319,67
False,2,1,6.0,18.0,4.0,34.0,2.0,False,0.6349719449456463,18
False,2,5,66.0,59.0,5.0,51.0,5.0,False,3.4770137506966474,119
True,1,1,57.0,30.0,4.0,92.0,3.0,False,5.205739531312044,38
True,3,5,8.0,7.0,1.0,36.0,5.0,False,2.417714590767702,94
True,2,1,17.0,18.0,5.0,2.0,2.0,False,0.13233079758450317,63
True,1,5,61.0,1.0,1.0,83.0,3.0,False,3.8925891640366315,111
True,3,4,43.0,76.0,3.0,46.0,4.0,False,2.860624826337476,124
True,3,1,74.0,27.0,4.0,55.0,5.0,False,3.0530129253398086,118
True,2,2,28.0,44.0,2.0,67.0,3.0,False,4.968086368746367,9
True,3,4,76.0,45.0,4.0,70.0,2.0,False,2.9206821277553052,95
True,3,4,97.0,34.0,5.0,88.0,4.0,False,2.699227009970418,75
True,2,4,67.0,41.0,4.0,63.0,1.0,False,5.462302104090655,72
True,2,1,36.0,47.0,4.0,2.0,4.0,False,5.242579182858533,61
False,3,2,24.0,66.0,1.0,14.0,1.0,False,3.2120257659011813,133
True,3,4,67.0,75.0,1.0,40.0,2.0,False,4.71292960289406,81
True,3,4,53.0,45.0,5.0,98.0,4.0,False,2.550371777978665,111
True,2,2,2.0,29.0,3.0,95.0,3.0,False,3.9674387033089467,107
True,3,2,74.0,63.0,5.0,53.0,1.0,False,2.8771492607447255,178
True,3,5,11.0,50.0,4.0,46.0,5.0,False,0.8729514971377832,6
True,1,1,23.0,43.0,4.0,94.0,1.0,False,5.014004211562631,22
True,3,1,90.0,50.0,3.0,11.0,1.0,False,6.103640874873932,86
False,2,5,25.0,54.0,1.0,28.0,5.0,False,3.4517375146460827,43
True,2,5,6.0,22.0,5.0,27.0,2.0,False,1.0052822947222864,22
False,2,2,7.0,27.0,2.0,7.0,2.0,False,2.1695774300059454,140
True,3,1,54.0,20.0,3.0,66.0,3.0,False,1.8799659884128341,123
False,1,1,33.0,32.0,2.0,55.0,1.0,False,3.4833805765342776,12
False,3,1,36.0,46.0,3.0,51.0,4.0,False,5.787021000677491,22
True,2,2,20.0,68.0,1.0,38.0,1.0,False,0.7757281545470045,26
True,2,2,45.0,18.0,3.0,59.0,5.0,False,3.4770137506966474,176
False,3,4,10.0,21.0,2.0,41.0,4.0,False,0.9617494277117069,14
True,2,3,10.0,95.0,2.0,46.0,2.0,False,1.8100774680518452,65
False,2,2,55.0,52.0,2.0,75.0,3.0,False,5.0926445335669355,33
True,3,1,92.0,31.0,2.0,38.0,5.0,False,2.180061428202025,94
True,3,5,16.0,7.0,5.0,31.0,3.0,False,3.165028505785072,72
True,3,5,75.0,97.0,5.0,56.0,5.0,False,5.470727516107511,179
True,1,3,80.0,59.0,4.0,20.0,4.0,False,5.079775559565171,149
True,1,1,54.0,34.0,2.0,16.0,2.0,False,2.2587017502063294,128
False,1,1,83.0,74.0,5.0,13.0,1.0,False,3.7497743682560487,71
True,3,1,9.0,44.0,3.0,25.0,4.0,False,1.0589727703024856,5
True,3,1,75.0,20.0,5.0,96.0,1.0,False,3.468588338679792,111
False,3,1,51.0,38.0,2.0,65.0,4.0,False,4.5008790660054085,16
True,3,3,64.0,23.0,4.0,82.0,1.0,False,3.565811681270571,128
True,3,1,79.0,11.0,3.0,30.0,1.0,True,1.166680111089344,97
True,1,5,69.0,4.0,5.0,20.0,4.0,False,2.1365285611914455,41
True,1,2,95.0,59.0,4.0,71.0,4.0,False,5.638165768685738,172
True,1,5,84.0,15.0,4.0,86.0,2.0,True,1.2355226302906432,124
False,2,2,25.0,42.0,3.0,88.0,2.0,False,5.49740955908438,37
False,2,1,23.0,43.0,1.0,90.0,5.0,False,5.365078761499877,15
True,3,5,78.0,31.0,2.0,10.0,1.0,True,0.6233782564898915,88
True,3,4,67.0,25.0,3.0,7.0,1.0,False,2.6040622535588644,134
True,1,2,40.0,37.0,3.0,26.0,5.0,False,3.4415799060764627,151
True,3,1,7.0,44.0,4.0,38.0,4.0,False,0.40541780477036454,10
True,1,1,95.0,29.0,4.0,45.0,1.0,False,2.701285596149643,101
True,3,1,72.0,4.0,3.0,84.0,2.0,True,0.705764253784017,177
True,1,1,60.0,35.0,4.0,32.0,5.0,False,2.5935782553627846,93
True,1,2,73.0,45.0,5.0,29.0,3.0,False,2.2070698608053547,12
True,1,1,72.0,54.0,1.0,64.0,4.0,False,2.8936736951519757,128
True,2,4,86.0,59.0,5.0,12.0,4.0,False,3.6714604358782044,118
True,1,1,36.0,15.0,3.0,46.0,2.0,False,1.6504118482375525,107
True,2,4,57.0,17.0,2.0,10.0,3.0,False,3.6052273759227007,118
True,3,4,80.0,6.0,3.0,50.0,1.0,True,0.3528821268920085,44
False,3,5,12.0,46.0,2.0,27.0,4.0,False,0.40541780477036454,13
True,3,4,51.0,60.0,1.0,59.0,1.0,True,0.7530093799442632,69
True,1,1,65.0,71.0,5.0,6.0,5.0,False,2.6661781411559184,79
False,1,2,39.0,42.0,2.0,70.0,1.0,False,3.3858308443170393,27
False,1,2,22.0,32.0,2.0,90.0,2.0,False,3.4500053180933175,100
False,3,5,12.0,48.0,5.0,42.0,5.0,False,0.6349719449456463,17
True,3,5,74.0,5.0,2.0,7.0,2.0,False,0.7673027425301494,72
False,1,2,40.0,45.0,4.0,92.0,3.0,False,3.4131656665468286,31
True,3,4,88.0,16.0,2.0,85.0,4.0,False,3.5546749038215717,75
False,2,5,85.0,62.0,2.0,86.0,5.0,False,1.243261846914423,111
True,3,5,77.0,98.0,4.0,34.0,1.0,False,2.3042932033961336,165
True,2,4,60.0,67.0,5.0,43.0,1.0,False,3.8649279521803814,83
True,3,2,58.0,46.0,3.0,73.0,5.0,False,3.106703400920008,118
False,3,1,46.0,22.0,2.0,78.0,5.0,False,2.5959632311684695,128
False,3,2,36.0,65.0,5.0,88.0,3.0,True,1.199511386819537,163
False,1,1,32.0,74.0,2.0,96.0,4.0,False,4.357411490971905,116
True,2,5,43.0,19.0,3.0,82.0,5.0,False,0.9701748397285618,178
False,3,5,9.0,11.0,5.0,44.0,5.0,False,0.9617494277117069,16
False,3,5,8.0,24.0,1.0,48.0,5.0,False,0.6700793999393708,10
True,2,5,77.0,92.0,2.0,9.0,1.0,False,2.1965858626092754,191
False,2,5,88.0,57.0,4.0,38.0,2.0,False,2.647268730942984,143
True,3,4,68.0,41.0,3.0,60.0,5.0,False,4.00666333066112,171
True,2,1,34.0,31.0,4.0,45.0,3.0,False,4.196666453857768,7
True,1,5,60.0,60.0,4.0,36.0,2.0,False,0.7507783081228997,150
False,2,5,1.0,51.0,4.0,29.0,1.0,False,0.9266419727179824,13
False,1,2,50.0,32.0,3.0,97.0,1.0,False,5.251983763754768,27
True,2,2,67.0,54.0,2.0,25.0,4.0,False,6.95164252558761,100
True,3,5,65.0,75.0,5.0,99.0,4.0,False,2.417714590767702,110
True,3,5,70.0,52.0,4.0,69.0,2.0,False,2.513205736805716,96
True,2,2,45.0,40.0,2.0,93.0,5.0,False,2.8835160865823557,18
False,2,5,8.0,37.0,4.0,40.0,5.0,False,0.7757281545470045,15
False,3,1,48.0,52.0,2.0,54.0,1.0,False,4.101828087072674,25
False,3,2,87.0,11.0,1.0,9.0,2.0,False,5.4184428474536155,161
True,3,5,64.0,67.0,5.0,26.0,4.0,False,2.5854792329723892,105
True,2,4,57.0,65.0,1.0,36.0,1.0,False,4.076878240648569,146
True,1,2,23.0,41.0,2.0,98.0,2.0,False,4.082918676859739,9
False,3,5,7.0,17.0,2.0,49.0,5.0,False,0.9080589521315077,21
False,1,1,59.0,49.0,1.0,54.0,3.0,False,5.85152186408023,18
True,1,1,93.0,37.0,5.0,10.0,5.0,False,2.6556941429598386,122
False,3,5,52.0,27.0,3.0,93.0,1.0,True,1.5307961206704928,71
False,1,3,21.0,12.0,5.0,92.0,3.0,False,4.048137611492475,34
False,3,3,75.0,78.0,5.0,24.0,5.0,False,2.936880172536095,175
False,2,4,65.0,66.0,3.0,23.0,5.0,False,4.111985695642294,133
True,2,4,61.0,72.0,1.0,48.0,1.0,True,1.2355226302906432,57
False,1,1,30.0,30.0,2.0,61.0,3.0,False,4.693593554634202,37
True,3,2,56.0,70.0,4.0,43.0,4.0,False,2.277284770792804,105
True,1,2,32.0,31.0,2.0,49.0,3.0,False,2.9557895827490297,21
True,2,4,13.0,5.0,5.0,8.0,2.0,False,1.0238653153087611,97
False,2,2,24.0,43.0,2.0,95.0,4.0,False,6.254554693044909,36
True,3,5,12.0,46.0,3.0,49.0,2.0,False,0.8645260851209282,11
True,2,1,32.0,53.0,4.0,59.0,3.0,False,5.046400301124211,22
True,2,2,74.0,41.0,5.0,58.0,4.0,False,3.3797904081058685,90
True,2,4,68.0,33.0,4.0,20.0,3.0,True,0.7169981364731569,39
True,3,1,93.0,53.0,5.0,33.0,3.0,False,3.007421472150004,117
True,1,4,52.0,25.0,4.0,12.0,3.0,False,6.378460078612558,110
False,3,5,12.0,24.0,4.0,39.0,4.0,False,1.0673981823193406,10
False,2,5,51.0,2.0,5.0,19.0,1.0,False,4.328997251442271,16
True,1,2,84.0,24.0,5.0,16.0,1.0,True,1.166680111089344,109
True,1,2,82.0,27.0,5.0,18.0,4.0,False,3.757873390646443,90
False,3,4,85.0,57.0,3.0,24.0,5.0,False,4.693267165007741,86
True,1,5,94.0,57.0,4.0,77.0,5.0,False,2.4447230233710315,90
False,3,2,25.0,49.0,2.0,63.0,3.0,False,4.939019349963813,20
True,2,2,56.0,36.0,5.0,18.0,1.0,False,2.9038313037215953,115
True,2,5,8.0,34.0,4.0,81.0,5.0,False,4.471485657596394,132
True,1,5,71.0,23.0,5.0,72.0,3.0,False,2.9554631931225694,148
True,3,2,84.0,31.0,5.0,76.0,2.0,False,2.718136420183353,132
False,3,1,38.0,44.0,1.0,81.0,4.0,False,5.410996604316141,13
True,3,4,8.0,24.0,1.0,41.0,2.0,False,0.9701748397285618,11
False,3,5,2.0,33.0,4.0,46.0,1.0,False,0.9701748397285618,21
True,3,5,66.0,12.0,5.0,34.0,2.0,False,2.1695774300059454,126
True,2,5,71.0,60.0,4.0,7.0,3.0,False,3.26604263110784,152
True,3,5,80.0,81.0,4.0,17.0,4.0,False,2.1530529955986957,122
True,2,5,87.0,48.0,4.0,36.0,4.0,False,3.5556540727009516,94
False,2,1,3.0,32.0,5.0,65.0,3.0,False,2.5233633453753357,142
False,3,3,44.0,24.0,1.0,56.0,1.0,True,0.6589543137923842,64
False,1,2,45.0,48.0,2.0,62.0,2.0,False,4.7280482303750055,40
False,2,2,64.0,23.0,3.0,25.0,5.0,False,1.4478661406656002,142
False,3,1,6.0,33.0,4.0,34.0,5.0,False,0.6785048119562258,4
True,1,3,87.0,8.0,2.0,87.0,3.0,False,1.9424082656363486,90
False,2,5,13.0,16.0,3.0,41.0,4.0,False,0.5026411473611432,5
True,1,1,29.0,37.0,2.0,75.0,4.0,False,5.5929007051223945,27
True,3,3,47.0,47.0,4.0,80.0,2.0,True,0.3641160095811484,57
True,3,5,36.0,32.0,3.0,51.0,2.0,True,0.8466292599275285,105
True,3,5,61.0,20.0,5.0,0.0,1.0,False,1.977189331003613,55
True,1,5,50.0,63.0,5.0,75.0,1.0,False,1.6753616946616572,119
False,3,5,4.0,56.0,4.0,49.0,5.0,False,0.5026411473611432,22
False,2,4,58.0,35.0,3.0,61.0,5.0,False,4.526908329729358,106
True,3,5,1.0,24.0,4.0,40.0,4.0,False,0.6785048119562258,17
True,3,5,54.0,51.0,2.0,83.0,3.0,False,1.2098865884734633,59
True,1,3,85.0,47.0,3.0,29.0,3.0,False,3.0010546463123737,135
False,1,3,97.0,51.0,1.0,93.0,4.0,False,3.3679006029834846,143
False,3,5,9.0,17.0,1.0,25.0,1.0,False,0.6970878325427005,19
True,3,4,60.0,72.0,3.0,45.0,1.0,True,0.6233782564898915,119
False,3,5,8.0,43.0,3.0,38.0,1.0,False,0.8294186301272037,21
True,1,1,25.0,36.0,3.0,62.0,4.0,False,2.839983219571777,29
True,1,1,16.0,59.0,4.0,80.0,1.0,False,4.569035389813632,125
True,3,5,5.0,48.0,2.0,33.0,4.0,False,0.7943111751334793,23
False,3,4,13.0,45.0,3.0,35.0,1.0,False,0.7673027425301494,21
True,2,5,63.0,14.0,4.0,13.0,2.0,True,1.083858927626605,90
False,3,5,4.0,19.0,1.0,39.0,5.0,False,0.6970878325427005,12
False,2,3,85.0,69.0,2.0,35.0,1.0,False,2.498739888577691,114
False,2,4,72.0,78.0,5.0,37.0,5.0,False,3.160393876500207,168
False,2,1,43.0,37.0,4.0,77.0,1.0,False,3.247459610521366,13
True,3,1,22.0,62.0,5.0,88.0,1.0,False,4.442745028440299,146
False,2,3,87.0,20.0,2.0,3.0,2.0,False,6.66807152020567,89
True,3,5,4.0,16.0,2.0,42.0,1.0,False,0.9617494277117069,15
True,3,5,9.0,44.0,5.0,32.0,5.0,False,0.6700793999393708,14
True,3,1,86.0,39.0,4.0,73.0,2.0,False,2.726235442573748,103
True,2,1,93.0,71.0,1.0,70.0,1.0,False,2.7343344649641423,92
True,3,5,91.0,74.0,4.0,85.0,1.0,False,1.3506427980748215,123
False,1,4,88.0,79.0,5.0,89.0,5.0,False,2.274899794987119,116
True,2,5,99.0,15.0,5.0,41.0,3.0,False,3.7167254994415493,20
True,1,5,56.0,63.0,3.0,53.0,4.0,False,5.9983185098927585,139
True,3,5,8.0,33.0,4.0,36.0,5.0,False,1.3320597774883467,4
True,2,3,53.0,61.0,4.0,83.0,2.0,True,1.318343813753382,107
False,2,1,54.0,46.0,3.0,47.0,4.0,False,3.9604190982183956,41
True,1,1,47.0,90.0,1.0,15.0,3.0,False,0.8729514971377832,56
False,2,2,80.0,53.0,5.0,63.0,1.0,False,3.8905305778574073,149
False,3,5,7.0,57.0,4.0,41.0,4.0,False,0.8645260851209282,12
True,3,5,7.0,31.0,4.0,32.0,2.0,False,0.6349719449456463,4
True,1,5,77.0,7.0,5.0,52.0,2.0,False,2.2401187296198546,175
True,3,2,67.0,72.0,4.0,30.0,2.0,True,1.3291425102739085,107
False,1,5,79.0,76.0,2.0,19.0,5.0,False,3.1667607023378372,120
False,3,5,9.0,12.0,4.0,24.0,5.0,False,0.9431664071252321,12
True,2,1,53.0,30.0,2.0,79.0,4.0,False,4.004278354855435,35
True,1,1,90.0,75.0,1.0,59.0,1.0,False,2.6637931653502336,108
True,2,3,71.0,74.0,5.0,67.0,1.0,False,1.8016520560349902,125
False,2,2,48.0,50.0,2.0,97.0,1.0,False,3.855749512490142,27
False,3,4,5.0,53.0,5.0,29.0,2.0,False,0.8294186301272037,17
True,1,3,3.0,61.0,2.0,31.0,1.0,True,0.9294504433902673,78
False,3,5,8.0,38.0,1.0,33.0,4.0,False,0.9701748397285618,23
False,2,5,1.0,17.0,4.0,27.0,5.0,False,1.0589727703024856,11
True,3,5,95.0,53.0,3.0,23.0,1.0,False,1.4022746874757956,126
False,1,3,86.0,11.0,2.0,4.0,2.0,False,6.686980930418604,106
True,1,5,82.0,10.0,1.0,29.0,2.0,True,1.083858927626605,63
False,1,1,22.0,49.0,3.0,85.0,3.0,False,4.725989644195781,23
True,1,5,28.0,78.0,2.0,18.0,4.0,False,4.560283588170318,82
True,3,1,75.0,59.0,3.0,67.0,5.0,False,2.2401187296198546,111
False,2,2,44.0,35.0,4.0,79.0,1.0,False,4.0954612612350445,20
True,3,5,69.0,26.0,2.0,61.0,3.0,False,1.7455766046491064,164
True,1,5,71.0,94.0,2.0,71.0,4.0,False,2.2836515966304343,111
False,3,5,5.0,48.0,4.0,29.0,4.0,False,1.2348364348975682,15
False,2,5,44.0,59.0,4.0,20.0,5.0,False,3.1232278353272576,119
True,1,5,53.0,23.0,1.0,61.0,4.0,False,2.4984134989512308,113
False,2,2,28.0,37.0,4.0,78.0,3.0,False,5.648323377255357,41
True,2,5,76.0,76.0,5.0,26.0,2.0,False,2.20501127462613,100
True,2,1,68.0,58.0,3.0,76.0,1.0,False,1.5967213726573533,64
True,3,3,68.0,31.0,5.0,62.0,1.0,False,3.423323275116448,115
False,3,4,8.0,50.0,1.0,40.0,4.0,False,1.102505637313065,18
True,2,2,20.0,30.0,2.0,93.0,3.0,False,4.490395067809328,23
True,1,3,35.0,74.0,3.0,36.0,5.0,False,2.7862927439915772,147
False,2,2,54.0,45.0,2.0,73.0,4.0,False,2.839983219571777,29
False,1,1,39.0,99.0,3.0,17.0,1.0,False,4.620340889588147,103
False,3,1,29.0,60.0,5.0,71.0,1.0,False,2.930513346698465,92
True,1,2,26.0,6.0,5.0,51.0,1.0,True,2.0601193110085054,32
False,3,5,4.0,50.0,4.0,41.0,1.0,False,0.5026411473611432,11
True,3,2,30.0,38.0,2.0,84.0,2.0,False,4.347580272028745,41
False,3,5,42.0,29.0,1.0,56.0,4.0,True,2.694731450187537,156
False,2,2,22.0,31.0,2.0,85.0,5.0,False,6.3517780356356885,28
False,3,3,71.0,83.0,5.0,72.0,2.0,False,1.8782337918600693,135
True,2,5,82.0,56.0,5.0,13.0,3.0,False,3.8203156678699575,64
False,3,1,7.0,42.0,3.0,32.0,4.0,False,1.0052822947222864,15
False,3,1,25.0,59.0,3.0,91.0,5.0,False,4.0137831841721345,143
True,3,5,53.0,68.0,5.0,69.0,1.0,False,3.3464151496649093,181
True,3,5,92.0,34.0,5.0,15.0,1.0,False,3.160393876500207,78
True,1,4,73.0,80.0,5.0,80.0,4.0,False,4.41316055273133,67
True,2,1,84.0,29.0,5.0,63.0,1.0,False,2.277284770792804,124
True,3,2,89.0,42.0,3.0,5.0,4.0,False,2.990897037742754,78
True,1,2,62.0,59.0,3.0,34.0,3.0,False,1.9505072880267433,50
False,3,5,11.0,44.0,5.0,35.0,2.0,False,0.9617494277117069,20
True,2,1,62.0,29.0,4.0,14.0,3.0,False,0.4591082803505637,164
False,2,5,5.0,30.0,2.0,28.0,5.0,False,0.9617494277117069,9
False,3,4,1.0,11.0,2.0,33.0,5.0,False,0.6785048119562258,9
True,3,4,85.0,33.0,5.0,22.0,1.0,False,1.9960987412165478,151
False,3,1,59.0,36.0,3.0,71.0,2.0,False,5.462954883343576,43
True,1,3,95.0,3.0,5.0,4.0,4.0,False,1.8698083798432146,131
False,3,1,55.0,10.0,3.0,81.0,3.0,True,0.7169981364731569,53
True,2,3,68.0,9.0,3.0,43.0,5.0,False,3.0965457923503883,160
False,3,2,80.0,24.0,3.0,73.0,1.0,True,2.187005652890577,104
True,3,1,6.0,46.0,4.0,32.0,2.0,False,0.9701748397285618,7
False,3,5,3.0,26.0,5.0,31.0,5.0,False,0.9431664071252321,9
False,2,2,71.0,89.0,2.0,24.0,5.0,False,6.192765195074315,23
False,1,2,29.0,36.0,2.0,57.0,4.0,False,4.7982631403624545,18
False,3,5,2.0,22.0,4.0,37.0,5.0,False,0.9080589521315077,14
True,3,4,81.0,58.0,5.0,84.0,5.0,False,2.709384618540038,113
False,1,1,48.0,36.0,2.0,67.0,3.0,False,6.829795726199187,20
False,2,1,45.0,37.0,2.0,62.0,4.0,False,4.36616329261522,22
True,1,2,36.0,58.0,1.0,32.0,2.0,False,1.536990460865984,64
True,3,2,12.0,62.0,4.0,36.0,1.0,False,2.9746989929619643,66
False,3,4,12.0,19.0,2.0,32.0,5.0,False,1.1997289799038438,8
True,3,4,54.0,68.0,3.0,37.0,4.0,False,3.228876589934891,142
True,1,1,77.0,51.0,4.0,8.0,1.0,False,3.8388986884564327,92
False,3,5,6.0,17.0,4.0,37.0,2.0,False,1.1997289799038438,13
False,3,2,75.0,18.0,3.0,73.0,4.0,False,6.845993770979977,174
True,1,3,66.0,3.0,5.0,7.0,2.0,False,0.5998644899519219,115
False,2,1,23.0,38.0,4.0,64.0,3.0,False,5.787021000677491,7
True,1,2,22.0,22.0,2.0,36.0,2.0,False,1.9153998330330186,162
True,3,2,42.0,73.0,3.0,20.0,4.0,False,1.0238653153087611,51
True,3,1,86.0,43.0,5.0,46.0,4.0,False,3.3612073875193946,121
True,1,3,61.0,68.0,1.0,72.0,5.0,False,2.937206562162555,73
True,2,1,35.0,42.0,2.0,87.0,3.0,False,5.56860363795121,43
True,3,4,66.0,63.0,4.0,23.0,2.0,True,0.6589543137923842,63
True,3,4,80.0,28.0,5.0,37.0,4.0,False,1.156196112893264,90
False,2,5,76.0,10.0,5.0,26.0,4.0,False,2.637437511999824,105
False,2,2,90.0,49.0,3.0,30.0,3.0,False,6.403409925036662,163
True,1,2,84.0,33.0,2.0,87.0,1.0,False,2.6827025755631686,98
True,3,3,47.0,22.0,1.0,65.0,3.0,False,6.0267327494223935,142
True,3,2,68.0,46.0,4.0,87.0,1.0,False,2.8852482831351205,84
True,3,2,19.0,32.0,1.0,27.0,1.0,True,0.4357033103547474,110
True,1,5,98.0,69.0,5.0,60.0,5.0,False,2.7613428975674728,112
False,2,4,66.0,2.0,4.0,55.0,1.0,False,1.6300966310983132,71
False,1,2,30.0,34.0,2.0,45.0,4.0,False,4.333440813427181,30
True,3,5,50.0,74.0,3.0,85.0,1.0,False,2.788024940544342,141
False,2,2,32.0,35.0,2.0,50.0,2.0,False,5.047379470003591,17
False,3,4,58.0,62.0,5.0,45.0,5.0,False,2.55879718999552,133
True,1,4,49.0,59.0,2.0,19.0,4.0,False,2.4011901563604523,125
False,3,3,82.0,23.0,4.0,79.0,1.0,True,2.6834975674983967,76
True,1,5,55.0,70.0,4.0,52.0,2.0,True,0.8714066207094948,64
False,1,1,33.0,34.0,4.0,61.0,3.0,False,4.1038866732519,15
True,3,5,10.0,52.0,5.0,49.0,2.0,False,1.102505637313065,9
True,1,4,58.0,15.0,3.0,41.0,2.0,True,1.1306688676182377,22
True,1,5,90.0,58.0,5.0,26.0,1.0,False,2.8504672177678563,139
False,3,4,5.0,22.0,4.0,30.0,4.0,False,0.9701748397285618,16
True,3,5,11.0,57.0,4.0,37.0,5.0,False,1.0589727703024856,11
True,2,5,90.0,89.0,5.0,5.0,1.0,False,3.1235542249537174,183
True,3,5,26.0,43.0,5.0,29.0,1.0,False,2.417714590767702,134
False,3,5,1.0,10.0,1.0,28.0,5.0,False,1.1997289799038438,10
True,1,5,84.0,6.0,5.0,25.0,2.0,False,1.2966259328681624,77
True,3,1,76.0,31.0,4.0,98.0,4.0,False,2.1530529955986957,90
True,3,4,76.0,33.0,4.0,4.0,1.0,False,3.8122166454795634,94
False,3,1,65.0,21.0,2.0,68.0,3.0,False,4.215249474444243,133
True,1,2,63.0,34.0,2.0,0.0,1.0,False,1.7911680578389104,82
True,3,4,79.0,69.0,4.0,67.0,1.0,False,3.6528774152917305,87
False,1,5,75.0,31.0,2.0,6.0,5.0,False,3.9091135984438816,172
True,3,5,15.0,81.0,4.0,55.0,2.0,False,2.577380210581995,158
True,1,4,64.0,72.0,5.0,63.0,3.0,False,2.428198588963782,143
False,2,3,14.0,14.0,1.0,19.0,5.0,False,5.099011359404566,93
True,3,5,1.0,31.0,4.0,34.0,5.0,False,0.6785048119562258,9
False,2,4,2.0,12.0,2.0,24.0,1.0,False,0.9080589521315077,15
False,3,5,6.0,14.0,5.0,24.0,5.0,False,1.102505637313065,22
False,1,4,41.0,91.0,5.0,40.0,5.0,False,3.879720190034867,127
True,3,2,37.0,44.0,2.0,70.0,1.0,False,5.886302929447495,32
False,3,5,13.0,32.0,4.0,30.0,5.0,False,0.9617494277117069,23
True,3,5,51.0,73.0,1.0,22.0,4.0,False,2.2587017502063294,192
True,3,1,93.0,74.0,3.0,99.0,2.0,False,3.714993302888784,137
False,3,3,2.0,52.0,3.0,58.0,1.0,True,1.2602999910726094,132
True,1,1,97.0,74.0,5.0,70.0,4.0,False,1.2534194554840428,45
False,1,1,35.0,44.0,2.0,62.0,1.0,False,4.242257907047572,34
False,2,1,44.0,37.0,2.0,51.0,3.0,False,6.070592006059432,27
True,2,1,13.0,36.0,2.0,44.0,5.0,False,1.3320597774883467,9
True,2,5,1.0,17.0,1.0,60.0,5.0,False,4.9143958931661675,105
True,3,3,36.0,93.0,1.0,74.0,2.0,False,6.175587981414145,113
True,3,5,7.0,21.0,2.0,34.0,5.0,False,1.0052822947222864,7
False,3,1,12.0,24.0,4.0,42.0,5.0,False,0.6349719449456463,17
False,3,1,64.0,65.0,3.0,5.0,4.0,False,4.572499782919162,22
True,3,5,15.0,55.0,3.0,69.0,1.0,True,0.4357033103547474,155
True,3,4,90.0,42.0,5.0,66.0,3.0,False,2.639169708552589,155
True,3,3,89.0,22.0,4.0,71.0,1.0,False,3.6528774152917305,129
False,2,2,88.0,4.0,5.0,97.0,4.0,False,5.025758694358512,86
False,1,5,59.0,24.0,3.0,52.0,5.0,False,2.3910325477908323,163
True,3,1,60.0,25.0,4.0,58.0,2.0,True,1.1887126902990104,115
False,2,5,79.0,34.0,5.0,39.0,5.0,False,3.0715959459262834,129
False,2,5,25.0,37.0,5.0,18.0,4.0,False,3.7866140198025384,154
False,2,1,38.0,39.0,2.0,63.0,1.0,False,3.6504924394860456,31
True,3,3,69.0,48.0,3.0,80.0,2.0,False,2.3640241151875028,116
True,1,5,69.0,25.0,4.0,42.0,2.0,False,4.033018984011529,57
False,2,1,40.0,51.0,2.0,98.0,3.0,False,3.9424888568848413,22
True,2,1,54.0,55.0,5.0,65.0,5.0,False,2.357983678976333,126
True,3,5,8.0,28.0,3.0,38.0,2.0,True,0.38889337036311467,50
True,3,3,54.0,29.0,2.0,11.0,5.0,False,3.32609993252567,65
True,2,4,1.0,23.0,2.0,48.0,4.0,False,0.5026411473611432,15
False,3,4,78.0,32.0,5.0,85.0,5.0,False,6.403409925036662,196
False,3,1,48.0,51.0,2.0,58.0,3.0,False,5.4440454731306405,19
True,3,5,93.0,25.0,2.0,78.0,1.0,False,2.8750906745655014,94
True,1,5,44.0,88.0,3.0,39.0,2.0,False,1.9255574416026384,80
False,3,5,11.0,4.0,3.0,88.0,1.0,True,1.0010377441638663,106
True,3,5,65.0,35.0,4.0,40.0,2.0,False,2.930839736324925,129
False,3,4,52.0,18.0,5.0,36.0,5.0,False,1.4478661406656002,175
True,2,2,23.0,38.0,2.0,77.0,4.0,False,4.660218296193241,10
True,1,2,42.0,40.0,5.0,64.0,5.0,False,2.1803878178284855,145
True,3,3,62.0,2.0,4.0,32.0,1.0,True,1.696003301427357,65
True,2,1,92.0,70.0,3.0,85.0,1.0,False,2.8066079611308163,111
True,3,3,75.0,65.0,5.0,2.0,1.0,False,3.4770137506966474,119
True,3,4,53.0,63.0,4.0,40.0,2.0,False,1.315535343081097,112
False,1,4,48.0,98.0,1.0,50.0,2.0,False,4.0576424408091745,93
False,1,2,29.0,49.0,2.0,46.0,3.0,False,4.111985695642294,19
True,1,1,25.0,32.0,4.0,92.0,4.0,False,3.9871011411952653,84
True,2,5,87.0,34.0,5.0,18.0,1.0,False,1.6960033014273566,80
False,2,3,33.0,71.0,4.0,73.0,4.0,False,1.8080188818726204,104
False,1,2,46.0,44.0,2.0,97.0,3.0,False,4.941730715395958,11
False,2,3,41.0,14.0,2.0,64.0,2.0,False,3.176918310907457,118
False,3,5,11.0,26.0,4.0,48.0,5.0,False,0.9080589521315077,5
False,2,1,30.0,43.0,2.0,75.0,4.0,False,5.065309711337146,22
True,2,5,71.0,41.0,5.0,29.0,2.0,False,1.8367595110287147,164
True,3,1,65.0,39.0,3.0,86.0,5.0,False,3.125286421506482,92
True,2,5,99.0,61.0,4.0,81.0,4.0,False,1.6402542396679327,99
True,2,1,41.0,67.0,3.0,35.0,5.0,False,2.9575217793017945,120
True,3,2,37.0,56.0,1.0,12.0,2.0,False,0.4942157353442882,76
True,1,4,98.0,26.0,3.0,80.0,4.0,False,1.313476756901872,121
False,3,4,9.0,34.0,1.0,42.0,1.0,False,0.8729514971377832,16
True,2,4,44.0,17.0,4.0,84.0,2.0,True,0.2592622469087431,31
False,2,4,68.0,25.0,5.0,26.0,5.0,False,0.9617494277117069,147
True,1,5,19.0,15.0,5.0,27.0,2.0,False,1.5099820282626544,60
True,2,2,39.0,54.0,3.0,84.0,4.0,False,6.283621711827465,28
False,2,2,66.0,10.0,1.0,32.0,3.0,False,3.0712695562998227,154
False,2,1,35.0,45.0,4.0,66.0,1.0,False,6.5381256984268505,37
True,3,2,86.0,39.0,4.0,99.0,1.0,False,2.504780324788861,124
True,1,5,48.0,20.0,5.0,46.0,3.0,False,4.206824062427388,131
True,3,3,46.0,46.0,3.0,59.0,2.0,False,3.0634969235358884,135
False,3,5,5.0,52.0,1.0,30.0,2.0,False,1.0052822947222864,22
False,3,5,82.0,84.0,4.0,1.0,4.0,False,2.3994579598076875,104
True,1,5,11.0,5.0,3.0,44.0,2.0,False,1.5261800730434443,21
False,3,5,51.0,90.0,1.0,59.0,5.0,False,2.7964503525611972,122
False,3,5,42.0,73.0,5.0,52.0,1.0,False,3.4500053180933175,133
True,1,2,31.0,35.0,2.0,52.0,5.0,False,4.444477224993064,34
False,3,5,1.0,37.0,4.0,38.0,4.0,False,0.9266419727179824,11
False,3,4,2.0,49.0,3.0,35.0,5.0,False,0.7673027425301494,22
False,2,2,31.0,37.0,4.0,84.0,2.0,False,3.925964422477591,25
True,3,5,81.0,30.0,4.0,2.0,3.0,False,3.6714604358782044,110
False,2,1,4.0,39.0,5.0,47.0,4.0,False,0.40541780477036454,13
True,3,2,82.0,15.0,2.0,96.0,5.0,False,3.8887983813046425,58
False,1,2,49.0,51.0,3.0,52.0,5.0,False,5.989893097875903,14
True,1,2,47.0,30.0,2.0,73.0,3.0,False,3.1937691349411663,40
False,3,5,8.0,22.0,3.0,40.0,5.0,False,0.6700793999393708,12
True,1,2,71.0,78.0,1.0,45.0,2.0,False,1.0052822947222864,109
False,3,2,48.0,41.0,2.0,81.0,3.0,False,5.232747963915373,21
True,1,3,4.0,67.0,5.0,77.0,4.0,False,5.011292846130486,175
False,2,5,81.0,30.0,3.0,32.0,1.0,False,3.785208212876233,151
False,1,3,25.0,32.0,3.0,27.0,4.0,False,4.728374620001466,88
False,3,5,4.0,45.0,2.0,38.0,5.0,False,1.102505637313065,6
True,2,5,75.0,62.0,2.0,33.0,1.0,False,2.0105645894445727,131
False,2,3,24.0,6.0,5.0,58.0,4.0,True,1.6023834214440917,105
False,2,4,66.0,12.0,4.0,70.0,3.0,False,2.8504672177678563,140
False,2,5,87.0,97.0,5.0,38.0,5.0,False,2.8129747869684465,159
True,3,1,82.0,48.0,3.0,57.0,1.0,False,2.4180409803941623,82
False,2,1,65.0,17.0,5.0,50.0,3.0,False,2.5851528433459294,153
True,3,2,23.0,29.0,3.0,75.0,1.0,False,5.706648482120423,118
True,2,2,50.0,14.0,1.0,98.0,1.0,False,3.33214036873684,127
True,2,5,49.0,95.0,2.0,28.0,4.0,False,3.387889430496264,91
False,1,1,57.0,34.0,2.0,63.0,3.0,False,4.153133586847188,37
True,2,1,99.0,74.0,4.0,55.0,3.0,False,2.337342072210633,106
True,1,2,88.0,61.0,4.0,74.0,1.0,False,3.5742370932874263,134
True,1,1,50.0,25.0,1.0,52.0,2.0,True,1.4011649972161209,4
True,2,5,67.0,24.0,2.0,18.0,5.0,False,2.701285596149643,121
False,3,5,4.0,55.0,3.0,43.0,4.0,False,0.6970878325427005,7
True,3,1,88.0,59.0,4.0,57.0,1.0,False,3.26604263110784,99
True,2,5,59.0,56.0,4.0,26.0,5.0,False,2.566896212385915,82
True,3,4,56.0,94.0,5.0,42.0,5.0,False,3.7933072352666284,107
False,2,2,40.0,36.0,2.0,47.0,3.0,False,3.979328508431331,22
False,3,1,12.0,10.0,2.0,39.0,2.0,False,1.2348364348975682,18
True,2,1,34.0,39.0,3.0,54.0,3.0,False,3.6511452187389652,33
False,3,5,9.0,39.0,4.0,24.0,1.0,False,0.7757281545470045,24
False,3,4,6.0,10.0,1.0,41.0,2.0,False,0.8645260851209282,9
True,3,2,71.0,49.0,4.0,27.0,1.0,False,3.520546617707227,109
True,3,3,95.0,38.0,4.0,94.0,1.0,False,2.7427598769809975,149
False,2,2,23.0,54.0,3.0,5.0,5.0,False,5.222590355345754,51
True,2,5,11.0,33.0,5.0,39.0,2.0,False,1.0589727703024856,15
True,2,1,21.0,32.0,2.0,68.0,2.0,False,3.458104340483713,24
True,3,2,91.0,58.0,4.0,72.0,4.0,False,3.4935381851038976,84
False,2,5,48.0,34.0,4.0,59.0,4.0,True,1.0010377441638663,74
False,3,5,2.0,21.0,4.0,34.0,1.0,False,0.5998644899519219,14
False,3,1,36.0,39.0,4.0,60.0,3.0,False,3.3422979773064596,28
False,2,2,35.0,38.0,3.0,72.0,5.0,False,3.31561593432959,26
False,2,5,58.0,49.0,5.0,30.0,4.0,False,2.258375360579869,147
True,1,1,81.0,59.0,2.0,22.0,4.0,False,2.3289166601937783,96
False,2,2,46.0,49.0,2.0,78.0,1.0,False,4.01237737724583,33
False,2,4,9.0,43.0,3.0,79.0,4.0,False,5.346495740913402,85
True,3,5,56.0,26.0,3.0,95.0,5.0,False,2.858566240158251,120
True,3,4,58.0,65.0,2.0,48.0,1.0,False,2.231693317603,119
True,1,2,65.0,98.0,5.0,50.0,5.0,False,4.80701494200577,94
True,3,4,30.0,3.0,1.0,29.0,1.0,True,1.4119636937366473,93
True,2,5,66.0,32.0,4.0,81.0,1.0,False,3.1337118335233374,91
True,2,2,32.0,43.0,2.0,85.0,3.0,False,6.1428655022261065,34
False,2,4,2.0,57.0,3.0,39.0,4.0,False,1.1376130923067895,11
False,3,4,11.0,17.0,4.0,45.0,5.0,False,0.8108356095407291,18
True,1,5,92.0,21.0,5.0,13.0,3.0,False,1.967031722433993,106
False,1,3,86.0,59.0,5.0,9.0,4.0,False,3.1148024233104024,132
True,3,5,57.0,77.0,1.0,10.0,1.0,False,2.8150333731476715,92
True,3,3,88.0,27.0,5.0,82.0,2.0,False,3.4584307301101727,116
False,2,3,57.0,18.0,5.0,51.0,1.0,False,1.8883914004296893,103
True,2,1,99.0,78.0,5.0,71.0,5.0,False,5.255312834533793,155
True,2,1,26.0,54.0,1.0,86.0,2.0,False,3.731517737296034,21
True,2,4,52.0,12.0,5.0,70.0,5.0,False,5.875818931251414,75
False,3,1,77.0,45.0,4.0,33.0,1.0,False,2.23838653306709,184
True,3,5,2.0,49.0,3.0,33.0,5.0,False,0.5377486023548677,3
False,2,1,47.0,42.0,3.0,61.0,4.0,False,2.415982394214937,36
True,2,5,85.0,87.0,5.0,9.0,5.0,False,3.228550200308431,149
False,1,2,51.0,39.0,4.0,72.0,3.0,False,3.721360128726414,23
True,3,5,29.0,56.0,5.0,41.0,2.0,True,0.7998193199358958,90
False,3,5,1.0,45.0,5.0,26.0,5.0,False,0.6785048119562258,15
True,1,1,73.0,29.0,3.0,6.0,3.0,False,2.180061428202025,115
True,1,4,23.0,72.0,5.0,41.0,2.0,True,1.5307961206704928,116
True,2,1,37.0,49.0,4.0,33.0,2.0,False,3.6066331828490057,94
True,1,5,73.0,69.0,3.0,19.0,4.0,False,3.917539010460737,103
True,3,5,46.0,57.0,3.0,34.0,3.0,False,2.6226452741453388,145
True,3,2,54.0,67.0,4.0,69.0,3.0,False,2.496681302398466,72
False,2,3,14.0,29.0,4.0,23.0,2.0,False,1.921766658870649,164
False,3,2,70.0,22.0,1.0,54.0,5.0,False,5.478500148871445,130
True,3,3,74.0,41.0,5.0,23.0,5.0,False,3.4854391627135026,120
False,1,1,55.0,43.0,2.0,52.0,3.0,False,6.432803333445677,20
False,2,2,72.0,8.0,5.0,38.0,5.0,False,3.4854391627135026,156
True,3,1,73.0,76.0,5.0,30.0,2.0,False,2.3829335254004373,128
False,3,1,40.0,43.0,2.0,74.0,4.0,False,4.033671763264451,27
False,3,5,1.0,19.0,3.0,68.0,1.0,True,1.7760797033177957,118
True,3,1,87.0,55.0,2.0,59.0,3.0,False,4.630824887784227,102
True,1,1,36.0,53.0,2.0,48.0,3.0,False,5.065636100963605,15
True,2,1,10.0,32.0,4.0,41.0,2.0,False,3.0530129253398086,80
False,3,5,84.0,99.0,4.0,41.0,1.0,False,2.2337519037822244,136
False,2,2,37.0,35.0,1.0,65.0,1.0,False,5.479479317750825,39
False,2,4,2.0,65.0,5.0,62.0,2.0,True,1.6576824625525641,56
True,3,5,64.0,50.0,1.0,29.0,5.0,False,2.0207221980141923,92
False,3,1,11.0,40.0,1.0,44.0,5.0,False,0.8108356095407291,14
True,2,1,88.0,74.0,4.0,44.0,2.0,False,3.2204511779180365,112
True,3,5,51.0,75.0,4.0,61.0,2.0,False,3.017905470346084,88
True,1,4,41.0,16.0,1.0,10.0,3.0,True,1.0010377441638663,106
False,1,5,8.0,28.0,3.0,78.0,4.0,False,4.508325309142883,79
True,2,2,36.0,39.0,2.0,90.0,2.0,False,5.503776384922009,25
True,1,5,62.0,1.0,5.0,48.0,2.0,True,0.824596680717862,109
True,3,2,66.0,35.0,4.0,36.0,3.0,False,2.0288212204045872,149
True,2,3,96.0,56.0,2.0,28.0,4.0,False,3.017905470346084,162
False,3,4,6.0,14.0,2.0,29.0,4.0,False,0.9617494277117069,10
False,3,5,1.0,26.0,2.0,46.0,4.0,False,0.40541780477036454,18
True,3,5,63.0,58.0,5.0,9.0,5.0,False,2.2337519037822244,138
True,2,4,56.0,32.0,4.0,71.0,2.0,False,0.46753369236741865,52
True,3,5,5.0,47.0,5.0,41.0,5.0,False,0.7757281545470045,24
False,3,2,40.0,52.0,3.0,72.0,1.0,False,4.587944800026568,26
False,3,1,13.0,52.0,1.0,27.0,5.0,False,1.1997289799038438,11
True,3,1,4.0,22.0,4.0,49.0,4.0,False,1.1997289799038438,6
True,2,5,89.0,58.0,3.0,58.0,4.0,False,1.6672626722712622,95
True,3,1,7.0,23.0,1.0,44.0,5.0,False,0.9701748397285618,3
False,3,5,1.0,54.0,3.0,35.0,2.0,False,1.0673981823193406,10
True,3,4,51.0,71.0,5.0,54.0,3.0,False,2.9287811501457,84
False,2,2,55.0,34.0,3.0,83.0,1.0,False,4.860705417585969,31
True,3,2,56.0,43.0,4.0,3.0,4.0,False,4.076878240648569,95
False,3,1,11.0,58.0,4.0,88.0,5.0,False,2.8855746727615808,83
True,3,5,88.0,57.0,3.0,13.0,4.0,False,2.5419463659618105,93
False,3,1,53.0,38.0,3.0,95.0,2.0,False,4.792875483404205,26
False,3,1,24.0,38.0,2.0,68.0,5.0,False,6.115857069622777,17
True,3,5,86.0,88.0,4.0,69.0,4.0,False,3.1127438371311777,126
False,2,5,3.0,40.0,3.0,42.0,5.0,False,0.8294186301272037,11
True,3,4,87.0,41.0,3.0,69.0,5.0,False,2.2587017502063294,87
True,3,5,3.0,37.0,5.0,43.0,4.0,False,0.9701748397285618,13
True,2,5,14.0,97.0,1.0,49.0,4.0,False,4.153786366100109,90
True,2,5,37.0,87.0,4.0,38.0,1.0,True,1.2602999910726094,100
False,1,1,66.0,90.0,3.0,86.0,2.0,False,4.457019809368369,42
False,3,1,6.0,21.0,4.0,37.0,5.0,False,1.3320597774883467,9
True,2,4,80.0,9.0,3.0,45.0,4.0,False,3.7325971545958785,177
False,3,1,52.0,20.0,5.0,78.0,4.0,True,0.7777867407262293,62
True,3,5,50.0,39.0,3.0,5.0,3.0,False,1.315208953454637,43
True,2,5,33.0,35.0,2.0,47.0,2.0,True,0.824596680717862,132
True,3,1,69.0,55.0,2.0,4.0,1.0,False,3.667343263519755,9
True,1,1,58.0,3.0,2.0,25.0,1.0,False,5.44975951971535,127
False,3,4,91.0,77.0,1.0,77.0,1.0,True,0.7169981364731569,53
False,1,2,57.0,43.0,2.0,68.0,2.0,False,3.8908569674838667,32
False,3,2,30.0,42.0,2.0,60.0,3.0,False,3.2889338913527206,25
True,3,4,2.0,36.0,3.0,24.0,2.0,False,0.9080589521315077,11
False,2,2,47.0,43.0,2.0,88.0,4.0,False,3.2990914999223397,42
False,1,2,38.0,30.0,3.0,66.0,4.0,False,6.316670580641964,22
True,3,4,16.0,65.0,1.0,5.0,2.0,False,1.396234251264626,107
False,2,4,35.0,68.0,4.0,45.0,3.0,False,4.507245891843039,35
False,3,1,13.0,29.0,2.0,34.0,4.0,False,0.40541780477036454,16
True,3,1,91.0,46.0,4.0,60.0,1.0,False,3.1316532473441123,128
False,3,1,53.0,37.0,5.0,36.0,3.0,False,2.303966813769674,185
True,3,4,77.0,58.0,1.0,15.0,3.0,False,2.0747390632208518,129
False,2,5,83.0,15.0,1.0,76.0,5.0,False,2.55847080036906,178
False,2,2,25.0,43.0,3.0,95.0,3.0,False,5.727616478512582,18
True,2,1,87.0,63.0,5.0,3.0,2.0,False,1.693944715248132,157
True,2,4,60.0,13.0,4.0,44.0,1.0,False,5.59051572931671,62
False,3,5,2.0,32.0,4.0,27.0,1.0,False,1.3320597774883467,14
False,3,4,11.0,17.0,2.0,44.0,4.0,False,1.1376130923067895,7
True,3,4,24.0,6.0,3.0,10.0,1.0,True,1.696003301427357,44
False,3,2,31.0,44.0,2.0,47.0,4.0,False,4.277691751667756,25
True,2,1,84.0,61.0,2.0,37.0,1.0,False,3.1937691349411663,110
True,3,4,70.0,47.0,5.0,54.0,2.0,False,2.8315578075549217,92
True,3,3,87.0,61.0,5.0,98.0,4.0,False,3.5307042262768467,119
True,2,1,44.0,41.0,3.0,87.0,4.0,False,5.911252775871599,11
True,3,5,7.0,8.0,5.0,31.0,2.0,False,1.1997289799038438,15
False,3,5,2.0,49.0,5.0,49.0,5.0,False,0.6785048119562258,24
False,3,1,71.0,24.0,1.0,73.0,2.0,False,2.6023300570060997,128
False,2,3,61.0,92.0,5.0,30.0,5.0,False,4.024919961621135,105
False,2,2,56.0,62.0,2.0,55.0,5.0,False,3.468588338679792,162
True,1,3,73.0,56.0,4.0,19.0,1.0,False,5.706648482120423,80
True,2,3,31.0,72.0,2.0,77.0,1.0,False,3.749447978629589,77
True,3,5,13.0,23.0,3.0,38.0,4.0,False,0.9266419727179824,8
False,3,5,83.0,41.0,4.0,62.0,3.0,False,2.6827025755631686,158
True,2,1,50.0,51.0,1.0,80.0,5.0,False,6.1327078936564865,41
True,2,4,15.0,13.0,2.0,19.0,5.0,False,3.1829587471186267,82
True,2,5,58.0,68.0,5.0,19.0,1.0,False,2.320491248176923,94
False,3,5,74.0,21.0,2.0,8.0,5.0,False,1.2618448675008977,23
False,1,1,41.0,42.0,2.0,71.0,1.0,False,3.9421624672583815,36
False,3,5,5.0,13.0,2.0,28.0,4.0,False,0.9701748397285618,11
True,1,5,82.0,74.0,5.0,33.0,1.0,False,1.9403496794571236,37
True,1,3,48.0,82.0,3.0,35.0,4.0,False,4.259108731081282,67
False,3,1,33.0,35.0,2.0,64.0,3.0,False,5.708707068299647,24
True,3,5,1.0,25.0,3.0,28.0,5.0,False,1.102505637313065,18
True,3,4,57.0,71.0,1.0,76.0,1.0,False,2.330975246373003,98
False,2,2,31.0,47.0,4.0,94.0,3.0,False,3.855749512490142,6
False,3,3,57.0,32.0,5.0,38.0,5.0,False,2.779925918153947,121
True,1,3,78.0,46.0,5.0,89.0,2.0,False,2.3910325477908323,109
True,3,3,40.0,42.0,2.0,67.0,5.0,False,3.334198954916064,150
False,3,1,4.0,47.0,2.0,38.0,5.0,False,0.8729514971377832,10
False,1,1,44.0,84.0,3.0,25.0,4.0,False,4.668317318583637,117
True,3,4,89.0,80.0,5.0,54.0,2.0,False,1.9255574416026384,107
False,2,5,51.0,82.0,4.0,54.0,5.0,False,2.6658517515294586,157
False,2,1,33.0,45.0,2.0,63.0,4.0,False,4.668643708210096,10
True,3,5,73.0,21.0,2.0,30.0,1.0,False,2.8251909817172915,165
False,3,1,48.0,52.0,2.0,47.0,3.0,False,4.517403500412659,3
False,2,1,28.0,40.0,1.0,46.0,4.0,False,4.519462086591883,37
True,1,5,57.0,18.0,2.0,59.0,2.0,False,1.615630782870288,64
False,1,1,36.0,44.0,2.0,51.0,3.0,False,5.559525446681434,43
True,3,4,85.0,33.0,3.0,80.0,2.0,False,1.181145959317369,142
False,3,1,6.0,51.0,4.0,47.0,4.0,False,0.5026411473611432,8
True,2,1,3.0,29.0,3.0,26.0,2.0,True,0.7169981364731569,122
False,3,4,9.0,43.0,5.0,29.0,5.0,False,1.1376130923067895,10
True,1,5,96.0,60.0,4.0,37.0,5.0,False,3.6258689826884005,80
False,1,1,33.0,52.0,2.0,52.0,4.0,False,5.797831388500031,19
False,3,1,51.0,42.0,2.0,84.0,3.0,False,4.517403500412659,28
True,3,4,89.0,43.0,3.0,21.0,1.0,True,1.059081566844639,85
True,3,1,93.0,43.0,3.0,36.0,5.0,False,3.2039267435107863,81
False,1,2,26.0,91.0,3.0,20.0,1.0,False,2.639169708552589,89
False,2,3,45.0,43.0,5.0,16.0,4.0,False,3.036162101306098,91
False,2,1,16.0,22.0,3.0,38.0,5.0,False,3.2892602809791804,126
True,3,2,55.0,15.0,5.0,66.0,2.0,False,1.6423128258471573,153
True,2,1,7.0,51.0,3.0,39.0,5.0,False,0.6785048119562258,4
True,3,5,75.0,34.0,1.0,67.0,5.0,False,2.8150333731476715,168
False,3,1,10.0,41.0,2.0,49.0,4.0,False,1.1376130923067895,14
False,1,5,44.0,54.0,5.0,64.0,1.0,False,2.18816045059242,122
False,2,1,36.0,38.0,2.0,95.0,4.0,False,4.154865783399953,6
False,2,5,83.0,17.0,1.0,11.0,2.0,False,3.7669515819162185,133
False,3,3,56.0,79.0,3.0,66.0,2.0,False,4.024593571994675,25
True,1,2,57.0,32.0,4.0,87.0,5.0,False,4.093402675055819,36
True,3,3,7.0,45.0,5.0,29.0,3.0,False,0.875010083317008,62
False,2,5,1.0,43.0,4.0,26.0,4.0,False,1.1997289799038438,21
False,3,1,41.0,43.0,3.0,86.0,3.0,False,4.8961392622061535,38
False,2,5,88.0,77.0,4.0,45.0,4.0,False,3.1316532473441123,157
True,3,5,9.0,49.0,2.0,35.0,4.0,False,1.1376130923067895,15
True,3,5,6.0,39.0,2.0,30.0,4.0,False,1.0403897497160108,10
False,2,5,52.0,10.0,3.0,74.0,5.0,False,2.407556982198082,142
True,3,3,25.0,87.0,4.0,86.0,1.0,False,4.637191713621857,108
False,3,2,10.0,74.0,4.0,85.0,5.0,False,5.9443016446860995,88
True,2,1,6.0,63.0,3.0,29.0,2.0,True,0.5293231903380127,96
True,3,3,79.0,31.0,3.0,33.0,3.0,False,3.8388986884564327,93
True,3,5,50.0,79.0,2.0,56.0,1.0,False,2.6641195549766934,190
True,3,5,1.0,35.0,4.0,34.0,2.0,False,0.7943111751334793,6
True,1,2,39.0,33.0,3.0,30.0,5.0,False,4.677822147900336,56
True,1,2,2.0,18.0,4.0,35.0,1.0,True,0.6121443738007516,12
True,3,1,88.0,78.0,3.0,19.0,1.0,False,2.709384618540038,141
True,3,4,35.0,35.0,4.0,51.0,2.0,True,1.1887126902990104,93
True,1,2,45.0,46.0,5.0,37.0,1.0,False,0.7156708531291752,158
False,2,2,53.0,38.0,1.0,49.0,3.0,False,6.63534904101763,31
True,2,5,94.0,35.0,4.0,89.0,1.0,False,3.1337118335233374,128
True,3,4,28.0,22.0,3.0,54.0,2.0,False,1.323634365471492,48
True,2,2,93.0,52.0,5.0,90.0,1.0,False,3.6258689826884005,119
True,1,2,38.0,30.0,2.0,72.0,4.0,False,5.52507077094063,33
True,2,1,45.0,36.0,3.0,49.0,1.0,False,5.578108467267908,25
True,2,2,27.0,6.0,3.0,28.0,2.0,True,0.7777867407262293,82
True,2,1,41.0,66.0,5.0,60.0,3.0,False,4.771581097385585,99
False,3,5,12.0,38.0,2.0,43.0,5.0,False,0.9701748397285618,16
True,2,1,50.0,22.0,3.0,80.0,4.0,False,5.512201796938864,167
True,3,1,5.0,19.0,2.0,40.0,5.0,False,0.5026411473611432,6
False,1,2,49.0,31.0,3.0,63.0,4.0,False,4.879288438172443,22
True,2,1,80.0,33.0,5.0,34.0,1.0,False,2.1986444487885,105
True,2,1,89.0,25.0,2.0,46.0,4.0,False,1.888065010803229,127
True,2,5,69.0,79.0,5.0,58.0,4.0,False,2.8750906745655014,149
False,2,2,55.0,55.0,4.0,39.0,5.0,False,1.9852883533940076,185
True,2,1,23.0,52.0,2.0,93.0,4.0,False,5.425136062917706,12
False,2,1,42.0,45.0,3.0,48.0,3.0,False,6.573233153420575,33
True,3,3,84.0,57.0,5.0,60.0,3.0,False,3.917539010460737,100
False,2,4,82.0,82.0,3.0,64.0,1.0,False,2.9557895827490297,97
False,2,2,36.0,45.0,2.0,77.0,3.0,False,5.727290088886122,17
False,3,5,10.0,43.0,3.0,29.0,2.0,False,0.5026411473611432,4
False,1,1,46.0,31.0,2.0,91.0,3.0,False,2.3022346172169086,12
False,2,4,1.0,27.0,3.0,40.0,4.0,False,0.5998644899519219,16
True,2,5,88.0,53.0,4.0,97.0,3.0,False,2.5068389109680855,129
True,3,3,62.0,68.0,3.0,72.0,1.0,False,3.3713649960890137,95
True,3,4,76.0,70.0,5.0,93.0,1.0,False,2.8750906745655014,111
True,3,1,81.0,33.0,4.0,58.0,3.0,True,0.3060721869003758,111
True,2,5,84.0,71.0,4.0,66.0,1.0,False,2.3042932033961336,115
False,3,5,74.0,50.0,3.0,14.0,4.0,False,3.0965457923503883,121
True,2,4,71.0,48.0,1.0,52.0,2.0,True,0.7885854372467558,177
True,3,5,50.0,65.0,4.0,62.0,1.0,False,3.0965457923503883,86
False,1,1,35.0,31.0,4.0,75.0,4.0,False,3.865907121059762,16
False,3,5,2.0,14.0,5.0,25.0,5.0,False,0.5377486023548677,8
True,2,3,80.0,50.0,5.0,36.0,5.0,False,1.156196112893264,136
True,1,3,88.0,71.0,3.0,2.0,3.0,False,2.7427598769809975,129
True,2,4,77.0,83.0,5.0,18.0,5.0,False,3.6960838926758495,149
True,2,4,5.0,85.0,5.0,46.0,4.0,False,1.4208577080622704,113
False,3,5,1.0,37.0,1.0,47.0,2.0,False,1.0052822947222864,22
True,3,1,60.0,40.0,3.0,36.0,1.0,False,3.036488490932559,90
False,2,4,55.0,99.0,5.0,40.0,1.0,False,4.295295603374852,108
True,3,4,53.0,15.0,2.0,39.0,2.0,False,0.2730870071858613,98
True,1,3,23.0,72.0,3.0,35.0,2.0,False,1.307109931064242,102
False,3,5,11.0,54.0,2.0,41.0,5.0,False,0.7757281545470045,10
True,3,3,89.0,76.0,5.0,41.0,2.0,False,2.6742771635463134,100
False,3,1,56.0,35.0,4.0,26.0,1.0,False,1.2264110228807132,110
True,1,2,73.0,40.0,4.0,15.0,2.0,False,2.8315578075549217,90
False,2,5,13.0,42.0,4.0,26.0,1.0,False,0.8294186301272037,10
True,3,5,55.0,50.0,3.0,76.0,2.0,False,2.8234587851645268,83
True,2,5,8.0,19.0,3.0,40.0,4.0,False,0.8294186301272037,17
False,3,1,20.0,53.0,2.0,67.0,5.0,False,4.606201430986582,20
True,2,5,12.0,8.0,4.0,45.0,4.0,False,0.40541780477036454,18
False,1,4,94.0,6.0,5.0,2.0,2.0,False,4.707406623609306,97
False,1,1,48.0,38.0,3.0,71.0,3.0,False,5.276280830925952,31
True,2,2,76.0,12.0,5.0,73.0,4.0,False,4.209209038233073,150
False,3,5,11.0,35.0,2.0,29.0,5.0,False,1.102505637313065,18
True,1,2,29.0,59.0,2.0,20.0,1.0,False,1.5801969382501035,118
True,3,5,75.0,72.0,1.0,16.0,1.0,False,2.8750906745655014,128
False,1,1,43.0,37.0,2.0,72.0,3.0,False,4.949176958533433,8
True,3,4,24.0,44.0,4.0,23.0,3.0,True,1.7180358806370233,67
True,3,1,86.0,76.0,5.0,56.0,4.0,False,2.700959206523183,112
False,3,2,37.0,37.0,4.0,66.0,3.0,False,5.098358580151645,17
True,1,4,69.0,53.0,4.0,39.0,4.0,False,1.9856147430204678,69
True,1,5,55.0,78.0,5.0,70.0,4.0,False,4.103560283625439,106
True,3,2,52.0,37.0,2.0,69.0,3.0,False,4.569035389813632,13
True,1,4,54.0,20.0,5.0,63.0,4.0,False,3.228876589934891,143
False,1,1,25.0,50.0,3.0,57.0,3.0,False,4.7030983839509,23
False,1,1,49.0,43.0,2.0,54.0,3.0,False,5.570009444877514,29
True,1,2,67.0,22.0,4.0,29.0,2.0,True,1.166680111089344,80
False,1,2,89.0,92.0,3.0,52.0,5.0,False,4.8259243522187045,129
True,3,5,58.0,36.0,5.0,29.0,3.0,False,1.4107000994926508,100
True,1,2,75.0,32.0,4.0,25.0,2.0,True,2.0601193110085054,102
False,2,5,69.0,86.0,1.0,16.0,4.0,False,2.1098465182145762,189
False,2,1,2.0,50.0,5.0,75.0,2.0,True,1.2575552095003095,85
False,2,5,51.0,70.0,2.0,99.0,2.0,False,4.058295220062094,20
False,3,4,98.0,74.0,1.0,8.0,3.0,False,6.115530679996317,81
True,1,4,55.0,25.0,5.0,82.0,1.0,False,2.8315578075549217,112
True,3,1,61.0,77.0,5.0,99.0,5.0,False,3.2039267435107863,134
True,3,3,14.0,14.0,5.0,34.0,4.0,False,4.101175307819754,112
True,3,5,7.0,59.0,5.0,42.0,2.0,False,0.7237698755195701,50
True,2,2,74.0,24.0,3.0,71.0,2.0,False,4.076878240648569,154
False,3,2,44.0,41.0,3.0,96.0,5.0,False,3.855096733237222,34
True,2,2,64.0,13.0,4.0,43.0,2.0,True,0.824596680717862,37
False,2,1,47.0,50.0,2.0,83.0,1.0,False,3.1127438371311777,10
False,2,4,65.0,16.0,3.0,57.0,3.0,False,6.165756762470986,92
True,2,4,33.0,66.0,5.0,61.0,4.0,False,0.40541780477036454,90
False,2,1,33.0,30.0,2.0,78.0,4.0,False,1.7810104492692909,21
False,3,5,94.0,3.0,4.0,56.0,1.0,True,2.600676384035658,77
True,3,1,77.0,20.0,1.0,25.0,1.0,True,1.2602999910726094,34
True,2,5,63.0,56.0,3.0,33.0,1.0,False,3.177244700533917,174
True,2,5,85.0,80.0,5.0,53.0,4.0,False,2.6307442965357337,180
True,2,5,8.0,44.0,2.0,44.0,5.0,False,0.8729514971377832,18
True,1,4,68.0,8.0,5.0,3.0,3.0,False,4.173448803986427,43
False,1,2,58.0,40.0,2.0,79.0,4.0,False,5.726963699259661,32
False,3,5,9.0,27.0,2.0,46.0,2.0,False,0.9431664071252321,12
True,1,4,41.0,8.0,3.0,27.0,1.0,True,1.7540471241081295,78
False,1,1,39.0,53.0,2.0,96.0,3.0,False,7.288904006549751,32
True,2,2,21.0,88.0,5.0,66.0,2.0,False,1.8532839454359649,35
True,3,3,73.0,95.0,2.0,37.0,4.0,False,2.8873068693143455,159
False,2,3,9.0,19.0,5.0,4.0,3.0,False,3.2187189813652717,171
False,3,2,56.0,37.0,2.0,66.0,5.0,False,5.595285680928079,14
True,1,3,97.0,30.0,5.0,57.0,4.0,False,3.4314222975068436,141
False,1,1,54.0,50.0,2.0,59.0,5.0,False,5.176998902155949,29
True,2,5,85.0,5.0,3.0,18.0,2.0,False,3.5016372074942925,150
True,3,1,52.0,47.0,1.0,65.0,3.0,False,4.076551851022109,30
True,3,3,97.0,67.0,4.0,47.0,1.0,False,1.1832045454965938,115
True,2,1,22.0,34.0,3.0,79.0,3.0,False,6.513175852002746,36
False,3,4,55.0,2.0,5.0,47.0,4.0,False,2.7282940287529724,129
False,3,1,11.0,53.0,4.0,40.0,4.0,False,0.40541780477036454,17
False,3,1,31.0,53.0,2.0,91.0,3.0,False,5.533496182957485,31
False,1,1,36.0,54.0,2.0,96.0,3.0,False,5.214491332955359,24
True,3,4,4.0,92.0,2.0,10.0,5.0,False,0.9701748397285618,90
False,2,2,20.0,31.0,2.0,68.0,2.0,False,3.6589178515029,38
False,2,5,61.0,80.0,2.0,46.0,1.0,False,3.8743325330766174,140
False,1,5,70.0,19.0,1.0,2.0,4.0,False,4.861031807212429,114
True,2,5,68.0,48.0,5.0,25.0,4.0,False,2.992955623921979,156
True,1,5,79.0,16.0,3.0,40.0,5.0,False,2.3640241151875028,131
True,3,5,19.0,17.0,3.0,43.0,2.0,False,0.8294186301272037,125
True,2,1,86.0,18.0,2.0,19.0,2.0,False,4.217308060623467,118
True,2,1,23.0,58.0,5.0,39.0,1.0,False,0.8645260851209282,67
True,1,5,79.0,43.0,2.0,72.0,1.0,False,2.330975246373003,136
True,2,4,71.0,57.0,3.0,25.0,1.0,False,2.0663136512039966,137
True,2,4,13.0,27.0,3.0,44.0,2.0,False,0.6970878325427005,7
True,3,2,82.0,36.0,3.0,57.0,5.0,False,1.4478661406656002,110
True,3,2,40.0,31.0,5.0,79.0,4.0,False,4.405061530340935,44
True,2,4,28.0,18.0,3.0,22.0,3.0,True,1.389931114526981,72
True,3,5,61.0,54.0,4.0,78.0,4.0,False,1.7995934698557656,76
False,2,1,26.0,45.0,2.0,54.0,3.0,False,4.0252463512475956,45
True,2,3,83.0,80.0,3.0,35.0,1.0,False,2.0041977636069426,154
False,3,4,1.0,22.0,2.0,47.0,1.0,False,0.7943111751334793,8
True,1,5,66.0,68.0,5.0,21.0,1.0,False,2.180061428202025,87
True,3,2,83.0,55.0,2.0,72.0,3.0,False,1.4107000994926508,95
True,1,2,57.0,68.0,4.0,19.0,1.0,True,0.5293231903380127,128
False,3,2,33.0,41.0,4.0,67.0,2.0,False,4.057968830435635,31
False,1,1,38.0,46.0,3.0,89.0,4.0,False,5.049111666556357,14
False,2,2,43.0,31.0,2.0,53.0,4.0,False,3.512121205690372,32
False,2,5,50.0,15.0,3.0,25.0,5.0,False,3.5742370932874263,132
False,3,4,3.0,46.0,2.0,38.0,1.0,False,0.40541780477036454,11
True,3,1,2.0,27.0,1.0,48.0,4.0,False,1.0403897497160108,12
True,2,5,25.0,53.0,5.0,45.0,2.0,False,2.709711008166498,163
False,1,4,59.0,15.0,5.0,39.0,3.0,False,3.7146669132623242,120
True,1,2,69.0,39.0,4.0,89.0,1.0,False,2.647595120569444,96
True,2,5,18.0,68.0,3.0,69.0,4.0,False,1.6402542396679327,131
False,2,5,40.0,25.0,2.0,26.0,4.0,False,3.230935176114116,173
True,3,1,86.0,65.0,4.0,57.0,4.0,False,5.387643632118296,139
True,1,5,74.0,74.0,3.0,32.0,2.0,False,1.6423128258471573,65
False,2,3,55.0,5.0,2.0,66.0,5.0,False,2.4696728697951364,149
True,3,1,43.0,31.0,1.0,64.0,4.0,False,6.0021092926247475,27
True,2,1,59.0,50.0,3.0,49.0,2.0,False,5.636107182506513,17
True,1,5,54.0,22.0,1.0,23.0,4.0,False,2.629012099982969,58
True,2,2,84.0,53.0,5.0,53.0,3.0,True,0.7998193199358958,31
False,3,2,46.0,35.0,1.0,91.0,4.0,False,5.54094242609496,12
False,3,1,55.0,73.0,4.0,60.0,4.0,False,7.189295688153287,75
True,3,5,66.0,65.0,3.0,9.0,3.0,False,2.699227009970418,111
True,2,1,36.0,54.0,3.0,51.0,3.0,False,2.7427598769809975,32
True,3,4,64.0,74.0,2.0,46.0,2.0,False,2.709384618540038,68
True,3,5,60.0,28.0,2.0,32.0,3.0,False,2.6040622535588644,104
True,1,1,55.0,45.0,5.0,47.0,2.0,True,0.7885854372467558,20
True,3,3,39.0,71.0,4.0,49.0,2.0,True,1.083858927626605,104
True,2,5,64.0,45.0,5.0,62.0,3.0,False,1.7725850372524357,142
True,3,5,85.0,40.0,4.0,19.0,4.0,False,3.512121205690372,117
False,3,2,35.0,54.0,2.0,82.0,2.0,False,4.519788476218343,7
True,2,4,96.0,33.0,5.0,51.0,1.0,False,3.8203156678699575,129
False,3,5,34.0,58.0,4.0,82.0,1.0,True,1.0946576241471315,110
False,1,5,53.0,26.0,5.0,58.0,5.0,False,3.32577354289921,119
True,1,1,82.0,63.0,2.0,32.0,1.0,False,2.734660854590603,113
True,3,1,91.0,79.0,2.0,36.0,3.0,False,4.051275614971544,47
False,3,1,6.0,20.0,5.0,32.0,5.0,False,0.6349719449456463,13
True,2,3,29.0,78.0,4.0,78.0,1.0,True,0.7417754972551232,99
True,2,2,30.0,38.0,2.0,88.0,3.0,False,3.923905836298367,28
True,1,5,68.0,21.0,5.0,17.0,4.0,False,3.0425289271437284,31
False,2,5,61.0,34.0,3.0,74.0,5.0,False,3.1684928988906016,111
False,2,2,53.0,43.0,4.0,71.0,1.0,False,3.2703508707662454,20
True,2,2,92.0,9.0,1.0,96.0,4.0,False,2.8831896969558954,77
True,2,1,88.0,62.0,1.0,18.0,5.0,False,3.4148978630995934,152
True,2,1,86.0,46.0,5.0,23.0,5.0,False,2.9557895827490297,120
True,2,3,89.0,77.0,5.0,7.0,2.0,False,2.769441919957867,162
True,2,5,74.0,87.0,5.0,7.0,3.0,False,5.594632901675158,122
True,3,5,99.0,43.0,4.0,56.0,1.0,False,2.9020991071688305,87
True,3,3,18.0,62.0,5.0,67.0,2.0,False,1.1460385043236445,178
False,3,5,16.0,36.0,5.0,83.0,1.0,True,1.552828699880159,94
False,3,1,5.0,53.0,2.0,24.0,5.0,False,0.6970878325427005,19
True,1,1,59.0,36.0,3.0,47.0,1.0,False,2.029147610031047,127
False,1,2,31.0,37.0,3.0,83.0,1.0,False,3.396641232139579,30
True,3,5,16.0,59.0,5.0,32.0,2.0,False,1.085654813279355,73
True,3,4,58.0,29.0,2.0,5.0,1.0,False,3.5556540727009516,139
False,1,5,64.0,79.0,2.0,14.0,5.0,False,5.099011359404566,120
True,3,5,71.0,58.0,5.0,60.0,1.0,False,3.344682953112144,87
False,1,1,76.0,69.0,4.0,67.0,3.0,False,4.03334537363799,77
True,1,1,83.0,63.0,4.0,82.0,4.0,False,2.930839736324925,144
False,1,1,38.0,30.0,2.0,50.0,2.0,False,5.436272840366706,18
False,2,5,43.0,50.0,5.0,3.0,5.0,False,3.4250554716692134,151
False,1,2,54.0,30.0,3.0,45.0,3.0,False,5.51393399349163,45
False,1,4,93.0,1.0,1.0,45.0,2.0,False,3.9593396809185513,44
True,2,1,27.0,18.0,1.0,87.0,2.0,False,3.160393876500207,135
False,2,3,49.0,47.0,3.0,8.0,3.0,False,5.390354997550442,167
True,1,1,23.0,53.0,2.0,80.0,3.0,False,4.215575864070702,15
False,3,5,65.0,91.0,5.0,61.0,5.0,False,3.115128812936862,147
True,2,5,52.0,58.0,3.0,5.0,2.0,False,1.9589327000435983,112
True,1,4,47.0,36.0,4.0,29.0,5.0,False,2.039305218600667,92
True,3,5,74.0,31.0,1.0,52.0,1.0,False,2.2401187296198546,126
True,3,5,74.0,12.0,5.0,20.0,5.0,False,5.6712146375002375,117
False,3,5,3.0,43.0,3.0,39.0,5.0,False,0.7673027425301494,17
True,2,5,82.0,35.0,4.0,21.0,5.0,False,3.160393876500207,144
False,2,1,21.0,45.0,3.0,97.0,3.0,False,7.050924454357613,16
True,1,4,98.0,76.0,5.0,63.0,5.0,False,2.779925918153947,113
True,3,1,8.0,49.0,4.0,46.0,1.0,False,1.1376130923067895,19
False,2,2,28.0,45.0,1.0,86.0,3.0,False,5.2576978103394785,16
True,3,4,60.0,56.0,1.0,79.0,2.0,True,1.4835509945102463,107
False,2,3,69.0,31.0,4.0,55.0,1.0,False,1.5612875280371683,166
False,1,3,42.0,95.0,3.0,13.0,5.0,False,2.2067434711788945,190
True,1,1,93.0,35.0,3.0,51.0,1.0,False,2.4984134989512308,141
False,2,1,42.0,46.0,1.0,55.0,4.0,False,5.700608045909252,28
True,3,5,36.0,0.0,5.0,86.0,5.0,False,1.5265064626699043,96
True,2,5,97.0,53.0,5.0,43.0,1.0,False,2.029147610031047,171
True,3,4,89.0,58.0,5.0,37.0,1.0,False,2.637111122373364,117
False,1,3,85.0,44.0,1.0,54.0,3.0,False,5.621314944652028,165
False,3,3,92.0,20.0,3.0,83.0,1.0,True,2.2365603744545095,105
True,3,5,52.0,14.0,5.0,62.0,5.0,False,2.1695774300059454,108
True,1,1,87.0,72.0,1.0,49.0,2.0,False,0.661980377548976,152
False,1,3,11.0,27.0,3.0,4.0,1.0,False,1.1994025902773835,148
True,3,4,79.0,53.0,3.0,73.0,1.0,False,3.803791233462708,133
True,3,5,80.0,54.0,1.0,36.0,2.0,False,3.6258689826884005,135
True,3,4,59.0,16.0,1.0,68.0,1.0,False,4.668317318583637,123
True,3,3,70.0,63.0,5.0,80.0,1.0,False,3.3864836235699594,56
False,3,5,99.0,33.0,3.0,78.0,1.0,True,1.8228896433094284,123
False,2,1,70.0,37.0,1.0,63.0,5.0,False,5.586207489658303,73
True,3,4,47.0,24.0,1.0,27.0,3.0,False,3.932331248315222,168
True,2,5,14.0,44.0,1.0,21.0,3.0,True,1.4479749372077535,64
False,1,1,46.0,54.0,1.0,68.0,3.0,False,4.38268772702247,27
True,2,5,38.0,9.0,2.0,61.0,2.0,False,4.5791929983832524,76
True,3,1,60.0,19.0,5.0,45.0,2.0,True,2.1429404944712442,130
True,3,4,52.0,27.0,1.0,64.0,1.0,False,2.312392225786528,74
True,3,5,79.0,11.0,1.0,66.0,4.0,False,3.9712294860409356,130
True,3,5,45.0,19.0,5.0,7.0,1.0,False,3.5759692898401916,180
True,2,4,4.0,35.0,1.0,28.0,5.0,False,0.40541780477036454,10
True,3,4,51.0,45.0,5.0,31.0,4.0,False,2.690801597953563,148
True,2,1,72.0,45.0,5.0,57.0,5.0,False,1.9234988554234138,149
True,3,1,90.0,37.0,4.0,96.0,1.0,False,3.2018681573315617,115
True,3,5,59.0,87.0,4.0,99.0,3.0,False,4.939672129216733,96
True,1,3,22.0,65.0,1.0,25.0,2.0,False,1.5265064626699043,84
True,3,1,87.0,80.0,5.0,20.0,2.0,False,1.8367595110287147,94
True,1,5,8.0,74.0,3.0,68.0,2.0,False,1.7995934698557656,166
False,1,2,41.0,31.0,3.0,26.0,3.0,False,2.5254219315545603,76
True,1,4,53.0,54.0,5.0,72.0,3.0,False,1.1376130923067895,117
True,2,4,48.0,13.0,4.0,36.0,3.0,True,1.0370489876349724,101
True,3,4,66.0,54.0,3.0,9.0,1.0,False,3.5742370932874263,112
False,2,5,52.0,23.0,2.0,81.0,1.0,False,5.733004135470832,142
True,1,5,26.0,24.0,2.0,42.0,5.0,False,0.653554965532121,119
False,2,3,79.0,71.0,2.0,18.0,4.0,False,5.524091602061249,96
True,3,5,83.0,66.0,5.0,36.0,3.0,False,2.982471625725899,104
True,2,4,30.0,79.0,3.0,26.0,1.0,True,0.8934391999191611,66
True,1,2,65.0,36.0,4.0,16.0,3.0,True,0.6121443738007516,123
True,2,4,94.0,57.0,5.0,75.0,1.0,False,3.0695373597470583,140
False,2,5,82.0,5.0,1.0,90.0,2.0,True,1.307109931064242,96
True,3,1,3.0,27.0,4.0,40.0,2.0,False,0.5998644899519219,16
False,1,5,72.0,18.0,5.0,39.0,1.0,False,1.615304393243828,161
True,3,1,46.0,47.0,4.0,48.0,3.0,False,6.997233978777414,17
True,1,2,71.0,91.0,3.0,1.0,2.0,False,0.37031034977664,100
False,1,2,37.0,30.0,2.0,48.0,4.0,False,5.338396718523007,26
True,3,5,4.0,57.0,3.0,28.0,5.0,False,1.1997289799038438,21
True,1,5,48.0,67.0,3.0,11.0,4.0,False,3.3464151496649093,109
True,1,1,50.0,41.0,2.0,81.0,4.0,False,4.960313735982432,24
True,2,4,68.0,31.0,1.0,13.0,4.0,False,2.6040622535588644,107
True,3,5,6.0,32.0,4.0,24.0,2.0,False,0.8294186301272037,10
True,3,5,10.0,17.0,4.0,42.0,2.0,False,0.6970878325427005,8
True,1,5,28.0,48.0,3.0,24.0,2.0,False,0.7507783081228997,100
False,1,5,59.0,77.0,1.0,51.0,3.0,False,4.314857792840706,96
True,3,2,48.0,40.0,5.0,25.0,1.0,False,0.36188493775978503,88
True,2,4,86.0,11.0,4.0,68.0,2.0,True,2.3193815579172483,173
True,3,5,54.0,28.0,2.0,67.0,5.0,False,2.779925918153947,146
False,3,3,10.0,73.0,4.0,59.0,3.0,True,0.8826405033986346,121
False,3,5,73.0,95.0,5.0,75.0,5.0,False,2.2934828155735936,145
False,1,1,42.0,37.0,2.0,80.0,3.0,False,5.17128485557124,39
True,1,1,44.0,58.0,2.0,18.0,3.0,False,3.565811681270571,158
True,1,4,76.0,60.0,1.0,2.0,2.0,False,2.4092891787508472,152
False,3,4,5.0,51.0,4.0,47.0,5.0,False,1.2348364348975682,15
True,3,4,52.0,79.0,4.0,96.0,2.0,False,2.1449539732083007,72
False,2,2,51.0,33.0,2.0,63.0,3.0,False,3.510062619511147,30
True,3,5,20.0,28.0,2.0,56.0,2.0,False,1.307109931064242,85
True,2,4,72.0,13.0,3.0,66.0,1.0,False,1.6588372602544075,44
False,1,4,96.0,46.0,4.0,31.0,3.0,False,3.907707791517577,150
True,1,5,35.0,60.0,3.0,21.0,4.0,False,0.0,132
True,3,5,62.0,73.0,4.0,85.0,4.0,False,1.545089483256379,92
False,3,4,8.0,34.0,5.0,40.0,1.0,False,0.5377486023548677,19
True,2,2,39.0,48.0,2.0,63.0,1.0,False,3.8578080986693672,29
True,3,2,2.0,98.0,2.0,29.0,2.0,False,2.4261400027845568,135
True,1,2,12.0,60.0,1.0,10.0,1.0,True,1.3431211745353484,72
True,1,2,22.0,32.0,2.0,50.0,5.0,False,5.691856244265937,28
True,3,2,34.0,35.0,4.0,91.0,4.0,False,4.941730715395958,24
True,3,5,56.0,59.0,2.0,58.0,5.0,False,3.247459610521366,157
True,2,4,49.0,13.0,1.0,50.0,1.0,True,1.5415948171910188,94
False,1,1,27.0,46.0,2.0,77.0,3.0,False,5.082160535370856,17
True,1,1,2.0,42.0,1.0,9.0,2.0,False,1.1832045454965938,104
False,2,1,7.0,41.0,4.0,33.0,4.0,False,0.6700793999393708,5
False,2,3,79.0,93.0,3.0,33.0,5.0,False,6.262980105061764,139
True,1,1,46.0,17.0,3.0,35.0,2.0,False,2.5959632311684695,140
False,2,5,86.0,1.0,3.0,76.0,2.0,False,3.3612073875193946,147
False,3,5,4.0,33.0,4.0,29.0,4.0,False,1.1376130923067895,16
False,3,1,5.0,52.0,4.0,33.0,2.0,False,0.9701748397285618,14
False,3,4,59.0,42.0,1.0,48.0,5.0,False,2.8954058917047405,132
True,2,1,28.0,54.0,3.0,45.0,2.0,False,5.1709584659447785,14
True,1,5,55.0,56.0,4.0,16.0,3.0,False,1.756060602845186,164
False,1,2,57.0,33.0,2.0,54.0,3.0,False,5.278339417105178,24
True,1,1,22.0,40.0,4.0,98.0,4.0,False,4.725989644195781,17
True,1,4,19.0,7.0,5.0,80.0,2.0,True,0.8826405033986346,100
False,3,2,21.0,10.0,3.0,75.0,5.0,False,4.658159710014017,143
True,2,3,83.0,34.0,2.0,53.0,1.0,True,1.4947848771993861,93
True,3,1,60.0,69.0,4.0,85.0,3.0,False,3.352455585876079,64
False,3,3,74.0,64.0,5.0,44.0,4.0,False,1.8367595110287147,151
False,2,2,62.0,59.0,5.0,20.0,5.0,False,3.857481709042907,146
True,2,2,70.0,33.0,5.0,50.0,2.0,False,3.1418108559137323,132
True,3,3,41.0,43.0,3.0,70.0,2.0,False,3.8925891640366315,146
True,3,5,58.0,21.0,4.0,52.0,1.0,True,0.7885854372467558,115
False,2,5,6.0,47.0,5.0,44.0,4.0,False,1.1997289799038438,13
True,1,5,56.0,66.0,5.0,26.0,2.0,False,1.82833409901186,111
True,1,2,26.0,28.0,5.0,47.0,2.0,False,0.36188493775978503,51
True,1,5,16.0,81.0,1.0,79.0,1.0,True,0.7530093799442632,71
True,3,4,92.0,53.0,4.0,22.0,2.0,False,2.9743726033355045,109
True,3,2,94.0,42.0,3.0,91.0,5.0,False,0.9182165607011274,78
False,3,2,28.0,33.0,3.0,58.0,1.0,False,6.51111726582352,23
False,1,3,44.0,13.0,5.0,72.0,2.0,False,3.5373974417409366,179
True,1,1,37.0,51.0,3.0,53.0,3.0,False,4.736473642391861,35
True,2,4,16.0,41.0,5.0,46.0,4.0,False,0.8996335401146528,125
True,3,4,10.0,50.0,2.0,42.0,2.0,False,1.1997289799038438,13
False,2,1,27.0,32.0,2.0,89.0,3.0,False,5.733330525097292,42
False,2,1,54.0,37.0,2.0,89.0,3.0,False,4.4468622007987495,26
True,1,4,72.0,1.0,3.0,29.0,1.0,True,1.318343813753382,87
True,3,5,55.0,25.0,5.0,20.0,1.0,False,2.9723140171562794,131
False,3,5,62.0,31.0,3.0,85.0,1.0,True,1.9417220702432736,130
True,3,1,48.0,37.0,5.0,95.0,1.0,False,2.577053820955535,90
True,1,5,42.0,79.0,4.0,52.0,2.0,False,3.2268180037556657,41
True,3,2,86.0,28.0,5.0,7.0,4.0,False,2.7775409423482618,93
True,2,5,68.0,78.0,5.0,12.0,4.0,False,3.239034198504511,129
True,1,5,76.0,30.0,3.0,14.0,4.0,False,2.2337519037822244,29
True,2,5,61.0,88.0,1.0,21.0,5.0,False,3.4854391627135026,182
False,1,3,40.0,53.0,1.0,31.0,1.0,False,6.535740722621166,110
True,2,3,65.0,42.0,4.0,28.0,2.0,False,1.3611267962709013,164
True,2,2,98.0,33.0,3.0,35.0,1.0,False,0.6616539879225158,135
True,1,3,62.0,39.0,4.0,32.0,3.0,False,2.947364170732175,98
False,3,3,77.0,17.0,3.0,56.0,2.0,True,1.3291425102739085,93
False,2,2,40.0,51.0,2.0,58.0,3.0,False,3.6261953723148608,22
True,1,2,49.0,77.0,5.0,32.0,3.0,False,2.0747390632208518,128
True,1,1,12.0,88.0,2.0,86.0,1.0,False,4.535660131372673,4
False,3,1,9.0,19.0,5.0,30.0,1.0,False,0.6970878325427005,7
True,2,4,8.0,18.0,2.0,30.0,5.0,False,0.7673027425301494,12
False,2,3,44.0,90.0,1.0,47.0,1.0,False,2.4714050663479012,182
False,3,5,1.0,9.0,2.0,24.0,5.0,False,0.5377486023548677,14
True,3,3,62.0,60.0,4.0,89.0,2.0,True,1.199511386819537,67
True,3,1,66.0,47.0,2.0,95.0,1.0,False,3.9361220310472107,68
True,3,1,99.0,35.0,4.0,1.0,3.0,False,3.423323275116448,143
True,3,5,93.0,78.0,5.0,52.0,4.0,False,2.1635369937947755,132
True,2,3,74.0,32.0,5.0,79.0,5.0,False,2.866665262548646,97
True,3,1,59.0,73.0,3.0,85.0,1.0,False,3.125286421506482,106
True,3,5,93.0,50.0,3.0,30.0,5.0,False,2.858566240158251,107
True,2,1,68.0,73.0,4.0,71.0,2.0,False,2.788024940544342,85
True,2,1,66.0,20.0,3.0,58.0,3.0,False,5.004599630666396,31
False,3,3,83.0,23.0,5.0,58.0,1.0,False,2.9662735809451095,168
False,2,1,52.0,53.0,2.0,71.0,3.0,False,4.705809749383046,43
True,3,5,40.0,85.0,2.0,40.0,2.0,True,1.4119636937366473,125
False,2,5,77.0,75.0,1.0,18.0,2.0,False,2.620586687966114,108
True,2,5,85.0,88.0,4.0,74.0,1.0,False,2.6746035531727737,136
True,2,1,81.0,67.0,4.0,79.0,3.0,False,3.0445875133229534,103
True,3,4,61.0,49.0,3.0,62.0,2.0,False,2.2151688831957497,83
True,2,2,55.0,52.0,1.0,48.0,1.0,False,4.881673413978128,11
True,3,5,77.0,86.0,1.0,22.0,4.0,False,2.312392225786528,129
True,3,1,70.0,77.0,4.0,28.0,4.0,False,2.2401187296198546,110
True,1,2,57.0,64.0,3.0,60.0,1.0,False,1.8016520560349902,178
True,3,5,58.0,21.0,5.0,35.0,3.0,False,2.7964503525611972,76
True,3,3,74.0,45.0,4.0,4.0,1.0,False,3.301150086101565,143
True,3,5,83.0,38.0,4.0,92.0,4.0,False,3.8122166454795634,82
False,2,4,74.0,45.0,1.0,11.0,5.0,False,3.4229968854899884,122
False,2,1,58.0,37.0,2.0,82.0,4.0,False,3.5269134435448573,40
True,3,1,22.0,57.0,4.0,13.0,1.0,True,0.38889337036311467,139
True,1,2,73.0,38.0,2.0,69.0,3.0,False,4.629092691231463,34
True,3,4,71.0,38.0,3.0,54.0,2.0,True,1.1527014468279042,63
False,1,1,57.0,53.0,1.0,66.0,2.0,False,5.710765654478872,13
False,2,1,54.0,43.0,1.0,54.0,1.0,False,4.349312468581511,20
False,2,1,28.0,53.0,3.0,60.0,4.0,False,4.80701494200577,21
True,2,4,93.0,51.0,5.0,43.0,3.0,False,1.6588372602544075,102
True,2,5,25.0,19.0,3.0,80.0,5.0,False,4.04003858910208,102
False,1,5,57.0,59.0,5.0,62.0,1.0,False,2.8852482831351205,122
True,2,5,44.0,43.0,5.0,24.0,5.0,False,4.5710939759928575,175
True,3,1,7.0,20.0,4.0,47.0,2.0,False,0.6349719449456463,17
False,1,5,53.0,73.0,5.0,40.0,2.0,False,3.2120257659011813,155
False,2,1,51.0,31.0,1.0,89.0,4.0,False,3.6420670274691904,25
False,2,1,39.0,93.0,5.0,81.0,2.0,False,3.6757686755366104,121
False,3,5,10.0,20.0,2.0,26.0,4.0,False,1.0052822947222864,14
False,2,2,30.0,54.0,4.0,94.0,2.0,False,4.339807639264811,29
True,3,3,52.0,20.0,4.0,66.0,1.0,True,0.6233782564898915,27
True,1,3,47.0,42.0,3.0,8.0,2.0,False,3.0843295976015437,31
False,2,2,33.0,37.0,2.0,88.0,5.0,False,5.5163189692973145,16
False,3,5,88.0,70.0,2.0,49.0,4.0,False,2.4780982818119917,127
False,3,1,2.0,43.0,2.0,45.0,5.0,False,0.7673027425301494,14
False,3,4,76.0,43.0,3.0,94.0,1.0,True,1.5636273964006855,135
True,1,5,61.0,41.0,4.0,33.0,4.0,False,4.014762353051515,146
False,3,5,67.0,5.0,1.0,62.0,4.0,False,4.428931959465195,116
False,2,2,58.0,79.0,5.0,49.0,2.0,False,3.2909924775319457,110
True,3,3,49.0,64.0,5.0,58.0,4.0,False,5.47040112648105,133
False,3,2,44.0,36.0,2.0,84.0,5.0,False,4.333114423800721,3
True,1,5,78.0,93.0,5.0,53.0,4.0,False,2.471731455974361,111
True,1,3,13.0,51.0,3.0,41.0,2.0,False,1.8266019024590952,137
True,3,4,73.0,52.0,5.0,58.0,1.0,False,3.034429904753334,123
True,1,2,91.0,71.0,4.0,6.0,1.0,False,3.063170533909428,98
True,3,2,96.0,60.0,5.0,78.0,4.0,False,2.8336163937341463,101
False,1,1,69.0,79.0,5.0,68.0,5.0,False,2.8170919593268966,106
False,3,5,97.0,55.0,1.0,18.0,1.0,False,4.190626017646598,36
True,2,2,92.0,76.0,4.0,45.0,2.0,False,3.0982779889031526,86
True,1,5,56.0,73.0,4.0,75.0,3.0,False,2.4180409803941623,41
True,2,3,78.0,49.0,4.0,41.0,2.0,False,3.168819288517062,118
True,3,5,65.0,21.0,5.0,63.0,2.0,False,1.385750253068546,79
True,2,2,56.0,40.0,5.0,19.0,1.0,False,3.847324100473288,178
True,1,3,73.0,24.0,2.0,57.0,2.0,True,0.9294504433902673,111
False,2,4,84.0,84.0,4.0,38.0,4.0,False,1.1460385043236445,125
True,1,5,11.0,53.0,5.0,38.0,1.0,False,3.845265514294063,32
False,3,1,4.0,25.0,5.0,48.0,2.0,False,0.6785048119562258,9
True,1,2,96.0,57.0,4.0,85.0,4.0,False,2.771500506137092,90
True,3,4,64.0,33.0,4.0,89.0,4.0,False,2.277284770792804,103
False,3,5,9.0,51.0,1.0,39.0,2.0,False,0.6700793999393708,23
False,3,1,1.0,29.0,3.0,44.0,4.0,False,0.7757281545470045,15
True,3,5,52.0,59.0,5.0,13.0,4.0,False,1.2348364348975682,180
False,3,1,10.0,60.0,1.0,86.0,1.0,True,0.705764253784017,110
True,2,1,44.0,3.0,5.0,55.0,2.0,False,1.042448335895236,100
True,3,5,77.0,63.0,4.0,97.0,2.0,False,3.2825670655150905,105
False,3,4,11.0,48.0,3.0,30.0,5.0,False,1.102505637313065,16
True,3,5,58.0,35.0,1.0,78.0,1.0,False,4.79620455418323,73
True,3,5,95.0,28.0,4.0,55.0,1.0,False,3.3527819755025394,141
True,3,5,36.0,84.0,4.0,29.0,2.0,True,0.6481556172718578,29
True,1,1,92.0,31.0,4.0,57.0,1.0,False,2.7529174855506175,93
False,3,5,1.0,30.0,2.0,41.0,4.0,False,0.9431664071252321,21
False,3,1,79.0,60.0,4.0,17.0,5.0,False,2.5959632311684695,157
True,1,5,46.0,61.0,5.0,72.0,5.0,False,1.8883914004296893,142
False,2,4,56.0,21.0,1.0,91.0,4.0,False,1.6922125186953672,69
False,2,2,31.0,39.0,2.0,80.0,1.0,False,4.668317318583637,23
False,3,5,9.0,53.0,5.0,32.0,5.0,False,0.9617494277117069,12
False,1,1,47.0,32.0,3.0,80.0,5.0,False,6.6083406084142995,22
False,3,3,82.0,0.0,1.0,70.0,1.0,True,2.223016896361683,134
False,3,5,65.0,42.0,2.0,22.0,1.0,False,3.2720830673190107,118
False,2,2,39.0,35.0,2.0,90.0,4.0,False,4.798915919615375,22
True,2,2,48.0,41.0,2.0,49.0,4.0,False,5.630066746295343,32
True,3,1,66.0,40.0,1.0,90.0,1.0,False,2.55847080036906,142
True,3,4,61.0,37.0,4.0,70.0,1.0,False,1.4910726180497194,72
True,2,3,74.0,77.0,3.0,66.0,5.0,False,3.133385443896877,147
True,1,4,63.0,51.0,4.0,48.0,1.0,True,0.5293231903380127,100
False,3,5,72.0,96.0,4.0,29.0,1.0,False,5.822454845297675,71
True,2,1,30.0,42.0,3.0,75.0,3.0,False,3.944547443064066,40
True,3,4,94.0,21.0,4.0,24.0,4.0,False,2.0021391774277175,167
True,3,3,58.0,42.0,4.0,69.0,4.0,False,3.4148978630995934,105
True,3,5,95.0,3.0,3.0,4.0,1.0,False,1.2990109086738473,77
False,3,1,36.0,46.0,2.0,58.0,3.0,False,3.777109190485839,20
False,2,4,3.0,43.0,4.0,30.0,2.0,False,0.9080589521315077,11
True,2,1,30.0,38.0,3.0,67.0,3.0,False,5.708707068299647,26
True,3,5,96.0,57.0,3.0,77.0,1.0,False,1.518081050653049,93
True,1,5,73.0,89.0,5.0,47.0,4.0,False,2.701285596149643,72
False,2,3,61.0,14.0,2.0,96.0,5.0,False,5.0832399526707,146
False,3,2,46.0,88.0,4.0,15.0,5.0,False,3.4128392769203684,113
True,1,1,66.0,58.0,1.0,56.0,2.0,True,1.1774788076098703,79
True,1,3,86.0,13.0,5.0,67.0,1.0,False,4.721355014910915,102
True,3,2,31.0,47.0,2.0,58.0,3.0,False,2.91862354157608,5
False,2,4,2.0,21.0,5.0,39.0,5.0,False,1.0589727703024856,17
True,3,1,87.0,62.0,5.0,43.0,4.0,False,2.355925092797108,123
True,3,1,4.0,35.0,4.0,38.0,2.0,False,0.5998644899519219,21
False,2,2,56.0,45.0,3.0,70.0,1.0,False,5.294863851512428,27
True,2,5,6.0,26.0,3.0,43.0,5.0,False,0.8108356095407291,3
False,2,1,31.0,49.0,1.0,49.0,1.0,False,5.89472834146435,20
True,3,5,83.0,27.0,3.0,71.0,1.0,False,2.9659471913186493,106
True,1,5,53.0,59.0,5.0,79.0,1.0,False,1.551456309094009,50
True,3,1,7.0,14.0,5.0,35.0,4.0,False,0.5026411473611432,19
True,2,2,25.0,39.0,4.0,56.0,4.0,False,5.409264407763375,14
True,2,2,44.0,44.0,1.0,41.0,3.0,False,1.3401587998787416,97
True,1,5,13.0,10.0,2.0,19.0,1.0,False,4.155844952279334,55
True,1,2,97.0,45.0,1.0,35.0,1.0,False,2.5854792329723892,116
True,1,5,38.0,88.0,1.0,44.0,2.0,False,4.126777933496779,110
True,2,5,83.0,1.0,4.0,3.0,2.0,False,1.8448585334191097,148
True,1,5,52.0,37.0,5.0,75.0,4.0,False,2.982471625725899,113
True,2,5,25.0,55.0,2.0,62.0,3.0,False,1.960664896596363,95
True,3,1,97.0,32.0,3.0,12.0,1.0,False,2.5854792329723892,77
True,3,5,79.0,69.0,5.0,52.0,2.0,False,0.9803324482981814,32
True,1,2,43.0,38.0,2.0,46.0,3.0,False,5.119326576543805,10
True,1,4,67.0,30.0,3.0,5.0,1.0,False,2.355925092797108,111
False,3,5,8.0,45.0,3.0,24.0,2.0,False,0.9617494277117069,18
True,3,5,87.0,42.0,5.0,0.0,1.0,False,3.0715959459262834,129
True,3,4,59.0,17.0,4.0,46.0,2.0,True,0.48251325034638004,12
False,2,5,78.0,31.0,5.0,34.0,5.0,False,3.036488490932559,140
True,2,5,52.0,9.0,4.0,28.0,5.0,False,2.9638886051394246,156
False,3,5,1.0,26.0,2.0,24.0,2.0,False,1.0052822947222864,23
True,3,5,45.0,73.0,5.0,28.0,2.0,False,1.3422173860579665,63
False,1,2,47.0,45.0,4.0,64.0,4.0,False,5.549367838111814,19
False,3,3,48.0,21.0,3.0,68.0,1.0,True,0.9294504433902673,77
False,2,2,28.0,45.0,2.0,98.0,3.0,False,5.52507077094063,25
False,2,2,43.0,34.0,2.0,58.0,4.0,False,2.788351330170802,30
True,2,5,47.0,37.0,1.0,1.0,4.0,False,3.034429904753334,105
True,3,2,38.0,12.0,4.0,35.0,1.0,False,1.8802923780392944,114
True,3,3,91.0,57.0,2.0,40.0,1.0,False,2.409615568377307,137
False,1,1,36.0,34.0,2.0,69.0,3.0,False,4.854991371001258,29
True,2,3,27.0,2.0,3.0,55.0,3.0,False,6.722088385412329,116
False,3,1,1.0,43.0,5.0,37.0,5.0,False,0.5026411473611432,13
True,2,4,17.0,43.0,4.0,47.0,1.0,True,1.696003301427357,57
False,3,4,11.0,56.0,4.0,32.0,2.0,False,1.1997289799038438,21
True,3,2,73.0,60.0,5.0,69.0,2.0,True,1.7540471241081295,44
False,3,4,12.0,36.0,3.0,25.0,2.0,False,1.0403897497160108,10
False,3,4,40.0,62.0,5.0,70.0,1.0,True,1.7428132414189896,70
True,2,1,54.0,49.0,4.0,75.0,4.0,False,3.928023008656816,10
True,3,4,85.0,98.0,5.0,45.0,5.0,False,2.5317887573921904,133
False,3,5,11.0,17.0,3.0,47.0,4.0,False,0.9431664071252321,20
True,2,5,58.0,79.0,5.0,64.0,5.0,False,2.1635369937947755,137
True,3,2,57.0,75.0,5.0,21.0,3.0,False,2.7360666615169076,151
True,3,5,31.0,24.0,2.0,94.0,1.0,False,1.8100774680518452,109
True,1,2,89.0,50.0,5.0,83.0,5.0,False,4.1920318245729025,152
True,3,4,71.0,45.0,3.0,33.0,5.0,False,2.0663136512039966,54
False,1,2,27.0,46.0,4.0,82.0,4.0,False,4.277038972414837,30
False,1,1,31.0,40.0,2.0,51.0,4.0,False,6.767679838602133,43
True,2,4,75.0,79.0,3.0,46.0,4.0,False,3.4314222975068436,100
True,3,1,40.0,53.0,2.0,68.0,3.0,False,5.276933610178873,26
False,3,5,11.0,38.0,1.0,29.0,4.0,False,0.5026411473611432,19
True,3,4,31.0,29.0,4.0,16.0,2.0,True,1.2355226302906432,130
False,3,1,5.0,36.0,2.0,27.0,5.0,False,0.40541780477036454,9
True,3,1,50.0,40.0,2.0,72.0,3.0,False,3.712608327083099,45
True,3,5,36.0,66.0,2.0,52.0,3.0,False,1.0505473582856306,67
False,3,5,1.0,30.0,1.0,31.0,5.0,False,1.0403897497160108,16
False,3,5,4.0,44.0,5.0,33.0,5.0,False,1.1997289799038438,19
False,3,5,13.0,28.0,5.0,45.0,4.0,False,1.1997289799038438,22
False,3,5,8.0,27.0,2.0,29.0,5.0,False,1.2348364348975682,18
True,1,2,75.0,51.0,5.0,11.0,3.0,False,4.473870633402079,153
False,2,1,20.0,94.0,4.0,32.0,2.0,False,4.684515363364426,87
False,3,5,3.0,15.0,4.0,36.0,4.0,False,1.0403897497160108,12
False,1,1,55.0,43.0,2.0,71.0,3.0,False,4.970471344552052,10
True,1,4,92.0,49.0,5.0,5.0,3.0,False,2.7343344649641423,136
True,3,1,66.0,75.0,3.0,97.0,1.0,False,2.769441919957867,127
True,2,2,82.0,43.0,3.0,7.0,3.0,False,2.5935782553627846,80
False,2,1,86.0,70.0,5.0,46.0,5.0,False,4.682783166811661,73
False,1,1,54.0,37.0,2.0,65.0,1.0,False,2.9020991071688305,21
True,1,4,65.0,55.0,4.0,22.0,2.0,True,1.4011649972161209,130
False,3,5,7.0,52.0,5.0,25.0,2.0,False,1.2348364348975682,4
False,1,2,28.0,49.0,4.0,49.0,3.0,False,4.7178906218053855,13
False,1,5,58.0,11.0,3.0,66.0,1.0,False,2.9557895827490297,106
False,2,5,44.0,71.0,3.0,55.0,2.0,True,1.2687890921894496,79
True,1,5,82.0,20.0,5.0,94.0,1.0,False,3.7501007578825085,99
True,1,3,88.0,66.0,5.0,27.0,5.0,False,3.133385443896877,146
False,2,5,2.0,55.0,3.0,34.0,5.0,False,0.6970878325427005,4
False,2,5,43.0,64.0,2.0,50.0,1.0,False,1.385750253068546,165
True,1,2,20.0,39.0,4.0,69.0,4.0,False,4.401270747608945,25
False,1,5,44.0,34.0,4.0,73.0,1.0,False,0.6970878325427005,29
False,3,4,12.0,26.0,4.0,37.0,5.0,False,0.7673027425301494,17
True,3,4,90.0,29.0,3.0,0.0,1.0,False,2.798508938740422,80
False,1,1,52.0,48.0,3.0,75.0,3.0,False,5.762397543879846,9
True,2,2,29.0,33.0,1.0,50.0,2.0,False,5.381929585533587,43
False,3,5,12.0,22.0,5.0,25.0,2.0,False,1.0052822947222864,19
True,3,3,78.0,71.0,5.0,44.0,4.0,False,2.479830478364756,123
True,3,5,62.0,33.0,3.0,81.0,1.0,False,1.7830690354485155,109
False,1,2,55.0,45.0,2.0,73.0,3.0,False,2.936880172536095,34
True,3,1,60.0,51.0,5.0,10.0,4.0,False,5.107110381794961,108
True,3,4,76.0,60.0,4.0,21.0,2.0,True,1.8368683075708683,47
False,1,1,21.0,42.0,3.0,85.0,4.0,False,4.0954612612350445,30
True,2,4,20.0,64.0,1.0,45.0,2.0,False,1.623729805260683,87
True,1,5,50.0,80.0,2.0,2.0,4.0,False,3.1232278353272576,109
False,1,3,58.0,15.0,5.0,23.0,2.0,False,2.9105245191856857,168
True,3,4,17.0,67.0,5.0,65.0,1.0,True,1.5195622379813525,53
False,3,4,61.0,9.0,3.0,60.0,3.0,True,1.7292697633261631,126
False,2,2,55.0,48.0,2.0,81.0,4.0,False,4.349638858207971,14
True,3,4,73.0,37.0,4.0,74.0,5.0,False,1.9234988554234138,85
True,3,4,29.0,19.0,4.0,44.0,1.0,False,3.917539010460737,45
True,1,3,86.0,74.0,4.0,29.0,1.0,False,3.7501007578825085,136
False,1,1,49.0,20.0,5.0,54.0,5.0,False,3.4520639042725425,132
False,2,1,58.0,38.0,1.0,51.0,3.0,False,4.428931959465195,20
True,3,4,85.0,67.0,5.0,38.0,1.0,False,2.7529174855506175,79
True,2,5,48.0,39.0,4.0,48.0,5.0,False,2.504780324788861,152
True,2,2,54.0,54.0,2.0,68.0,5.0,False,2.6974948134176535,30
False,2,5,59.0,30.0,5.0,24.0,2.0,False,3.741675345865654,139
True,3,3,83.0,14.0,3.0,55.0,4.0,False,3.7939600145195485,9
True,2,5,59.0,74.0,4.0,47.0,5.0,False,2.347826070406713,107
False,3,5,57.0,64.0,2.0,50.0,3.0,False,2.6722185773670883,132
True,3,2,40.0,42.0,2.0,76.0,3.0,False,4.277691751667756,8
False,2,2,47.0,53.0,2.0,51.0,4.0,False,5.640550744491423,44
True,2,4,76.0,28.0,3.0,15.0,1.0,False,2.1263709526218264,21
True,1,4,77.0,34.0,2.0,10.0,4.0,False,2.8150333731476715,126
True,3,5,68.0,55.0,1.0,30.0,3.0,False,3.228876589934891,105
True,3,2,84.0,46.0,5.0,77.0,2.0,False,1.156196112893264,123
False,1,1,54.0,52.0,1.0,62.0,4.0,False,2.55879718999552,35
True,3,4,9.0,49.0,4.0,24.0,1.0,False,0.732195287536425,10
True,3,2,73.0,56.0,4.0,24.0,2.0,False,1.2348364348975682,45
False,2,2,46.0,5.0,2.0,91.0,4.0,False,3.352455585876079,63
False,3,4,39.0,27.0,4.0,67.0,2.0,False,4.147093150636018,117
True,3,3,74.0,52.0,5.0,59.0,3.0,False,3.239034198504511,102
True,3,5,64.0,55.0,3.0,53.0,4.0,False,3.0530129253398086,38
True,3,1,53.0,75.0,3.0,71.0,5.0,False,1.9133412468537938,130
True,2,5,64.0,25.0,1.0,79.0,4.0,False,2.687337204848034,153
True,3,4,18.0,30.0,5.0,37.0,1.0,False,4.860052638333048,108
True,2,2,70.0,50.0,4.0,37.0,2.0,True,1.800857064099762,80
False,2,1,23.0,41.0,1.0,73.0,3.0,False,4.095787650861504,27
False,3,5,72.0,31.0,3.0,20.0,1.0,False,3.979654898057791,128
True,3,2,59.0,76.0,4.0,63.0,1.0,False,3.687984870285455,74
True,1,4,58.0,66.0,4.0,80.0,1.0,False,2.8771492607447255,161
True,3,1,65.0,65.0,1.0,18.0,1.0,True,1.1887126902990104,85
False,3,3,42.0,71.0,5.0,59.0,1.0,True,1.6712259406453907,32
True,3,5,37.0,49.0,5.0,9.0,2.0,False,0.9617494277117069,78
True,3,3,95.0,47.0,1.0,57.0,1.0,False,2.620586687966114,128
True,3,5,94.0,79.0,3.0,62.0,3.0,False,2.180061428202025,119
False,3,5,12.0,56.0,3.0,35.0,5.0,False,0.6700793999393708,8
False,2,2,35.0,36.0,2.0,83.0,5.0,False,3.9712294860409356,36
False,3,1,1.0,15.0,4.0,46.0,2.0,False,0.8645260851209282,6
True,1,5,17.0,64.0,5.0,35.0,2.0,True,0.49374713303552,125
True,3,3,68.0,73.0,5.0,50.0,1.0,False,1.6423128258471573,101
True,3,4,90.0,90.0,4.0,53.0,2.0,False,2.8336163937341463,174
True,3,4,97.0,29.0,4.0,62.0,4.0,False,1.9339828536194934,111
False,3,4,2.0,57.0,2.0,43.0,5.0,False,1.0403897497160108,19
True,3,5,12.0,17.0,1.0,36.0,5.0,False,1.0673981823193406,16
True,3,5,99.0,44.0,3.0,89.0,2.0,False,3.1337118335233374,122
True,2,1,71.0,6.0,1.0,52.0,1.0,True,1.199511386819537,78
False,1,2,54.0,40.0,3.0,92.0,4.0,False,3.2183925917388114,22
False,3,5,10.0,9.0,2.0,44.0,5.0,False,0.9431664071252321,24
False,2,4,68.0,86.0,5.0,13.0,5.0,False,2.9659471913186493,148
False,3,1,64.0,14.0,1.0,65.0,2.0,True,2.118163133689278,148
True,3,4,90.0,27.0,5.0,6.0,2.0,False,2.6827025755631686,72
True,3,1,59.0,24.0,5.0,47.0,4.0,False,1.8613829678263594,110
False,1,2,53.0,53.0,2.0,52.0,1.0,False,3.1937691349411663,4
True,3,1,68.0,42.0,5.0,3.0,4.0,False,3.3983734286923433,74
True,2,4,75.0,58.0,4.0,16.0,2.0,True,1.4479749372077535,90
False,2,4,77.0,6.0,1.0,1.0,4.0,False,1.3320597774883467,175
True,3,4,90.0,21.0,5.0,0.0,1.0,False,3.5556540727009516,122
False,3,2,56.0,84.0,4.0,8.0,1.0,False,6.730187407802724,45
False,2,3,72.0,88.0,5.0,30.0,1.0,False,2.0642550650247715,132
True,3,3,59.0,59.0,5.0,35.0,5.0,False,2.8048757645780524,92
False,2,5,6.0,24.0,2.0,27.0,5.0,False,1.102505637313065,14
True,2,1,35.0,83.0,1.0,36.0,4.0,False,1.0754972047097353,148
False,3,1,51.0,41.0,4.0,85.0,2.0,False,5.402571192299286,34
False,3,5,7.0,34.0,5.0,46.0,2.0,False,0.6700793999393708,12
True,1,5,58.0,39.0,1.0,54.0,1.0,False,1.5886223502669585,67
False,2,1,6.0,9.0,2.0,34.0,4.0,False,0.7757281545470045,12
False,1,1,92.0,10.0,5.0,58.0,2.0,False,2.990897037742754,161
True,3,5,77.0,41.0,3.0,1.0,1.0,False,2.2853837931831986,127
False,1,2,38.0,35.0,2.0,63.0,3.0,False,3.7996740611042585,22
False,3,2,23.0,36.0,3.0,85.0,3.0,False,3.660976437682125,33
True,1,5,76.0,6.0,1.0,77.0,3.0,False,2.8771492607447255,179
False,3,1,33.0,41.0,3.0,97.0,4.0,False,3.183611526371547,19
False,1,3,66.0,51.0,2.0,13.0,5.0,False,2.8916151089727506,117
True,3,4,51.0,67.0,1.0,69.0,1.0,False,2.0122967859973375,88
True,3,4,52.0,56.0,5.0,50.0,4.0,False,2.031206196210272,84
False,3,2,94.0,74.0,1.0,62.0,2.0,True,2.2698268363533156,85
True,1,5,88.0,59.0,5.0,66.0,4.0,False,3.2183925917388114,40
True,2,1,99.0,38.0,5.0,54.0,4.0,False,1.0589727703024856,184
False,2,2,59.0,64.0,2.0,8.0,5.0,False,4.209209038233073,143
False,3,5,12.0,25.0,2.0,30.0,4.0,False,0.8108356095407291,17
False,2,1,38.0,35.0,1.0,92.0,4.0,False,5.3299713065061525,34
False,1,1,44.0,92.0,2.0,73.0,1.0,False,5.892669755285125,53
True,3,4,89.0,52.0,1.0,69.0,2.0,False,2.4615738474047415,98
True,3,4,80.0,36.0,5.0,88.0,3.0,False,2.6124876655757197,98
False,3,1,2.0,31.0,5.0,48.0,2.0,False,0.5998644899519219,12
True,2,4,37.0,1.0,3.0,20.0,1.0,True,1.883678247562501,105
True,2,4,7.0,30.0,4.0,28.0,5.0,False,0.5026411473611432,5
True,3,2,80.0,81.0,4.0,56.0,2.0,True,2.1317066117821044,130
True,3,4,12.0,63.0,4.0,34.0,4.0,False,1.7311107564210815,108
False,2,2,45.0,38.0,2.0,45.0,3.0,False,6.159716326259815,33
True,1,3,71.0,73.0,4.0,27.0,1.0,False,2.6121612759492594,138
False,3,5,26.0,53.0,4.0,64.0,1.0,True,1.6824598233345305,134
False,3,5,13.0,52.0,3.0,40.0,5.0,False,0.8729514971377832,16
False,3,5,1.0,73.0,5.0,64.0,1.0,True,1.4452301556354539,146
True,3,4,63.0,54.0,5.0,19.0,5.0,False,3.8388986884564327,146
False,3,4,1.0,31.0,5.0,43.0,5.0,False,0.8108356095407291,17
True,3,1,61.0,2.0,3.0,52.0,2.0,True,0.9182165607011274,47
True,3,5,89.0,4.0,4.0,82.0,3.0,True,1.2963112345437156,134
True,3,4,44.0,47.0,5.0,54.0,3.0,True,1.96649943102524,146
True,1,5,26.0,61.0,4.0,60.0,2.0,True,1.4479749372077535,116
True,2,3,59.0,52.0,4.0,20.0,1.0,False,3.6714604358782044,121
True,2,5,40.0,54.0,5.0,41.0,2.0,False,5.724905113080437,126
True,1,3,71.0,67.0,3.0,86.0,4.0,False,2.5939046449892444,155
True,1,4,71.0,50.0,5.0,30.0,4.0,False,0.9722334259077867,107
False,1,1,28.0,46.0,2.0,52.0,3.0,False,3.6258689826884005,25
True,2,5,6.0,20.0,5.0,26.0,4.0,False,0.9701748397285618,2
False,2,1,40.0,48.0,1.0,50.0,3.0,False,5.231015767362608,35
True,3,5,72.0,51.0,3.0,77.0,1.0,False,2.6556941429598386,92
False,1,2,46.0,52.0,2.0,73.0,4.0,False,4.612568256824212,20
True,3,5,85.0,34.0,1.0,20.0,2.0,False,2.947364170732175,58
False,2,4,94.0,96.0,2.0,87.0,3.0,False,5.313120482472442,92
True,2,2,65.0,43.0,4.0,48.0,4.0,False,3.3362575410952893,129
True,3,5,6.0,8.0,2.0,38.0,2.0,False,0.9701748397285618,20
False,2,5,13.0,14.0,2.0,35.0,5.0,False,1.0673981823193406,18
False,3,1,41.0,45.0,4.0,82.0,5.0,False,3.4314222975068436,33
True,1,4,53.0,49.0,5.0,58.0,1.0,False,2.037246632421442,140
False,2,1,41.0,46.0,2.0,68.0,5.0,False,4.325015401410326,14
True,3,2,44.0,37.0,2.0,57.0,4.0,False,5.547309251932589,109
False,3,4,59.0,10.0,5.0,70.0,3.0,False,2.990897037742754,191
True,2,5,70.0,44.0,4.0,77.0,1.0,False,1.7911680578389104,87
True,3,1,67.0,21.0,4.0,40.0,3.0,False,2.9287811501457,102
True,3,4,2.0,57.0,4.0,40.0,2.0,False,1.0052822947222864,12
False,2,4,65.0,81.0,2.0,37.0,5.0,False,2.5686284089386797,158
True,3,4,52.0,41.0,5.0,64.0,3.0,False,3.6798858478950596,98
True,1,3,0.0,90.0,4.0,27.0,2.0,False,0.7507783081228997,184
False,3,5,25.0,94.0,5.0,4.0,4.0,False,4.692614385754821,92
True,2,2,95.0,36.0,3.0,54.0,4.0,False,2.6847611617423937,127
False,3,4,1.0,18.0,2.0,39.0,5.0,False,0.7757281545470045,11
True,2,5,94.0,73.0,4.0,79.0,5.0,False,2.4261400027845568,132
True,2,1,39.0,32.0,3.0,86.0,4.0,False,4.550452369227158,29
False,3,5,3.0,32.0,3.0,33.0,5.0,False,0.9701748397285618,16
False,2,2,86.0,46.0,4.0,54.0,5.0,False,2.320491248176923,139
True,3,5,75.0,46.0,5.0,14.0,2.0,False,2.2401187296198546,102
True,2,4,78.0,73.0,4.0,31.0,1.0,False,2.434565414801412,158
True,3,2,60.0,63.0,5.0,96.0,1.0,False,3.2825670655150905,121
True,3,3,85.0,42.0,3.0,84.0,4.0,False,3.3797904081058685,125
False,2,2,56.0,49.0,2.0,76.0,3.0,False,6.653932061604104,11
True,3,3,76.0,42.0,3.0,95.0,4.0,False,2.8687238487278712,91
True,2,1,55.0,31.0,2.0,96.0,2.0,False,6.413893923232742,32
False,2,4,19.0,96.0,5.0,79.0,1.0,False,4.02318776506837,117
True,3,1,80.0,34.0,3.0,30.0,2.0,True,0.7885854372467558,84
False,2,3,36.0,9.0,3.0,78.0,2.0,False,5.344763544360638,86
False,2,4,11.0,32.0,3.0,42.0,5.0,False,2.4528220457614265,71
True,3,2,65.0,63.0,5.0,59.0,1.0,False,2.5149379333584805,114
True,1,4,59.0,21.0,1.0,33.0,2.0,True,1.318343813753382,98
False,3,1,13.0,54.0,2.0,27.0,4.0,False,1.0403897497160108,21
False,2,5,65.0,86.0,1.0,30.0,5.0,False,2.4780982818119917,151
True,3,3,26.0,91.0,1.0,25.0,3.0,False,2.8214001989853017,41
False,2,5,7.0,39.0,4.0,38.0,2.0,False,1.3320597774883467,11
True,2,2,74.0,73.0,5.0,43.0,4.0,False,3.1316532473441123,28
True,3,1,84.0,23.0,5.0,73.0,2.0,True,1.7900583675792356,96
False,3,2,45.0,49.0,3.0,74.0,4.0,False,4.304047405018165,19
True,3,1,73.0,34.0,4.0,92.0,3.0,False,2.4612474577782812,130
True,2,3,97.0,89.0,5.0,69.0,4.0,False,3.943894663811146,75
True,2,5,4.0,74.0,3.0,43.0,2.0,False,1.8448585334191097,99
True,3,1,55.0,33.0,4.0,13.0,3.0,False,3.5083304229583825,52
True,2,5,52.0,62.0,1.0,57.0,2.0,True,1.2134900510809767,185
False,3,2,22.0,68.0,4.0,80.0,2.0,True,1.4835509945102463,85
True,3,4,80.0,20.0,4.0,43.0,2.0,True,1.0010377441638663,147
True,1,2,97.0,35.0,4.0,68.0,3.0,False,3.344682953112144,110
False,2,1,38.0,53.0,2.0,61.0,3.0,False,5.51458677274455,7
True,1,5,38.0,25.0,4.0,45.0,1.0,False,1.8802923780392944,134
True,2,5,13.0,29.0,1.0,13.0,3.0,False,2.0906107183751814,129
True,1,5,73.0,20.0,3.0,91.0,3.0,False,3.714993302888784,104
False,2,2,24.0,40.0,1.0,47.0,4.0,False,4.112312085268754,29
True,3,1,87.0,26.0,2.0,73.0,1.0,False,3.944547443064066,71
False,3,1,58.0,45.0,2.0,53.0,4.0,False,5.787021000677491,15
False,2,4,5.0,23.0,3.0,26.0,5.0,False,0.6970878325427005,5
True,3,2,59.0,32.0,4.0,58.0,3.0,False,6.037543137244933,22
True,1,5,66.0,50.0,5.0,85.0,2.0,True,0.7417754972551232,87
True,2,5,17.0,71.0,3.0,22.0,4.0,False,0.6805633981354506,35
False,1,2,55.0,48.0,2.0,48.0,4.0,False,6.626923629000775,15
False,3,1,10.0,10.0,5.0,28.0,4.0,False,0.6970878325427005,18
False,2,1,37.0,36.0,2.0,86.0,3.0,False,5.691856244265937,37
True,1,4,60.0,71.0,3.0,99.0,3.0,False,2.5216311488225704,95
True,3,4,86.0,47.0,5.0,43.0,3.0,False,1.83470092484949,62
False,2,4,39.0,49.0,3.0,56.0,1.0,False,4.966354172193602,86
True,2,4,61.0,56.0,3.0,56.0,5.0,False,1.83470092484949,89
True,3,1,10.0,53.0,3.0,29.0,2.0,False,0.5026411473611432,21
False,1,1,45.0,35.0,3.0,95.0,3.0,False,6.980709544370164,36
False,2,3,60.0,37.0,4.0,48.0,5.0,False,3.8122166454795634,134
True,1,5,83.0,68.0,1.0,26.0,2.0,True,1.696003301427357,24
True,3,5,78.0,59.0,2.0,23.0,1.0,False,1.8883914004296893,141
True,2,5,65.0,33.0,1.0,60.0,3.0,False,2.0726804770416267,184
True,1,4,35.0,67.0,5.0,28.0,1.0,False,1.82833409901186,61
True,3,4,3.0,97.0,3.0,97.0,2.0,False,2.577053820955535,63
True,2,5,44.0,52.0,2.0,26.0,3.0,False,3.829067469513273,121
True,3,1,93.0,77.0,3.0,94.0,5.0,False,2.277284770792804,151
False,3,4,89.0,95.0,3.0,31.0,5.0,False,2.93926514834178,118
True,3,5,74.0,72.0,4.0,13.0,5.0,False,3.520546617707227,86
True,2,5,7.0,48.0,5.0,31.0,2.0,False,0.6349719449456463,8
False,2,3,86.0,74.0,5.0,48.0,5.0,False,3.131326857717652,112
True,3,5,13.0,35.0,1.0,49.0,4.0,False,0.5026411473611432,19
False,2,5,84.0,41.0,5.0,52.0,4.0,False,2.20501127462613,157
False,3,1,78.0,70.0,3.0,7.0,1.0,False,2.93893875871532,166
False,3,2,21.0,51.0,1.0,62.0,3.0,False,5.886629319073954,30
True,3,5,83.0,83.0,5.0,10.0,3.0,False,4.138994128245624,139
True,2,5,51.0,43.0,5.0,45.0,5.0,False,3.307190522312735,150
True,3,5,2.0,72.0,5.0,87.0,1.0,False,1.0754972047097353,95
False,2,3,86.0,63.0,1.0,37.0,5.0,False,3.9863481135218812,79
True,3,3,50.0,59.0,5.0,16.0,4.0,False,3.609344548281151,131
False,3,5,22.0,15.0,5.0,72.0,3.0,True,2.1293970163784177,83
False,1,2,95.0,55.0,1.0,34.0,4.0,False,4.092423506176439,183
False,3,4,6.0,52.0,4.0,48.0,5.0,False,1.1376130923067895,24
True,3,5,3.0,43.0,5.0,28.0,2.0,False,0.7943111751334793,7
True,3,5,96.0,74.0,3.0,73.0,2.0,False,5.830880257314531,83
False,2,1,29.0,42.0,1.0,65.0,3.0,False,3.4296901009540783,21
False,2,4,39.0,1.0,5.0,64.0,1.0,False,6.581332175810971,118
True,3,2,82.0,20.0,2.0,59.0,5.0,False,2.7529174855506175,129
False,3,1,63.0,45.0,2.0,16.0,5.0,False,1.0589727703024856,102
True,3,5,71.0,34.0,4.0,3.0,1.0,False,1.8718669660224396,91
False,1,4,70.0,9.0,1.0,57.0,5.0,False,3.106377011293547,105
True,3,5,10.0,14.0,4.0,33.0,5.0,False,1.1997289799038438,19
True,1,5,81.0,48.0,3.0,41.0,2.0,False,0.7943111751334793,121
False,2,5,4.0,48.0,3.0,31.0,5.0,False,1.0403897497160108,8
False,2,1,55.0,49.0,2.0,48.0,3.0,False,5.284706242942808,10
False,3,4,32.0,46.0,1.0,26.0,5.0,False,4.823212986786559,106
False,1,3,10.0,58.0,1.0,58.0,5.0,False,6.043257183829643,85
False,2,1,46.0,29.0,3.0,38.0,1.0,False,2.0122967859973375,120
True,2,4,37.0,61.0,2.0,92.0,5.0,False,5.81370304365436,143
True,1,1,14.0,33.0,3.0,35.0,2.0,True,0.49374713303552,74
True,1,4,22.0,89.0,3.0,87.0,4.0,False,2.6830289651896284,125
False,1,2,34.0,43.0,2.0,59.0,2.0,False,6.918593656773111,8
True,1,4,82.0,35.0,1.0,48.0,2.0,False,2.8579134609053307,173
False,2,5,13.0,30.0,2.0,27.0,5.0,False,0.9266419727179824,8
True,1,1,4.0,21.0,4.0,46.0,1.0,True,1.1527014468279042,49
False,2,4,64.0,22.0,5.0,35.0,5.0,False,3.151968464483352,168
True,2,2,88.0,27.0,1.0,27.0,5.0,False,2.2506027278159344,159
True,3,4,98.0,58.0,4.0,47.0,1.0,False,2.8150333731476715,109
True,3,3,58.0,38.0,5.0,7.0,2.0,False,1.4211840976887307,158
True,2,1,76.0,77.0,5.0,32.0,5.0,False,2.984530211905124,114
False,1,2,58.0,47.0,1.0,48.0,4.0,False,5.962884665272574,18
True,3,4,9.0,53.0,4.0,41.0,5.0,False,0.7943111751334793,15
False,2,3,89.0,51.0,4.0,35.0,3.0,False,0.9266419727179824,75
False,2,1,64.0,86.0,5.0,75.0,1.0,False,2.7964503525611972,166
True,3,2,72.0,23.0,5.0,62.0,2.0,False,3.3275057394519743,110
True,3,5,12.0,49.0,4.0,27.0,2.0,False,1.0673981823193406,16
False,1,4,99.0,70.0,1.0,58.0,4.0,False,1.6423128258471573,115
False,1,2,25.0,42.0,1.0,54.0,3.0,False,5.0926445335669355,16
True,3,5,57.0,54.0,5.0,64.0,1.0,False,2.548639581425901,67
True,3,2,6.0,69.0,4.0,79.0,2.0,True,2.0133093710168724,97
True,3,4,77.0,43.0,3.0,49.0,3.0,False,2.5317887573921904,91
True,1,1,23.0,44.0,3.0,59.0,3.0,False,4.511363064201488,33
False,2,1,7.0,8.0,2.0,33.0,5.0,False,1.2348364348975682,19
False,3,5,7.0,31.0,1.0,44.0,4.0,False,1.102505637313065,13
True,3,3,18.0,78.0,2.0,48.0,5.0,False,1.8097510784253852,68
True,2,5,5.0,29.0,1.0,38.0,5.0,False,0.9431664071252321,9
True,3,3,58.0,25.0,4.0,70.0,5.0,False,2.777867331974722,96
True,3,1,69.0,55.0,5.0,52.0,1.0,False,3.565811681270571,96
False,2,4,10.0,45.0,5.0,33.0,4.0,False,1.1376130923067895,23
True,1,5,78.0,73.0,5.0,77.0,1.0,False,2.0909371080016412,94
True,3,5,8.0,47.0,1.0,30.0,4.0,False,0.6700793999393708,19
True,1,5,17.0,55.0,4.0,13.0,1.0,True,1.318343813753382,111
True,3,1,12.0,54.0,3.0,31.0,2.0,False,0.7943111751334793,18
True,2,5,45.0,78.0,1.0,11.0,2.0,False,2.056156042634377,94
False,3,5,26.0,39.0,2.0,1.0,2.0,False,4.4988204798261835,120
True,2,2,26.0,39.0,1.0,47.0,5.0,False,5.948418817044549,39
False,3,5,3.0,33.0,4.0,30.0,4.0,False,0.6700793999393708,24
False,1,2,34.0,44.0,3.0,75.0,3.0,False,5.470727516107511,8
True,2,1,83.0,64.0,5.0,0.0,4.0,False,3.2123521555276415,128
False,3,4,12.0,55.0,5.0,34.0,5.0,False,0.40541780477036454,18
True,2,1,36.0,33.0,2.0,73.0,3.0,False,4.951888323965577,15
False,2,4,11.0,29.0,3.0,32.0,2.0,False,0.5998644899519219,17
True,3,4,65.0,65.0,1.0,85.0,1.0,True,0.8714066207094948,98
False,3,4,82.0,48.0,2.0,12.0,5.0,False,1.3587418204652164,113
False,2,5,77.0,39.0,3.0,69.0,3.0,False,3.3362575410952893,73
True,3,5,61.0,70.0,5.0,64.0,1.0,False,2.8954058917047405,125
False,3,5,4.0,38.0,3.0,35.0,4.0,False,0.732195287536425,14
True,1,2,69.0,53.0,5.0,71.0,2.0,False,5.751913545683766,114
True,2,2,24.0,53.0,1.0,52.0,1.0,False,4.5089780883958035,27
True,1,5,60.0,61.0,4.0,84.0,2.0,False,1.7810104492692909,112
False,1,2,50.0,39.0,4.0,80.0,3.0,False,4.206824062427388,39
True,3,3,70.0,31.0,3.0,66.0,2.0,False,3.8122166454795634,123
True,3,4,54.0,20.0,2.0,84.0,3.0,False,1.4022746874757956,164
True,3,1,82.0,79.0,5.0,96.0,2.0,False,3.3797904081058685,111
False,1,2,46.0,53.0,3.0,53.0,5.0,False,4.974453194583997,15
True,3,1,66.0,69.0,1.0,21.0,4.0,False,3.6195021568507704,144
False,2,2,56.0,31.0,2.0,53.0,4.0,False,3.5265870539183966,14
False,2,2,23.0,33.0,3.0,60.0,3.0,False,4.182526995256204,146
False,1,2,23.0,44.0,2.0,87.0,1.0,False,5.656748789272212,40
False,3,1,51.0,50.0,5.0,33.0,5.0,False,6.395310902646268,108
True,2,2,12.0,78.0,1.0,27.0,5.0,False,3.4749551645174224,21
True,2,3,48.0,13.0,2.0,35.0,2.0,False,4.496435504020498,39
False,3,2,40.0,30.0,3.0,89.0,3.0,False,4.647349322191477,32
True,3,1,76.0,23.0,5.0,5.0,1.0,False,2.647595120569444,115
False,1,1,90.0,17.0,5.0,47.0,1.0,False,3.9712294860409356,161
True,1,1,75.0,86.0,3.0,79.0,1.0,False,4.156924369579178,16
False,1,2,55.0,47.0,2.0,81.0,3.0,False,4.73075959580715,12
False,3,3,63.0,64.0,1.0,24.0,1.0,False,1.6507382378640125,58
True,2,5,91.0,6.0,3.0,56.0,2.0,False,1.6774202808408822,86
False,3,3,42.0,19.0,5.0,76.0,4.0,False,2.2769583811663434,167
True,3,5,62.0,53.0,5.0,20.0,5.0,False,2.364350504813963,145
False,3,2,34.0,53.0,3.0,78.0,3.0,False,3.3608809978929344,12
True,1,1,54.0,49.0,2.0,83.0,3.0,False,6.997233978777414,20
True,2,2,49.0,37.0,5.0,65.0,2.0,True,1.6712259406453907,65
True,2,5,58.0,68.0,3.0,51.0,3.0,False,3.8203156678699575,109
True,2,1,22.0,42.0,4.0,20.0,2.0,True,1.4835509945102463,75
True,2,3,58.0,32.0,5.0,1.0,2.0,False,2.3019082275904488,113
False,3,4,13.0,25.0,4.0,41.0,4.0,False,0.6349719449456463,9
True,3,2,69.0,28.0,4.0,52.0,4.0,False,3.0445875133229534,90
True,2,3,61.0,13.0,5.0,49.0,5.0,False,3.115128812936862,142
True,2,5,72.0,41.0,2.0,14.0,2.0,True,0.6121443738007516,99
False,2,1,30.0,82.0,3.0,21.0,5.0,False,3.6083653794017705,85
True,3,5,4.0,15.0,4.0,32.0,4.0,False,1.0052822947222864,20
False,3,3,32.0,14.0,5.0,10.0,4.0,False,3.538803248667242,46
True,1,4,0.0,74.0,5.0,55.0,3.0,False,1.623729805260683,45
True,3,4,81.0,38.0,5.0,64.0,4.0,False,2.691127987580024,63
True,3,1,62.0,45.0,1.0,39.0,4.0,False,3.26604263110784,91
True,2,1,84.0,6.0,5.0,36.0,2.0,True,0.6481556172718578,106
True,3,5,78.0,53.0,5.0,20.0,1.0,False,2.337342072210633,103
True,3,5,2.0,25.0,2.0,46.0,5.0,False,0.5998644899519219,14
True,2,2,46.0,52.0,4.0,71.0,5.0,False,3.4026816683507484,115
False,2,1,62.0,36.0,1.0,60.0,4.0,False,5.087874581955566,20
True,3,5,58.0,24.0,2.0,16.0,4.0,False,1.0694567684985654,57
False,2,5,78.0,64.0,5.0,51.0,5.0,False,4.068452828631714,105
True,3,4,36.0,9.0,3.0,21.0,2.0,False,1.615304393243828,95
True,3,4,91.0,58.0,3.0,90.0,2.0,False,3.3882158201227237,134
True,3,1,91.0,23.0,1.0,64.0,1.0,False,2.479830478364756,65
False,3,5,1.0,11.0,4.0,46.0,4.0,False,1.2348364348975682,6
False,3,5,7.0,27.0,5.0,31.0,5.0,False,0.6785048119562258,13
False,1,1,60.0,9.0,5.0,96.0,2.0,False,6.28156312564824,136
True,1,5,9.0,86.0,5.0,91.0,1.0,False,2.7157514443776685,70
True,3,4,52.0,78.0,3.0,60.0,5.0,False,2.788024940544342,96
False,1,5,76.0,45.0,3.0,41.0,5.0,False,2.5956368415420097,136
True,1,2,48.0,43.0,2.0,90.0,1.0,False,4.37632090118484,34
True,3,1,52.0,71.0,4.0,68.0,4.0,False,2.277284770792804,141
True,2,5,5.0,56.0,3.0,27.0,5.0,False,0.5998644899519219,17
False,3,5,54.0,49.0,3.0,78.0,4.0,False,3.423323275116448,147
False,3,5,84.0,97.0,5.0,42.0,3.0,False,3.654609611844495,129
False,1,2,25.0,49.0,3.0,54.0,3.0,False,3.237302001951746,23
True,3,5,60.0,68.0,2.0,95.0,1.0,False,2.4696728697951364,67
True,2,1,47.0,50.0,4.0,71.0,5.0,False,3.334198954916064,171
True,3,1,78.0,46.0,4.0,13.0,1.0,False,2.7427598769809975,135
False,1,1,37.0,30.0,2.0,88.0,3.0,False,4.982552216974392,11
False,3,5,4.0,28.0,3.0,31.0,5.0,False,0.9431664071252321,15
True,3,2,52.0,48.0,2.0,33.0,5.0,False,3.977269922252106,82
True,2,2,98.0,38.0,2.0,21.0,1.0,False,2.2151688831957497,87
True,1,5,87.0,2.0,5.0,61.0,5.0,False,5.064656932084225,62
False,3,5,5.0,34.0,5.0,29.0,2.0,False,1.0589727703024856,14
True,1,2,89.0,44.0,2.0,63.0,2.0,False,2.0909371080016412,111
True,3,1,10.0,17.0,3.0,33.0,4.0,False,0.7673027425301494,18
False,2,1,12.0,54.0,3.0,31.0,5.0,False,1.1376130923067895,16
False,2,5,44.0,70.0,5.0,8.0,1.0,False,2.4633060439575063,177
False,2,1,68.0,92.0,5.0,14.0,3.0,False,4.510383895322108,42
False,2,4,41.0,62.0,4.0,46.0,5.0,False,2.1428953870290757,168
True,2,5,29.0,65.0,2.0,84.0,3.0,False,1.307109931064242,68
True,3,2,61.0,25.0,4.0,84.0,1.0,False,2.858566240158251,58
True,1,5,54.0,85.0,5.0,64.0,2.0,True,0.8934391999191611,123
False,2,5,6.0,12.0,5.0,45.0,4.0,False,1.0673981823193406,7
False,3,1,2.0,50.0,4.0,25.0,5.0,False,1.1376130923067895,7
True,2,5,70.0,42.0,5.0,79.0,1.0,False,3.979654898057791,143
True,3,2,67.0,11.0,1.0,2.0,2.0,False,2.4531484353878863,139
True,3,4,42.0,81.0,1.0,5.0,1.0,False,4.4387631784083545,173
True,3,2,17.0,50.0,1.0,76.0,2.0,False,4.734415056212637,98
False,3,4,12.0,29.0,5.0,24.0,2.0,False,1.0052822947222864,8
True,1,5,85.0,15.0,5.0,46.0,5.0,False,1.385750253068546,124
True,1,1,0.0,73.0,1.0,71.0,2.0,True,1.3651537537450147,152
True,3,4,86.0,32.0,4.0,54.0,4.0,False,2.1635369937947755,138
False,1,4,82.0,18.0,3.0,13.0,5.0,False,4.190299628020138,87
False,3,5,83.0,22.0,5.0,18.0,4.0,False,3.0530129253398086,160
False,1,5,32.0,36.0,4.0,37.0,4.0,False,3.2471332208949057,87
False,3,5,12.0,19.0,5.0,29.0,2.0,False,1.0403897497160108,17
False,1,1,34.0,84.0,2.0,92.0,4.0,False,3.5300514470239266,131
False,2,4,54.0,54.0,2.0,28.0,4.0,False,5.47709434194514,138
True,3,1,24.0,44.0,2.0,69.0,3.0,False,5.948745206671009,37
True,3,2,70.0,54.0,5.0,36.0,1.0,False,3.423323275116448,79
True,3,5,69.0,59.0,5.0,20.0,1.0,False,2.4447230233710315,163
False,2,1,7.0,18.0,3.0,36.0,5.0,False,1.2348364348975682,17
True,1,1,86.0,47.0,4.0,87.0,4.0,False,3.0260044927364786,87
False,1,1,57.0,99.0,5.0,26.0,4.0,False,4.655448344581871,66
False,1,5,76.0,50.0,5.0,41.0,1.0,False,3.406472451082738,168
True,2,4,48.0,42.0,5.0,51.0,5.0,False,2.031206196210272,149
False,3,4,73.0,58.0,5.0,88.0,5.0,False,3.0256781031100184,137
False,3,3,42.0,62.0,1.0,85.0,1.0,True,1.9169447094613072,113
True,3,5,5.0,46.0,3.0,44.0,5.0,False,0.8729514971377832,18
True,3,5,89.0,68.0,3.0,31.0,5.0,False,2.3042932033961336,137
True,2,5,60.0,26.0,3.0,91.0,1.0,False,3.228876589934891,66
True,1,4,68.0,24.0,2.0,17.0,3.0,True,0.7885854372467558,65
True,3,2,51.0,29.0,5.0,74.0,2.0,False,1.9505072880267433,183
True,3,4,42.0,4.0,4.0,35.0,3.0,True,0.6233782564898915,135
True,1,2,2.0,6.0,1.0,19.0,1.0,True,0.6121443738007516,133
True,2,5,99.0,47.0,5.0,56.0,1.0,False,3.009480058329229,121
False,2,5,12.0,35.0,5.0,89.0,1.0,True,2.3774253805980208,132
True,1,2,87.0,65.0,4.0,52.0,2.0,True,0.8466292599275285,157
True,3,5,41.0,42.0,4.0,31.0,2.0,True,0.5185244938174862,107
False,3,5,13.0,38.0,2.0,47.0,5.0,False,0.8108356095407291,12
True,3,5,70.0,44.0,4.0,31.0,4.0,False,1.9586063104171383,118
True,2,5,58.0,85.0,4.0,78.0,3.0,False,3.7251509114584045,169
True,1,1,74.0,33.0,4.0,26.0,2.0,False,1.0586463806760253,68
True,3,4,86.0,46.0,4.0,24.0,3.0,False,4.437030981855589,44
True,2,3,61.0,35.0,5.0,15.0,2.0,False,2.0747390632208518,153
True,2,1,82.0,24.0,1.0,52.0,1.0,False,2.91225671573845,117
True,2,4,41.0,37.0,4.0,83.0,2.0,True,0.6233782564898915,128
True,3,2,62.0,32.0,1.0,57.0,4.0,False,3.32609993252567,136
True,1,2,67.0,34.0,5.0,64.0,1.0,False,2.566896212385915,138
True,3,2,97.0,22.0,3.0,17.0,1.0,False,4.076878240648569,124
False,2,5,3.0,53.0,4.0,39.0,4.0,False,1.3320597774883467,10
True,3,2,88.0,30.0,3.0,33.0,5.0,False,2.4696728697951364,126
True,1,3,10.0,59.0,4.0,11.0,2.0,True,0.9762603833819,119
True,3,2,24.0,39.0,2.0,82.0,4.0,False,5.354921152930257,31
True,2,1,63.0,71.0,3.0,60.0,2.0,False,2.620586687966114,88
False,3,1,45.0,51.0,1.0,67.0,3.0,False,4.114370671447979,12
False,3,4,4.0,52.0,3.0,30.0,5.0,False,1.0052822947222864,16
True,2,4,60.0,72.0,3.0,44.0,3.0,False,0.5026411473611432,131
True,2,5,51.0,61.0,5.0,53.0,3.0,False,1.7023701272649867,64
True,3,2,96.0,77.0,4.0,34.0,5.0,False,2.1365285611914455,120
True,2,5,50.0,29.0,5.0,69.0,1.0,False,3.1667607023378372,169
True,3,5,62.0,43.0,2.0,55.0,4.0,False,3.2039267435107863,111
True,3,4,71.0,42.0,3.0,56.0,3.0,False,1.83470092484949,165
False,2,1,27.0,85.0,3.0,27.0,3.0,False,4.605548651733662,97
True,3,5,65.0,70.0,1.0,61.0,5.0,False,1.1997289799038438,74
False,3,2,30.0,47.0,3.0,83.0,4.0,False,6.370687445848622,19
True,2,4,24.0,21.0,3.0,10.0,3.0,False,1.3341183636675717,25
False,3,3,82.0,5.0,4.0,36.0,4.0,False,4.4529026370099185,124
False,3,5,58.0,14.0,5.0,44.0,5.0,False,2.848082241962171,141
False,2,5,13.0,33.0,4.0,30.0,4.0,False,0.7943111751334793,14
False,2,1,62.0,15.0,5.0,16.0,5.0,False,2.117945540604971,176
False,3,4,75.0,22.0,5.0,73.0,1.0,True,1.166680111089344,91
True,1,1,44.0,49.0,2.0,95.0,4.0,False,4.843854593552259,11
False,3,5,8.0,32.0,1.0,34.0,1.0,False,0.5026411473611432,9
False,2,2,80.0,38.0,3.0,72.0,5.0,False,3.090178966512758,149
False,2,5,11.0,46.0,3.0,46.0,2.0,False,1.0673981823193406,8
True,2,1,27.0,43.0,2.0,58.0,4.0,False,2.57499523477631,23
True,2,1,92.0,70.0,2.0,99.0,1.0,False,2.3660827013667274,107
True,3,4,94.0,74.0,3.0,48.0,4.0,False,2.1699038196324056,73
False,3,4,4.0,34.0,4.0,43.0,1.0,False,0.732195287536425,16
False,2,2,38.0,45.0,2.0,71.0,2.0,False,4.885328874383614,13
False,3,1,21.0,52.0,3.0,45.0,5.0,False,2.3187590516241587,22
True,3,1,51.0,26.0,1.0,36.0,1.0,False,1.967031722433993,139
True,3,3,69.0,9.0,5.0,44.0,2.0,False,4.02253498581545,152
False,3,5,7.0,12.0,2.0,37.0,5.0,False,0.6700793999393708,20
False,1,1,44.0,34.0,2.0,63.0,4.0,False,3.4310959078803833,42
True,1,1,12.0,49.0,2.0,48.0,1.0,True,1.1774788076098703,95
True,3,5,70.0,24.0,4.0,83.0,2.0,True,0.6121443738007516,77
False,3,5,3.0,55.0,2.0,44.0,4.0,False,0.40541780477036454,20
True,2,5,84.0,80.0,3.0,82.0,1.0,True,2.0020754883277325,62
False,2,1,20.0,48.0,2.0,83.0,2.0,False,6.119838919654722,35
False,2,2,40.0,38.0,2.0,82.0,3.0,False,5.454529471326721,13
True,3,5,78.0,74.0,3.0,73.0,4.0,False,1.826275512832635,102
True,2,5,90.0,86.0,5.0,51.0,1.0,False,1.755734213218726,192
True,3,4,75.0,53.0,5.0,31.0,4.0,False,2.9638886051394246,89
False,3,5,92.0,73.0,2.0,71.0,2.0,False,6.2170622622455,26
False,1,2,41.0,50.0,3.0,70.0,4.0,False,4.78000650940244,31
True,2,4,66.0,50.0,4.0,49.0,1.0,False,2.2958677913792784,125
False,1,2,46.0,28.0,4.0,12.0,3.0,False,3.473222967964658,168
True,1,2,82.0,61.0,5.0,44.0,2.0,False,0.37031034977664,165
False,3,2,57.0,41.0,2.0,64.0,5.0,False,2.980413039546675,24
False,3,5,24.0,21.0,3.0,64.0,5.0,False,3.7585261698993637,139
True,1,4,7.0,56.0,4.0,54.0,1.0,False,3.749447978629589,60
True,2,5,46.0,74.0,4.0,54.0,5.0,False,3.5556540727009516,105
False,3,1,10.0,12.0,3.0,28.0,4.0,False,0.40541780477036454,7
True,3,5,88.0,23.0,2.0,53.0,1.0,False,2.5152643229849403,95
False,3,5,13.0,14.0,3.0,40.0,5.0,False,0.5998644899519219,9
True,2,5,55.0,96.0,5.0,51.0,1.0,False,2.5402141694090457,141
False,2,1,7.0,9.0,2.0,41.0,5.0,False,0.8294186301272037,12
True,2,3,63.0,17.0,1.0,33.0,2.0,False,0.8294186301272037,80
True,3,3,68.0,36.0,4.0,80.0,4.0,False,2.0558296530079168,145
True,2,2,87.0,57.0,5.0,67.0,4.0,False,3.0445875133229534,149
False,2,5,11.0,32.0,5.0,26.0,2.0,False,1.3320597774883467,17
True,2,1,99.0,31.0,2.0,99.0,3.0,False,6.686654540792144,66
True,3,5,74.0,63.0,3.0,91.0,1.0,False,3.3983734286923433,105
False,1,2,50.0,30.0,3.0,67.0,4.0,False,3.387889430496264,19
False,3,5,41.0,45.0,5.0,27.0,5.0,False,3.627274789614705,127
True,3,2,38.0,26.0,3.0,8.0,2.0,False,1.8266019024590952,110
True,2,1,5.0,46.0,4.0,48.0,2.0,False,3.7845554336233134,107
False,2,3,70.0,49.0,5.0,67.0,5.0,False,1.8698083798432146,158
False,3,5,12.0,18.0,1.0,42.0,4.0,False,0.8729514971377832,13
True,3,3,42.0,12.0,3.0,29.0,5.0,False,4.3489860789550505,112
True,1,5,58.0,72.0,4.0,18.0,1.0,False,2.330975246373003,150
False,1,1,23.0,42.0,2.0,93.0,3.0,False,4.684841752990886,28
True,1,5,37.0,69.0,1.0,46.0,3.0,True,0.7530093799442632,71
True,3,5,58.0,52.0,4.0,47.0,2.0,False,3.185343722924311,156
True,3,5,90.0,35.0,2.0,59.0,1.0,False,2.771500506137092,80
False,2,1,29.0,44.0,1.0,87.0,3.0,False,4.331708616874415,31
True,1,1,23.0,62.0,4.0,90.0,5.0,False,4.0312867874587655,126
False,2,4,75.0,86.0,3.0,31.0,5.0,False,2.0558296530079168,154
True,2,1,28.0,33.0,2.0,90.0,4.0,False,4.76380846462165,34
True,2,5,76.0,53.0,5.0,15.0,2.0,False,1.8100774680518452,99
True,3,2,89.0,46.0,5.0,73.0,1.0,True,1.8368683075708683,110
True,3,5,13.0,42.0,4.0,25.0,4.0,False,0.9266419727179824,5
True,3,5,58.0,34.0,3.0,39.0,4.0,False,1.7911680578389104,149
False,3,5,45.0,33.0,2.0,6.0,5.0,False,3.1235542249537174,149
False,1,3,3.0,10.0,2.0,41.0,3.0,False,5.1854243141728045,77
True,3,5,44.0,8.0,5.0,33.0,1.0,False,3.404413864903513,119
True,2,3,63.0,21.0,5.0,64.0,1.0,False,2.93893875871532,165
False,3,2,91.0,12.0,3.0,17.0,5.0,False,2.5381555832298206,115
True,3,2,25.0,91.0,3.0,40.0,2.0,False,0.19444668518155733,189
False,1,5,53.0,14.0,5.0,49.0,5.0,False,5.336338132343782,58
True,2,1,89.0,54.0,1.0,61.0,3.0,False,3.0614383373566634,182
False,2,2,89.0,15.0,1.0,19.0,1.0,False,3.597128353532306,84
True,3,5,8.0,37.0,5.0,40.0,4.0,False,0.7943111751334793,13
False,3,5,1.0,54.0,4.0,47.0,1.0,False,1.102505637313065,11
True,3,4,74.0,51.0,5.0,82.0,4.0,False,1.394175665085401,109
True,1,2,73.0,35.0,1.0,56.0,1.0,True,1.0370489876349724,73
False,2,2,71.0,96.0,5.0,66.0,3.0,False,2.930839736324925,142
True,2,5,7.0,49.0,5.0,37.0,2.0,False,0.5377486023548677,15
True,3,5,52.0,56.0,4.0,30.0,2.0,True,0.3528821268920085,103
False,1,4,88.0,5.0,2.0,39.0,4.0,False,3.25555863291176,135
True,1,4,62.0,49.0,5.0,67.0,3.0,False,1.1460385043236445,84
True,1,1,42.0,57.0,1.0,26.0,2.0,False,3.1418108559137323,136
False,3,4,6.0,46.0,2.0,24.0,5.0,False,0.5377486023548677,11
True,3,5,78.0,88.0,4.0,36.0,2.0,True,0.49374713303552,34
True,2,5,55.0,43.0,5.0,0.0,3.0,False,3.4148978630995934,167
False,3,5,5.0,19.0,1.0,49.0,2.0,False,0.9266419727179824,17
True,3,4,5.0,27.0,1.0,48.0,2.0,False,0.732195287536425,7
True,3,3,75.0,60.0,3.0,72.0,1.0,False,3.007421472150004,116
True,3,1,56.0,39.0,5.0,4.0,4.0,False,3.009480058329229,125
False,3,5,10.0,25.0,2.0,29.0,4.0,False,0.8729514971377832,11
True,1,1,17.0,62.0,2.0,16.0,1.0,True,1.4011649972161209,27
True,3,5,64.0,67.0,3.0,68.0,2.0,False,0.9536504053213121,75
False,2,1,38.0,35.0,2.0,77.0,3.0,False,5.146335009147135,31
True,3,2,38.0,39.0,4.0,58.0,2.0,True,1.1419027503073778,21
False,2,2,46.0,9.0,5.0,28.0,3.0,False,2.498739888577691,144
True,2,4,17.0,60.0,2.0,14.0,2.0,False,1.245320433093648,80
True,3,5,85.0,55.0,5.0,6.0,5.0,False,2.6661781411559184,126
False,3,5,9.0,53.0,3.0,39.0,4.0,False,0.8294186301272037,21
False,2,1,45.0,45.0,2.0,74.0,3.0,False,4.739185007824005,37
False,3,5,11.0,8.0,2.0,42.0,5.0,False,0.6349719449456463,24
False,3,5,7.0,60.0,5.0,59.0,1.0,True,0.705764253784017,89
True,2,1,86.0,43.0,5.0,37.0,4.0,False,1.8883914004296893,84
False,2,5,85.0,91.0,3.0,54.0,2.0,False,3.5637530950913465,152
True,1,5,87.0,45.0,4.0,9.0,2.0,False,3.158335290320982,99
False,2,2,42.0,54.0,4.0,76.0,4.0,False,3.7767828008593787,28
True,3,1,63.0,37.0,4.0,39.0,1.0,False,2.471731455974361,125
False,2,4,7.0,3.0,1.0,55.0,4.0,False,5.735062721650057,48
False,2,1,2.0,21.0,2.0,42.0,5.0,False,0.6970878325427005,9
True,2,5,71.0,47.0,1.0,7.0,5.0,False,4.076878240648569,126
False,3,2,50.0,36.0,2.0,98.0,3.0,False,4.624784451573056,37
False,2,2,25.0,38.0,2.0,97.0,4.0,False,5.216549919134584,40
False,2,3,78.0,45.0,5.0,4.0,2.0,False,4.306432380823852,122
False,2,4,93.0,36.0,1.0,41.0,1.0,False,4.082918676859739,79
False,2,2,27.0,38.0,1.0,82.0,4.0,False,4.960313735982432,22
True,1,5,63.0,93.0,5.0,34.0,2.0,False,0.13233079758450317,136
True,3,5,7.0,32.0,2.0,40.0,5.0,False,0.6785048119562258,22
True,2,1,92.0,64.0,4.0,0.0,1.0,False,2.8150333731476715,145
True,3,5,53.0,51.0,3.0,50.0,5.0,False,1.975457134450848,63
False,3,1,5.0,53.0,1.0,43.0,4.0,False,1.2348364348975682,16
True,2,5,33.0,53.0,4.0,87.0,3.0,False,4.029554590906001,86
False,3,2,64.0,58.0,1.0,46.0,2.0,False,3.4317486871333034,46
False,2,3,94.0,42.0,5.0,83.0,4.0,False,4.445130004245985,48
False,3,1,6.0,43.0,4.0,44.0,5.0,False,0.5026411473611432,11
True,1,2,89.0,11.0,4.0,52.0,2.0,True,0.7417754972551232,82
True,1,5,7.0,36.0,5.0,13.0,3.0,False,1.4458075544863753,49
True,1,3,41.0,80.0,2.0,44.0,2.0,False,0.7673027425301494,118
False,3,5,13.0,35.0,1.0,34.0,5.0,False,0.9431664071252321,6
False,3,4,7.0,56.0,4.0,36.0,2.0,False,1.102505637313065,15
True,3,1,52.0,53.0,5.0,98.0,4.0,False,2.0909371080016412,77
False,3,1,35.0,81.0,1.0,37.0,3.0,False,3.1380200731817425,145
True,3,5,87.0,70.0,1.0,36.0,2.0,False,0.9617494277117069,107
False,1,1,49.0,33.0,2.0,90.0,5.0,False,5.355247542556717,10
False,1,2,41.0,53.0,2.0,69.0,3.0,False,3.882105165840552,22
True,2,4,65.0,75.0,1.0,3.0,1.0,False,1.764159625235581,136
True,2,5,23.0,43.0,4.0,40.0,2.0,True,2.366191497908881,109
True,3,1,51.0,29.0,5.0,58.0,1.0,False,1.5700393296804838,93
True,3,4,57.0,74.0,5.0,79.0,4.0,False,2.180061428202025,121
True,1,5,34.0,45.0,5.0,59.0,4.0,False,1.7293785598683167,100
True,3,1,98.0,44.0,3.0,33.0,1.0,False,3.104644814740783,138
False,3,5,7.0,22.0,3.0,34.0,4.0,False,0.5998644899519219,21
True,2,5,42.0,10.0,5.0,15.0,3.0,False,3.592820113873901,191
False,3,5,5.0,56.0,2.0,42.0,4.0,False,0.40541780477036454,10
False,2,3,48.0,5.0,1.0,8.0,2.0,False,3.255885022538221,162
True,1,5,42.0,75.0,5.0,75.0,2.0,False,2.639169708552589,179
False,2,2,30.0,46.0,3.0,71.0,1.0,False,4.930920327573418,30
True,2,1,46.0,36.0,2.0,45.0,4.0,False,5.079775559565171,31
True,3,5,55.0,24.0,4.0,55.0,3.0,False,2.0747390632208518,134
False,1,4,83.0,67.0,1.0,74.0,4.0,False,2.364350504813963,153
False,2,5,72.0,48.0,3.0,29.0,3.0,False,4.041770785654845,124
False,3,5,4.0,13.0,4.0,37.0,5.0,False,0.8729514971377832,14
True,3,3,78.0,16.0,5.0,17.0,1.0,False,2.5959632311684695,115
True,1,4,69.0,6.0,4.0,34.0,1.0,False,1.1747791334797388,106
False,3,2,46.0,12.0,2.0,38.0,5.0,False,3.4830541869078173,124
True,3,4,53.0,76.0,5.0,40.0,2.0,True,1.4119636937366473,123
True,3,5,87.0,35.0,5.0,83.0,3.0,False,2.647595120569444,122
True,3,3,51.0,8.0,4.0,87.0,2.0,True,1.0370489876349724,94
True,3,4,72.0,29.0,3.0,56.0,4.0,False,2.7964503525611972,145
False,3,1,32.0,30.0,2.0,91.0,4.0,False,4.322956815231102,17
False,2,4,66.0,12.0,3.0,32.0,4.0,False,4.200783626216218,160
False,3,4,11.0,29.0,2.0,49.0,5.0,False,0.8645260851209282,19
True,3,5,27.0,72.0,1.0,64.0,4.0,False,2.347499680780253,85
True,3,2,96.0,70.0,4.0,52.0,3.0,False,1.4829735956593246,178
True,3,1,98.0,28.0,2.0,58.0,1.0,False,3.2204511779180365,92
True,2,4,28.0,61.0,5.0,61.0,2.0,False,4.717564232178926,92
True,2,4,13.0,56.0,4.0,45.0,5.0,False,0.6349719449456463,16
True,2,5,63.0,57.0,3.0,44.0,1.0,False,3.3629395840721585,171
True,2,5,33.0,69.0,5.0,97.0,1.0,False,4.2074768416803074,156
True,2,5,98.0,47.0,2.0,72.0,3.0,False,3.5475550503105566,94
True,3,5,55.0,5.0,4.0,2.0,1.0,False,2.781984504333172,156
True,2,4,4.0,41.0,4.0,42.0,5.0,False,0.40541780477036454,21
False,3,5,2.0,13.0,4.0,36.0,5.0,False,1.1376130923067895,3
False,3,5,75.0,56.0,5.0,36.0,1.0,False,2.788024940544342,149
False,2,5,11.0,55.0,4.0,24.0,2.0,False,0.732195287536425,20
True,1,5,69.0,63.0,5.0,77.0,1.0,False,3.6714604358782044,114
False,3,5,13.0,10.0,4.0,24.0,5.0,False,0.8294186301272037,11
True,1,4,24.0,14.0,1.0,89.0,4.0,False,2.656020532586299,90
True,2,1,10.0,74.0,2.0,18.0,2.0,False,5.602731924065553,50
True,2,1,6.0,34.0,3.0,38.0,2.0,False,1.1997289799038438,18
False,2,2,32.0,45.0,1.0,48.0,2.0,False,5.930162186084534,44
False,3,4,2.0,30.0,3.0,40.0,4.0,False,0.5377486023548677,17
True,1,3,6.0,70.0,2.0,61.0,1.0,True,0.7998193199358958,23
False,3,2,21.0,32.0,2.0,46.0,3.0,False,4.409369769999339,30
True,1,2,55.0,5.0,4.0,20.0,2.0,True,1.4947848771993861,94
True,3,3,92.0,41.0,5.0,85.0,1.0,False,3.088120380333533,83
True,3,5,92.0,30.0,5.0,25.0,1.0,False,3.236975612325286,111
False,3,5,14.0,20.0,1.0,31.0,4.0,False,3.5289720297240823,94
False,2,2,59.0,36.0,2.0,64.0,5.0,False,4.2074768416803074,25
True,1,4,43.0,16.0,1.0,15.0,1.0,True,0.5185244938174862,74
False,3,3,11.0,42.0,5.0,17.0,1.0,False,4.196666453857768,88
False,3,4,11.0,13.0,3.0,48.0,5.0,False,0.8108356095407291,14
False,2,4,6.0,36.0,2.0,44.0,4.0,False,0.5377486023548677,13
True,3,5,64.0,58.0,5.0,44.0,3.0,False,1.8448585334191097,148
True,3,5,6.0,38.0,5.0,45.0,5.0,False,1.3320597774883467,13
True,1,1,85.0,51.0,5.0,56.0,5.0,False,3.9361220310472107,140
True,3,1,90.0,28.0,2.0,88.0,1.0,False,2.9659471913186493,104
False,3,4,6.0,41.0,4.0,43.0,4.0,False,0.7673027425301494,21
True,2,3,56.0,67.0,4.0,57.0,1.0,False,2.4447230233710315,79
False,2,5,8.0,24.0,5.0,89.0,3.0,True,0.3641160095811484,111
True,2,1,18.0,8.0,3.0,37.0,1.0,False,1.5531885056467736,133
False,3,1,1.0,29.0,2.0,27.0,4.0,False,0.9431664071252321,20
True,1,4,63.0,32.0,5.0,64.0,2.0,False,3.088120380333533,149
False,3,2,57.0,42.0,2.0,49.0,3.0,False,4.561262757049699,32
False,1,3,77.0,97.0,2.0,96.0,1.0,False,3.6255425930619403,151
False,2,5,9.0,55.0,2.0,36.0,4.0,False,0.7673027425301494,16
True,1,1,21.0,43.0,2.0,53.0,3.0,False,5.270240394714783,41
True,3,4,17.0,34.0,4.0,54.0,2.0,True,0.8826405033986346,160
True,2,2,10.0,33.0,3.0,59.0,1.0,True,0.5405570730271527,23
True,2,5,72.0,52.0,1.0,1.0,5.0,False,1.6689948688240273,134
False,2,2,45.0,41.0,1.0,71.0,2.0,False,4.711523795967755,36
False,3,1,37.0,46.0,2.0,75.0,3.0,False,3.588702941515451,18
False,3,2,21.0,32.0,2.0,94.0,2.0,False,4.854664981374799,34
True,1,1,81.0,37.0,5.0,47.0,4.0,False,3.125286421506482,120
True,2,2,73.0,62.0,4.0,47.0,2.0,True,1.6712259406453907,44
False,2,5,5.0,9.0,5.0,41.0,2.0,False,0.9617494277117069,12
True,3,5,11.0,47.0,5.0,26.0,2.0,False,0.9701748397285618,20
True,3,1,6.0,49.0,2.0,36.0,5.0,False,0.732195287536425,15
False,2,1,48.0,42.0,2.0,83.0,1.0,False,5.205739531312044,25
False,3,3,17.0,10.0,3.0,64.0,1.0,True,2.1649730736809105,71
False,2,5,1.0,56.0,4.0,26.0,5.0,False,1.3320597774883467,7
True,3,5,78.0,37.0,3.0,30.0,1.0,False,2.3724495272043575,127
True,1,5,84.0,20.0,3.0,91.0,4.0,False,1.6672626722712622,41
False,1,2,43.0,31.0,1.0,91.0,2.0,False,6.19482378125354,3
False,3,4,75.0,73.0,1.0,66.0,1.0,False,3.7221131563997987,164
True,3,5,5.0,46.0,3.0,33.0,5.0,False,0.8645260851209282,6
False,3,4,64.0,7.0,5.0,39.0,3.0,False,1.7023701272649867,156
True,2,1,10.0,18.0,2.0,26.0,4.0,False,0.9431664071252321,18
False,3,1,2.0,48.0,5.0,32.0,4.0,False,1.0589727703024856,14
True,2,4,68.0,53.0,4.0,36.0,3.0,True,0.6481556172718578,46
False,3,2,35.0,28.0,1.0,1.0,5.0,False,3.1670870919642966,95
False,3,3,58.0,35.0,5.0,68.0,5.0,False,5.4767679523186805,71
True,3,4,98.0,67.0,2.0,68.0,1.0,False,3.4500053180933175,143
True,3,1,51.0,71.0,4.0,94.0,1.0,False,4.895160093326773,71
True,3,5,77.0,30.0,4.0,14.0,4.0,False,2.9557895827490297,124
True,3,1,76.0,32.0,5.0,44.0,1.0,False,3.687984870285455,144
True,3,4,66.0,29.0,4.0,11.0,1.0,False,1.826275512832635,106
False,3,5,45.0,30.0,5.0,79.0,1.0,True,1.1527014468279042,99
True,3,5,61.0,72.0,2.0,31.0,2.0,True,1.7072371841164968,151
False,1,1,32.0,41.0,4.0,79.0,1.0,False,5.276933610178873,7
False,3,1,4.0,33.0,2.0,37.0,5.0,False,0.8108356095407291,18
True,1,5,24.0,95.0,2.0,93.0,5.0,False,2.20501127462613,80
True,3,1,66.0,21.0,4.0,61.0,2.0,False,2.930839736324925,96
True,1,3,51.0,21.0,5.0,23.0,3.0,False,1.2534194554840428,154
True,3,4,53.0,36.0,4.0,45.0,5.0,False,2.0828380856112467,107
True,3,4,98.0,38.0,4.0,88.0,1.0,False,2.769441919957867,97
True,1,5,90.0,73.0,3.0,91.0,2.0,False,5.865334933055335,100
True,2,3,92.0,63.0,2.0,72.0,1.0,False,2.6040622535588644,103
True,3,5,65.0,42.0,4.0,39.0,4.0,False,1.8799659884128341,113
True,3,5,13.0,11.0,1.0,30.0,5.0,False,0.8729514971377832,10
False,3,1,20.0,52.0,4.0,75.0,4.0,False,6.494592831416271,43
False,2,5,67.0,96.0,5.0,20.0,1.0,False,3.1421372455401917,150
False,3,1,4.0,10.0,4.0,27.0,5.0,False,0.6349719449456463,6
False,3,5,6.0,18.0,5.0,27.0,5.0,False,0.6700793999393708,11
False,3,4,76.0,14.0,5.0,71.0,3.0,True,1.1419027503073778,93
False,3,1,33.0,49.0,2.0,82.0,3.0,False,4.7881055317928345,26
True,3,5,6.0,46.0,3.0,45.0,5.0,False,0.7757281545470045,9
True,2,4,59.0,17.0,5.0,21.0,3.0,True,0.907417864180601,149
False,3,5,3.0,36.0,4.0,29.0,5.0,False,0.7757281545470045,14
True,3,4,80.0,38.0,4.0,2.0,4.0,False,2.839983219571777,92
False,1,1,48.0,46.0,2.0,63.0,4.0,False,5.533496182957485,35
True,3,5,4.0,36.0,3.0,47.0,5.0,False,0.732195287536425,10
True,3,1,52.0,39.0,3.0,45.0,1.0,False,3.8031384542097877,145
False,1,2,11.0,68.0,1.0,18.0,5.0,False,1.1291876802899345,86
False,3,2,13.0,10.0,5.0,64.0,1.0,True,0.0,94
True,3,4,70.0,48.0,4.0,78.0,1.0,False,3.1232278353272576,108
True,3,5,53.0,45.0,5.0,7.0,5.0,False,1.0154399032919061,155
False,2,2,80.0,14.0,5.0,55.0,5.0,False,4.279423948220522,143
True,2,2,71.0,32.0,3.0,47.0,1.0,False,3.3507233893233144,128
False,3,5,31.0,80.0,5.0,5.0,2.0,False,3.8719475572709325,80
False,3,3,78.0,72.0,5.0,45.0,5.0,False,2.7424334873545377,59
True,1,3,72.0,71.0,4.0,4.0,5.0,False,2.107787932035351,59
True,1,1,35.0,89.0,5.0,43.0,3.0,False,4.374262315005614,56
True,3,4,36.0,72.0,5.0,61.0,1.0,False,3.5556540727009516,63
False,2,5,13.0,10.0,5.0,35.0,4.0,False,1.1997289799038438,21
False,2,2,54.0,32.0,2.0,67.0,3.0,False,5.876145320877875,27
False,1,1,54.0,43.0,2.0,90.0,2.0,False,4.290234336043062,20
True,3,2,89.0,25.0,4.0,10.0,2.0,False,1.1828781558701338,93
True,1,5,67.0,54.0,3.0,38.0,1.0,False,1.1210886578995396,126
True,1,5,88.0,57.0,1.0,55.0,2.0,True,1.389931114526981,50
False,3,5,9.0,56.0,4.0,46.0,5.0,False,0.9080589521315077,13
False,3,1,3.0,53.0,3.0,34.0,4.0,False,0.9080589521315077,12
True,1,1,56.0,35.0,2.0,69.0,5.0,False,4.563321343228923,20
False,3,2,65.0,52.0,1.0,78.0,5.0,False,2.8147069835212113,153
True,1,3,40.0,7.0,5.0,58.0,4.0,False,3.4250554716692134,113
True,3,5,1.0,46.0,5.0,34.0,5.0,False,0.9266419727179824,7
True,3,4,82.0,40.0,2.0,42.0,5.0,False,1.385750253068546,37
False,3,3,11.0,91.0,3.0,51.0,5.0,False,3.9151540346550515,7
False,2,4,4.0,20.0,4.0,40.0,4.0,False,1.0052822947222864,8
True,1,5,59.0,57.0,3.0,75.0,3.0,False,3.729132761490349,61
True,3,4,17.0,56.0,2.0,35.0,2.0,False,1.7914944474653705,142
True,2,1,64.0,46.0,4.0,93.0,1.0,False,2.55847080036906,111
True,1,4,67.0,48.0,4.0,89.0,2.0,False,2.8936736951519757,121
True,1,5,28.0,64.0,5.0,67.0,4.0,False,2.639169708552589,67
False,2,1,52.0,44.0,2.0,77.0,3.0,False,4.8502214193898885,17
False,1,2,39.0,36.0,2.0,46.0,4.0,False,3.6258689826884005,17
True,2,4,65.0,57.0,3.0,73.0,1.0,False,2.769441919957867,79
True,3,5,90.0,11.0,5.0,69.0,3.0,False,1.693944715248132,160
False,1,1,30.0,35.0,2.0,56.0,3.0,False,3.4152242527260537,28
True,3,4,99.0,71.0,4.0,86.0,1.0,False,2.769441919957867,115
False,3,5,5.0,54.0,1.0,44.0,5.0,False,1.0052822947222864,8
False,1,2,80.0,16.0,4.0,17.0,1.0,False,2.8298256110021565,132
True,2,5,5.0,10.0,4.0,35.0,4.0,False,0.732195287536425,8
False,1,1,43.0,32.0,3.0,83.0,3.0,False,4.641308885980306,40
False,3,1,12.0,17.0,5.0,25.0,4.0,False,0.7673027425301494,3
False,1,2,36.0,32.0,3.0,78.0,1.0,False,5.47138029536043,35
False,1,4,98.0,3.0,1.0,59.0,5.0,False,2.3829335254004373,86
True,2,1,60.0,53.0,4.0,74.0,1.0,False,3.5036957936735167,162
True,2,5,59.0,37.0,4.0,85.0,1.0,False,2.9206821277553052,91
False,1,1,46.0,33.0,2.0,95.0,1.0,False,5.762723933506306,27
True,3,1,79.0,77.0,4.0,32.0,5.0,False,2.20501127462613,114
False,1,4,6.0,57.0,5.0,38.0,1.0,False,3.2468068312684455,143
False,2,2,58.0,34.0,3.0,72.0,1.0,False,5.001461627187327,21
False,1,1,51.0,46.0,3.0,75.0,4.0,False,4.4468622007987495,39
False,3,5,7.0,39.0,4.0,46.0,4.0,False,1.0052822947222864,4
False,3,5,4.0,44.0,2.0,27.0,2.0,False,0.9080589521315077,7
True,3,4,26.0,98.0,3.0,11.0,2.0,False,2.117945540604971,97
True,3,1,69.0,71.0,2.0,30.0,1.0,True,0.6481556172718578,66
False,2,1,2.0,36.0,3.0,36.0,4.0,False,0.5026411473611432,14
True,2,5,83.0,2.0,1.0,37.0,5.0,False,3.4148978630995934,103
True,2,1,48.0,46.0,3.0,88.0,3.0,False,2.9638886051394246,25
True,2,4,80.0,52.0,1.0,96.0,5.0,False,2.858566240158251,87
True,2,3,33.0,29.0,5.0,41.0,4.0,False,3.8193364989905776,139
False,3,1,4.0,39.0,5.0,27.0,2.0,False,0.5377486023548677,17
True,3,5,63.0,29.0,3.0,25.0,4.0,False,2.4696728697951364,85
False,3,5,79.0,25.0,5.0,59.0,1.0,True,2.529089083262059,27
True,2,5,74.0,30.0,5.0,70.0,2.0,False,3.777109190485839,177
False,1,2,51.0,38.0,4.0,55.0,3.0,False,3.7420017354921145,21
False,2,1,59.0,41.0,3.0,52.0,4.0,False,3.464797555947803,34
False,1,2,18.0,99.0,1.0,95.0,5.0,False,4.174101583239349,73
True,1,5,7.0,23.0,1.0,13.0,1.0,True,0.6481556172718578,96
False,3,1,53.0,32.0,2.0,79.0,5.0,False,5.716806090690041,41
False,2,5,3.0,53.0,4.0,44.0,4.0,False,0.732195287536425,17
True,3,1,95.0,83.0,2.0,51.0,1.0,False,4.206824062427388,126
False,3,5,18.0,49.0,3.0,94.0,1.0,True,1.210745269508677,116
True,2,2,87.0,18.0,1.0,28.0,3.0,False,4.199051429663453,87
False,2,3,77.0,94.0,3.0,63.0,4.0,False,2.649653706748669,160
True,1,1,18.0,63.0,4.0,25.0,2.0,True,0.7169981364731569,121
True,2,1,5.0,3.0,3.0,42.0,2.0,False,1.1295140699163946,139
True,2,2,87.0,42.0,1.0,71.0,4.0,False,3.7146669132623242,158
False,2,1,5.0,27.0,4.0,26.0,2.0,False,0.40541780477036454,22
True,2,2,37.0,64.0,2.0,30.0,5.0,False,0.945224993304457,117
True,1,5,8.0,21.0,4.0,88.0,2.0,True,1.1306688676182377,112
True,3,5,1.0,35.0,1.0,44.0,2.0,False,0.7943111751334793,21
False,2,5,62.0,52.0,5.0,74.0,5.0,False,2.099362520018496,109
False,3,5,11.0,34.0,3.0,28.0,5.0,False,1.3320597774883467,20
True,1,5,39.0,26.0,2.0,43.0,2.0,False,1.1666801110893439,92
False,3,5,2.0,54.0,3.0,34.0,2.0,False,0.8108356095407291,8
True,2,2,53.0,67.0,3.0,3.0,2.0,False,1.1207622682730796,74
False,3,5,12.0,35.0,3.0,36.0,4.0,False,0.6700793999393708,23
True,3,4,3.0,23.0,4.0,30.0,5.0,False,0.40541780477036454,5
False,2,2,25.0,34.0,3.0,71.0,3.0,False,3.836840102277208,23
True,1,2,40.0,64.0,4.0,56.0,4.0,False,1.4292831200791254,149
True,2,4,53.0,84.0,3.0,57.0,2.0,True,0.12963112345437156,33
False,3,4,23.0,31.0,2.0,28.0,3.0,False,4.260188148381127,79
False,3,4,9.0,31.0,2.0,26.0,4.0,False,0.732195287536425,8
True,2,3,95.0,67.0,4.0,13.0,2.0,False,4.605875041360122,109
True,3,5,54.0,65.0,2.0,28.0,5.0,False,2.285710182809659,83
False,2,2,85.0,32.0,4.0,43.0,2.0,False,4.711523795967755,64
True,3,4,60.0,73.0,4.0,92.0,5.0,False,3.617769960298006,67
True,3,5,7.0,42.0,2.0,48.0,5.0,False,0.6700793999393708,10
False,2,5,75.0,48.0,5.0,0.0,5.0,False,3.8490562970260527,129
True,2,4,50.0,78.0,5.0,75.0,5.0,False,2.471731455974361,85
False,2,2,22.0,44.0,3.0,70.0,1.0,False,5.921410384441219,33
False,3,3,95.0,68.0,3.0,79.0,4.0,False,1.7665446010412658,86
True,1,5,76.0,21.0,3.0,43.0,1.0,False,2.639169708552589,140
True,3,5,74.0,78.0,4.0,77.0,4.0,False,2.9020991071688305,130
False,3,5,12.0,19.0,5.0,35.0,4.0,False,0.9080589521315077,8
True,1,5,39.0,38.0,1.0,19.0,5.0,False,4.815440354022625,78
False,2,4,4.0,37.0,3.0,38.0,2.0,False,0.9266419727179824,13
True,2,2,48.0,9.0,4.0,80.0,2.0,True,0.7417754972551232,157
False,3,1,54.0,42.0,2.0,93.0,3.0,False,5.636107182506513,36
True,3,3,20.0,15.0,1.0,94.0,4.0,False,5.2495987879490835,13
False,2,5,10.0,75.0,5.0,78.0,3.0,True,0.9762603833819,124
False,2,4,52.0,40.0,3.0,3.0,3.0,False,3.077636382137453,179
True,3,2,84.0,21.0,5.0,51.0,4.0,False,2.9020991071688305,91
False,2,5,40.0,96.0,2.0,66.0,4.0,False,2.107787932035351,132
True,3,5,84.0,38.0,2.0,42.0,5.0,False,3.944547443064066,108
True,3,4,55.0,29.0,4.0,18.0,5.0,False,2.920355738128845,159
False,2,4,10.0,49.0,4.0,25.0,5.0,False,1.3320597774883467,15
False,2,2,20.0,42.0,3.0,72.0,4.0,False,4.207150452053847,28
True,3,4,6.0,50.0,2.0,39.0,2.0,False,1.0673981823193406,13
True,3,5,65.0,32.0,5.0,66.0,5.0,False,3.0634969235358884,170
True,1,4,92.0,36.0,4.0,27.0,2.0,False,1.9133412468537938,127
False,2,2,42.0,39.0,4.0,64.0,4.0,False,4.550125979600698,15
True,3,1,72.0,52.0,1.0,68.0,1.0,False,3.6714604358782044,121
True,2,4,30.0,10.0,5.0,21.0,1.0,False,1.3506427980748215,17
False,2,4,6.0,40.0,4.0,35.0,5.0,False,1.1376130923067895,8
True,2,5,50.0,18.0,3.0,54.0,5.0,False,3.8925891640366315,146
False,2,5,7.0,21.0,2.0,37.0,1.0,False,0.8294186301272037,13
False,2,5,93.0,70.0,4.0,58.0,2.0,False,4.250683319064427,114
True,2,4,13.0,44.0,1.0,34.0,5.0,False,0.5026411473611432,18
True,2,3,69.0,15.0,5.0,46.0,3.0,False,2.727967639126512,154
True,3,3,80.0,75.0,5.0,27.0,2.0,True,0.3641160095811484,135
False,2,2,40.0,44.0,5.0,71.0,2.0,True,0.6949655572634905,71
True,3,5,55.0,15.0,3.0,35.0,1.0,True,1.307109931064242,76
True,1,1,95.0,52.0,5.0,1.0,4.0,False,3.344682953112144,121
False,1,4,77.0,14.0,2.0,88.0,4.0,False,3.99617933246504,50
False,3,5,3.0,14.0,1.0,30.0,4.0,False,0.9266419727179824,3
False,2,4,6.0,24.0,4.0,47.0,1.0,False,0.5026411473611432,4
True,3,4,3.0,35.0,4.0,32.0,5.0,False,0.9431664071252321,22
True,2,4,17.0,39.0,5.0,36.0,2.0,True,1.166680111089344,134
True,3,4,94.0,51.0,1.0,72.0,5.0,False,2.4531484353878863,112
False,3,5,70.0,67.0,1.0,34.0,2.0,False,3.5016372074942925,139
True,2,1,33.0,60.0,2.0,39.0,4.0,False,5.478826538497905,102
True,3,5,88.0,59.0,1.0,82.0,1.0,False,2.8234587851645268,84
True,3,1,13.0,7.0,5.0,26.0,3.0,True,0.38889337036311467,63
True,2,2,32.0,34.0,1.0,41.0,2.0,True,1.4119636937366473,75
False,2,1,34.0,45.0,2.0,60.0,2.0,False,5.681698635696317,13
False,2,5,30.0,64.0,4.0,66.0,2.0,False,5.8659877123082556,19
False,1,3,55.0,48.0,5.0,43.0,3.0,False,3.6444520032748753,129
True,1,5,51.0,46.0,1.0,32.0,3.0,False,2.566896212385915,120
True,1,4,67.0,8.0,4.0,15.0,1.0,True,1.2602999910726094,53
True,2,4,42.0,38.0,3.0,98.0,5.0,False,4.4732178541491585,143
True,1,5,62.0,14.0,3.0,11.0,1.0,True,0.0,139
True,2,5,76.0,75.0,4.0,28.0,2.0,False,2.628685710356509,130
False,3,5,9.0,20.0,2.0,43.0,5.0,False,0.732195287536425,8
True,3,5,89.0,55.0,3.0,54.0,3.0,False,2.6661781411559184,149
True,2,3,60.0,63.0,2.0,0.0,2.0,False,4.5710939759928575,154
True,1,2,29.0,52.0,2.0,71.0,4.0,False,3.2268180037556657,28
True,3,1,40.0,53.0,3.0,13.0,1.0,True,1.1774788076098703,40
True,1,5,54.0,35.0,4.0,49.0,1.0,False,5.231342156989069,162
True,3,1,79.0,75.0,3.0,91.0,1.0,False,3.441906295702923,104
False,2,4,92.0,12.0,2.0,88.0,1.0,False,5.0875481923291055,89
False,1,2,25.0,49.0,4.0,80.0,3.0,False,4.095787650861504,21
False,3,5,1.0,13.0,2.0,49.0,1.0,False,1.3320597774883467,5
False,3,4,36.0,93.0,4.0,55.0,5.0,False,4.799995336915219,68
False,2,4,55.0,27.0,5.0,87.0,2.0,False,3.4999050109415273,76
True,2,5,26.0,42.0,3.0,55.0,5.0,False,1.604820395047748,80
True,3,5,86.0,25.0,5.0,30.0,1.0,False,2.275226184613579,137
False,3,5,22.0,0.0,3.0,64.0,3.0,True,1.2575552095003095,93
True,1,5,79.0,39.0,2.0,61.0,2.0,False,3.714993302888784,99
True,3,4,58.0,45.0,3.0,23.0,4.0,False,2.726235442573748,149
True,3,1,9.0,45.0,2.0,36.0,5.0,False,1.3320597774883467,24
True,1,2,55.0,79.0,1.0,14.0,1.0,False,1.536990460865984,119
False,3,1,13.0,39.0,2.0,38.0,4.0,False,0.8645260851209282,8
False,1,2,22.0,38.0,4.0,79.0,3.0,False,4.906296870775773,21
False,2,4,90.0,62.0,3.0,48.0,5.0,False,3.151968464483352,70
True,2,5,52.0,21.0,2.0,36.0,5.0,False,1.8883914004296893,119
False,1,2,25.0,57.0,2.0,70.0,5.0,False,3.6883112599119143,95
False,2,2,36.0,32.0,4.0,34.0,5.0,False,3.239034198504511,68
False,1,2,16.0,45.0,2.0,47.0,5.0,False,4.5373923279254385,73
True,3,3,84.0,72.0,3.0,61.0,4.0,False,1.0589727703024856,133
True,3,4,58.0,44.0,5.0,84.0,4.0,False,2.5149379333584805,114
True,2,1,76.0,52.0,1.0,42.0,1.0,True,1.083858927626605,32
True,3,1,40.0,43.0,2.0,78.0,3.0,False,6.203249193270395,19
True,1,4,72.0,87.0,4.0,26.0,1.0,True,2.0601193110085054,18
True,2,2,36.0,30.0,2.0,82.0,3.0,False,4.616685429182661,36
False,3,5,11.0,9.0,2.0,42.0,2.0,False,0.6700793999393708,14
True,1,5,91.0,70.0,3.0,51.0,2.0,False,3.4854391627135026,130
False,1,5,96.0,49.0,1.0,85.0,2.0,False,4.957275980923827,99
True,3,4,94.0,74.0,4.0,54.0,1.0,False,3.714993302888784,118
False,2,4,62.0,12.0,3.0,37.0,2.0,False,2.4696728697951364,194
False,3,5,10.0,29.0,2.0,29.0,4.0,False,0.9617494277117069,16
False,1,1,49.0,53.0,2.0,75.0,4.0,False,4.957602370550287,18
True,1,2,54.0,31.0,3.0,71.0,3.0,False,4.226059862266783,32
True,1,2,51.0,50.0,4.0,81.0,3.0,True,0.907417864180601,76
True,2,1,82.0,67.0,1.0,38.0,5.0,False,3.865907121059762,71
False,2,1,4.0,26.0,1.0,29.0,2.0,False,1.3320597774883467,20
False,1,1,99.0,6.0,3.0,25.0,3.0,False,4.3949039217713155,149
False,2,5,10.0,20.0,3.0,32.0,5.0,False,0.7943111751334793,21
False,2,1,68.0,73.0,3.0,42.0,5.0,False,3.274468043124695,129
True,2,1,5.0,0.0,3.0,1.0,2.0,False,0.29167002777233597,113
False,1,1,52.0,46.0,2.0,74.0,1.0,False,3.791575038713863,34
True,3,5,93.0,22.0,5.0,51.0,3.0,False,1.1832045454965938,148
True,1,2,71.0,73.0,1.0,30.0,2.0,False,1.967031722433993,117
True,3,5,6.0,39.0,5.0,42.0,4.0,False,0.9701748397285618,12
True,2,5,41.0,26.0,1.0,51.0,1.0,False,2.998996060133149,109
False,3,2,24.0,46.0,2.0,92.0,4.0,False,5.4359464507402455,11
True,2,1,36.0,37.0,3.0,68.0,4.0,False,5.406553042331232,33
True,1,3,64.0,76.0,5.0,34.0,4.0,False,1.7206267582250014,170
False,3,4,4.0,40.0,2.0,39.0,5.0,False,0.9701748397285618,16
True,3,5,5.0,32.0,1.0,37.0,5.0,False,1.2348364348975682,21
True,1,2,17.0,73.0,5.0,42.0,2.0,True,0.6481556172718578,71
False,3,4,4.0,23.0,2.0,31.0,4.0,False,1.2348364348975682,5
True,3,1,85.0,34.0,4.0,27.0,5.0,False,2.3289166601937783,121
True,3,1,84.0,57.0,3.0,24.0,1.0,False,3.3983734286923433,98
True,3,3,93.0,38.0,5.0,60.0,5.0,False,3.714993302888784,80
False,2,5,87.0,91.0,3.0,54.0,4.0,False,3.2001359607787965,79
True,3,2,56.0,55.0,3.0,70.0,1.0,False,3.617769960298006,123
True,3,5,95.0,56.0,3.0,65.0,1.0,False,1.156196112893264,57
False,2,1,33.0,51.0,2.0,61.0,5.0,False,4.569035389813632,29
False,1,1,32.0,37.0,2.0,78.0,3.0,False,4.976185391136761,30
True,1,4,9.0,72.0,1.0,57.0,2.0,False,6.28156312564824,92
True,3,2,32.0,42.0,2.0,67.0,5.0,False,1.4397671182752054,64
False,2,5,82.0,62.0,4.0,70.0,5.0,False,2.407556982198082,155
True,1,1,59.0,41.0,2.0,53.0,4.0,False,5.5784348568943685,41
True,2,5,77.0,35.0,3.0,73.0,2.0,True,1.2963112345437156,91
True,2,1,74.0,21.0,4.0,44.0,3.0,False,0.6616539879225158,171
False,3,5,11.0,37.0,4.0,29.0,5.0,False,1.0673981823193406,15
True,2,5,20.0,23.0,1.0,39.0,2.0,True,1.059081566844639,136
True,2,2,56.0,30.0,3.0,48.0,4.0,False,1.6588372602544075,144
True,1,5,62.0,58.0,3.0,45.0,1.0,False,3.4854391627135026,121
False,3,4,11.0,53.0,4.0,36.0,5.0,False,0.9617494277117069,10
False,3,4,44.0,9.0,3.0,62.0,2.0,True,1.0010377441638663,109
False,2,2,53.0,37.0,2.0,84.0,4.0,False,4.109927109463069,22
False,3,5,12.0,16.0,1.0,40.0,4.0,False,1.102505637313065,6
False,2,2,26.0,51.0,2.0,95.0,5.0,False,5.18144246414086,23
False,3,5,7.0,50.0,4.0,39.0,5.0,False,0.8729514971377832,13
True,3,5,67.0,16.0,5.0,63.0,4.0,False,1.4458075544863753,104
False,1,2,81.0,82.0,3.0,41.0,5.0,False,6.6950799528089995,119
False,1,2,14.0,53.0,4.0,50.0,2.0,False,4.605548651733662,104
True,2,5,54.0,83.0,5.0,68.0,1.0,False,2.5851528433459294,105
False,1,5,55.0,55.0,4.0,59.0,3.0,False,4.357737880598366,76
False,1,4,31.0,87.0,2.0,34.0,1.0,False,1.8964904228200843,95
False,2,2,95.0,12.0,2.0,12.0,4.0,False,5.379870999354362,158
False,3,3,96.0,19.0,4.0,79.0,3.0,True,1.387186332954681,105
True,3,1,73.0,32.0,2.0,23.0,4.0,False,1.3506427980748215,52
False,3,5,4.0,52.0,5.0,28.0,5.0,False,1.1376130923067895,20
False,2,1,21.0,52.0,1.0,52.0,1.0,False,5.019718258147341,6
True,3,3,70.0,44.0,4.0,23.0,2.0,True,1.0230703233735325,61
True,3,5,54.0,50.0,3.0,70.0,3.0,False,1.9420818760098886,71
False,2,4,3.0,15.0,4.0,45.0,4.0,False,1.0403897497160108,24
True,2,2,68.0,48.0,2.0,60.0,4.0,False,2.161478407615551,130
False,3,5,4.0,56.0,3.0,39.0,5.0,False,0.9266419727179824,21
True,2,3,44.0,91.0,1.0,49.0,2.0,False,3.3464151496649093,130
False,1,1,51.0,41.0,2.0,49.0,5.0,False,4.947444761980668,32
True,1,2,16.0,49.0,1.0,1.0,2.0,False,3.8649279521803814,74
False,2,1,56.0,58.0,3.0,88.0,5.0,False,2.0828380856112467,113
False,1,2,37.0,44.0,2.0,86.0,3.0,False,4.506919502216579,34
True,3,1,53.0,99.0,3.0,52.0,5.0,False,1.826275512832635,174
True,3,5,52.0,72.0,5.0,28.0,1.0,False,3.5742370932874263,120
True,1,2,45.0,59.0,3.0,32.0,2.0,False,1.8245433162798705,108
True,2,5,63.0,95.0,5.0,1.0,5.0,False,2.779599528527487,115
False,1,1,56.0,77.0,3.0,52.0,2.0,False,4.084650873412505,81
False,2,1,72.0,67.0,5.0,57.0,1.0,False,2.2668007725967243,105
True,2,5,57.0,2.0,5.0,72.0,2.0,False,3.8490562970260527,84
False,1,2,45.0,37.0,2.0,98.0,3.0,False,4.182526995256204,35
True,3,5,11.0,40.0,2.0,31.0,5.0,False,1.0589727703024856,24
True,3,5,24.0,37.0,3.0,4.0,5.0,False,0.29167002777233597,96
False,3,2,27.0,48.0,2.0,90.0,3.0,False,5.071676537174776,28
False,3,1,12.0,19.0,4.0,28.0,5.0,False,1.3320597774883467,15
True,1,2,85.0,5.0,5.0,69.0,1.0,False,2.7363930511433674,66
True,2,5,58.0,97.0,5.0,63.0,1.0,False,2.151320799045931,140
True,2,2,64.0,50.0,5.0,2.0,4.0,False,1.4913990076761796,150
True,2,4,71.0,69.0,5.0,67.0,5.0,False,2.0203958083877325,107
False,3,3,46.0,88.0,4.0,69.0,5.0,False,4.07276106829012,60
False,1,1,28.0,38.0,3.0,92.0,2.0,False,6.327480968464504,16
True,1,2,75.0,85.0,5.0,28.0,2.0,False,1.1045642234922899,93
True,1,2,39.0,47.0,4.0,97.0,1.0,False,6.394984513019807,44
True,3,5,17.0,76.0,5.0,36.0,2.0,False,0.09722334259077867,134
False,1,2,45.0,46.0,1.0,57.0,3.0,False,5.479152928124366,39
True,1,2,33.0,52.0,2.0,66.0,3.0,False,3.994120746285816,21
True,3,4,63.0,63.0,3.0,55.0,4.0,False,2.990897037742754,115
True,3,4,33.0,72.0,2.0,27.0,2.0,True,0.7530093799442632,85
True,1,2,1.0,14.0,4.0,34.0,2.0,True,0.0,4
False,2,4,58.0,52.0,4.0,96.0,1.0,False,3.865907121059762,77
False,3,5,8.0,16.0,4.0,33.0,2.0,False,0.8729514971377832,24
True,1,5,41.0,14.0,5.0,15.0,1.0,False,3.777109190485839,142
True,2,5,78.0,62.0,4.0,30.0,5.0,False,2.2256528813918295,162
False,2,2,32.0,51.0,2.0,79.0,4.0,False,4.209209038233073,22
False,2,5,2.0,26.0,4.0,28.0,2.0,False,1.0589727703024856,16
False,1,5,66.0,49.0,3.0,4.0,5.0,False,5.259103617265783,161
True,3,5,63.0,35.0,3.0,62.0,1.0,False,4.147093150636018,153
False,2,5,84.0,97.0,5.0,55.0,5.0,False,2.18848684021888,176
True,2,1,70.0,23.0,1.0,19.0,1.0,False,2.4447230233710315,125
True,1,1,56.0,60.0,4.0,57.0,1.0,False,3.3713649960890137,98
False,3,2,85.0,47.0,1.0,58.0,4.0,False,3.9624776843976206,117
False,2,2,48.0,34.0,2.0,84.0,4.0,False,5.073408733727541,31
False,2,1,36.0,50.0,2.0,76.0,4.0,False,4.40365572341463,38
True,3,1,51.0,45.0,2.0,68.0,3.0,False,3.6504924394860456,6
True,3,1,53.0,76.0,5.0,88.0,4.0,False,2.6121612759492594,136
False,1,2,58.0,51.0,3.0,97.0,5.0,False,3.4500053180933175,8
True,1,3,87.0,56.0,2.0,45.0,4.0,False,2.8315578075549217,84
True,3,5,75.0,57.0,5.0,77.0,3.0,False,3.487171359266267,170
True,1,1,31.0,49.0,3.0,62.0,2.0,False,3.785208212876233,17
True,3,4,97.0,43.0,5.0,12.0,1.0,False,3.1316532473441123,135
True,3,1,82.0,46.0,3.0,22.0,4.0,False,3.617769960298006,95
True,3,4,72.0,55.0,4.0,46.0,5.0,False,3.389948016675488,100
False,2,5,5.0,15.0,2.0,38.0,5.0,False,1.2348364348975682,12
False,2,2,54.0,43.0,2.0,93.0,4.0,False,5.814355822907281,31
True,2,5,93.0,74.0,5.0,37.0,4.0,False,2.4963549127720057,66
False,2,1,66.0,75.0,2.0,32.0,3.0,False,4.03971219947562,83
False,1,4,72.0,39.0,1.0,10.0,4.0,False,3.32577354289921,147
True,3,5,55.0,89.0,3.0,26.0,3.0,False,3.6714604358782044,126
True,3,2,51.0,46.0,5.0,54.0,2.0,True,1.8476670040913947,74
True,2,2,53.0,68.0,5.0,40.0,5.0,False,2.031206196210272,111
True,1,2,44.0,54.0,2.0,50.0,3.0,False,3.9010145760534867,15
True,3,4,74.0,28.0,4.0,45.0,5.0,False,1.0859812029058151,156
True,3,4,11.0,22.0,5.0,47.0,2.0,False,0.5377486023548677,15
False,2,1,11.0,75.0,4.0,29.0,4.0,False,2.9291075397721604,180
True,2,5,25.0,51.0,3.0,37.0,3.0,False,1.826275512832635,92
False,3,5,10.0,56.0,1.0,29.0,5.0,False,1.0052822947222864,5
True,3,4,62.0,30.0,4.0,42.0,1.0,False,4.00568416178174,91
True,3,1,24.0,45.0,2.0,34.0,5.0,False,4.252089125990731,105
True,3,2,87.0,8.0,3.0,66.0,1.0,False,2.339400658389858,84
False,1,1,39.0,33.0,3.0,77.0,4.0,False,4.45322902663638,30
True,2,3,52.0,85.0,2.0,97.0,3.0,False,5.495350972905155,6
True,3,5,85.0,79.0,2.0,26.0,2.0,True,1.2963112345437156,178
True,3,1,66.0,49.0,1.0,13.0,4.0,False,2.479830478364756,90
True,1,1,77.0,36.0,4.0,61.0,1.0,False,3.0982779889031526,89
False,2,2,79.0,25.0,3.0,16.0,5.0,False,3.644778392901335,139
True,2,5,69.0,85.0,3.0,69.0,3.0,False,2.8750906745655014,168
True,3,4,76.0,79.0,5.0,69.0,3.0,False,3.344682953112144,132
True,3,5,12.0,53.0,2.0,24.0,2.0,False,0.7943111751334793,13
False,3,1,68.0,17.0,1.0,33.0,1.0,False,4.199377819289913,93
True,2,1,15.0,91.0,4.0,45.0,3.0,False,2.4258136131580965,124
True,3,2,42.0,54.0,3.0,43.0,3.0,True,1.8476670040913947,105
False,3,2,49.0,53.0,5.0,62.0,3.0,False,2.6101026897700343,53
True,3,4,63.0,62.0,1.0,73.0,1.0,False,2.7964503525611972,144
True,2,5,65.0,17.0,3.0,21.0,4.0,False,3.239034198504511,97
False,3,1,8.0,45.0,4.0,38.0,5.0,False,1.3320597774883467,20
False,3,4,3.0,13.0,1.0,26.0,5.0,False,1.0403897497160108,6
True,2,2,44.0,75.0,2.0,31.0,2.0,False,0.7507783081228997,113
True,3,1,9.0,24.0,2.0,3.0,1.0,False,1.7746436234316607,99
False,3,1,11.0,26.0,5.0,36.0,5.0,False,1.0403897497160108,15
True,3,2,21.0,60.0,3.0,71.0,5.0,False,5.12298203694929,94
False,3,5,89.0,51.0,3.0,61.0,1.0,True,1.0343042060626726,135
True,3,5,63.0,8.0,1.0,49.0,5.0,False,2.21549527282221,100
True,3,4,72.0,11.0,1.0,30.0,2.0,False,4.08357145611266,122
True,3,5,8.0,11.0,5.0,40.0,5.0,False,0.8645260851209282,21
True,3,5,71.0,27.0,5.0,33.0,1.0,False,2.8336163937341463,119
False,1,2,57.0,87.0,2.0,27.0,4.0,False,3.617769960298006,153
True,3,5,90.0,76.0,4.0,54.0,4.0,False,2.1098465182145762,119
True,3,1,68.0,44.0,4.0,82.0,5.0,False,3.3797904081058685,80
True,3,5,58.0,54.0,5.0,39.0,4.0,False,2.639169708552589,119
False,3,1,38.0,52.0,2.0,63.0,3.0,False,3.536744662488017,34
True,2,2,75.0,19.0,2.0,38.0,2.0,False,0.521224167947618,84
True,3,4,85.0,34.0,1.0,79.0,5.0,False,3.4935381851038976,135
False,1,2,96.0,96.0,2.0,31.0,1.0,False,5.12709920930774,47
True,3,5,27.0,9.0,3.0,90.0,2.0,False,0.2730870071858613,145
True,3,5,12.0,39.0,5.0,25.0,4.0,False,0.9431664071252321,10
True,2,2,54.0,42.0,2.0,85.0,4.0,False,4.914069503539708,34
True,2,3,68.0,26.0,5.0,47.0,1.0,False,2.0909371080016412,113
False,2,1,22.0,49.0,2.0,47.0,3.0,False,4.722334183790295,13
True,3,1,60.0,57.0,5.0,48.0,4.0,False,2.709384618540038,97
True,3,5,46.0,96.0,5.0,53.0,5.0,False,1.2264110228807132,99
True,1,4,68.0,52.0,3.0,93.0,4.0,False,3.104644814740783,128
True,2,2,34.0,40.0,4.0,75.0,1.0,False,3.4749551645174224,20
False,3,2,85.0,56.0,4.0,64.0,3.0,True,2.529089083262059,133
False,3,2,92.0,75.0,4.0,76.0,1.0,False,3.2383814192515903,88
True,2,2,20.0,88.0,2.0,34.0,2.0,False,2.250276338189474,65
False,3,1,35.0,52.0,3.0,76.0,3.0,False,5.5163189692973145,38
True,3,3,71.0,33.0,4.0,51.0,1.0,False,1.7459029942755664,105
True,1,5,76.0,72.0,3.0,76.0,2.0,False,3.2123521555276415,120
True,3,4,49.0,41.0,4.0,40.0,1.0,True,0.38889337036311467,63
False,2,5,4.0,52.0,3.0,26.0,4.0,False,0.8729514971377832,14
True,1,1,29.0,62.0,3.0,36.0,3.0,False,4.4096961596258,80
True,3,5,90.0,23.0,5.0,27.0,1.0,False,2.117945540604971,123
False,3,5,31.0,20.0,3.0,79.0,1.0,True,1.210745269508677,106
False,3,5,6.0,54.0,3.0,29.0,5.0,False,1.0673981823193406,13
True,3,5,83.0,29.0,2.0,26.0,5.0,False,2.513205736805716,121
True,3,5,9.0,35.0,4.0,47.0,2.0,False,0.9431664071252321,7
False,2,2,50.0,53.0,1.0,75.0,4.0,False,5.487251950514761,43
True,1,4,83.0,31.0,1.0,58.0,2.0,False,2.3826071357739775,140
False,3,4,1.0,30.0,3.0,34.0,5.0,False,0.9266419727179824,23
True,2,4,88.0,58.0,5.0,76.0,1.0,False,2.0909371080016412,114
False,3,1,2.0,27.0,1.0,48.0,4.0,False,1.2348364348975682,9
False,2,1,43.0,39.0,3.0,56.0,2.0,False,4.04003858910208,12
True,2,2,14.0,52.0,3.0,46.0,2.0,True,0.3528821268920085,45
True,2,5,46.0,54.0,2.0,46.0,4.0,False,3.5701199209289762,136
False,1,1,58.0,33.0,4.0,64.0,1.0,False,4.616685429182661,12
True,2,5,44.0,2.0,3.0,23.0,1.0,False,1.8532839454359649,60
True,3,5,63.0,63.0,4.0,62.0,2.0,False,2.566896212385915,142
False,3,5,13.0,25.0,2.0,29.0,2.0,False,1.0403897497160108,22
False,3,1,69.0,2.0,3.0,71.0,1.0,True,1.812090946788902,196
True,2,1,13.0,44.0,5.0,25.0,5.0,False,0.6700793999393708,12
False,2,1,58.0,55.0,2.0,28.0,1.0,False,2.9740462137090447,121
True,3,3,74.0,36.0,4.0,96.0,4.0,False,3.803791233462708,79
False,1,4,6.0,82.0,2.0,48.0,1.0,False,5.592247925869473,137
True,2,1,18.0,88.0,3.0,24.0,2.0,True,0.8353953772383886,115
True,2,1,25.0,34.0,1.0,57.0,4.0,False,4.0832450664861994,24
True,3,4,92.0,50.0,5.0,80.0,1.0,False,3.590761527694676,149
True,2,5,3.0,21.0,2.0,39.0,5.0,False,0.5026411473611432,15
True,1,5,88.0,85.0,1.0,22.0,4.0,False,0.9617494277117069,62
False,1,2,42.0,51.0,3.0,62.0,3.0,False,3.2204511779180365,8
True,3,4,66.0,40.0,4.0,48.0,2.0,False,2.6040622535588644,70
False,3,4,2.0,15.0,5.0,39.0,5.0,False,0.7673027425301494,9
False,2,5,58.0,51.0,2.0,1.0,1.0,False,1.904915834836939,151
True,3,2,28.0,31.0,1.0,61.0,4.0,False,4.923147694809483,39
True,3,1,9.0,25.0,5.0,34.0,3.0,False,2.0308798065838123,131
True,3,4,90.0,63.0,4.0,71.0,3.0,False,3.2825670655150905,173
False,3,5,82.0,9.0,5.0,80.0,3.0,True,2.2009843171520167,28
False,2,5,56.0,50.0,5.0,47.0,4.0,False,2.9659471913186493,154
False,3,5,1.0,51.0,2.0,27.0,4.0,False,0.6700793999393708,9
False,3,5,8.0,25.0,4.0,27.0,4.0,False,1.1376130923067895,16
True,2,5,61.0,40.0,4.0,89.0,5.0,False,3.3983734286923433,89
False,3,1,32.0,39.0,2.0,76.0,4.0,False,4.517729890039119,27
True,1,5,83.0,58.0,5.0,36.0,1.0,True,0.17644106344600424,129
False,2,5,5.0,23.0,2.0,28.0,4.0,False,0.7757281545470045,8
True,1,5,96.0,67.0,5.0,68.0,1.0,False,3.7230923252791794,136
False,2,2,52.0,36.0,3.0,90.0,4.0,False,3.396314842513119,15
True,3,1,82.0,42.0,2.0,99.0,1.0,False,3.6444520032748753,86
False,3,5,48.0,34.0,5.0,88.0,4.0,True,0.3641160095811484,69
True,3,1,52.0,37.0,2.0,45.0,5.0,False,4.306105991197391,23
True,2,5,84.0,88.0,5.0,50.0,5.0,False,2.428198588963782,130
True,2,4,52.0,76.0,4.0,17.0,1.0,False,3.5307042262768467,119
True,1,1,24.0,43.0,2.0,49.0,5.0,False,4.2524155156171926,25
False,3,5,7.0,17.0,3.0,36.0,5.0,False,1.1997289799038438,13
False,3,5,11.0,43.0,5.0,24.0,5.0,False,0.8729514971377832,16
True,1,5,70.0,37.0,4.0,75.0,2.0,False,3.829820497186657,88
True,3,1,5.0,33.0,2.0,24.0,2.0,False,1.0673981823193406,15
False,3,4,2.0,18.0,3.0,43.0,5.0,False,0.6970878325427005,21
True,3,5,55.0,49.0,1.0,59.0,5.0,False,2.6020036673796394,121
True,2,1,40.0,45.0,2.0,80.0,4.0,False,3.9958529428385807,41
True,2,5,58.0,43.0,5.0,76.0,1.0,False,3.3527819755025394,121
True,3,5,61.0,50.0,1.0,26.0,1.0,False,3.0530129253398086,146
True,3,1,38.0,32.0,2.0,46.0,4.0,False,6.5381256984268505,36
False,2,3,20.0,51.0,3.0,52.0,3.0,False,3.782823237070548,119
True,2,5,75.0,30.0,2.0,78.0,3.0,False,2.5233633453753357,133
True,1,2,21.0,31.0,3.0,67.0,1.0,False,5.287091218748492,17
True,3,1,55.0,48.0,2.0,50.0,3.0,False,5.772881542075925,41
False,3,5,88.0,41.0,3.0,33.0,1.0,False,3.044913902949413,187
False,2,3,58.0,51.0,4.0,26.0,4.0,False,3.9351428621678304,116
False,2,2,48.0,54.0,2.0,49.0,3.0,False,2.3994579598076875,25
False,3,1,10.0,54.0,5.0,42.0,2.0,False,0.9266419727179824,7
False,3,2,24.0,45.0,4.0,60.0,1.0,True,1.9525207667638,147
True,2,2,20.0,50.0,1.0,89.0,5.0,False,4.136282762813479,30
True,3,1,9.0,27.0,2.0,46.0,2.0,False,0.8108356095407291,19
False,2,5,84.0,31.0,1.0,27.0,1.0,False,3.396314842513119,101
True,2,5,41.0,22.0,1.0,19.0,2.0,False,1.7479615804547914,144
False,3,5,75.0,59.0,2.0,28.0,4.0,False,2.4362976113541763,164
True,3,4,85.0,44.0,5.0,77.0,3.0,False,2.629012099982969,102
False,1,2,46.0,51.0,3.0,67.0,3.0,False,5.665826980541987,29
False,3,4,13.0,49.0,5.0,41.0,5.0,False,1.0673981823193406,13
False,1,1,48.0,42.0,3.0,92.0,3.0,False,3.0800213579431377,12
True,1,3,74.0,78.0,5.0,3.0,1.0,False,1.545089483256379,56
True,2,4,64.0,57.0,3.0,79.0,4.0,False,2.7343344649641423,143
False,2,4,12.0,35.0,3.0,25.0,5.0,False,0.9266419727179824,18
False,3,1,52.0,7.0,5.0,53.0,4.0,False,1.7911680578389104,33
True,3,1,75.0,30.0,5.0,75.0,1.0,False,2.2401187296198546,138
False,3,5,5.0,29.0,4.0,32.0,4.0,False,0.40541780477036454,16
False,2,1,1.0,26.0,1.0,33.0,5.0,False,0.8108356095407291,14
False,2,1,4.0,98.0,4.0,53.0,2.0,False,3.1856701125507723,105
True,3,4,60.0,24.0,1.0,8.0,4.0,False,3.3815226046586337,7
True,3,4,58.0,24.0,3.0,29.0,1.0,False,2.709384618540038,106
True,2,4,55.0,28.0,4.0,45.0,4.0,False,2.9659471913186493,136
True,3,5,54.0,58.0,3.0,76.0,4.0,False,3.4935381851038976,142
False,1,2,44.0,31.0,2.0,57.0,3.0,False,4.193010993452283,35
False,3,5,6.0,43.0,2.0,45.0,4.0,False,1.0589727703024856,8
True,2,2,38.0,25.0,3.0,49.0,1.0,False,1.4829735956593246,134
False,1,1,33.0,46.0,2.0,85.0,3.0,False,3.998237918644265,28
True,2,5,53.0,75.0,4.0,79.0,2.0,False,2.18848684021888,132
True,3,1,93.0,27.0,5.0,37.0,5.0,False,2.037246632421442,138
False,3,5,10.0,22.0,2.0,47.0,2.0,False,0.6785048119562258,12
True,3,3,80.0,75.0,5.0,28.0,3.0,False,3.1232278353272576,136
True,2,5,8.0,9.0,4.0,42.0,2.0,False,0.7156708531291752,121
False,3,5,66.0,42.0,5.0,27.0,4.0,False,2.4633060439575063,184
False,2,5,72.0,62.0,2.0,61.0,3.0,False,2.709711008166498,162
True,3,5,58.0,71.0,5.0,60.0,1.0,False,2.0663136512039966,148
True,2,1,7.0,81.0,5.0,13.0,2.0,False,1.2720024760705175,146
True,3,3,74.0,16.0,5.0,40.0,3.0,False,0.6970878325427005,87
False,3,5,32.0,21.0,5.0,57.0,1.0,True,1.621671219081458,88
False,2,5,6.0,59.0,3.0,61.0,3.0,False,5.699955266656332,177
False,1,1,57.0,54.0,2.0,63.0,3.0,False,4.110253499089529,37
True,1,5,98.0,26.0,5.0,74.0,1.0,False,2.099362520018496,120
False,3,1,19.0,54.0,1.0,70.0,5.0,False,5.2036809451328185,128
True,3,3,74.0,36.0,3.0,27.0,5.0,False,5.538883839915734,53
True,2,3,25.0,57.0,2.0,45.0,2.0,False,1.4829735956593246,150
False,3,5,77.0,35.0,4.0,65.0,5.0,False,3.301150086101565,154
True,1,1,28.0,47.0,2.0,77.0,1.0,False,4.957602370550287,21
False,3,1,2.0,50.0,4.0,43.0,5.0,False,1.1376130923067895,10
False,2,4,6.0,99.0,3.0,12.0,3.0,False,3.7221131563997987,49
True,1,4,17.0,44.0,5.0,71.0,2.0,True,1.4947848771993861,123
False,3,2,63.0,20.0,3.0,67.0,2.0,True,0.17644106344600424,94
True,1,3,98.0,41.0,4.0,74.0,4.0,False,3.1316532473441123,95
True,1,4,43.0,2.0,2.0,27.0,2.0,True,0.3528821268920085,149
True,2,5,45.0,76.0,1.0,46.0,2.0,False,2.9737198240825844,187
True,3,5,11.0,14.0,4.0,48.0,5.0,False,0.6785048119562258,12
True,3,5,16.0,65.0,3.0,56.0,4.0,False,0.9263155830915222,144
False,2,1,31.0,44.0,2.0,51.0,3.0,False,2.891941498599211,32
False,3,5,1.0,17.0,1.0,41.0,2.0,False,1.0673981823193406,23
True,1,2,57.0,12.0,1.0,14.0,1.0,False,0.7943111751334793,73
True,3,2,46.0,8.0,3.0,48.0,4.0,False,3.7726656285009286,148
False,3,5,77.0,70.0,5.0,3.0,3.0,False,2.842041805751001,146
False,3,3,67.0,67.0,5.0,22.0,1.0,False,2.9453055845529503,145
True,3,3,75.0,53.0,4.0,76.0,1.0,False,1.693944715248132,106
False,3,5,56.0,28.0,1.0,48.0,4.0,False,1.8698083798432146,134
False,3,4,3.0,13.0,3.0,27.0,4.0,False,0.9617494277117069,8
True,2,5,23.0,54.0,2.0,89.0,5.0,False,1.9505072880267433,157
True,3,5,91.0,46.0,5.0,90.0,4.0,False,2.850140828141396,97
False,3,5,7.0,29.0,3.0,41.0,5.0,False,0.9080589521315077,11
False,3,1,7.0,23.0,2.0,39.0,5.0,False,0.5377486023548677,5
True,2,5,4.0,28.0,3.0,22.0,2.0,True,2.0601193110085054,100
True,3,1,53.0,53.0,1.0,39.0,1.0,False,2.788024940544342,113
True,2,5,79.0,74.0,5.0,8.0,1.0,False,3.1418108559137323,153
True,3,1,48.0,94.0,1.0,60.0,1.0,False,2.798508938740422,69
True,3,5,20.0,8.0,2.0,51.0,2.0,False,1.1126632458826848,96
True,2,1,6.0,52.0,3.0,39.0,5.0,False,0.6785048119562258,7
False,2,2,57.0,52.0,2.0,90.0,3.0,False,4.595717432790502,19
False,3,5,20.0,57.0,3.0,63.0,1.0,True,1.3651537537450147,87
True,2,2,96.0,78.0,3.0,26.0,4.0,False,6.359877058026083,45
True,3,5,95.0,20.0,3.0,1.0,1.0,False,3.1397522697345073,83
True,1,3,52.0,59.0,3.0,5.0,1.0,False,3.8881456020517215,39
False,1,1,28.0,48.0,2.0,85.0,4.0,False,3.5475550503105566,26
True,3,5,56.0,16.0,2.0,42.0,2.0,True,1.1058915068362716,120
False,2,2,58.0,38.0,1.0,95.0,4.0,False,4.562994953602463,24
False,3,5,7.0,15.0,3.0,33.0,2.0,False,0.9617494277117069,11
True,3,5,94.0,18.0,4.0,3.0,4.0,False,4.031613177085225,56
False,3,5,13.0,75.0,3.0,74.0,1.0,True,2.529089083262059,131
True,2,1,5.0,57.0,2.0,26.0,1.0,True,1.4011649972161209,124
True,1,2,42.0,15.0,4.0,19.0,1.0,True,0.0,111
False,1,2,51.0,41.0,3.0,73.0,4.0,False,6.28156312564824,41
True,2,2,44.0,31.0,2.0,62.0,4.0,False,4.77396607319127,19
False,1,1,43.0,12.0,1.0,72.0,4.0,False,4.719296428731691,164
True,3,5,12.0,48.0,4.0,34.0,2.0,False,0.8108356095407291,21
True,2,4,13.0,8.0,5.0,32.0,2.0,False,1.0052822947222864,15
True,1,4,77.0,48.0,5.0,84.0,2.0,False,1.9586063104171383,129
False,1,3,83.0,8.0,4.0,96.0,3.0,False,6.244070694848831,40
False,2,1,30.0,45.0,2.0,59.0,3.0,False,3.387889430496264,28
False,2,2,44.0,52.0,3.0,92.0,5.0,False,5.057537078573211,30
True,1,1,61.0,26.0,2.0,67.0,3.0,False,3.5637530950913465,111
True,1,3,61.0,48.0,4.0,35.0,2.0,True,0.3060721869003758,105
False,2,5,27.0,93.0,4.0,57.0,3.0,False,4.182200605629743,65
False,1,4,75.0,53.0,5.0,33.0,4.0,False,3.741675345865654,138
False,1,4,1.0,9.0,1.0,39.0,3.0,False,2.802817178398827,85
False,3,1,32.0,86.0,3.0,41.0,2.0,False,2.442664437191807,20
True,3,5,91.0,36.0,3.0,51.0,4.0,False,2.55847080036906,107
True,1,3,7.0,86.0,3.0,35.0,2.0,True,1.2715338737617494,118
True,1,3,74.0,21.0,4.0,81.0,1.0,False,3.441906295702923,103
True,1,2,35.0,49.0,2.0,54.0,3.0,False,3.042855316770189,24
True,2,4,9.0,67.0,5.0,60.0,1.0,False,1.3053777345114772,131
False,2,4,12.0,39.0,3.0,40.0,5.0,False,0.8294186301272037,13
False,3,5,4.0,28.0,2.0,26.0,5.0,False,1.0673981823193406,14
False,3,4,7.0,64.0,4.0,88.0,3.0,True,0.7169981364731569,41
False,3,3,29.0,26.0,1.0,75.0,4.0,False,2.2485441416367093,142
True,3,1,77.0,42.0,5.0,60.0,1.0,True,0.8934391999191611,78
False,2,1,55.0,37.0,1.0,78.0,5.0,False,2.920355738128845,136
True,2,5,12.0,42.0,4.0,40.0,1.0,True,1.1527014468279042,41
True,1,5,13.0,99.0,4.0,30.0,1.0,False,0.8128941957199538,105
False,3,5,12.0,10.0,5.0,41.0,5.0,False,1.1376130923067895,5
False,2,5,3.0,25.0,5.0,27.0,2.0,False,0.7943111751334793,16
False,2,2,40.0,49.0,2.0,59.0,4.0,False,5.781306954092781,28
True,1,1,82.0,19.0,3.0,52.0,2.0,True,1.1527014468279042,101
False,3,5,4.0,69.0,3.0,57.0,3.0,False,4.940751546516577,98
False,3,4,34.0,76.0,4.0,40.0,5.0,False,1.5865637640877335,115
False,1,2,97.0,19.0,3.0,16.0,4.0,False,6.467258009186482,117
True,1,4,60.0,47.0,3.0,17.0,1.0,True,1.2715338737617494,44
True,3,1,93.0,55.0,3.0,14.0,3.0,False,4.231773908851492,41
False,1,1,49.0,51.0,1.0,85.0,3.0,False,4.871189415782048,26
False,1,1,38.0,54.0,2.0,50.0,4.0,False,3.6072859621019258,31
False,3,5,1.0,27.0,4.0,46.0,1.0,False,0.9701748397285618,7
False,1,2,23.0,39.0,3.0,76.0,4.0,False,5.111227554153411,21
True,3,4,74.0,43.0,2.0,89.0,2.0,False,2.794718156008432,103
True,3,3,86.0,17.0,5.0,46.0,5.0,False,2.0642550650247715,157
True,3,1,46.0,14.0,5.0,84.0,2.0,False,3.739616759686429,41
True,1,4,88.0,45.0,5.0,20.0,4.0,False,3.441906295702923,87
False,3,1,76.0,60.0,5.0,77.0,2.0,True,1.9417220702432736,94
False,2,2,41.0,54.0,1.0,73.0,4.0,False,5.736041890529437,27
True,2,2,84.0,69.0,3.0,55.0,1.0,False,2.477771892185531,172
True,3,1,63.0,38.0,3.0,22.0,4.0,False,2.409615568377307,135
True,3,3,82.0,56.0,4.0,28.0,1.0,False,2.250276338189474,97
True,3,2,54.0,84.0,1.0,89.0,5.0,False,2.320491248176923,190
True,2,2,66.0,33.0,5.0,53.0,1.0,True,1.5776060606621254,77
True,3,4,53.0,42.0,5.0,76.0,3.0,False,2.93926514834178,89
False,2,2,58.0,50.0,3.0,75.0,4.0,False,4.064335656273265,13
True,3,2,99.0,21.0,1.0,73.0,4.0,False,5.396069044135151,156
True,2,1,78.0,76.0,3.0,90.0,1.0,False,3.2741416534982353,77
True,3,5,66.0,53.0,2.0,55.0,5.0,False,3.301150086101565,119
True,3,4,16.0,33.0,3.0,95.0,3.0,False,6.3517780356356885,135
True,3,5,52.0,99.0,3.0,28.0,1.0,False,2.3042932033961336,184
True,3,1,73.0,67.0,2.0,77.0,1.0,False,2.9557895827490297,115
True,3,4,24.0,8.0,2.0,56.0,1.0,True,1.3539198710558749,117
False,2,2,71.0,98.0,4.0,28.0,5.0,False,4.603490065554437,88
False,3,3,21.0,23.0,5.0,61.0,2.0,True,2.0933857729073115,63
True,1,2,28.0,51.0,2.0,61.0,1.0,False,5.7711493455231615,26
True,3,2,44.0,51.0,2.0,48.0,4.0,False,6.000703485698444,33
False,2,4,13.0,60.0,4.0,99.0,2.0,False,7.480965715925622,108
True,1,1,25.0,39.0,4.0,80.0,3.0,False,6.037543137244933,24
True,3,4,46.0,50.0,5.0,54.0,1.0,True,0.6589543137923842,100
True,1,1,78.0,71.0,3.0,69.0,4.0,False,5.1067839921685,72
True,3,5,6.0,22.0,3.0,43.0,5.0,False,0.9080589521315077,15
False,3,2,51.0,32.0,5.0,55.0,5.0,False,2.8231323955380665,133
False,3,5,31.0,62.0,1.0,63.0,1.0,True,0.8934391999191611,132
False,3,2,46.0,19.0,2.0,56.0,4.0,False,3.7686837784689837,109
True,2,2,82.0,22.0,1.0,3.0,2.0,False,0.46753369236741865,100
False,3,5,5.0,45.0,1.0,29.0,4.0,False,1.0403897497160108,15
True,2,5,59.0,9.0,3.0,34.0,2.0,False,2.0828380856112467,118
True,2,3,50.0,33.0,1.0,68.0,4.0,False,2.6577527291390632,186
False,3,5,1.0,13.0,3.0,34.0,4.0,False,1.0052822947222864,12
True,2,5,12.0,31.0,2.0,15.0,2.0,False,0.6265465329287914,99
False,2,1,33.0,54.0,2.0,67.0,3.0,False,4.701039797771675,31
True,2,2,69.0,21.0,3.0,1.0,2.0,False,1.5616139176636288,63
False,2,1,31.0,33.0,2.0,94.0,3.0,False,5.267855418909098,14
True,3,1,7.0,50.0,2.0,30.0,2.0,False,0.7757281545470045,12
False,3,5,92.0,56.0,4.0,91.0,1.0,True,1.9552655483361,90
True,3,5,44.0,87.0,5.0,32.0,2.0,True,0.7530093799442632,134
False,1,1,7.0,67.0,3.0,56.0,2.0,False,3.040796730590964,25
True,2,4,90.0,26.0,4.0,45.0,5.0,False,3.255885022538221,179
True,3,3,92.0,27.0,3.0,60.0,2.0,False,3.0530129253398086,138
True,3,4,60.0,47.0,4.0,46.0,2.0,True,1.0370489876349724,153
True,3,5,15.0,10.0,3.0,5.0,5.0,False,1.9424082656363486,24
True,3,1,89.0,55.0,4.0,48.0,5.0,False,3.0260044927364786,109
True,3,5,97.0,49.0,3.0,55.0,3.0,False,1.6588372602544075,78
True,2,4,86.0,47.0,2.0,44.0,2.0,True,1.059081566844639,107
True,2,5,52.0,9.0,5.0,12.0,5.0,False,1.588295960640498,146
True,3,1,63.0,9.0,1.0,20.0,5.0,False,0.4942157353442882,150
False,3,1,1.0,38.0,3.0,42.0,2.0,False,0.8729514971377832,13
True,3,1,31.0,50.0,5.0,23.0,3.0,True,1.1887126902990104,1
True,3,4,75.0,68.0,5.0,99.0,1.0,False,2.5419463659618105,100
True,1,2,58.0,75.0,2.0,5.0,3.0,False,1.9838825464677032,180
True,1,1,96.0,96.0,1.0,41.0,3.0,False,5.8575623002914,72
True,2,1,36.0,24.0,4.0,29.0,5.0,False,1.385750253068546,23
True,1,2,28.0,33.0,2.0,84.0,3.0,False,3.0530129253398086,19
True,3,5,12.0,23.0,4.0,45.0,5.0,False,0.6700793999393708,8
True,1,4,68.0,17.0,1.0,70.0,2.0,True,0.3641160095811484,100
True,2,1,33.0,49.0,2.0,92.0,3.0,False,2.8298256110021565,10
True,2,1,14.0,7.0,1.0,11.0,2.0,False,1.3938492754589409,100
False,2,3,97.0,37.0,2.0,90.0,1.0,False,1.4559651630559949,79
True,2,3,86.0,57.0,2.0,34.0,4.0,False,2.6827025755631686,118
True,3,2,95.0,39.0,2.0,1.0,1.0,False,2.798508938740422,125
True,3,2,73.0,46.0,2.0,92.0,1.0,False,2.4261400027845568,108
False,1,1,54.0,39.0,1.0,71.0,3.0,False,6.302204732413939,18
False,2,5,13.0,48.0,1.0,27.0,4.0,False,1.102505637313065,16
True,3,5,65.0,11.0,3.0,33.0,3.0,False,3.538476859040782,162
False,2,5,6.0,32.0,5.0,24.0,5.0,False,1.1997289799038438,2
True,2,5,63.0,64.0,5.0,10.0,5.0,False,4.101175307819754,116
True,2,4,58.0,76.0,4.0,95.0,2.0,False,2.699227009970418,125
False,1,4,29.0,27.0,1.0,85.0,4.0,False,5.0875481923291055,105
True,3,1,75.0,73.0,5.0,61.0,2.0,False,2.9020991071688305,130
False,3,5,3.0,38.0,1.0,26.0,4.0,False,1.2348364348975682,17
True,3,4,10.0,14.0,3.0,43.0,5.0,False,1.102505637313065,8
True,3,5,87.0,75.0,4.0,15.0,1.0,False,2.3745081133835826,142
False,3,4,11.0,51.0,4.0,31.0,4.0,False,0.7757281545470045,12
True,3,4,61.0,74.0,3.0,11.0,1.0,False,3.7753769939330737,47
True,3,5,81.0,52.0,4.0,15.0,2.0,False,2.777867331974722,94
True,1,4,96.0,48.0,5.0,72.0,5.0,False,5.052440737335381,30
False,2,5,79.0,76.0,5.0,67.0,5.0,False,3.158661679947442,146
False,3,5,2.0,52.0,5.0,33.0,5.0,False,0.5026411473611432,14
False,2,5,3.0,39.0,4.0,26.0,2.0,False,1.0403897497160108,6
False,2,4,4.0,24.0,4.0,35.0,5.0,False,0.5998644899519219,24
False,3,1,36.0,32.0,2.0,98.0,3.0,False,4.2277920588195474,4
True,1,3,78.0,95.0,2.0,55.0,3.0,False,0.5833400555446719,90
True,3,5,10.0,10.0,3.0,24.0,5.0,False,0.7943111751334793,24
True,3,2,94.0,30.0,3.0,0.0,1.0,False,3.301150086101565,72
False,2,4,57.0,4.0,5.0,15.0,1.0,False,3.495596771283122,113
True,3,2,74.0,32.0,1.0,39.0,1.0,True,0.9294504433902673,145
True,3,5,40.0,61.0,2.0,16.0,5.0,False,1.8178501008157801,134
True,1,5,60.0,25.0,4.0,96.0,1.0,False,2.9020991071688305,91
True,1,1,53.0,23.0,4.0,29.0,1.0,True,0.9182165607011274,100
False,2,5,80.0,24.0,2.0,11.0,3.0,False,3.077636382137453,166
True,2,5,61.0,9.0,5.0,42.0,1.0,False,4.5710939759928575,133
True,1,3,72.0,85.0,5.0,87.0,2.0,True,2.0601193110085054,92
True,2,2,59.0,33.0,4.0,96.0,1.0,False,3.5475550503105566,32
False,3,1,6.0,39.0,1.0,26.0,1.0,False,5.1854243141728045,153
True,3,4,1.0,14.0,4.0,46.0,5.0,False,0.7757281545470045,14
True,3,2,68.0,21.0,3.0,25.0,3.0,False,1.2183120004903183,123
True,3,5,15.0,0.0,4.0,43.0,3.0,True,1.012271626853006,118
True,2,4,12.0,48.0,3.0,40.0,5.0,False,0.9266419727179824,14
True,3,5,63.0,4.0,5.0,45.0,5.0,False,2.701285596149643,152
True,3,4,79.0,77.0,1.0,26.0,3.0,False,3.017905470346084,79
False,3,2,83.0,17.0,4.0,39.0,1.0,False,3.088120380333533,119
False,1,1,38.0,47.0,4.0,46.0,3.0,False,4.651792884176386,37
False,2,5,40.0,58.0,5.0,64.0,4.0,False,2.628685710356509,168
False,1,2,38.0,38.0,2.0,83.0,3.0,False,4.206824062427388,28
False,2,3,68.0,98.0,5.0,58.0,2.0,False,4.549799589974238,109
True,3,5,2.0,39.0,3.0,45.0,4.0,False,0.7943111751334793,9
True,2,5,85.0,88.0,4.0,5.0,1.0,False,3.079694968316678,158
False,3,5,7.0,97.0,5.0,91.0,4.0,False,2.6931865737592484,95
True,1,3,74.0,61.0,4.0,51.0,4.0,False,2.55847080036906,94
True,2,2,57.0,12.0,2.0,31.0,2.0,False,0.6265465329287914,9
False,1,1,21.0,43.0,2.0,74.0,3.0,False,5.549694227738274,19
True,2,4,13.0,30.0,1.0,40.0,2.0,False,0.7943111751334793,10
True,3,2,25.0,89.0,1.0,64.0,3.0,False,1.2348364348975682,7
False,1,1,98.0,56.0,4.0,63.0,1.0,False,4.469753461043629,27
True,2,1,34.0,0.0,4.0,26.0,1.0,True,0.9182165607011274,91
True,3,4,41.0,20.0,4.0,76.0,3.0,False,3.325447153272749,103
True,3,4,13.0,22.0,3.0,39.0,2.0,False,0.9701748397285618,11
True,2,1,14.0,76.0,1.0,71.0,4.0,False,3.5019635971207523,59
False,2,3,60.0,27.0,1.0,79.0,1.0,True,1.9417220702432736,181
False,2,1,33.0,54.0,2.0,84.0,1.0,False,6.308571558251568,17
False,2,5,5.0,10.0,2.0,26.0,2.0,False,1.0589727703024856,17
True,3,1,32.0,46.0,2.0,69.0,5.0,False,5.816088019460046,10
True,3,4,14.0,43.0,4.0,85.0,2.0,True,1.7072371841164968,57
False,1,1,17.0,57.0,2.0,42.0,3.0,False,5.7434881336669115,181
True,1,1,48.0,53.0,3.0,64.0,3.0,False,3.247459610521366,4
False,2,2,65.0,42.0,3.0,65.0,1.0,False,2.8852482831351205,107
False,2,2,23.0,50.0,2.0,51.0,4.0,False,3.9172126208342766,35
False,1,2,47.0,33.0,2.0,75.0,3.0,False,2.8504672177678563,32
False,2,2,86.0,45.0,2.0,18.0,4.0,False,2.981818846472979,141
True,2,2,52.0,30.0,3.0,51.0,3.0,False,0.9701748397285618,104
False,3,2,37.0,44.0,2.0,87.0,4.0,False,5.071676537174776,29
True,3,5,11.0,17.0,4.0,38.0,2.0,False,0.5377486023548677,22
True,3,2,46.0,6.0,5.0,65.0,5.0,False,2.0021391774277175,133
True,1,3,50.0,26.0,5.0,14.0,4.0,False,1.977189331003613,139
False,1,1,40.0,53.0,3.0,71.0,4.0,False,4.395230311397775,24
True,3,5,69.0,19.0,2.0,22.0,1.0,True,0.17644106344600424,170
True,2,2,43.0,50.0,1.0,36.0,2.0,False,0.9431664071252321,96
False,2,5,71.0,43.0,5.0,9.0,4.0,False,2.57499523477631,133
True,1,5,55.0,76.0,1.0,45.0,2.0,False,1.307109931064242,113
True,3,3,81.0,49.0,5.0,30.0,1.0,False,4.224001276087558,105
True,2,2,40.0,7.0,1.0,21.0,2.0,True,1.2823325702822759,53
False,1,2,41.0,44.0,2.0,59.0,3.0,False,4.932652524126182,27
False,2,5,7.0,40.0,2.0,31.0,4.0,False,0.5998644899519219,10
False,2,2,44.0,30.0,3.0,81.0,4.0,False,4.1575771488320985,27
True,3,5,81.0,52.0,5.0,68.0,4.0,False,1.245320433093648,39
True,2,4,81.0,13.0,3.0,28.0,2.0,False,4.676742730600491,96
True,1,3,30.0,97.0,3.0,33.0,5.0,False,1.8448585334191097,143
True,1,2,13.0,83.0,2.0,99.0,1.0,False,5.470727516107511,82
False,3,4,1.0,47.0,5.0,33.0,4.0,False,0.8645260851209282,17
True,1,1,77.0,73.0,4.0,15.0,1.0,False,2.3826071357739775,122
True,1,4,23.0,24.0,5.0,1.0,3.0,False,1.5099820282626544,53
True,2,4,83.0,53.0,4.0,33.0,2.0,False,3.239034198504511,95
False,2,1,36.0,31.0,1.0,95.0,4.0,False,3.0260044927364786,41
False,2,1,1.0,30.0,4.0,42.0,2.0,False,0.6785048119562258,6
False,2,4,13.0,16.0,4.0,45.0,5.0,False,0.732195287536425,15
False,3,1,10.0,56.0,2.0,48.0,1.0,False,1.2348364348975682,12
False,2,5,75.0,98.0,2.0,58.0,4.0,False,1.7209531478514615,124
True,2,1,30.0,44.0,1.0,63.0,3.0,False,4.932978913752643,31
True,1,1,81.0,42.0,1.0,78.0,5.0,False,4.109927109463069,83
False,3,5,10.0,53.0,3.0,30.0,2.0,False,1.1376130923067895,9
True,1,1,80.0,76.0,2.0,87.0,1.0,False,2.3903797685379122,88
True,2,5,58.0,57.0,5.0,15.0,4.0,False,3.4415799060764627,113
False,3,2,37.0,39.0,2.0,95.0,4.0,False,5.710439264852412,31
True,2,1,58.0,36.0,2.0,79.0,4.0,False,5.401165385372981,11
True,3,1,67.0,77.0,5.0,56.0,3.0,False,2.4011901563604523,104
True,3,2,59.0,28.0,5.0,39.0,2.0,False,1.985941132646928,115
False,1,5,42.0,79.0,1.0,21.0,1.0,False,4.553916762332687,93
True,2,4,88.0,9.0,3.0,44.0,5.0,False,2.513205736805716,175
True,2,1,22.0,75.0,4.0,62.0,3.0,True,0.48251325034638004,12
True,1,4,21.0,56.0,2.0,53.0,2.0,True,0.5293231903380127,69
True,3,5,52.0,68.0,5.0,62.0,2.0,False,2.1965858626092754,120
True,1,5,69.0,34.0,5.0,98.0,5.0,False,3.334198954916064,91
False,3,1,29.0,45.0,2.0,94.0,3.0,False,5.065309711337146,25
False,3,5,11.0,36.0,5.0,24.0,5.0,False,1.1376130923067895,18
False,3,1,4.0,36.0,2.0,32.0,5.0,False,0.5998644899519219,13
False,3,2,25.0,60.0,5.0,29.0,3.0,False,4.7442462751557954,98
False,1,1,38.0,49.0,3.0,60.0,4.0,False,3.441906295702923,28
True,3,5,3.0,14.0,5.0,46.0,5.0,False,0.9080589521315077,17
True,1,5,54.0,5.0,3.0,16.0,1.0,False,2.620586687966114,158
False,2,2,81.0,8.0,5.0,89.0,3.0,False,6.20086421746471,132
True,3,3,92.0,70.0,3.0,84.0,1.0,False,2.5068389109680855,88
False,3,5,5.0,14.0,4.0,29.0,5.0,False,0.9266419727179824,17
False,3,5,8.0,37.0,4.0,29.0,2.0,False,0.6700793999393708,7
False,3,5,66.0,26.0,2.0,5.0,4.0,False,4.298006968806996,110
False,3,5,90.0,19.0,5.0,78.0,3.0,False,2.92241432430807,143
True,2,3,58.0,81.0,5.0,18.0,1.0,False,2.8957322813312003,129
True,1,3,53.0,48.0,5.0,34.0,2.0,False,3.0445875133229534,135
True,3,5,70.0,61.0,3.0,29.0,5.0,False,2.930839736324925,105
False,2,2,24.0,43.0,3.0,59.0,5.0,False,6.51111726582352,17
False,3,4,4.0,46.0,5.0,33.0,5.0,False,1.2348364348975682,21
True,3,5,45.0,35.0,3.0,17.0,5.0,False,2.577053820955535,125
True,3,2,54.0,68.0,5.0,57.0,5.0,False,2.107787932035351,156
True,1,3,78.0,66.0,1.0,45.0,5.0,False,2.6661781411559184,121
True,3,2,82.0,93.0,5.0,9.0,5.0,False,2.984530211905124,150
True,2,4,45.0,21.0,4.0,8.0,5.0,False,2.9554631931225694,165
True,3,3,82.0,2.0,5.0,30.0,2.0,False,0.732195287536425,84
True,3,2,69.0,47.0,4.0,52.0,2.0,False,3.158335290320982,102
False,3,1,56.0,49.0,2.0,80.0,5.0,False,3.8929155536630917,28
False,2,4,11.0,19.0,2.0,45.0,5.0,False,1.2348364348975682,16
True,3,4,38.0,6.0,2.0,49.0,4.0,False,1.2081543919206985,59
True,3,4,97.0,54.0,4.0,97.0,1.0,False,2.0909371080016412,138
True,1,5,91.0,45.0,5.0,54.0,1.0,False,2.7363930511433674,124
True,3,1,1.0,17.0,4.0,6.0,4.0,False,2.868397459101411,84
True,2,2,88.0,20.0,1.0,81.0,1.0,False,3.5208730073336874,140
True,3,4,4.0,8.0,4.0,27.0,4.0,False,0.9266419727179824,3
True,1,4,91.0,64.0,3.0,0.0,4.0,False,2.0909371080016412,130
False,3,5,9.0,57.0,3.0,31.0,4.0,False,1.0052822947222864,20
False,3,5,21.0,2.0,5.0,92.0,1.0,True,2.140195712898944,166
True,3,2,77.0,16.0,1.0,9.0,3.0,False,1.756060602845186,90
True,3,2,89.0,4.0,5.0,50.0,2.0,False,0.7673027425301494,65
True,3,4,81.0,57.0,4.0,10.0,5.0,False,2.347499680780253,98
False,3,5,3.0,22.0,5.0,34.0,2.0,False,0.9266419727179824,5
False,3,1,37.0,35.0,2.0,71.0,4.0,False,4.976185391136761,40
False,1,1,36.0,53.0,1.0,50.0,2.0,False,4.7030983839509,33
False,2,2,44.0,44.0,1.0,95.0,5.0,False,4.951888323965577,38
True,3,4,60.0,54.0,4.0,64.0,1.0,False,3.847324100473288,131
True,1,1,21.0,34.0,1.0,13.0,1.0,False,1.9424082656363486,44
False,2,5,2.0,33.0,3.0,49.0,5.0,False,0.5026411473611432,18
False,3,3,99.0,39.0,3.0,71.0,1.0,True,2.495822621363253,24
False,2,5,70.0,24.0,5.0,58.0,5.0,False,2.2587017502063294,125
True,2,2,76.0,46.0,2.0,82.0,4.0,False,3.6704812669988245,72
True,3,5,15.0,41.0,2.0,12.0,2.0,False,1.11093104932992,96
True,2,5,87.0,17.0,3.0,51.0,4.0,False,1.7125277358346067,163
True,1,4,19.0,47.0,1.0,13.0,3.0,True,0.5653344338091189,82
True,2,5,4.0,47.0,2.0,14.0,1.0,False,0.7777867407262293,121
False,3,5,60.0,99.0,5.0,59.0,5.0,False,3.0712695562998227,182
True,1,4,68.0,74.0,5.0,34.0,2.0,False,1.7992670802293056,145
True,3,3,64.0,9.0,5.0,68.0,3.0,False,4.711850185594216,73
False,2,1,5.0,42.0,2.0,42.0,5.0,False,1.1376130923067895,6
False,2,5,13.0,38.0,4.0,41.0,2.0,False,0.732195287536425,5
True,3,3,74.0,68.0,1.0,79.0,2.0,False,1.0488151617328658,95
False,3,1,8.0,12.0,4.0,30.0,1.0,False,0.7943111751334793,17
True,3,3,22.0,81.0,5.0,66.0,2.0,True,1.4011649972161209,126
True,3,2,59.0,21.0,5.0,78.0,3.0,False,3.2741416534982353,151
True,3,2,27.0,39.0,4.0,96.0,2.0,False,6.070918395685893,28
True,3,5,12.0,45.0,2.0,29.0,5.0,False,0.8645260851209282,8
False,3,5,32.0,33.0,3.0,84.0,2.0,True,1.3291425102739085,82
False,2,2,86.0,92.0,3.0,35.0,5.0,False,1.2348364348975682,116
True,3,5,9.0,59.0,3.0,44.0,4.0,False,1.0754972047097353,11
True,2,4,74.0,59.0,4.0,23.0,1.0,False,2.937206562162555,102
False,2,1,49.0,78.0,1.0,37.0,1.0,False,2.0663136512039966,185
True,2,5,36.0,20.0,5.0,46.0,3.0,True,0.9182165607011274,74
True,2,2,5.0,51.0,5.0,35.0,2.0,True,1.883678247562501,61
False,3,1,9.0,24.0,5.0,46.0,2.0,False,0.6349719449456463,20
True,3,1,82.0,12.0,4.0,33.0,2.0,True,0.8826405033986346,122
True,1,3,42.0,66.0,4.0,22.0,2.0,False,1.5616139176636288,162
False,3,5,1.0,40.0,3.0,24.0,1.0,False,0.6970878325427005,8
True,3,5,12.0,38.0,3.0,37.0,2.0,False,1.0403897497160108,14
False,3,4,69.0,48.0,1.0,2.0,2.0,False,3.4314222975068436,163
False,2,5,67.0,28.0,2.0,84.0,4.0,False,3.5036957936735167,71
True,2,5,4.0,25.0,3.0,48.0,5.0,False,0.5377486023548677,15
True,3,4,78.0,70.0,3.0,77.0,4.0,False,3.3882158201227237,118
False,2,2,19.0,75.0,1.0,85.0,4.0,False,3.3626131944456987,35
True,3,5,33.0,44.0,3.0,42.0,3.0,False,2.5152643229849403,50
False,2,1,56.0,40.0,3.0,68.0,3.0,False,3.6096709379076106,35
True,3,5,70.0,4.0,5.0,6.0,4.0,False,2.242177315799079,146
True,1,2,47.0,31.0,3.0,67.0,4.0,False,6.000377096071983,30
False,1,2,85.0,54.0,5.0,54.0,5.0,False,2.267127162223184,113
False,2,5,58.0,92.0,5.0,6.0,1.0,False,2.231693317603,148
False,2,4,62.0,48.0,3.0,9.0,3.0,False,3.584394701857046,184
True,1,1,75.0,33.0,1.0,63.0,1.0,False,2.20501127462613,160
True,3,1,4.0,9.0,2.0,35.0,5.0,False,1.2348364348975682,22
True,2,5,69.0,47.0,5.0,2.0,4.0,False,3.0965457923503883,64
True,3,4,90.0,71.0,2.0,63.0,2.0,False,2.4450494129974913,145
True,2,5,66.0,74.0,4.0,14.0,2.0,False,3.079694968316678,119
True,1,4,86.0,60.0,5.0,21.0,4.0,False,3.6714604358782044,113
True,3,3,57.0,38.0,5.0,14.0,5.0,False,2.6661781411559184,149
True,2,1,12.0,77.0,5.0,43.0,4.0,False,3.4763609714437274,122
False,3,5,41.0,61.0,5.0,17.0,1.0,False,3.1418108559137323,130
True,3,1,71.0,50.0,1.0,99.0,5.0,False,2.55847080036906,92
True,3,1,11.0,43.0,2.0,37.0,5.0,False,1.2348364348975682,16
False,3,1,2.0,25.0,4.0,47.0,1.0,False,0.9431664071252321,10
True,3,3,49.0,80.0,5.0,76.0,3.0,False,2.5686284089386797,108
True,3,5,74.0,90.0,2.0,0.0,2.0,False,1.8097510784253852,104
False,2,5,5.0,33.0,4.0,25.0,4.0,False,0.6700793999393708,6
True,1,4,63.0,49.0,3.0,29.0,4.0,False,3.9151540346550515,87
True,2,5,75.0,89.0,5.0,9.0,1.0,False,0.5293231903380127,91
False,3,1,7.0,14.0,3.0,32.0,2.0,False,1.0589727703024856,12
True,3,1,98.0,38.0,4.0,34.0,1.0,False,3.1955013314939316,142
False,2,4,83.0,40.0,5.0,60.0,2.0,True,0.9542278041722336,111
True,1,5,17.0,46.0,5.0,21.0,1.0,True,1.6712259406453907,63
True,3,5,75.0,51.0,5.0,2.0,4.0,False,4.076878240648569,102
True,3,4,3.0,19.0,2.0,31.0,5.0,False,0.6349719449456463,2
True,3,5,26.0,72.0,1.0,46.0,3.0,False,5.220205379540069,140
False,3,4,72.0,63.0,5.0,29.0,4.0,False,3.2909924775319457,120
False,2,5,42.0,98.0,5.0,64.0,2.0,False,3.404413864903513,159
True,2,3,73.0,40.0,5.0,23.0,1.0,False,3.026330882362939,148
False,2,5,67.0,92.0,5.0,18.0,5.0,False,3.6258689826884005,108
True,2,5,43.0,13.0,1.0,55.0,4.0,False,1.8964904228200843,25
True,3,4,78.0,86.0,5.0,86.0,2.0,True,2.0601193110085054,137
True,3,2,88.0,21.0,4.0,20.0,2.0,False,0.8996335401146528,96
False,3,2,29.0,37.0,2.0,79.0,4.0,False,4.45322902663638,16
True,3,3,97.0,48.0,4.0,63.0,4.0,False,2.842041805751001,138
True,2,5,78.0,66.0,3.0,55.0,5.0,False,2.4531484353878863,148
True,1,5,91.0,30.0,3.0,47.0,3.0,False,3.4854391627135026,98
True,1,1,81.0,77.0,1.0,49.0,5.0,False,1.7932266440181355,94
True,2,4,77.0,58.0,4.0,92.0,2.0,False,2.7964503525611972,95
True,1,4,96.0,63.0,2.0,19.0,1.0,False,3.5826625053042815,118
False,1,2,56.0,51.0,3.0,59.0,4.0,False,3.1664343127113765,45
False,3,2,55.0,46.0,3.0,7.0,1.0,False,3.8080994731211137,132
False,3,4,25.0,18.0,3.0,9.0,5.0,False,3.7726656285009286,118
True,1,5,35.0,27.0,4.0,20.0,3.0,True,0.7777867407262293,49
False,2,5,55.0,51.0,3.0,46.0,5.0,False,3.994120746285816,102
True,3,2,26.0,60.0,3.0,13.0,1.0,True,1.2134900510809767,19
True,3,2,66.0,91.0,1.0,34.0,3.0,False,2.842041805751001,84
True,3,2,34.0,78.0,4.0,42.0,2.0,True,0.824596680717862,80
True,1,4,78.0,42.0,5.0,19.0,1.0,False,1.5349318746867593,33
True,3,5,87.0,73.0,5.0,24.0,3.0,False,2.8234587851645268,68
True,1,5,66.0,31.0,1.0,21.0,1.0,False,1.46439057507285,114
True,1,4,31.0,14.0,4.0,25.0,1.0,True,0.3641160095811484,119
False,2,5,8.0,45.0,2.0,31.0,1.0,False,0.9431664071252321,12
True,3,5,8.0,20.0,5.0,44.0,4.0,False,0.5998644899519219,8
True,3,1,60.0,66.0,5.0,50.0,1.0,False,3.236975612325286,118
False,3,1,9.0,29.0,3.0,37.0,4.0,False,0.5026411473611432,17
False,3,4,9.0,45.0,4.0,34.0,5.0,False,0.7943111751334793,12
False,2,1,43.0,30.0,2.0,89.0,4.0,False,3.880046579661327,25
True,3,5,78.0,39.0,2.0,79.0,1.0,False,1.8883914004296893,131
False,3,3,54.0,82.0,5.0,39.0,5.0,False,2.7613428975674728,128
True,1,3,97.0,67.0,3.0,80.0,5.0,False,3.5307042262768467,132
False,2,5,78.0,73.0,4.0,18.0,2.0,False,3.24919180707413,53
True,3,1,98.0,35.0,5.0,73.0,1.0,False,2.992955623921979,130
True,1,1,38.0,53.0,2.0,90.0,3.0,False,2.645536534390219,29
True,1,2,24.0,63.0,2.0,25.0,1.0,True,1.5663721779729851,88
False,3,2,87.0,25.0,5.0,10.0,5.0,False,3.247459610521366,132
True,1,5,86.0,20.0,3.0,96.0,1.0,False,2.513205736805716,119
False,1,5,71.0,5.0,3.0,52.0,4.0,False,2.260760336385554,178
True,3,1,10.0,32.0,2.0,27.0,1.0,False,0.9080589521315077,20
False,3,3,47.0,26.0,3.0,92.0,2.0,True,1.6108725225609315,172
False,2,5,8.0,13.0,3.0,48.0,2.0,False,1.0589727703024856,9
True,3,1,37.0,54.0,3.0,85.0,5.0,False,4.606201430986582,29
True,3,5,11.0,21.0,5.0,24.0,4.0,False,1.102505637313065,14
False,2,1,57.0,53.0,4.0,45.0,3.0,False,5.56860363795121,37
True,2,3,49.0,59.0,2.0,98.0,4.0,False,3.1168610094896274,119
False,1,5,27.0,86.0,5.0,56.0,2.0,False,4.2074768416803074,77
True,3,5,53.0,31.0,5.0,25.0,1.0,False,1.2534194554840428,158
False,2,2,21.0,35.0,2.0,63.0,3.0,False,4.7982631403624545,27
False,3,3,4.0,46.0,3.0,61.0,1.0,False,4.3725301184528504,24
True,1,1,3.0,13.0,3.0,24.0,1.0,True,1.4119636937366473,93
False,3,2,43.0,42.0,2.0,98.0,5.0,False,6.5381256984268505,6
True,2,5,65.0,92.0,5.0,59.0,2.0,False,2.2688593587759494,6
False,2,2,34.0,35.0,2.0,96.0,3.0,False,5.170632076318319,20
True,1,1,82.0,20.0,5.0,11.0,1.0,True,1.5195622379813525,93
False,2,1,98.0,3.0,3.0,51.0,3.0,False,4.198072260784072,44
True,3,1,71.0,53.0,2.0,71.0,1.0,False,3.3362575410952893,86
False,2,1,74.0,19.0,3.0,36.0,1.0,False,4.858320441780283,117
True,1,1,80.0,29.0,5.0,87.0,1.0,False,3.301150086101565,116
False,3,5,1.0,57.0,3.0,33.0,2.0,False,0.6700793999393708,14
False,3,1,9.0,14.0,3.0,25.0,5.0,False,0.7673027425301494,11
True,3,3,86.0,62.0,1.0,89.0,1.0,False,3.396314842513119,127
False,2,3,56.0,46.0,1.0,22.0,1.0,False,3.363265973698619,146
True,3,5,50.0,12.0,1.0,5.0,1.0,False,1.4043332736550207,76
False,1,5,6.0,57.0,1.0,74.0,2.0,False,5.952400667076494,63
True,3,4,88.0,64.0,4.0,87.0,1.0,False,3.3362575410952893,89
True,3,1,99.0,60.0,1.0,51.0,4.0,False,2.0041977636069426,111
False,3,5,13.0,30.0,2.0,34.0,5.0,False,0.40541780477036454,11
False,2,4,4.0,60.0,2.0,68.0,5.0,False,4.242910686300492,185
True,1,2,53.0,35.0,2.0,56.0,3.0,False,5.921410384441219,24
False,1,1,26.0,46.0,1.0,82.0,4.0,False,4.815440354022625,118
False,2,1,7.0,19.0,2.0,32.0,5.0,False,0.8645260851209282,15
False,3,4,4.0,52.0,2.0,36.0,2.0,False,0.8645260851209282,22
False,1,2,53.0,49.0,4.0,50.0,3.0,False,4.260514538007587,14
True,3,3,84.0,52.0,4.0,31.0,3.0,False,5.565565882892604,150
True,3,1,54.0,32.0,4.0,78.0,1.0,False,2.798508938740422,84
False,2,5,78.0,72.0,3.0,43.0,4.0,False,3.2909924775319457,126
True,2,5,77.0,70.0,5.0,32.0,2.0,False,1.6068789812269728,119
False,2,5,70.0,10.0,5.0,73.0,5.0,False,2.0558296530079168,143
True,2,5,47.0,6.0,5.0,32.0,5.0,False,2.7259090529472876,185
True,3,5,7.0,39.0,3.0,29.0,5.0,False,1.0589727703024856,20
False,1,2,39.0,50.0,2.0,71.0,4.0,False,3.5637530950913465,24
False,3,5,10.0,11.0,4.0,29.0,4.0,False,0.7943111751334793,17
False,2,2,22.0,44.0,3.0,54.0,1.0,False,4.581577974188937,4
True,3,5,54.0,17.0,1.0,69.0,5.0,False,1.8181764904422404,124
False,3,5,13.0,31.0,5.0,33.0,4.0,False,1.1997289799038438,7
False,3,3,73.0,88.0,1.0,53.0,1.0,False,4.904238284596548,64
False,3,5,9.0,43.0,5.0,40.0,5.0,False,0.9617494277117069,6
True,1,3,40.0,36.0,4.0,83.0,2.0,False,3.4293637113276185,166
False,3,5,59.0,38.0,5.0,44.0,2.0,False,2.566896212385915,104
False,3,1,38.0,12.0,3.0,70.0,3.0,False,2.55879718999552,47
True,1,5,73.0,89.0,1.0,25.0,2.0,True,1.6023834214440917,85
True,1,2,62.0,14.0,1.0,1.0,1.0,False,1.7395361684379362,44
False,2,1,77.0,10.0,5.0,40.0,5.0,False,2.3660827013667274,185
True,2,4,47.0,72.0,5.0,2.0,3.0,False,1.0586463806760253,146
True,2,1,8.0,18.0,5.0,38.0,4.0,False,0.40541780477036454,18
False,2,2,86.0,64.0,5.0,21.0,5.0,False,3.0466460995021785,158
True,2,5,67.0,78.0,4.0,88.0,4.0,False,3.0695373597470583,90
True,1,1,32.0,44.0,4.0,21.0,4.0,False,5.044994494197907,33
True,3,5,7.0,46.0,5.0,45.0,5.0,False,1.0052822947222864,18
True,1,5,75.0,65.0,4.0,23.0,2.0,True,1.1306688676182377,40
False,2,1,55.0,53.0,3.0,48.0,3.0,False,5.586860268911224,6
False,3,5,6.0,28.0,2.0,40.0,2.0,False,0.9431664071252321,10
True,2,5,88.0,69.0,3.0,78.0,3.0,False,4.147093150636018,166
True,3,3,75.0,55.0,5.0,89.0,1.0,False,2.161478407615551,124
False,1,4,96.0,32.0,1.0,37.0,1.0,False,6.3517780356356885,149
False,2,1,55.0,30.0,3.0,39.0,2.0,False,3.9526464654544613,197
False,2,3,59.0,82.0,3.0,38.0,5.0,False,2.5335209539449552,148
False,1,1,48.0,52.0,3.0,84.0,5.0,False,4.484354631598158,19
False,1,1,37.0,32.0,4.0,66.0,3.0,False,5.745873109472597,32
False,2,2,70.0,18.0,4.0,2.0,5.0,False,3.495596771283122,106
True,3,5,3.0,41.0,2.0,24.0,5.0,False,1.1376130923067895,10
True,1,1,89.0,99.0,1.0,46.0,4.0,False,1.7995934698557656,121
True,1,5,48.0,5.0,1.0,18.0,1.0,False,0.8831091057074028,116
True,1,4,63.0,56.0,1.0,64.0,2.0,True,1.0946576241471315,104
True,1,1,61.0,76.0,1.0,21.0,1.0,False,3.247459610521366,104
True,3,3,88.0,66.0,1.0,7.0,4.0,False,2.9287811501457,125
True,3,5,5.0,12.0,4.0,31.0,2.0,True,1.6712259406453907,80
True,2,1,22.0,92.0,4.0,60.0,1.0,False,4.285790774058151,108
True,3,4,99.0,73.0,4.0,24.0,1.0,False,1.9586063104171383,85
False,1,2,23.0,43.0,2.0,64.0,3.0,False,4.992709825544011,42
True,3,5,82.0,44.0,5.0,50.0,4.0,False,3.7501007578825085,88
True,1,2,54.0,88.0,1.0,57.0,1.0,True,1.1527014468279042,90
True,2,4,11.0,17.0,5.0,66.0,5.0,False,2.5935782553627846,107
True,3,1,37.0,46.0,2.0,66.0,3.0,False,5.135851010951054,36
False,2,5,50.0,14.0,1.0,89.0,1.0,True,1.7072371841164968,74
True,3,2,27.0,48.0,3.0,46.0,4.0,False,4.2686135603979825,38
False,3,2,40.0,40.0,2.0,77.0,1.0,False,4.895812872579693,17
False,3,5,72.0,73.0,4.0,28.0,5.0,False,3.1748597247282317,120
True,2,2,44.0,99.0,5.0,7.0,5.0,False,2.3724495272043575,154
True,3,5,7.0,33.0,3.0,47.0,5.0,False,1.0052822947222864,19
True,1,1,59.0,33.0,1.0,16.0,5.0,False,2.9993224497596094,108
True,2,3,76.0,35.0,5.0,21.0,5.0,False,1.9133412468537938,145
True,1,4,72.0,57.0,5.0,15.0,2.0,False,1.4394407286487452,100
True,1,4,45.0,1.0,3.0,39.0,1.0,False,3.141484466287272,87
False,3,4,41.0,67.0,1.0,27.0,4.0,False,6.159063547006896,128
True,2,1,72.0,55.0,4.0,29.0,3.0,False,2.734660854590603,89
False,3,2,68.0,41.0,5.0,16.0,5.0,False,3.512121205690372,180
True,3,1,57.0,28.0,4.0,76.0,5.0,False,2.4612474577782812,92
False,2,3,88.0,94.0,1.0,43.0,3.0,False,6.678555518401748,58
True,2,2,45.0,37.0,4.0,52.0,5.0,False,6.186724758863146,35
False,3,5,5.0,40.0,5.0,43.0,2.0,False,0.8294186301272037,15
True,2,4,85.0,69.0,2.0,24.0,1.0,False,4.3388284703854305,58
False,3,5,7.0,44.0,3.0,44.0,1.0,False,0.6970878325427005,8
True,3,4,57.0,60.0,5.0,31.0,2.0,False,3.847324100473288,70
True,3,3,91.0,20.0,3.0,43.0,1.0,False,2.5149379333584805,88
True,2,5,6.0,42.0,3.0,40.0,5.0,False,0.7943111751334793,17
True,1,1,51.0,59.0,2.0,21.0,1.0,False,2.779925918153947,136
False,1,2,59.0,43.0,2.0,57.0,3.0,False,3.8182570816907333,9
False,3,5,5.0,22.0,2.0,36.0,5.0,False,0.40541780477036454,16
True,3,5,55.0,65.0,4.0,47.0,4.0,False,2.860624826337476,116
True,1,5,60.0,68.0,2.0,67.0,2.0,False,3.7729920181273893,87
False,2,3,77.0,21.0,5.0,59.0,3.0,False,2.6742771635463134,157
True,2,2,59.0,90.0,5.0,24.0,5.0,False,3.3281585187048943,93
False,2,2,21.0,32.0,2.0,45.0,4.0,False,3.785208212876233,27
True,2,1,93.0,26.0,3.0,28.0,1.0,False,3.4770137506966474,152
True,1,2,88.0,6.0,1.0,53.0,3.0,False,2.842041805751001,60
True,1,3,72.0,65.0,2.0,35.0,1.0,False,1.1126632458826848,106
True,3,3,65.0,6.0,2.0,65.0,2.0,False,1.7209531478514615,142
False,3,5,83.0,40.0,5.0,46.0,4.0,False,3.0550715115190337,128
False,2,2,20.0,44.0,2.0,78.0,3.0,False,3.8578080986693672,26
True,3,1,78.0,20.0,5.0,82.0,5.0,False,3.5307042262768467,109
False,3,5,13.0,31.0,3.0,30.0,1.0,False,0.9266419727179824,3
True,3,3,66.0,21.0,4.0,14.0,1.0,False,3.1502362679305866,80
False,2,1,42.0,43.0,1.0,52.0,3.0,False,2.8045493749515913,39
True,1,1,29.0,83.0,4.0,43.0,2.0,True,1.7428132414189896,179
False,2,1,28.0,32.0,2.0,59.0,2.0,False,2.8936736951519757,31
True,2,4,94.0,49.0,4.0,17.0,4.0,False,3.1937691349411663,96
True,2,4,98.0,76.0,3.0,52.0,4.0,False,1.7644860148620412,74
False,1,2,22.0,38.0,2.0,59.0,4.0,False,4.358390659851285,38
True,3,5,8.0,15.0,3.0,39.0,5.0,False,0.5377486023548677,14
True,1,3,34.0,52.0,3.0,13.0,4.0,False,5.12677281968128,122
True,1,4,25.0,27.0,5.0,17.0,2.0,True,1.0230703233735325,35
False,3,5,74.0,53.0,1.0,83.0,3.0,True,0.9294504433902673,179
True,3,5,63.0,80.0,4.0,73.0,1.0,True,0.705764253784017,66
True,1,5,66.0,38.0,5.0,72.0,1.0,False,2.320491248176923,107
False,1,2,37.0,40.0,1.0,54.0,3.0,False,2.2401187296198546,26
False,3,5,85.0,45.0,1.0,90.0,2.0,True,1.8589008867805346,109
True,3,4,73.0,51.0,3.0,27.0,1.0,False,4.111985695642294,89
False,1,1,29.0,52.0,2.0,55.0,4.0,False,2.6104290793964946,22
False,3,5,68.0,1.0,5.0,85.0,2.0,True,2.694731450187537,164
True,1,3,22.0,78.0,3.0,60.0,2.0,False,3.539129638293702,104
True,1,3,92.0,21.0,4.0,80.0,4.0,False,2.9206821277553052,117
True,1,3,62.0,11.0,2.0,14.0,4.0,False,0.9722334259077867,42
False,2,1,41.0,46.0,2.0,94.0,4.0,False,4.720275597611071,25
True,2,5,58.0,21.0,2.0,27.0,3.0,False,1.9484487018475183,99
False,3,5,6.0,27.0,1.0,24.0,5.0,False,0.6785048119562258,9
True,3,2,84.0,50.0,5.0,48.0,1.0,False,2.860624826337476,114
False,3,5,75.0,26.0,2.0,20.0,2.0,False,2.488255890381611,132
False,3,2,14.0,11.0,3.0,60.0,1.0,True,2.1762069563700503,69
True,2,5,77.0,36.0,5.0,40.0,1.0,False,2.354192896244343,131
True,1,3,5.0,7.0,5.0,42.0,2.0,False,1.2804278880873725,48
False,3,2,62.0,26.0,3.0,45.0,1.0,False,3.539129638293702,124
False,3,5,11.0,41.0,1.0,44.0,4.0,False,0.8729514971377832,16
False,2,1,23.0,32.0,3.0,61.0,4.0,False,5.013677821936171,30
True,3,4,9.0,41.0,3.0,39.0,1.0,False,0.5026411473611432,17
False,3,5,13.0,11.0,5.0,40.0,3.0,False,6.060108007863353,124
True,1,5,63.0,98.0,2.0,46.0,1.0,False,1.9856147430204678,115
True,3,2,50.0,21.0,5.0,69.0,2.0,False,1.0589727703024856,122
True,3,5,50.0,55.0,5.0,29.0,1.0,False,1.4994980300665746,131
False,2,1,6.0,32.0,4.0,41.0,1.0,False,1.2348364348975682,18
False,2,5,75.0,61.0,5.0,56.0,5.0,False,2.649653706748669,116
False,3,1,5.0,51.0,3.0,34.0,4.0,False,0.9266419727179824,24
False,1,2,44.0,46.0,2.0,96.0,2.0,False,5.7353891112765165,28
False,2,5,60.0,29.0,5.0,41.0,1.0,False,3.6444520032748753,181
True,3,2,96.0,49.0,4.0,69.0,1.0,False,1.693944715248132,72
False,2,1,25.0,68.0,3.0,77.0,5.0,False,2.866665262548646,113
False,3,5,10.0,32.0,2.0,34.0,4.0,False,1.0403897497160108,15
True,3,5,16.0,3.0,2.0,38.0,1.0,True,0.5293231903380127,74
True,3,5,84.0,24.0,5.0,46.0,4.0,False,1.4559651630559949,65
False,2,5,44.0,87.0,5.0,12.0,5.0,False,3.468914728306253,169
True,2,5,57.0,37.0,5.0,73.0,4.0,False,2.850140828141396,99
False,2,5,11.0,8.0,4.0,27.0,4.0,False,0.5998644899519219,5
False,2,1,12.0,54.0,4.0,27.0,4.0,False,1.0052822947222864,11
False,3,2,46.0,39.0,2.0,83.0,1.0,False,3.68592628410623,42
False,1,1,35.0,34.0,1.0,54.0,4.0,False,3.5265870539183966,39
False,3,4,9.0,43.0,2.0,35.0,4.0,False,0.5026411473611432,17
False,1,2,47.0,30.0,2.0,68.0,4.0,False,4.517729890039119,27
True,1,4,87.0,57.0,1.0,4.0,2.0,False,1.613572196691063,82
False,3,5,4.0,9.0,3.0,40.0,4.0,False,0.9431664071252321,8
True,3,3,90.0,51.0,3.0,93.0,1.0,False,1.826275512832635,130
False,1,5,58.0,76.0,5.0,41.0,1.0,False,2.984530211905124,151
False,1,1,50.0,35.0,2.0,78.0,5.0,False,4.395556701024235,22
False,1,2,59.0,41.0,2.0,76.0,3.0,False,5.470727516107511,5
True,1,4,49.0,58.0,1.0,25.0,1.0,True,0.5653344338091189,81
True,2,4,12.0,19.0,5.0,85.0,1.0,True,0.3060721869003758,111
False,2,2,53.0,42.0,3.0,72.0,3.0,False,2.7343344649641423,31
True,3,1,13.0,53.0,2.0,17.0,4.0,False,5.875818931251414,67
False,2,5,45.0,5.0,5.0,40.0,4.0,False,2.1263709526218264,145
True,2,1,56.0,9.0,3.0,28.0,2.0,True,0.3641160095811484,140
True,3,5,79.0,16.0,4.0,26.0,2.0,True,1.7428132414189896,169
True,3,5,59.0,48.0,1.0,85.0,3.0,False,2.3826071357739775,80
True,3,5,55.0,54.0,1.0,57.0,1.0,False,3.3983734286923433,136
True,1,1,32.0,77.0,1.0,4.0,3.0,False,2.0041977636069426,182
False,1,2,23.0,32.0,3.0,94.0,4.0,False,6.839953334768807,14
True,3,1,55.0,77.0,5.0,13.0,4.0,False,2.3745081133835826,107
False,2,5,42.0,14.0,5.0,69.0,1.0,False,3.255885022538221,181
True,2,5,76.0,79.0,2.0,74.0,1.0,False,3.2639840449286153,133
True,1,2,53.0,99.0,5.0,22.0,2.0,False,5.371119197711046,154
True,2,5,97.0,77.0,5.0,49.0,5.0,False,2.18816045059242,70
True,2,3,42.0,55.0,5.0,21.0,3.0,False,2.707326032360813,151
True,2,5,43.0,44.0,5.0,14.0,1.0,False,2.647268730942984,176
False,2,1,1.0,32.0,5.0,54.0,4.0,False,4.585886213847343,138
False,1,2,27.0,48.0,2.0,59.0,5.0,False,4.639250299801081,29
True,3,5,82.0,74.0,1.0,34.0,2.0,False,4.4387631784083545,128
True,3,1,74.0,42.0,2.0,23.0,1.0,False,3.565811681270571,76
True,3,4,9.0,40.0,3.0,26.0,5.0,False,0.6349719449456463,13
True,2,5,19.0,20.0,3.0,72.0,2.0,False,1.181145959317369,27
True,3,3,82.0,52.0,5.0,79.0,1.0,False,2.0105645894445727,37
True,3,1,73.0,48.0,3.0,47.0,2.0,False,2.699227009970418,96
True,3,2,94.0,74.0,2.0,73.0,4.0,False,1.7476351908283312,100
True,3,2,30.0,80.0,2.0,7.0,2.0,False,3.7497743682560487,84
False,2,2,47.0,48.0,2.0,90.0,3.0,False,5.247213812143398,15
True,3,4,66.0,23.0,5.0,90.0,1.0,False,2.337342072210633,154
True,3,2,58.0,76.0,2.0,21.0,5.0,False,3.7230923252791794,106
True,3,2,91.0,47.0,1.0,80.0,3.0,False,2.8315578075549217,124
False,3,5,6.0,17.0,4.0,37.0,4.0,False,0.9701748397285618,13
True,3,2,85.0,39.0,4.0,79.0,4.0,False,3.5265870539183966,18
False,3,5,13.0,11.0,4.0,44.0,5.0,False,1.0403897497160108,8
True,3,2,51.0,21.0,3.0,54.0,2.0,True,1.9304881875541335,73
True,1,2,77.0,85.0,4.0,44.0,2.0,True,2.1429404944712442,109
False,3,5,9.0,57.0,5.0,45.0,5.0,False,0.7943111751334793,18
True,1,4,64.0,20.0,5.0,47.0,2.0,True,0.3528821268920085,79
False,3,4,13.0,12.0,4.0,46.0,2.0,False,1.0673981823193406,18
False,3,1,8.0,30.0,3.0,33.0,2.0,False,0.6349719449456463,9
False,1,4,75.0,79.0,5.0,52.0,3.0,False,3.1846909436713915,169
True,3,4,54.0,10.0,3.0,62.0,3.0,True,0.7169981364731569,138
True,3,1,84.0,35.0,4.0,23.0,2.0,True,0.6701881964815242,40
True,3,2,21.0,34.0,2.0,78.0,3.0,False,3.9880803100746456,24
True,3,5,56.0,55.0,4.0,7.0,5.0,False,3.5826625053042815,112
True,3,4,56.0,24.0,5.0,7.0,1.0,False,3.301150086101565,91
True,2,4,48.0,19.0,4.0,30.0,1.0,True,0.7530093799442632,106
True,3,1,49.0,10.0,5.0,62.0,5.0,False,1.975130744824388,104
False,3,2,51.0,15.0,5.0,59.0,1.0,True,1.199511386819537,118
False,2,1,39.0,48.0,2.0,74.0,3.0,False,4.2277920588195474,18
True,1,5,52.0,73.0,5.0,15.0,5.0,False,1.7290521702418564,188
False,3,2,56.0,68.0,5.0,32.0,4.0,False,3.4229968854899884,105
False,3,5,2.0,33.0,3.0,28.0,5.0,False,0.40541780477036454,12
True,3,5,57.0,50.0,5.0,56.0,4.0,False,2.93926514834178,126
True,1,5,54.0,21.0,3.0,28.0,4.0,False,0.7507783081228997,51
True,3,4,50.0,75.0,1.0,46.0,3.0,False,3.512121205690372,124
True,2,3,21.0,83.0,3.0,10.0,2.0,False,4.113717892195059,52
True,3,5,51.0,64.0,4.0,29.0,1.0,False,2.9723140171562794,124
False,3,1,12.0,37.0,4.0,40.0,4.0,False,1.3320597774883467,6
True,3,5,81.0,72.0,3.0,55.0,2.0,False,2.5605293865482848,101
True,2,5,11.0,43.0,5.0,36.0,2.0,False,0.7757281545470045,16
False,3,5,11.0,14.0,5.0,38.0,5.0,False,0.9701748397285618,20
False,2,4,88.0,54.0,3.0,3.0,4.0,False,1.5720979158597084,119
False,1,2,86.0,1.0,3.0,59.0,1.0,False,3.778514997412143,104
True,2,3,59.0,57.0,5.0,24.0,3.0,False,2.701285596149643,119
False,2,1,15.0,77.0,3.0,98.0,2.0,False,6.959741547978006,41
False,3,1,28.0,37.0,2.0,48.0,4.0,False,3.177244700533917,48
False,2,5,6.0,24.0,5.0,25.0,5.0,False,0.7673027425301494,17
False,3,3,98.0,29.0,1.0,72.0,4.0,True,1.883678247562501,150
True,3,5,73.0,73.0,5.0,74.0,1.0,False,3.0445875133229534,102
False,2,5,61.0,72.0,1.0,65.0,3.0,False,3.8122166454795634,122
False,2,3,89.0,73.0,5.0,67.0,5.0,False,3.557059879627256,50
True,1,4,81.0,60.0,4.0,79.0,1.0,False,3.5307042262768467,151
False,3,3,52.0,43.0,5.0,20.0,4.0,False,3.6795594582685998,146
False,3,5,11.0,41.0,5.0,40.0,4.0,False,0.5377486023548677,16
True,2,4,63.0,20.0,5.0,20.0,2.0,True,0.6121443738007516,18
True,2,1,61.0,56.0,3.0,0.0,1.0,False,4.473870633402079,127
True,3,5,5.0,35.0,5.0,46.0,4.0,False,1.0052822947222864,16
True,1,2,44.0,44.0,2.0,51.0,4.0,False,5.8056040212639655,15
True,2,5,60.0,20.0,5.0,27.0,5.0,False,1.4313417062583504,89
False,3,2,48.0,52.0,2.0,63.0,3.0,False,5.48121151430359,35
False,2,2,88.0,28.0,3.0,81.0,1.0,True,1.9169447094613072,105
True,3,5,4.0,49.0,5.0,30.0,4.0,False,0.5998644899519219,8
False,3,5,13.0,33.0,4.0,44.0,4.0,False,1.0052822947222864,9
False,2,1,48.0,42.0,2.0,72.0,4.0,False,3.741675345865654,28
True,1,5,25.0,74.0,2.0,88.0,4.0,False,2.440932240639042,34
False,3,5,3.0,11.0,4.0,24.0,4.0,False,0.8294186301272037,7
False,2,2,52.0,48.0,2.0,69.0,3.0,False,4.8880402398157585,18
False,2,4,81.0,37.0,5.0,3.0,5.0,False,3.0982779889031526,152
True,1,1,2.0,5.0,5.0,43.0,3.0,False,2.5901138622572555,84
True,1,4,59.0,64.0,1.0,37.0,1.0,True,1.1527014468279042,107
False,3,5,43.0,92.0,1.0,23.0,5.0,False,2.355925092797108,159
True,2,4,7.0,42.0,3.0,45.0,4.0,False,1.0589727703024856,21
True,2,5,11.0,41.0,1.0,31.0,4.0,False,0.8294186301272037,11
True,3,4,56.0,20.0,4.0,38.0,1.0,False,2.4531484353878863,136
True,1,5,22.0,30.0,4.0,12.0,3.0,True,0.7885854372467558,57
False,2,4,4.0,34.0,2.0,31.0,4.0,False,0.9701748397285618,18
True,3,4,65.0,48.0,3.0,75.0,1.0,True,0.705764253784017,139
False,1,2,50.0,32.0,3.0,50.0,3.0,False,4.130568716228769,34
True,2,1,43.0,30.0,4.0,82.0,3.0,False,6.759580816211737,22
True,3,4,56.0,39.0,5.0,47.0,1.0,False,1.756060602845186,105
False,2,5,1.0,48.0,5.0,43.0,5.0,False,0.8645260851209282,3
True,3,3,70.0,99.0,1.0,61.0,3.0,False,2.3640241151875028,144
False,2,1,30.0,36.0,1.0,60.0,3.0,False,3.201541767705101,12
False,3,5,48.0,23.0,5.0,77.0,5.0,False,2.841715416124541,142
True,3,3,83.0,64.0,4.0,27.0,2.0,False,1.1997289799038438,100
True,3,1,62.0,78.0,5.0,7.0,3.0,False,4.209209038233073,143
True,2,2,49.0,94.0,3.0,35.0,5.0,False,1.7290521702418564,155
True,3,1,47.0,54.0,3.0,51.0,3.0,False,3.5103890091376075,10
True,2,3,3.0,34.0,4.0,37.0,2.0,True,1.1058915068362716,55
False,3,1,53.0,44.0,3.0,61.0,4.0,False,4.138994128245624,33
True,3,2,66.0,29.0,4.0,43.0,4.0,False,2.161478407615551,102
True,2,5,61.0,70.0,1.0,15.0,5.0,False,3.6009191362642956,140
True,3,4,79.0,75.0,5.0,25.0,3.0,False,2.3289166601937783,160
True,2,3,13.0,34.0,5.0,6.0,3.0,False,1.1997289799038438,70
False,1,2,43.0,46.0,1.0,8.0,2.0,False,3.2639840449286153,146
True,2,5,53.0,54.0,1.0,27.0,5.0,False,2.045672044438297,101
False,3,4,83.0,56.0,3.0,62.0,1.0,False,7.021857435575059,83
True,3,4,67.0,13.0,2.0,75.0,2.0,False,2.937206562162555,93
True,3,5,66.0,25.0,4.0,59.0,1.0,False,2.8852482831351205,111
False,3,5,1.0,33.0,4.0,25.0,4.0,False,0.9431664071252321,11
False,3,1,2.0,47.0,4.0,34.0,1.0,False,0.6785048119562258,20
True,3,5,8.0,29.0,2.0,49.0,5.0,False,0.732195287536425,18
False,3,2,40.0,52.0,2.0,0.0,3.0,False,3.1955013314939316,145
False,1,5,10.0,58.0,3.0,76.0,2.0,False,2.039305218600667,105
False,3,1,45.0,45.0,2.0,81.0,4.0,False,4.506593112590118,33
True,3,5,13.0,39.0,1.0,89.0,4.0,False,4.130242326602309,135
False,2,1,3.0,31.0,2.0,32.0,1.0,False,1.1997289799038438,6
False,3,5,8.0,31.0,5.0,49.0,2.0,False,0.6349719449456463,15
True,3,5,92.0,27.0,5.0,41.0,2.0,False,2.2587017502063294,61
True,3,4,85.0,52.0,4.0,48.0,1.0,False,3.7230923252791794,151
True,2,4,65.0,39.0,2.0,68.0,1.0,False,3.4148978630995934,144
False,3,5,5.0,46.0,5.0,43.0,4.0,False,0.7757281545470045,21
True,3,5,72.0,22.0,4.0,59.0,1.0,False,3.3882158201227237,131
True,3,4,1.0,55.0,3.0,39.0,2.0,False,1.3692258186612962,42
False,3,3,68.0,34.0,5.0,69.0,1.0,True,2.44626789979932,44
True,3,5,84.0,66.0,3.0,5.0,4.0,False,3.176918310907457,98
False,3,3,51.0,16.0,1.0,17.0,3.0,False,1.764159625235581,161
False,1,3,61.0,15.0,5.0,23.0,1.0,False,3.079694968316678,192
False,3,1,6.0,32.0,4.0,35.0,1.0,False,0.5377486023548677,11
True,1,2,46.0,78.0,5.0,8.0,5.0,False,3.063170533909428,172
True,3,5,91.0,44.0,5.0,41.0,2.0,False,1.9339828536194934,166
True,3,5,90.0,64.0,2.0,81.0,1.0,False,1.756060602845186,139
False,2,2,45.0,39.0,3.0,60.0,4.0,False,3.564079484717807,40
False,1,4,30.0,3.0,2.0,20.0,2.0,False,1.8431263368663449,105
True,1,2,67.0,42.0,5.0,64.0,5.0,False,3.7230923252791794,143
False,2,1,37.0,96.0,2.0,98.0,4.0,False,4.789837728345599,71
False,3,1,78.0,31.0,2.0,60.0,3.0,False,2.231693317603,48
True,1,5,28.0,72.0,5.0,75.0,2.0,True,1.5195622379813525,125
True,2,5,3.0,92.0,1.0,0.0,5.0,False,1.826275512832635,145
False,3,2,47.0,31.0,2.0,75.0,2.0,False,4.930593937946957,21
True,1,3,48.0,27.0,5.0,76.0,1.0,False,2.2853837931831986,97
True,1,3,40.0,24.0,2.0,26.0,5.0,False,2.354192896244343,133
False,2,3,79.0,46.0,2.0,78.0,1.0,False,2.5065125213416257,145
True,1,2,31.0,31.0,1.0,54.0,2.0,False,3.9775963118785658,20
False,3,3,47.0,16.0,5.0,73.0,3.0,False,3.0425289271437284,179
False,3,5,3.0,44.0,2.0,35.0,2.0,False,0.9080589521315077,9
False,2,5,2.0,20.0,1.0,45.0,5.0,False,0.6785048119562258,12
True,2,5,75.0,19.0,5.0,21.0,5.0,False,1.4910726180497194,116
True,3,1,79.0,41.0,4.0,90.0,2.0,False,2.8066079611308163,126
True,1,4,59.0,42.0,1.0,66.0,4.0,False,2.779925918153947,105
True,2,2,3.0,1.0,3.0,48.0,5.0,False,0.5647570349581973,85
False,2,1,35.0,42.0,2.0,58.0,1.0,False,4.749016226767165,26
True,3,5,8.0,50.0,4.0,24.0,2.0,False,1.102505637313065,8
True,1,5,54.0,69.0,4.0,0.0,1.0,False,2.771500506137092,83
False,3,1,28.0,31.0,2.0,59.0,3.0,False,4.38745767863384,17
False,1,2,25.0,36.0,3.0,61.0,3.0,False,4.800648116168139,37
False,3,5,70.0,30.0,5.0,65.0,1.0,True,1.6712259406453907,71
True,1,3,86.0,5.0,2.0,45.0,2.0,False,1.4373821424695201,80
False,2,2,45.0,12.0,5.0,7.0,3.0,False,3.5286456400976216,130
True,3,5,7.0,46.0,2.0,34.0,2.0,True,1.2823325702822759,73
True,1,5,84.0,55.0,2.0,15.0,4.0,False,1.8887177900561494,114
True,3,1,2.0,35.0,1.0,41.0,4.0,False,1.1376130923067895,13
True,3,2,99.0,54.0,4.0,76.0,4.0,False,3.3095754981184196,128
False,1,1,35.0,42.0,3.0,80.0,4.0,False,5.892669755285125,15
False,2,2,61.0,49.0,5.0,59.0,1.0,False,3.176918310907457,133
False,2,4,98.0,34.0,3.0,84.0,1.0,True,2.106929251000138,11
False,3,2,31.0,32.0,2.0,93.0,4.0,False,4.252089125990731,30
False,3,4,46.0,95.0,4.0,41.0,2.0,False,3.4517375146460827,63
True,3,4,73.0,52.0,3.0,32.0,4.0,False,2.6827025755631686,116
True,1,5,59.0,68.0,5.0,69.0,2.0,False,0.875010083317008,115
True,2,3,71.0,31.0,5.0,36.0,1.0,True,0.49374713303552,126
False,2,5,13.0,20.0,5.0,35.0,1.0,False,0.7943111751334793,19
True,1,3,16.0,10.0,1.0,42.0,4.0,False,2.3994579598076875,34
False,3,1,59.0,85.0,3.0,23.0,5.0,False,1.8782337918600693,143
False,3,4,41.0,63.0,5.0,54.0,5.0,False,3.3443565634856847,124
False,2,5,53.0,11.0,2.0,28.0,2.0,False,4.816519771322469,114
True,1,4,83.0,51.0,1.0,42.0,3.0,True,0.6701881964815242,114
False,1,2,54.0,36.0,2.0,54.0,1.0,False,2.1864282540396554,9
True,2,4,62.0,29.0,5.0,12.0,5.0,False,1.09408022529621,120
True,3,5,50.0,89.0,5.0,75.0,1.0,False,3.2639840449286153,147
True,2,5,14.0,45.0,5.0,67.0,1.0,False,1.9940401550373228,133
False,1,2,36.0,40.0,3.0,86.0,4.0,False,4.659891906566782,20
True,3,5,87.0,88.0,5.0,41.0,1.0,False,3.450331707719778,141
True,3,5,91.0,35.0,3.0,30.0,2.0,False,3.9361220310472107,126
True,1,4,69.0,49.0,4.0,26.0,3.0,False,1.623729805260683,147
False,3,2,26.0,33.0,3.0,97.0,5.0,False,3.6508188291125054,18
False,1,2,29.0,51.0,2.0,75.0,3.0,False,6.0105347046416036,25
False,1,2,61.0,98.0,5.0,4.0,4.0,False,4.40365572341463,120
True,2,4,48.0,88.0,5.0,73.0,2.0,True,0.8466292599275285,15
True,3,4,1.0,41.0,4.0,40.0,2.0,False,0.7757281545470045,17
False,1,5,83.0,14.0,5.0,39.0,5.0,False,3.176918310907457,165
True,3,5,10.0,36.0,4.0,31.0,5.0,False,0.8108356095407291,14
True,3,5,10.0,44.0,2.0,47.0,2.0,False,0.6970878325427005,18
False,3,4,5.0,50.0,4.0,53.0,5.0,False,3.5307042262768467,109
True,3,2,50.0,38.0,3.0,48.0,1.0,False,1.9420818760098886,84
True,3,3,6.0,27.0,5.0,12.0,1.0,False,0.802410197523874,46
True,3,4,4.0,40.0,3.0,29.0,2.0,False,1.0589727703024856,17
True,2,5,61.0,8.0,1.0,49.0,3.0,False,4.04986980804524,97
False,3,4,59.0,93.0,1.0,61.0,2.0,False,3.4932117954774378,117
True,2,1,34.0,32.0,4.0,96.0,3.0,False,3.061111947730203,11
True,2,5,25.0,35.0,3.0,1.0,2.0,False,2.7529174855506175,102
True,2,1,51.0,92.0,5.0,39.0,5.0,False,2.0041977636069426,125
True,1,4,85.0,4.0,4.0,54.0,2.0,True,0.6481556172718578,103
True,3,5,95.0,77.0,4.0,63.0,2.0,False,2.9743726033355045,159
False,1,4,66.0,86.0,2.0,26.0,4.0,False,3.865907121059762,186
True,2,5,59.0,23.0,2.0,76.0,1.0,False,2.6823761859367083,152
True,2,1,39.0,40.0,3.0,92.0,3.0,False,2.637437511999824,13
True,2,5,6.0,16.0,3.0,40.0,5.0,False,0.5026411473611432,21
True,3,1,97.0,60.0,4.0,87.0,1.0,False,2.5317887573921904,107
True,3,1,85.0,56.0,5.0,69.0,1.0,False,3.160393876500207,74
False,3,3,15.0,59.0,5.0,79.0,1.0,True,0.38889337036311467,130
False,2,5,2.0,40.0,3.0,44.0,2.0,False,0.6970878325427005,7
True,1,4,53.0,54.0,3.0,1.0,4.0,False,1.1460385043236445,84
False,2,4,3.0,46.0,2.0,41.0,5.0,False,1.0673981823193406,11
True,3,1,89.0,60.0,4.0,48.0,1.0,False,3.1937691349411663,138
True,3,1,86.0,83.0,5.0,28.0,1.0,False,3.4604893162893977,126
False,2,2,48.0,69.0,5.0,3.0,5.0,False,2.8315578075549217,138
False,2,3,86.0,57.0,1.0,68.0,3.0,False,2.4366240009806366,165
False,3,4,4.0,39.0,3.0,27.0,2.0,False,0.6349719449456463,22
True,3,1,44.0,41.0,2.0,84.0,4.0,False,6.107758047232382,29
False,3,5,9.0,10.0,4.0,26.0,5.0,False,0.5026411473611432,11
True,1,5,64.0,35.0,1.0,35.0,1.0,False,4.939019349963813,90
False,3,1,56.0,52.0,3.0,90.0,3.0,True,2.9179824536251733,135
False,1,1,34.0,72.0,1.0,21.0,4.0,False,4.0457526356867906,91
False,2,1,44.0,30.0,2.0,60.0,3.0,False,5.964943251451798,30
False,1,3,46.0,61.0,4.0,16.0,2.0,False,3.565811681270571,167
True,3,4,96.0,69.0,5.0,96.0,3.0,False,2.231693317603,76
False,3,5,6.0,22.0,2.0,45.0,1.0,False,0.6785048119562258,19
False,1,1,35.0,49.0,1.0,92.0,2.0,False,3.6633614134878103,24
True,1,5,43.0,48.0,4.0,35.0,2.0,False,4.393171725218551,137
True,3,2,85.0,48.0,4.0,13.0,1.0,False,2.9993224497596094,152
True,3,2,5.0,44.0,1.0,55.0,3.0,False,1.6051467846742082,148
True,2,1,22.0,52.0,2.0,69.0,4.0,False,4.064335656273265,38
False,2,1,1.0,12.0,1.0,38.0,2.0,False,0.9701748397285618,18
True,3,2,85.0,69.0,3.0,3.0,5.0,False,2.3022346172169086,156
True,3,2,0.0,7.0,5.0,10.0,2.0,False,1.5967213726573533,30
True,2,5,8.0,26.0,5.0,28.0,5.0,False,0.6970878325427005,21
False,3,5,70.0,67.0,5.0,24.0,5.0,False,1.156196112893264,150
True,3,3,8.0,16.0,2.0,31.0,3.0,False,0.40541780477036454,43
True,3,1,45.0,24.0,3.0,28.0,3.0,False,3.301150086101565,108
True,3,5,64.0,65.0,3.0,88.0,5.0,False,4.331055837621496,144
True,2,2,29.0,45.0,2.0,75.0,4.0,False,4.374915094258536,28
True,2,5,7.0,12.0,5.0,30.0,5.0,False,0.9431664071252321,14
True,3,3,56.0,68.0,3.0,50.0,2.0,False,2.6641195549766934,141
True,3,4,62.0,61.0,3.0,41.0,5.0,False,2.0540974564551524,150
False,3,4,17.0,43.0,5.0,87.0,1.0,True,0.49374713303552,117
True,2,4,68.0,75.0,3.0,92.0,2.0,False,2.5236897350017955,53
False,3,4,47.0,59.0,5.0,15.0,5.0,False,3.760258366452129,121
True,3,5,95.0,29.0,5.0,40.0,2.0,False,2.0642550650247715,123
False,3,1,5.0,31.0,2.0,34.0,2.0,False,0.8645260851209282,14
True,3,1,18.0,43.0,2.0,51.0,3.0,False,2.7957975733082767,85
False,1,2,27.0,36.0,1.0,55.0,4.0,False,4.331708616874415,34
False,2,1,36.0,38.0,2.0,45.0,5.0,False,4.426220594033049,22
True,3,5,49.0,42.0,4.0,14.0,1.0,True,1.7540471241081295,123
False,1,3,78.0,38.0,4.0,27.0,4.0,False,4.853685812495419,116
True,3,5,79.0,53.0,4.0,14.0,5.0,False,3.007421472150004,97
True,3,1,90.0,71.0,1.0,61.0,1.0,False,3.1937691349411663,127
True,3,5,94.0,47.0,2.0,27.0,1.0,False,3.1955013314939316,91
True,1,2,2.0,15.0,1.0,24.0,2.0,True,1.9304881875541335,53
False,1,1,44.0,45.0,2.0,50.0,2.0,False,3.5019635971207523,29
False,2,2,36.0,40.0,1.0,87.0,4.0,False,6.566866327582945,26
True,3,3,50.0,44.0,1.0,34.0,3.0,False,2.5233633453753357,150
False,2,1,57.0,63.0,2.0,41.0,5.0,False,5.8740867346986505,139
False,1,5,38.0,70.0,1.0,60.0,3.0,False,2.8143805938947515,82
False,2,5,6.0,34.0,2.0,34.0,2.0,False,0.9701748397285618,7
False,1,2,54.0,37.0,2.0,89.0,3.0,False,2.5216311488225704,10
False,3,5,90.0,50.0,1.0,45.0,4.0,False,2.5152643229849403,155
True,1,1,99.0,86.0,5.0,89.0,5.0,False,4.261167317260507,138
True,2,1,74.0,25.0,5.0,74.0,1.0,False,2.3289166601937783,141
True,3,5,86.0,41.0,5.0,19.0,4.0,False,2.2853837931831986,67
True,3,1,93.0,74.0,1.0,70.0,4.0,False,2.8936736951519757,80
True,3,3,69.0,76.0,1.0,29.0,3.0,False,2.701285596149643,72
True,3,3,53.0,36.0,4.0,54.0,1.0,False,3.2018681573315617,117
True,3,4,61.0,69.0,5.0,87.0,2.0,False,1.1997289799038438,140
True,3,2,41.0,8.0,5.0,40.0,2.0,True,1.9304881875541335,105
True,3,5,59.0,69.0,4.0,24.0,4.0,False,2.1530529955986957,113
False,2,5,12.0,37.0,1.0,30.0,5.0,False,0.5998644899519219,16
False,2,1,10.0,35.0,3.0,43.0,5.0,False,0.8108356095407291,18
True,1,5,13.0,10.0,4.0,23.0,2.0,True,1.047847684155499,62
False,3,4,3.0,55.0,3.0,27.0,1.0,False,0.6349719449456463,6
True,1,2,9.0,93.0,5.0,32.0,1.0,False,0.7777867407262293,71
True,2,5,83.0,80.0,1.0,27.0,1.0,False,3.3983734286923433,189
False,2,5,7.0,14.0,5.0,41.0,5.0,False,0.732195287536425,19
True,1,4,27.0,20.0,1.0,27.0,3.0,True,1.9304881875541335,114
False,1,3,90.0,92.0,5.0,68.0,2.0,False,4.00633694103466,84
False,1,2,50.0,35.0,2.0,70.0,3.0,False,6.643448063408024,32
False,2,2,22.0,51.0,3.0,48.0,2.0,False,3.8307996660660373,30
True,1,1,21.0,32.0,2.0,91.0,1.0,False,3.6798858478950596,17
True,3,3,99.0,29.0,4.0,76.0,5.0,False,0.9617494277117069,180
True,3,2,78.0,67.0,3.0,29.0,4.0,False,2.434565414801412,132
True,1,4,93.0,87.0,3.0,62.0,1.0,False,1.8178501008157801,66
False,1,2,58.0,35.0,2.0,66.0,4.0,False,4.744899054408715,12
True,3,5,56.0,38.0,3.0,66.0,2.0,False,3.1397522697345073,117
False,3,4,1.0,11.0,3.0,48.0,2.0,False,0.6349719449456463,11
True,3,5,13.0,38.0,2.0,39.0,2.0,False,0.9080589521315077,11
False,2,2,23.0,47.0,2.0,91.0,4.0,False,5.216549919134584,23
True,3,4,72.0,61.0,2.0,54.0,4.0,False,2.2151688831957497,116
True,3,5,89.0,5.0,3.0,70.0,3.0,True,1.0946576241471315,41
True,2,4,85.0,19.0,3.0,21.0,4.0,False,1.6318288276510777,156
True,1,4,50.0,61.0,5.0,27.0,4.0,False,1.2720024760705175,184
True,3,1,5.0,42.0,5.0,36.0,5.0,False,1.0403897497160108,14
False,1,1,40.0,45.0,4.0,47.0,3.0,False,4.506919502216579,34
False,2,5,35.0,55.0,4.0,91.0,1.0,True,0.9762603833819,150
False,2,3,15.0,58.0,3.0,5.0,3.0,False,5.396069044135151,101
True,2,2,26.0,75.0,4.0,39.0,1.0,True,0.9542278041722336,129
False,3,4,10.0,36.0,5.0,43.0,5.0,False,0.5377486023548677,23
False,3,5,5.0,39.0,5.0,28.0,5.0,False,0.5377486023548677,21
True,1,3,15.0,27.0,4.0,66.0,2.0,True,1.0946576241471315,168
False,1,4,63.0,93.0,5.0,36.0,5.0,False,3.904996426085432,34
True,1,2,7.0,7.0,4.0,30.0,3.0,True,1.059081566844639,125
False,2,4,9.0,29.0,3.0,30.0,2.0,False,0.7673027425301494,13
True,1,5,48.0,36.0,4.0,72.0,4.0,False,2.4447230233710315,109
False,2,5,79.0,41.0,4.0,55.0,3.0,False,2.0726804770416267,114
True,2,4,43.0,18.0,4.0,32.0,2.0,True,1.2823325702822759,77
True,3,4,45.0,56.0,5.0,56.0,2.0,True,1.0010377441638663,50
True,1,5,62.0,50.0,2.0,9.0,4.0,False,2.6020036673796394,113
False,2,3,42.0,44.0,5.0,56.0,1.0,False,2.8957322813312003,119
True,2,1,1.0,64.0,5.0,55.0,1.0,False,4.798589529988915,78
True,1,1,25.0,52.0,3.0,93.0,3.0,False,6.149232328063736,30
False,2,5,11.0,54.0,3.0,45.0,4.0,False,1.0589727703024856,17
True,3,1,6.0,43.0,4.0,28.0,5.0,False,0.6349719449456463,16
True,1,1,76.0,79.0,4.0,65.0,1.0,False,2.7363930511433674,96
False,2,2,27.0,46.0,1.0,54.0,4.0,False,3.104971204367243,20
False,2,1,26.0,50.0,4.0,58.0,2.0,False,3.6528774152917305,44
False,3,1,31.0,37.0,2.0,70.0,3.0,False,4.659891906566782,19
True,1,2,50.0,84.0,3.0,13.0,2.0,False,1.2534194554840428,139
True,3,5,53.0,20.0,5.0,61.0,4.0,False,2.5236897350017955,134
False,2,1,50.0,30.0,3.0,22.0,1.0,False,3.557386269253716,112
False,1,2,71.0,77.0,1.0,49.0,5.0,False,4.38680489938092,82
False,3,5,51.0,9.0,5.0,89.0,1.0,True,1.45877363372828,39
True,2,5,90.0,91.0,2.0,39.0,5.0,False,1.6423128258471573,115
True,1,5,11.0,86.0,2.0,59.0,2.0,False,1.898549008999309,163
True,2,5,87.0,84.0,5.0,4.0,4.0,False,2.4528220457614265,156
False,3,5,21.0,7.0,1.0,71.0,4.0,False,4.904238284596548,172
True,2,5,55.0,56.0,4.0,69.0,2.0,False,2.0207221980141923,69
True,1,1,32.0,80.0,5.0,74.0,2.0,True,1.696003301427357,68
True,3,1,43.0,35.0,2.0,96.0,3.0,False,5.913311362050824,20
False,1,1,55.0,40.0,3.0,83.0,4.0,False,4.254800491422877,11
True,1,5,56.0,80.0,5.0,59.0,5.0,False,3.2720830673190107,103
True,2,1,31.0,89.0,4.0,77.0,2.0,True,1.5663721779729851,119
False,3,3,68.0,68.0,3.0,58.0,4.0,False,3.3365839307217495,134
True,2,4,11.0,41.0,4.0,82.0,2.0,True,1.4727522979897198,111
True,3,1,73.0,6.0,4.0,63.0,2.0,True,1.047847684155499,138
True,1,2,55.0,48.0,2.0,96.0,4.0,False,4.714235161399901,22
False,1,5,92.0,16.0,1.0,46.0,5.0,False,5.3717719769639665,131
True,1,5,75.0,40.0,5.0,77.0,4.0,False,3.7230923252791794,94
True,1,4,93.0,59.0,3.0,93.0,2.0,False,3.6444520032748753,147
True,2,5,89.0,91.0,5.0,66.0,5.0,False,1.896816812446544,187
True,3,5,73.0,28.0,5.0,65.0,1.0,False,2.7427598769809975,71
True,1,1,51.0,42.0,1.0,67.0,3.0,False,4.466098000638144,34
True,2,1,52.0,38.0,1.0,20.0,1.0,True,1.307109931064242,16
True,1,4,73.0,75.0,5.0,40.0,2.0,False,2.7448184631602226,94
True,2,5,65.0,48.0,3.0,34.0,4.0,False,3.925964422477591,88
False,3,4,8.0,26.0,3.0,37.0,1.0,False,0.5026411473611432,23
False,1,3,62.0,3.0,4.0,80.0,1.0,False,4.0853036526654245,115
False,3,4,8.0,31.0,1.0,42.0,5.0,False,0.6700793999393708,4
False,3,4,12.0,10.0,5.0,26.0,5.0,False,1.1376130923067895,8
False,2,5,40.0,62.0,5.0,41.0,1.0,False,4.5710939759928575,118
False,2,5,85.0,75.0,4.0,62.0,4.0,False,2.496681302398466,136
False,2,1,15.0,70.0,1.0,56.0,3.0,False,4.620667279214607,119
True,1,4,42.0,44.0,1.0,46.0,1.0,True,0.3641160095811484,138
True,2,3,79.0,96.0,1.0,2.0,5.0,False,3.26604263110784,169
False,3,3,65.0,8.0,5.0,1.0,2.0,False,3.8203156678699575,143
False,3,3,63.0,88.0,1.0,51.0,3.0,False,4.306105991197391,104
True,2,1,11.0,48.0,4.0,36.0,4.0,False,1.0673981823193406,19
False,3,5,4.0,53.0,2.0,26.0,4.0,False,0.7943111751334793,15
True,2,5,71.0,40.0,5.0,38.0,4.0,False,1.7827426458220557,154
True,2,4,51.0,76.0,5.0,20.0,3.0,False,2.2131102970165246,173
True,2,5,81.0,83.0,3.0,31.0,1.0,False,2.57532162440277,147
True,2,1,43.0,79.0,1.0,44.0,1.0,False,1.888065010803229,125
False,2,5,70.0,41.0,5.0,68.0,1.0,True,0.7282320191622969,90
True,3,5,58.0,44.0,4.0,48.0,3.0,False,2.5149379333584805,109
True,2,5,43.0,45.0,1.0,21.0,5.0,False,1.3506427980748215,137
True,3,5,78.0,58.0,4.0,14.0,4.0,False,2.709384618540038,111
True,1,2,98.0,42.0,5.0,88.0,2.0,False,3.334198954916064,136
True,1,1,12.0,58.0,1.0,27.0,3.0,True,1.6712259406453907,91
True,3,5,61.0,26.0,2.0,77.0,1.0,False,3.979654898057791,129
True,3,2,61.0,76.0,5.0,86.0,1.0,False,1.3938492754589409,88
True,1,1,34.0,65.0,1.0,20.0,2.0,True,1.7072371841164968,78
False,1,2,49.0,30.0,3.0,87.0,3.0,False,2.6890694014007988,33
True,2,5,61.0,33.0,3.0,25.0,1.0,False,3.2225097640972606,146
True,3,5,83.0,24.0,4.0,27.0,2.0,True,1.4479749372077535,115
False,1,1,20.0,48.0,4.0,59.0,2.0,False,4.863090393391653,18
True,2,5,19.0,10.0,3.0,87.0,4.0,False,5.8677199088610195,25
False,3,4,2.0,22.0,3.0,41.0,5.0,False,1.0673981823193406,21
False,3,5,8.0,38.0,4.0,46.0,5.0,False,0.8729514971377832,12
False,1,1,96.0,77.0,4.0,78.0,5.0,False,6.722088385412329,12
False,3,4,93.0,61.0,4.0,16.0,2.0,False,4.7178906218053855,112
False,2,1,45.0,47.0,2.0,88.0,3.0,False,3.6238103965091755,21
False,1,2,29.0,44.0,2.0,83.0,3.0,False,4.014762353051515,15
True,1,5,23.0,8.0,1.0,30.0,1.0,True,0.0,90
True,1,3,66.0,91.0,5.0,29.0,4.0,False,2.53113597813927,78
False,1,3,94.0,93.0,1.0,11.0,1.0,False,3.580277529498596,151
True,1,1,83.0,93.0,4.0,40.0,2.0,False,0.7757281545470045,147
False,1,2,66.0,35.0,2.0,94.0,5.0,False,4.250030539811507,29
True,3,3,45.0,32.0,5.0,66.0,5.0,False,2.417714590767702,135
False,3,2,51.0,46.0,4.0,72.0,1.0,False,2.909871739932765,141
False,2,2,35.0,21.0,1.0,7.0,1.0,False,4.173775193612888,170
True,3,5,76.0,62.0,4.0,4.0,3.0,False,6.5627491552244965,130
True,1,5,77.0,59.0,3.0,83.0,4.0,False,1.9505072880267433,168
True,2,2,79.0,38.0,5.0,48.0,1.0,False,1.2783693019081475,142
False,1,2,58.0,41.0,3.0,96.0,5.0,False,4.6953257511869655,37
True,3,5,72.0,77.0,5.0,0.0,5.0,False,3.6798858478950596,130
True,1,5,89.0,55.0,5.0,14.0,1.0,False,3.9361220310472107,93
True,3,4,8.0,49.0,5.0,31.0,4.0,False,0.9266419727179824,21
False,2,1,7.0,52.0,4.0,41.0,5.0,False,0.732195287536425,17
True,1,3,90.0,31.0,4.0,29.0,1.0,False,3.0712695562998227,55
False,3,2,22.0,46.0,4.0,95.0,3.0,False,5.251983763754768,19
True,2,1,33.0,75.0,4.0,89.0,2.0,False,4.003951965228975,114
False,3,5,44.0,57.0,5.0,69.0,3.0,False,2.091263497628102,145
True,2,5,68.0,54.0,4.0,37.0,2.0,False,3.6258689826884005,96
True,1,1,57.0,52.0,5.0,55.0,5.0,False,1.466449161252075,109
True,1,4,95.0,74.0,3.0,89.0,1.0,False,1.9586063104171383,105
True,3,3,58.0,49.0,2.0,40.0,5.0,False,3.598860550085071,122
False,3,4,9.0,43.0,2.0,43.0,5.0,False,0.5998644899519219,15
True,2,5,86.0,47.0,1.0,5.0,1.0,False,2.5335209539449552,104
True,3,4,8.0,41.0,3.0,35.0,5.0,False,0.5998644899519219,18
False,2,1,59.0,41.0,4.0,79.0,4.0,False,3.2808348689623252,37
False,3,4,13.0,23.0,2.0,30.0,4.0,False,0.7943111751334793,13
False,3,5,7.0,49.0,3.0,35.0,5.0,False,0.6349719449456463,15
False,1,2,57.0,51.0,4.0,79.0,3.0,False,4.897871458758917,30
False,3,3,63.0,52.0,3.0,21.0,5.0,False,4.74695764058794,111
True,3,3,80.0,93.0,4.0,48.0,5.0,False,2.277284770792804,42
False,2,5,59.0,58.0,5.0,51.0,3.0,False,3.0466460995021785,164
True,2,5,85.0,1.0,4.0,12.0,5.0,False,3.5286456400976216,135
True,2,5,46.0,3.0,5.0,45.0,3.0,False,2.312065836160068,116
True,2,4,19.0,15.0,4.0,27.0,3.0,True,0.8353953772383886,50
True,2,1,47.0,6.0,3.0,56.0,3.0,False,2.982471625725899,131
False,2,4,73.0,11.0,3.0,76.0,3.0,False,4.824945183339324,81
True,2,5,72.0,75.0,3.0,72.0,3.0,False,3.7065678908719297,84
False,3,5,13.0,12.0,3.0,43.0,5.0,False,0.7673027425301494,11
True,3,5,76.0,41.0,2.0,30.0,1.0,False,1.9234988554234138,175
False,2,4,8.0,19.0,2.0,31.0,1.0,False,1.1997289799038438,12
True,3,4,73.0,44.0,4.0,12.0,5.0,False,3.0965457923503883,105
False,1,4,42.0,92.0,1.0,16.0,3.0,False,2.5149379333584805,121
False,3,5,10.0,36.0,5.0,25.0,4.0,False,0.5998644899519219,16
True,1,1,44.0,30.0,2.0,51.0,3.0,False,3.597128353532306,23
False,2,1,41.0,54.0,4.0,50.0,2.0,False,3.756141194093679,23
True,2,2,27.0,38.0,4.0,56.0,3.0,False,6.645506649587249,21
True,3,4,0.0,38.0,4.0,24.0,1.0,False,0.13233079758450317,62
False,1,3,43.0,89.0,1.0,73.0,5.0,False,3.1397522697345073,177
True,2,5,64.0,86.0,1.0,92.0,2.0,False,5.408611628510456,97
True,3,5,71.0,67.0,4.0,78.0,3.0,False,3.4935381851038976,88
False,1,2,25.0,46.0,3.0,97.0,5.0,False,4.03938580984916,14
True,2,5,76.0,31.0,3.0,75.0,4.0,False,2.401516545986912,86
True,2,5,10.0,86.0,5.0,66.0,2.0,False,1.385750253068546,97
True,3,2,82.0,37.0,5.0,85.0,1.0,False,2.3724495272043575,97
False,2,1,30.0,49.0,3.0,94.0,1.0,False,2.8048757645780524,23
True,3,3,18.0,91.0,1.0,7.0,1.0,False,1.2348364348975682,93
True,3,1,70.0,50.0,4.0,76.0,5.0,False,2.690801597953563,109
True,3,1,89.0,34.0,3.0,36.0,2.0,True,1.1419027503073778,122
True,3,1,79.0,24.0,5.0,86.0,1.0,False,3.4148978630995934,117
False,2,5,3.0,53.0,4.0,27.0,1.0,False,0.9617494277117069,13
False,3,4,3.0,42.0,4.0,42.0,4.0,False,0.5026411473611432,8
False,3,5,4.0,28.0,5.0,47.0,1.0,False,0.5377486023548677,12
True,3,4,56.0,54.0,3.0,86.0,1.0,True,0.8826405033986346,148
False,2,1,8.0,43.0,3.0,27.0,5.0,False,0.6785048119562258,15
True,3,4,93.0,43.0,5.0,66.0,2.0,False,2.7343344649641423,105
False,2,2,72.0,66.0,3.0,66.0,1.0,True,1.1639353295170443,72
False,2,5,5.0,25.0,1.0,48.0,5.0,False,0.6700793999393708,10
True,3,4,73.0,33.0,4.0,64.0,3.0,True,1.9772981275457662,105
True,3,4,83.0,11.0,5.0,23.0,2.0,False,3.3693064099097887,122
True,2,3,94.0,53.0,3.0,20.0,4.0,False,2.6020036673796394,101
True,1,1,83.0,46.0,4.0,55.0,1.0,True,1.083858927626605,103
True,3,4,58.0,18.0,3.0,60.0,4.0,False,1.0589727703024856,23
False,3,2,57.0,93.0,3.0,43.0,4.0,False,2.4984134989512308,163
False,1,2,34.0,42.0,2.0,97.0,3.0,False,5.111227554153411,36
True,1,2,30.0,93.0,4.0,50.0,3.0,False,5.7495285698780805,50
True,1,1,60.0,40.0,2.0,46.0,1.0,False,3.203273964257866,108
False,3,1,53.0,40.0,4.0,89.0,4.0,False,6.389270466435097,29
True,3,2,65.0,71.0,5.0,67.0,1.0,False,3.334198954916064,123
True,3,3,56.0,72.0,5.0,70.0,1.0,False,1.9856147430204678,125
True,3,1,4.0,53.0,3.0,24.0,1.0,False,0.9617494277117069,13
True,3,5,2.0,14.0,4.0,29.0,5.0,False,0.9431664071252321,6
True,1,5,32.0,78.0,4.0,94.0,4.0,False,4.561262757049699,90
True,2,5,4.0,19.0,2.0,34.0,2.0,False,0.6970878325427005,17
True,1,4,77.0,5.0,2.0,81.0,1.0,False,5.14362364371499,166
True,2,1,47.0,54.0,4.0,85.0,3.0,False,4.527561108982278,32
True,2,2,26.0,3.0,1.0,63.0,2.0,False,2.647595120569444,127
False,1,2,32.0,54.0,2.0,82.0,4.0,False,4.40365572341463,13
True,1,2,18.0,44.0,4.0,17.0,1.0,True,1.389931114526981,82
True,3,1,68.0,92.0,2.0,19.0,5.0,False,1.5346054850602988,83
True,1,1,47.0,52.0,2.0,84.0,3.0,False,4.843854593552259,9
True,2,1,26.0,42.0,3.0,82.0,2.0,False,4.968739147999287,13
True,3,1,84.0,33.0,5.0,78.0,5.0,False,1.9234988554234138,109
True,2,3,86.0,32.0,5.0,45.0,5.0,False,2.984530211905124,124
False,2,4,3.0,48.0,3.0,32.0,4.0,False,0.732195287536425,18
True,3,5,4.0,37.0,3.0,48.0,5.0,False,1.0403897497160108,12
True,2,5,62.0,24.0,4.0,74.0,1.0,False,2.5935782553627846,88
False,3,4,61.0,17.0,5.0,77.0,2.0,False,2.1699038196324056,194
True,3,5,6.0,14.0,3.0,36.0,5.0,False,0.9617494277117069,14
False,3,1,7.0,20.0,3.0,42.0,5.0,False,1.0052822947222864,14
False,3,3,10.0,20.0,3.0,79.0,2.0,True,2.294604197135282,64
True,3,4,72.0,82.0,4.0,6.0,5.0,False,2.0288212204045872,127
False,3,2,51.0,44.0,1.0,76.0,2.0,False,5.84103786588415,6
True,3,5,8.0,16.0,4.0,26.0,4.0,False,1.0052822947222864,19
False,1,1,52.0,37.0,2.0,84.0,2.0,False,3.952320075828001,30
False,3,2,46.0,44.0,3.0,68.0,4.0,False,4.136935542066398,14
False,1,1,20.0,52.0,4.0,72.0,3.0,False,3.7146669132623242,42
True,3,1,86.0,33.0,5.0,92.0,1.0,False,2.6121612759492594,69
True,2,5,43.0,71.0,4.0,25.0,2.0,False,4.00666333066112,130
True,3,2,85.0,86.0,3.0,54.0,2.0,False,2.990897037742754,122
False,2,5,8.0,32.0,2.0,36.0,2.0,False,1.0673981823193406,15
True,2,4,85.0,53.0,2.0,64.0,1.0,False,2.848082241962171,147
True,3,5,80.0,14.0,3.0,83.0,2.0,True,0.6949655572634905,92
True,3,5,68.0,43.0,4.0,51.0,3.0,False,2.0909371080016412,133
False,2,1,37.0,30.0,2.0,68.0,4.0,False,5.212106357149674,14
True,2,4,59.0,29.0,5.0,12.0,1.0,False,2.3640241151875028,77
True,3,1,51.0,6.0,5.0,24.0,1.0,False,2.1780028420228,183
True,2,2,35.0,33.0,1.0,77.0,3.0,False,3.1934427453147065,26
False,2,3,94.0,10.0,3.0,96.0,4.0,False,2.662387358423929,169
False,2,1,40.0,77.0,1.0,55.0,5.0,False,2.839656829945316,106
False,1,3,11.0,18.0,3.0,22.0,2.0,False,2.556412214189835,100
True,2,5,86.0,88.0,5.0,35.0,5.0,False,3.274468043124695,128
False,2,5,79.0,48.0,2.0,15.0,4.0,False,3.7767828008593787,102
False,2,5,64.0,15.0,1.0,46.0,1.0,False,4.473870633402079,108
False,1,1,26.0,35.0,2.0,51.0,3.0,False,5.47105390573397,25
True,2,4,84.0,70.0,5.0,73.0,5.0,False,2.566569822759455,138
False,3,3,50.0,24.0,5.0,38.0,4.0,False,3.4395213198972376,115
True,1,5,69.0,70.0,4.0,60.0,4.0,False,2.3745081133835826,79
False,2,4,10.0,31.0,4.0,32.0,4.0,False,0.9701748397285618,18
True,3,1,41.0,37.0,2.0,78.0,4.0,False,2.839983219571777,13
True,2,5,74.0,10.0,5.0,34.0,3.0,False,3.874006143450157,130
True,3,4,94.0,38.0,3.0,86.0,1.0,False,3.334198954916064,75
True,1,2,84.0,97.0,4.0,69.0,2.0,False,4.094482092355664,188
True,1,2,68.0,73.0,1.0,77.0,4.0,False,3.6714604358782044,72
True,2,5,72.0,36.0,5.0,54.0,5.0,False,2.1263709526218264,167
True,2,4,50.0,26.0,4.0,4.0,1.0,False,2.699227009970418,139
True,2,4,99.0,67.0,1.0,24.0,1.0,False,4.209209038233073,123
True,2,1,47.0,1.0,3.0,40.0,3.0,False,4.01270376687229,96
True,3,5,82.0,74.0,4.0,40.0,1.0,False,1.545089483256379,40
False,2,1,30.0,44.0,2.0,49.0,4.0,False,5.640550744491423,35
False,3,5,2.0,47.0,3.0,35.0,4.0,False,0.9431664071252321,11
True,2,5,26.0,67.0,1.0,48.0,2.0,False,2.1986444487885,52
False,2,1,49.0,69.0,4.0,8.0,5.0,False,2.0540974564551524,160
False,3,5,13.0,38.0,4.0,48.0,2.0,False,1.1376130923067895,12
True,3,1,39.0,75.0,5.0,1.0,2.0,False,1.8883914004296893,151
False,3,4,2.0,19.0,1.0,36.0,5.0,False,4.75332446642557,114
False,1,1,87.0,68.0,1.0,38.0,3.0,False,4.161232609237583,104
False,3,5,59.0,26.0,5.0,26.0,3.0,False,2.5419463659618105,152
False,3,1,28.0,52.0,3.0,90.0,5.0,False,6.345737599424518,20
False,2,1,13.0,59.0,4.0,80.0,4.0,False,2.2755525742400393,156
True,3,4,83.0,59.0,4.0,44.0,1.0,True,0.7885854372467558,89
True,2,2,77.0,28.0,3.0,69.0,4.0,False,3.7501007578825085,80
True,3,4,24.0,74.0,2.0,64.0,2.0,False,3.2927246740847096,177
False,2,5,94.0,61.0,3.0,45.0,2.0,False,4.630498498157767,39
False,1,3,49.0,25.0,4.0,34.0,4.0,False,2.3640241151875028,174
True,2,1,3.0,35.0,1.0,49.0,3.0,False,6.299819756608254,120
False,2,1,25.0,44.0,2.0,56.0,3.0,False,6.486167419399416,31
True,2,1,53.0,79.0,1.0,36.0,1.0,False,1.4994980300665746,70
False,2,5,6.0,36.0,4.0,35.0,4.0,False,0.40541780477036454,20
True,3,5,73.0,35.0,4.0,61.0,4.0,False,2.2587017502063294,107
False,2,5,38.0,75.0,4.0,59.0,3.0,True,1.7540471241081295,143
True,3,4,70.0,45.0,4.0,71.0,3.0,False,1.5967213726573533,163
False,3,3,5.0,21.0,1.0,82.0,1.0,True,0.7530093799442632,84
False,3,4,1.0,21.0,4.0,29.0,4.0,False,1.3320597774883467,16
False,3,5,83.0,61.0,3.0,47.0,4.0,False,3.6279275688676256,98
False,3,4,15.0,33.0,2.0,81.0,2.0,False,2.426466392411017,15
True,1,2,34.0,75.0,2.0,63.0,5.0,False,2.3822807461475173,97
True,1,5,91.0,76.0,4.0,52.0,1.0,False,3.565811681270571,106
True,2,1,35.0,44.0,3.0,46.0,3.0,False,6.5300266760364565,21
False,3,1,36.0,49.0,3.0,60.0,2.0,False,3.8449391246676026,20
False,2,5,4.0,52.0,4.0,40.0,1.0,False,0.8294186301272037,14
True,3,4,7.0,53.0,4.0,26.0,5.0,False,0.7757281545470045,8
True,2,1,79.0,23.0,5.0,47.0,1.0,False,2.8873068693143455,150
True,3,4,79.0,15.0,4.0,33.0,3.0,True,0.5653344338091189,43
True,2,5,51.0,1.0,3.0,42.0,1.0,False,3.468261949053333,115
True,3,5,93.0,71.0,4.0,24.0,3.0,False,2.6040622535588644,182
False,2,2,46.0,49.0,3.0,45.0,2.0,False,4.755709442231256,18
True,1,2,22.0,33.0,2.0,97.0,4.0,False,5.363020175320652,16
True,3,4,56.0,21.0,5.0,5.0,1.0,False,3.301150086101565,103
False,1,2,36.0,33.0,2.0,76.0,4.0,False,4.590003386205792,31
True,1,5,36.0,78.0,5.0,9.0,2.0,False,1.164621524910119,21
False,3,5,13.0,10.0,1.0,41.0,5.0,False,0.6970878325427005,19
True,1,2,37.0,54.0,3.0,94.0,2.0,False,5.460569907537891,29
True,2,4,79.0,98.0,4.0,27.0,4.0,False,6.413893923232742,115
False,2,1,26.0,42.0,4.0,54.0,4.0,False,4.506593112590118,33
True,1,4,36.0,18.0,1.0,31.0,1.0,False,1.5447630936299186,142
False,1,2,34.0,45.0,2.0,75.0,4.0,False,4.881673413978128,31
False,2,1,30.0,47.0,3.0,49.0,3.0,False,4.701039797771675,30
True,1,4,28.0,30.0,4.0,23.0,2.0,True,0.8934391999191611,50
True,3,2,81.0,4.0,5.0,33.0,1.0,False,2.779599528527487,169
True,1,5,57.0,69.0,3.0,92.0,3.0,False,3.8193364989905776,87
True,3,5,69.0,59.0,5.0,92.0,2.0,False,3.1667607023378372,135
False,1,2,40.0,41.0,3.0,97.0,2.0,False,5.797831388500031,27
True,3,2,64.0,37.0,5.0,84.0,5.0,False,3.590761527694676,144
False,3,5,6.0,24.0,3.0,39.0,4.0,False,0.8294186301272037,18
True,1,2,99.0,61.0,5.0,35.0,1.0,False,3.0692109701205976,70
True,3,5,33.0,16.0,2.0,93.0,2.0,False,1.4562915526824551,162
False,1,2,27.0,30.0,2.0,83.0,4.0,False,4.296274772254232,22
False,2,2,73.0,17.0,4.0,77.0,5.0,False,2.5254219315545603,144
False,3,1,10.0,56.0,4.0,36.0,5.0,False,0.9080589521315077,8
False,2,4,56.0,92.0,1.0,3.0,1.0,False,2.57499523477631,110
False,2,4,75.0,76.0,3.0,56.0,1.0,True,1.8368683075708683,74
False,3,2,46.0,45.0,2.0,61.0,3.0,False,4.200783626216218,25
True,2,2,43.0,50.0,3.0,88.0,2.0,False,5.594959291301619,22
True,3,4,59.0,64.0,5.0,87.0,3.0,False,1.6774202808408822,181
True,1,2,45.0,49.0,2.0,65.0,4.0,False,2.645536534390219,18
False,2,1,27.0,46.0,1.0,52.0,4.0,False,2.8234587851645268,14
True,1,1,12.0,32.0,2.0,35.0,2.0,True,0.3060721869003758,61
True,2,2,26.0,68.0,5.0,51.0,2.0,False,0.7156708531291752,121
False,3,5,71.0,49.0,3.0,73.0,4.0,True,2.2009843171520167,129
True,2,2,46.0,35.0,2.0,46.0,3.0,False,6.353836621814914,20
False,3,1,63.0,85.0,2.0,40.0,1.0,False,3.0688845804941383,81
False,2,5,1.0,33.0,2.0,29.0,5.0,False,1.2348364348975682,15
True,2,3,10.0,35.0,1.0,22.0,1.0,True,1.4011649972161209,191
False,3,5,90.0,35.0,4.0,51.0,1.0,False,2.292077008647289,102
True,3,4,67.0,59.0,4.0,47.0,2.0,False,0.4591082803505637,159
True,1,4,95.0,82.0,3.0,79.0,1.0,False,4.603490065554437,110
False,3,1,6.0,54.0,3.0,43.0,1.0,False,1.0403897497160108,7
False,2,1,45.0,30.0,2.0,85.0,3.0,False,4.506919502216579,40
True,3,5,9.0,29.0,3.0,49.0,5.0,False,0.8108356095407291,9
False,2,5,84.0,19.0,4.0,24.0,3.0,False,2.6104290793964946,110
False,3,4,8.0,36.0,4.0,34.0,1.0,False,1.0673981823193406,25
True,3,5,58.0,23.0,5.0,37.0,3.0,True,1.7072371841164968,53
False,1,1,55.0,25.0,2.0,7.0,4.0,False,2.5216311488225704,139
True,1,5,9.0,87.0,4.0,8.0,2.0,False,4.905970481149312,115
False,2,2,18.0,77.0,3.0,90.0,3.0,True,1.4479749372077535,107
True,3,4,87.0,38.0,5.0,31.0,5.0,False,2.5233633453753357,148
True,2,5,81.0,1.0,1.0,56.0,1.0,True,1.1774788076098703,51
True,2,2,73.0,99.0,5.0,43.0,2.0,False,1.3401587998787416,117
False,2,1,41.0,53.0,2.0,53.0,3.0,False,2.864933065995881,22
True,3,2,26.0,49.0,2.0,52.0,5.0,False,5.868046298487481,41
True,2,4,37.0,99.0,2.0,18.0,3.0,False,0.5026411473611432,141
False,3,1,34.0,53.0,2.0,87.0,5.0,False,3.8719475572709325,17
False,2,5,13.0,35.0,1.0,35.0,2.0,False,0.9617494277117069,21
True,2,2,52.0,31.0,5.0,86.0,5.0,False,2.18816045059242,71
False,2,5,2.0,27.0,4.0,32.0,5.0,False,0.8294186301272037,16
True,3,5,26.0,86.0,3.0,16.0,4.0,False,1.8451849230455697,126
False,2,5,9.0,58.0,3.0,35.0,5.0,False,6.1489059384372755,169
False,3,5,4.0,8.0,5.0,36.0,4.0,False,0.8294186301272037,11
False,3,4,7.0,9.0,5.0,30.0,2.0,False,0.5377486023548677,13
True,2,5,5.0,50.0,5.0,66.0,1.0,False,2.1803878178284855,129
False,1,5,8.0,7.0,3.0,8.0,1.0,False,3.4743023852645023,38
False,2,5,3.0,11.0,3.0,29.0,5.0,False,0.9266419727179824,15
False,3,5,10.0,42.0,2.0,26.0,5.0,False,0.8294186301272037,16
True,3,4,65.0,60.0,4.0,0.0,3.0,False,2.550371777978665,79
False,2,1,33.0,42.0,1.0,80.0,3.0,False,4.819557526381074,6
True,3,2,20.0,49.0,2.0,23.0,1.0,True,0.8714066207094948,39
False,3,1,5.0,24.0,3.0,44.0,4.0,False,0.9701748397285618,5
False,3,1,22.0,52.0,2.0,69.0,2.0,False,4.968739147999287,13
True,1,3,30.0,53.0,4.0,99.0,2.0,False,3.874006143450157,70
False,1,2,37.0,81.0,4.0,24.0,3.0,False,2.0909371080016412,99
False,2,2,44.0,2.0,3.0,27.0,3.0,False,2.1530529955986957,171
True,2,5,94.0,35.0,4.0,32.0,1.0,False,6.173855784861382,110
True,2,5,25.0,59.0,3.0,62.0,3.0,False,1.8100774680518452,116
True,3,3,73.0,44.0,3.0,66.0,4.0,False,2.5068389109680855,91
False,3,4,7.0,14.0,3.0,32.0,5.0,False,0.5998644899519219,22
True,3,5,86.0,12.0,5.0,73.0,3.0,False,1.0589727703024856,184
True,2,2,7.0,65.0,1.0,28.0,2.0,False,1.323634365471492,117
True,1,1,22.0,29.0,3.0,21.0,2.0,True,0.907417864180601,102
True,1,2,23.0,51.0,3.0,78.0,3.0,False,6.23166343280003,32
True,2,5,25.0,44.0,5.0,1.0,3.0,False,0.9164843641483625,144
True,3,1,62.0,25.0,3.0,2.0,1.0,False,3.3713649960890137,102
True,2,5,4.0,24.0,3.0,38.0,5.0,False,0.8294186301272037,11
False,2,5,9.0,57.0,4.0,47.0,4.0,False,1.1376130923067895,12
True,2,5,85.0,42.0,1.0,40.0,3.0,False,3.7207073494734937,41
False,3,5,10.0,48.0,3.0,46.0,2.0,False,0.8645260851209282,18
True,1,2,53.0,35.0,2.0,98.0,1.0,False,4.074819654469344,20
False,2,1,57.0,34.0,1.0,33.0,4.0,False,2.3103336396073035,119
True,2,1,54.0,34.0,1.0,62.0,4.0,False,3.158661679947442,17
True,3,5,8.0,24.0,4.0,26.0,1.0,False,1.3320597774883467,13
True,3,2,79.0,33.0,1.0,41.0,1.0,False,2.1365285611914455,116
True,1,5,64.0,52.0,4.0,58.0,3.0,False,2.6020036673796394,176
True,2,3,48.0,81.0,2.0,73.0,1.0,False,4.955870173997523,126
False,3,1,6.0,52.0,5.0,40.0,2.0,False,0.7757281545470045,19
False,3,3,77.0,53.0,2.0,63.0,3.0,False,3.7335763234752593,172
True,3,1,67.0,43.0,3.0,23.0,2.0,True,0.8714066207094948,114
True,1,3,37.0,63.0,2.0,24.0,4.0,False,4.711523795967755,28
False,3,2,85.0,17.0,5.0,93.0,5.0,False,2.452495656134966,89
True,3,4,56.0,66.0,3.0,31.0,5.0,False,1.5720979158597084,44
True,1,1,47.0,86.0,5.0,54.0,2.0,False,2.7282940287529724,124
True,1,3,57.0,66.0,2.0,76.0,2.0,False,0.9536504053213121,84
True,3,1,31.0,16.0,2.0,38.0,3.0,False,2.655367753333379,79
False,2,2,43.0,2.0,1.0,20.0,4.0,False,1.09408022529621,127
False,1,1,6.0,71.0,3.0,11.0,1.0,False,2.1597462110627856,97
True,3,5,4.0,55.0,5.0,29.0,4.0,False,0.732195287536425,12
True,2,5,84.0,84.0,5.0,63.0,5.0,False,3.228550200308431,172
True,2,4,43.0,12.0,1.0,59.0,5.0,False,1.6423128258471573,188
True,3,4,88.0,24.0,5.0,49.0,2.0,False,3.8824315554670124,91
False,1,2,22.0,33.0,3.0,74.0,5.0,False,4.823212986786559,27
False,1,1,50.0,30.0,3.0,84.0,3.0,False,3.898629600247802,36
False,1,1,48.0,42.0,1.0,94.0,4.0,False,5.240846986305769,19
True,2,5,69.0,80.0,3.0,27.0,5.0,False,3.7518329544352738,142
False,3,5,5.0,44.0,2.0,38.0,4.0,False,0.7943111751334793,14
False,1,1,20.0,42.0,3.0,66.0,3.0,False,4.9501561274128125,21
False,2,5,81.0,3.0,5.0,13.0,4.0,False,2.4633060439575063,122
True,3,5,89.0,56.0,5.0,91.0,4.0,False,2.355925092797108,92
True,2,5,55.0,72.0,5.0,50.0,1.0,False,2.1635369937947755,131
True,2,3,36.0,22.0,5.0,25.0,2.0,False,1.7479615804547914,106
False,2,1,11.0,29.0,2.0,62.0,5.0,False,2.9821452360994387,113
True,1,1,13.0,39.0,3.0,67.0,1.0,False,0.3267774827660605,135
False,2,2,44.0,41.0,3.0,97.0,4.0,False,5.400838995746521,15
True,3,5,56.0,78.0,4.0,14.0,3.0,False,2.2232679055861446,123
True,2,2,56.0,83.0,5.0,49.0,5.0,False,2.18848684021888,81
True,3,2,50.0,41.0,4.0,13.0,4.0,False,3.4067988407091985,110
True,2,3,70.0,24.0,3.0,32.0,4.0,False,0.09722334259077867,82
True,1,5,13.0,22.0,1.0,24.0,2.0,True,1.3651537537450147,123
False,2,4,79.0,98.0,4.0,7.0,4.0,False,2.6121612759492594,145
True,3,1,68.0,30.0,3.0,92.0,3.0,False,4.076878240648569,110
True,3,3,25.0,67.0,1.0,45.0,4.0,False,5.009560649577722,96
True,1,1,23.0,45.0,2.0,42.0,3.0,False,1.6321552172775378,39
True,1,5,52.0,28.0,3.0,77.0,1.0,False,2.798508938740422,74
False,2,4,73.0,59.0,1.0,2.0,3.0,False,5.399859826867141,60
True,2,5,63.0,30.0,5.0,32.0,5.0,False,1.0589727703024856,106
True,3,4,90.0,33.0,2.0,1.0,1.0,False,2.639169708552589,94
True,1,4,38.0,69.0,2.0,66.0,1.0,True,1.883678247562501,95
False,2,1,25.0,32.0,2.0,69.0,4.0,False,5.235132939721058,21
False,1,3,70.0,23.0,5.0,61.0,1.0,False,2.8687238487278712,108
False,3,3,83.0,21.0,1.0,66.0,5.0,False,2.717810030556893,153
True,2,4,15.0,52.0,2.0,53.0,2.0,False,3.0779627717639135,84
False,1,5,83.0,4.0,3.0,75.0,1.0,False,3.6870057014060746,102
True,2,5,46.0,53.0,2.0,15.0,4.0,False,1.2534194554840428,150
True,2,2,90.0,47.0,4.0,64.0,1.0,False,3.2018681573315617,115
False,3,5,5.0,31.0,3.0,34.0,2.0,False,1.1376130923067895,14
False,3,5,1.0,47.0,2.0,32.0,2.0,False,1.1376130923067895,19
True,3,5,7.0,33.0,5.0,36.0,5.0,False,0.6700793999393708,22
False,3,2,17.0,4.0,3.0,13.0,4.0,False,3.077636382137453,98
True,3,5,77.0,46.0,2.0,61.0,4.0,False,3.441906295702923,125
True,2,4,82.0,49.0,5.0,59.0,2.0,False,2.0558296530079168,51
False,2,5,12.0,37.0,1.0,29.0,5.0,False,0.7943111751334793,7
False,2,3,87.0,91.0,2.0,99.0,5.0,False,4.340134028891271,64
True,3,3,96.0,60.0,4.0,30.0,3.0,False,3.158335290320982,85
False,1,1,56.0,42.0,2.0,51.0,3.0,False,5.065309711337146,21
False,2,2,58.0,53.0,2.0,80.0,3.0,False,4.660218296193241,17
False,1,5,12.0,74.0,3.0,13.0,5.0,False,3.484459993834122,105
False,1,1,41.0,41.0,4.0,82.0,5.0,False,4.8603790279595085,29
True,3,5,74.0,70.0,4.0,31.0,4.0,False,2.0207221980141923,137
True,3,1,26.0,71.0,5.0,68.0,1.0,False,5.073735123354001,70
True,3,5,23.0,52.0,3.0,24.0,2.0,False,1.4397671182752054,91
False,3,2,35.0,63.0,1.0,75.0,1.0,True,1.5195622379813525,90
False,3,5,10.0,28.0,4.0,25.0,4.0,False,0.6970878325427005,14
True,1,5,19.0,11.0,5.0,31.0,2.0,False,2.3745081133835826,178
False,3,5,40.0,72.0,5.0,47.0,5.0,False,3.8304732764395775,119
False,3,4,41.0,42.0,1.0,75.0,4.0,False,3.8490562970260527,96
True,3,3,86.0,69.0,3.0,56.0,4.0,False,3.2039267435107863,115
True,2,5,63.0,62.0,5.0,36.0,5.0,False,3.2927246740847096,148
True,3,1,77.0,79.0,4.0,79.0,3.0,False,2.860624826337476,116
False,3,4,2.0,32.0,2.0,41.0,4.0,False,0.8108356095407291,5
True,3,5,4.0,50.0,3.0,34.0,2.0,False,1.3320597774883467,13
True,3,2,31.0,26.0,3.0,90.0,4.0,False,5.004599630666396,129
True,1,1,54.0,39.0,4.0,56.0,4.0,False,3.6444520032748753,107
True,3,2,79.0,52.0,4.0,47.0,4.0,False,3.2204511779180365,91
True,2,3,42.0,11.0,2.0,66.0,4.0,False,2.8069343507572766,128
False,3,3,26.0,31.0,1.0,90.0,3.0,True,1.4339962729463138,84
False,1,5,43.0,76.0,2.0,52.0,4.0,False,2.2934828155735936,169
True,2,2,40.0,46.0,2.0,74.0,4.0,False,3.297359303369575,43
False,2,5,53.0,91.0,4.0,71.0,5.0,False,3.115128812936862,147
True,3,5,1.0,25.0,2.0,27.0,2.0,False,0.9617494277117069,12
True,3,4,31.0,48.0,5.0,49.0,2.0,True,1.8368683075708683,124
True,1,4,36.0,70.0,2.0,43.0,2.0,False,0.5293231903380127,97
True,2,3,84.0,40.0,1.0,13.0,1.0,False,2.769441919957867,137
False,2,5,58.0,72.0,1.0,41.0,1.0,False,2.2256528813918295,151
False,1,2,51.0,66.0,3.0,4.0,4.0,False,3.3548405616817645,144
True,2,1,63.0,78.0,1.0,9.0,1.0,False,4.1656761712224935,131
True,2,3,71.0,46.0,1.0,76.0,1.0,False,3.088120380333533,183
False,1,4,61.0,35.0,4.0,7.0,3.0,False,5.034184106375366,75
True,1,5,64.0,55.0,3.0,15.0,2.0,False,2.504780324788861,117
False,2,2,70.0,56.0,5.0,49.0,1.0,False,1.615304393243828,131
False,2,2,37.0,42.0,4.0,46.0,3.0,False,4.9143958931661675,36
False,3,5,78.0,32.0,5.0,13.0,5.0,False,2.699227009970418,113
True,1,4,3.0,6.0,1.0,6.0,1.0,False,3.307843301565655,66
True,1,1,83.0,22.0,2.0,7.0,5.0,False,2.3745081133835826,115
True,3,2,83.0,70.0,1.0,42.0,2.0,False,1.9153998330330186,92
False,3,5,1.0,33.0,4.0,43.0,2.0,False,0.6785048119562258,20
True,3,5,7.0,15.0,5.0,31.0,2.0,False,0.8645260851209282,11
True,3,1,12.0,9.0,4.0,26.0,5.0,False,0.9266419727179824,10
False,2,5,50.0,96.0,5.0,63.0,1.0,False,2.1780028420228,175
False,2,3,77.0,6.0,5.0,70.0,5.0,False,1.5531885056467736,133
True,3,1,44.0,98.0,2.0,78.0,2.0,False,3.1316532473441123,132
False,3,4,3.0,34.0,2.0,49.0,4.0,False,0.8294186301272037,10
False,3,1,59.0,41.0,3.0,46.0,3.0,False,4.641961665233227,16
False,2,5,12.0,35.0,1.0,44.0,4.0,False,1.3320597774883467,8
False,3,1,2.0,32.0,5.0,25.0,4.0,False,1.0052822947222864,7
True,1,1,48.0,54.0,2.0,49.0,3.0,False,5.13790959713028,34
False,1,2,52.0,47.0,3.0,75.0,1.0,False,5.036242692554591,22
False,1,2,26.0,34.0,4.0,49.0,4.0,False,4.579519388009713,25
False,2,5,76.0,43.0,1.0,83.0,1.0,False,3.344682953112144,127
False,1,1,21.0,69.0,3.0,32.0,4.0,False,4.8340233746090995,122
True,3,4,52.0,43.0,2.0,35.0,1.0,True,1.649193361435724,62
True,1,4,20.0,90.0,5.0,53.0,1.0,False,3.0678051631942935,100
True,3,1,95.0,68.0,1.0,19.0,3.0,False,2.6040622535588644,94
True,1,2,63.0,28.0,5.0,15.0,3.0,False,1.0859812029058151,69
False,2,1,24.0,33.0,4.0,60.0,3.0,False,3.2018681573315617,19
False,1,4,12.0,13.0,5.0,82.0,1.0,False,5.708380678673187,104
False,3,5,8.0,35.0,4.0,33.0,4.0,False,0.8729514971377832,17
True,2,2,46.0,55.0,4.0,39.0,5.0,False,1.5700393296804838,102
True,1,2,71.0,10.0,1.0,14.0,2.0,False,3.2366492226988255,54
False,1,5,73.0,7.0,5.0,41.0,4.0,False,5.487578340141221,72
True,3,5,88.0,52.0,4.0,69.0,5.0,False,0.5026411473611432,168
True,3,5,5.0,12.0,4.0,34.0,2.0,False,0.7673027425301494,16
True,3,5,10.0,49.0,4.0,24.0,5.0,False,0.6349719449456463,13
False,3,5,11.0,50.0,3.0,30.0,4.0,False,0.6700793999393708,16
True,1,4,38.0,65.0,5.0,45.0,4.0,False,1.0670717926928803,168
True,3,5,69.0,51.0,5.0,53.0,4.0,False,2.769441919957867,149
False,1,1,37.0,46.0,3.0,84.0,4.0,False,4.809399917811454,27
True,2,5,73.0,49.0,4.0,96.0,3.0,False,3.017905470346084,100
True,2,1,36.0,44.0,2.0,60.0,3.0,False,5.82483982110336,36
True,2,2,41.0,33.0,2.0,84.0,3.0,False,4.383014116648931,20
True,3,4,96.0,62.0,2.0,82.0,3.0,False,2.6040622535588644,106
False,3,4,22.0,55.0,5.0,75.0,1.0,True,2.705530146708063,153
False,3,1,7.0,13.0,5.0,46.0,5.0,False,0.7943111751334793,19
True,3,2,60.0,76.0,5.0,65.0,1.0,False,2.409615568377307,109
True,3,3,53.0,11.0,5.0,64.0,3.0,False,2.2755525742400393,108
True,1,5,15.0,88.0,2.0,85.0,4.0,False,2.7444920735337623,16
False,1,1,38.0,51.0,2.0,61.0,4.0,False,5.048785276929896,29
True,1,1,24.0,34.0,3.0,62.0,4.0,False,6.5921425636335105,25
False,1,5,48.0,14.0,1.0,72.0,4.0,False,3.2039267435107863,131
True,2,4,58.0,4.0,4.0,60.0,1.0,True,1.2134900510809767,110
False,1,4,60.0,75.0,2.0,6.0,4.0,False,2.8873068693143455,192
True,3,5,9.0,13.0,1.0,48.0,2.0,False,1.1997289799038438,12
False,3,1,7.0,9.0,1.0,28.0,5.0,False,0.9701748397285618,11
True,3,5,64.0,68.0,3.0,45.0,1.0,False,3.2039267435107863,91
False,2,2,35.0,33.0,2.0,67.0,4.0,False,5.109495357600646,34
True,3,5,84.0,42.0,3.0,41.0,3.0,False,0.37031034977664,79
False,3,5,1.0,38.0,5.0,30.0,4.0,False,1.0403897497160108,12
True,3,1,85.0,45.0,5.0,57.0,2.0,False,3.1580089006945213,81
True,3,4,73.0,21.0,5.0,76.0,3.0,False,2.242177315799079,113
False,2,4,10.0,42.0,5.0,34.0,4.0,False,0.8729514971377832,16
False,2,3,47.0,60.0,5.0,42.0,2.0,False,3.597128353532306,39
True,1,5,98.0,73.0,2.0,85.0,3.0,False,3.3797904081058685,79
False,1,1,25.0,54.0,2.0,88.0,3.0,False,6.124608871266091,23
False,2,5,50.0,13.0,5.0,3.0,4.0,False,2.701285596149643,140
True,3,5,9.0,16.0,4.0,32.0,5.0,False,1.1376130923067895,12
True,3,5,9.0,11.0,3.0,39.0,5.0,False,0.5998644899519219,8
False,3,1,49.0,84.0,4.0,27.0,5.0,False,3.1748597247282317,73
True,3,3,52.0,5.0,3.0,54.0,5.0,False,0.7237698755195701,40
True,2,1,8.0,28.0,4.0,25.0,4.0,False,1.0052822947222864,16
True,1,5,60.0,13.0,5.0,20.0,4.0,False,4.973800415331077,103
True,1,5,16.0,78.0,4.0,12.0,2.0,False,2.409615568377307,29
True,3,3,58.0,68.0,5.0,89.0,4.0,False,2.5317887573921904,106
False,2,5,45.0,78.0,5.0,46.0,4.0,False,4.473870633402079,141
True,1,4,65.0,73.0,2.0,31.0,2.0,False,2.9575217793017945,158
False,2,2,53.0,77.0,1.0,67.0,5.0,False,0.8108356095407291,65
True,1,4,9.0,13.0,4.0,42.0,1.0,True,0.8934391999191611,36
False,2,2,59.0,50.0,2.0,64.0,4.0,False,5.005578799545776,24
True,3,4,89.0,54.0,3.0,92.0,1.0,False,2.982471625725899,64
False,3,5,3.0,38.0,3.0,31.0,5.0,False,0.8645260851209282,8
True,1,4,52.0,60.0,3.0,15.0,2.0,True,0.3641160095811484,118
True,1,1,20.0,74.0,4.0,58.0,1.0,False,3.7996740611042585,187
True,3,2,36.0,39.0,1.0,49.0,2.0,False,2.1965858626092754,78
True,3,5,51.0,79.0,5.0,74.0,1.0,False,2.5254219315545603,128
False,2,3,98.0,57.0,2.0,25.0,4.0,False,1.7020437376385267,59
False,3,3,95.0,69.0,3.0,20.0,5.0,False,2.850140828141396,55
True,3,5,57.0,78.0,1.0,57.0,5.0,False,2.107787932035351,115
True,1,1,13.0,62.0,1.0,37.0,4.0,False,3.2622518483758505,58
False,2,1,51.0,50.0,2.0,98.0,3.0,False,6.122223895460406,34
True,3,4,53.0,29.0,2.0,81.0,2.0,False,3.301150086101565,130
True,3,4,65.0,30.0,3.0,64.0,5.0,False,2.699227009970418,84
True,3,5,60.0,40.0,3.0,34.0,2.0,False,1.8613829678263594,95
True,3,5,88.0,44.0,3.0,85.0,1.0,False,2.937206562162555,79
True,3,4,64.0,16.0,4.0,41.0,1.0,True,1.2715338737617494,69
False,3,5,12.0,32.0,4.0,48.0,5.0,False,0.5998644899519219,19
False,1,5,56.0,16.0,5.0,34.0,5.0,False,2.031206196210272,189
False,2,4,62.0,5.0,1.0,61.0,1.0,True,0.5293231903380127,95
False,2,5,55.0,42.0,5.0,11.0,4.0,False,2.577053820955535,133
True,3,2,30.0,73.0,4.0,99.0,4.0,False,3.654609611844495,76
True,3,4,65.0,34.0,5.0,29.0,1.0,False,2.858566240158251,96
False,3,1,11.0,25.0,3.0,40.0,5.0,False,0.9617494277117069,14
False,1,5,90.0,9.0,5.0,73.0,3.0,False,1.7374775822587112,134
False,2,2,32.0,51.0,2.0,55.0,1.0,False,4.957928760176747,13
False,3,4,43.0,38.0,3.0,27.0,2.0,False,2.277284770792804,121
True,3,4,99.0,82.0,2.0,61.0,5.0,False,5.459917128284971,71
False,2,1,5.0,33.0,2.0,30.0,4.0,False,0.8645260851209282,9
False,3,2,73.0,42.0,5.0,72.0,3.0,True,0.9294504433902673,90
True,3,2,92.0,78.0,3.0,87.0,5.0,False,3.0715959459262834,129
True,3,4,13.0,13.0,1.0,28.0,2.0,True,1.083858927626605,47
False,3,1,53.0,48.0,4.0,10.0,1.0,False,2.161478407615551,120
True,3,2,80.0,70.0,4.0,37.0,1.0,False,1.1913035678869888,107
True,1,1,72.0,55.0,5.0,7.0,1.0,False,2.9723140171562794,109
True,2,1,12.0,64.0,1.0,56.0,1.0,True,0.4357033103547474,87
True,3,2,59.0,63.0,5.0,84.0,3.0,False,2.5939046449892444,139
True,1,5,57.0,26.0,5.0,55.0,5.0,False,3.009480058329229,129
True,3,5,56.0,58.0,4.0,63.0,5.0,False,2.6641195549766934,130
True,1,5,61.0,29.0,4.0,15.0,2.0,False,1.315535343081097,44
False,2,2,47.0,37.0,2.0,65.0,3.0,False,4.190626017646598,15
False,3,4,12.0,27.0,3.0,41.0,2.0,False,1.1376130923067895,16
False,3,3,77.0,84.0,3.0,6.0,1.0,False,4.126777933496779,81
False,1,1,55.0,46.0,2.0,70.0,4.0,False,4.341866225444035,19
True,1,4,10.0,41.0,3.0,35.0,1.0,True,0.8714066207094948,38
True,1,4,65.0,28.0,5.0,6.0,4.0,False,2.293809205200054,131
True,3,5,93.0,55.0,5.0,30.0,3.0,False,1.8613829678263594,85
False,3,3,99.0,14.0,1.0,27.0,3.0,False,5.381929585533587,126
True,3,1,73.0,27.0,4.0,74.0,1.0,False,3.0530129253398086,136
True,3,2,35.0,9.0,4.0,60.0,2.0,True,1.2963112345437156,60
True,2,3,34.0,68.0,5.0,67.0,2.0,True,0.9762603833819,18
True,3,5,38.0,44.0,4.0,59.0,1.0,True,1.5415948171910188,157
True,1,3,79.0,54.0,5.0,20.0,5.0,False,1.2264110228807132,114
False,2,4,51.0,99.0,5.0,77.0,5.0,False,2.4261400027845568,154
False,2,1,27.0,34.0,2.0,86.0,1.0,False,4.153459976473648,23
True,2,5,3.0,17.0,2.0,39.0,2.0,False,0.5998644899519219,25
True,2,5,73.0,51.0,5.0,44.0,3.0,False,1.2449940434671878,78
False,2,4,92.0,81.0,2.0,55.0,4.0,False,5.698549459730028,137
False,3,5,54.0,56.0,3.0,13.0,5.0,False,2.6928601841327877,128
False,1,2,28.0,45.0,4.0,52.0,3.0,False,5.009234259951262,34
False,3,5,2.0,35.0,5.0,24.0,4.0,False,0.8645260851209282,11
True,2,1,52.0,45.0,3.0,41.0,1.0,True,1.5663721779729851,77
True,2,1,82.0,68.0,4.0,38.0,3.0,True,1.1887126902990104,108
True,3,1,20.0,22.0,1.0,47.0,2.0,True,0.7417754972551232,117
False,3,5,52.0,81.0,1.0,28.0,5.0,False,3.5222788142599915,137
True,2,5,25.0,79.0,5.0,80.0,2.0,False,1.6672626722712622,109
True,1,5,50.0,32.0,1.0,32.0,3.0,True,1.1419027503073778,127
True,3,5,61.0,38.0,1.0,47.0,3.0,False,2.3289166601937783,91
False,1,5,83.0,50.0,4.0,75.0,4.0,False,2.8251909817172915,166
False,3,5,63.0,21.0,3.0,83.0,2.0,True,2.223016896361683,161
True,2,5,6.0,93.0,2.0,63.0,3.0,False,4.165023391969573,90
True,2,4,16.0,82.0,4.0,50.0,5.0,False,4.006010551408201,66
True,3,3,57.0,36.0,1.0,80.0,1.0,True,1.1058915068362716,32
False,1,1,73.0,14.0,3.0,12.0,1.0,False,4.378053097737605,141
False,2,3,46.0,36.0,5.0,41.0,2.0,False,3.2909924775319457,183
False,3,2,54.0,41.0,4.0,54.0,1.0,False,4.446535811172289,36
False,3,3,57.0,17.0,5.0,59.0,2.0,True,2.140195712898944,101
False,3,5,7.0,8.0,2.0,48.0,5.0,False,1.0673981823193406,17
True,3,4,98.0,73.0,4.0,29.0,1.0,False,3.2990914999223397,91
True,2,5,58.0,21.0,4.0,64.0,4.0,False,1.7911680578389104,71
True,3,2,78.0,30.0,4.0,20.0,3.0,False,5.679640049517093,138
True,3,2,33.0,49.0,3.0,70.0,3.0,False,2.707652421987273,8
False,3,4,9.0,46.0,5.0,39.0,5.0,False,1.3320597774883467,14
True,2,5,62.0,39.0,3.0,1.0,3.0,False,2.9662735809451095,136
True,2,3,84.0,9.0,5.0,76.0,3.0,False,2.4531484353878863,126
True,1,2,30.0,92.0,1.0,12.0,3.0,False,3.3464151496649093,95
True,3,5,5.0,46.0,3.0,31.0,5.0,False,0.5998644899519219,15
True,2,1,52.0,24.0,5.0,77.0,5.0,False,5.021450454700107,109
False,2,1,6.0,34.0,3.0,24.0,5.0,False,0.7943111751334793,3
True,2,1,80.0,45.0,3.0,42.0,3.0,False,2.9020991071688305,128
True,2,3,63.0,50.0,1.0,52.0,2.0,True,1.7540471241081295,87
False,2,5,12.0,47.0,1.0,28.0,5.0,False,0.9431664071252321,9
False,1,2,40.0,49.0,2.0,74.0,3.0,False,4.0211291788891455,37
True,3,5,9.0,46.0,3.0,25.0,5.0,False,0.5377486023548677,7
True,3,2,59.0,40.0,2.0,85.0,4.0,False,3.5742370932874263,24
False,1,2,71.0,96.0,5.0,41.0,5.0,False,3.5286456400976216,119
True,1,4,64.0,37.0,2.0,27.0,1.0,True,0.9182165607011274,89
True,2,5,74.0,1.0,5.0,65.0,2.0,False,2.0041977636069426,172
True,3,5,4.0,53.0,4.0,41.0,5.0,False,0.6785048119562258,18
True,3,2,34.0,54.0,3.0,90.0,4.0,False,3.3338725652896044,40
True,1,4,57.0,24.0,3.0,49.0,4.0,False,3.979654898057791,121
True,3,1,83.0,46.0,4.0,24.0,1.0,True,1.389931114526981,133
True,2,2,37.0,34.0,3.0,87.0,3.0,False,4.744572664782255,16
False,2,2,20.0,38.0,2.0,64.0,1.0,False,2.6725449669935486,18
True,3,5,80.0,55.0,3.0,25.0,1.0,False,2.312392225786528,111
False,2,5,70.0,12.0,4.0,68.0,1.0,False,3.026330882362939,174
True,3,1,58.0,35.0,4.0,48.0,4.0,False,4.111985695642294,99
False,2,2,23.0,36.0,2.0,96.0,1.0,False,3.32609993252567,26
True,2,2,9.0,58.0,3.0,9.0,2.0,False,2.0041977636069426,41
False,2,5,92.0,73.0,4.0,61.0,1.0,True,1.7513023425358294,113
True,3,5,21.0,23.0,1.0,67.0,3.0,False,2.4447230233710315,96
False,3,2,46.0,51.0,3.0,75.0,4.0,False,5.613215922261633,40
True,3,4,11.0,43.0,3.0,39.0,4.0,False,0.732195287536425,13
True,2,3,69.0,37.0,4.0,13.0,3.0,True,0.7885854372467558,153
False,2,5,7.0,53.0,3.0,91.0,3.0,True,1.3763876364341545,54
False,3,4,52.0,39.0,5.0,55.0,3.0,False,4.463386635206,89
False,3,3,4.0,43.0,5.0,57.0,2.0,True,0.6949655572634905,145
True,3,5,5.0,22.0,4.0,39.0,2.0,False,1.102505637313065,17
True,2,5,79.0,74.0,3.0,75.0,5.0,False,1.6051467846742082,149
True,1,2,33.0,37.0,2.0,54.0,2.0,False,3.3797904081058685,43
False,2,2,46.0,37.0,4.0,49.0,3.0,False,5.222916744972213,6
True,2,5,7.0,40.0,2.0,36.0,4.0,False,0.9080589521315077,19
True,3,4,74.0,41.0,2.0,50.0,2.0,False,2.347499680780253,97
False,3,3,74.0,70.0,3.0,80.0,1.0,True,2.4354692032787937,119
True,1,4,69.0,81.0,5.0,56.0,5.0,False,1.0589727703024856,170
False,3,5,89.0,58.0,1.0,65.0,4.0,False,2.9638886051394246,141
True,2,2,54.0,12.0,1.0,17.0,4.0,False,1.1747791334797388,71
False,3,4,72.0,55.0,1.0,55.0,1.0,True,2.3193815579172483,176
False,1,5,61.0,14.0,3.0,26.0,3.0,False,6.140806916046881,110
False,1,1,6.0,48.0,5.0,16.0,2.0,False,4.823539376413019,49
False,3,4,3.0,22.0,5.0,42.0,4.0,False,0.8729514971377832,11
False,2,2,50.0,45.0,1.0,80.0,4.0,False,4.2899079464166014,29
False,2,4,2.0,32.0,2.0,29.0,4.0,False,0.5377486023548677,12
False,2,4,33.0,38.0,3.0,72.0,4.0,True,2.495822621363253,37
False,3,5,1.0,17.0,4.0,24.0,4.0,False,0.6785048119562258,7
False,2,2,36.0,81.0,2.0,68.0,4.0,False,3.2892602809791804,71
True,3,5,64.0,21.0,5.0,49.0,4.0,False,1.3341183636675717,159
False,2,4,3.0,8.0,2.0,40.0,5.0,False,0.5026411473611432,11
True,1,3,71.0,21.0,4.0,73.0,5.0,False,1.2699438898912927,130
True,3,5,51.0,88.0,5.0,42.0,4.0,False,1.977189331003613,120
True,1,1,11.0,86.0,5.0,66.0,2.0,True,1.9552655483361,113
True,3,4,61.0,59.0,3.0,20.0,5.0,False,1.8161179042630153,115
False,1,2,32.0,42.0,3.0,45.0,3.0,False,3.183285136745087,11
False,3,4,8.0,45.0,4.0,26.0,4.0,False,0.40541780477036454,17
True,1,1,38.0,34.0,1.0,34.0,2.0,False,0.8561006731040731,102
False,3,4,8.0,13.0,3.0,26.0,5.0,False,0.7673027425301494,6
True,1,2,20.0,78.0,5.0,38.0,2.0,True,2.1897504344628764,86
False,2,3,99.0,17.0,5.0,51.0,3.0,False,1.958279920790678,78
True,2,5,10.0,78.0,2.0,21.0,4.0,False,4.014109573798595,93
False,3,2,85.0,62.0,3.0,80.0,1.0,True,0.9046730826083011,94
False,1,1,43.0,31.0,2.0,60.0,4.0,False,4.757115249157559,25
False,2,4,26.0,16.0,4.0,2.0,5.0,False,4.078284047574874,124
True,1,2,39.0,1.0,3.0,19.0,3.0,False,6.22754626044158,62
True,2,3,90.0,5.0,5.0,67.0,2.0,False,2.910198129559226,148
True,3,4,60.0,79.0,1.0,59.0,2.0,False,2.4366240009806366,127
True,3,5,92.0,39.0,2.0,41.0,5.0,False,2.982471625725899,116
True,2,3,11.0,89.0,5.0,4.0,5.0,False,1.6321552172775378,127
True,1,1,59.0,68.0,4.0,91.0,3.0,False,3.3983734286923433,88
True,3,4,16.0,22.0,5.0,7.0,1.0,False,1.1477707008764093,131
True,3,2,26.0,46.0,3.0,57.0,2.0,False,2.0909371080016412,96
False,3,1,1.0,45.0,4.0,46.0,4.0,False,0.8729514971377832,14
True,2,3,45.0,27.0,1.0,46.0,5.0,False,3.5040221832999774,161
False,3,2,33.0,36.0,2.0,56.0,4.0,False,3.202194546958021,32
True,3,4,63.0,14.0,2.0,24.0,2.0,False,0.37031034977664,136
True,3,5,51.0,54.0,5.0,87.0,1.0,False,3.168819288517062,105
True,3,2,55.0,46.0,5.0,51.0,3.0,False,3.088120380333533,130
True,1,5,75.0,76.0,4.0,37.0,3.0,True,1.4011649972161209,148
True,2,1,56.0,31.0,3.0,77.0,4.0,False,2.8936736951519757,30
False,2,2,40.0,49.0,3.0,95.0,3.0,False,4.920436329377337,12
True,3,2,76.0,50.0,4.0,61.0,1.0,False,2.4447230233710315,77
True,3,5,71.0,33.0,1.0,20.0,1.0,False,3.8203156678699575,131
True,1,1,14.0,23.0,4.0,14.0,3.0,True,1.059081566844639,154
True,1,1,91.0,30.0,4.0,55.0,4.0,False,3.2990914999223397,104
True,1,1,39.0,22.0,4.0,12.0,1.0,True,1.059081566844639,119
False,2,1,47.0,43.0,3.0,75.0,1.0,False,4.233506105404257,37
False,3,4,9.0,32.0,5.0,39.0,5.0,False,0.7943111751334793,10
True,3,5,2.0,38.0,3.0,27.0,5.0,False,1.2348364348975682,11
False,3,5,41.0,16.0,3.0,18.0,5.0,False,1.685519303231277,140
True,1,1,82.0,21.0,1.0,89.0,1.0,False,3.1502362679305866,79
True,1,4,68.0,12.0,5.0,34.0,1.0,True,1.2823325702822759,101
True,1,4,66.0,43.0,4.0,8.0,1.0,False,3.0260044927364786,129
False,2,2,73.0,45.0,1.0,30.0,3.0,False,6.388617687182178,181
False,3,2,26.0,49.0,2.0,93.0,3.0,False,3.783476016323469,44
False,2,2,42.0,39.0,3.0,67.0,4.0,False,4.084650873412505,22
True,3,2,63.0,87.0,5.0,63.0,5.0,False,3.1955013314939316,157
True,3,5,83.0,91.0,3.0,24.0,2.0,False,0.4591082803505637,58
False,2,2,64.0,14.0,5.0,55.0,1.0,True,1.2242887476015032,89
False,3,5,10.0,55.0,4.0,43.0,4.0,False,0.9701748397285618,19
False,3,5,5.0,34.0,1.0,28.0,5.0,False,0.7943111751334793,13
False,3,2,59.0,34.0,3.0,82.0,4.0,False,5.109495357600646,31
True,2,5,5.0,16.0,5.0,49.0,5.0,False,1.1376130923067895,14
False,2,4,76.0,52.0,1.0,46.0,1.0,False,3.847324100473288,150
True,1,5,41.0,34.0,4.0,47.0,4.0,False,2.8852482831351205,144
False,3,2,33.0,36.0,4.0,53.0,1.0,False,4.207150452053847,24
True,3,1,64.0,22.0,5.0,49.0,1.0,True,0.6589543137923842,20
False,3,4,10.0,31.0,5.0,42.0,4.0,False,0.6700793999393708,11
False,2,1,44.0,44.0,4.0,89.0,1.0,False,5.048785276929896,25
False,3,1,8.0,49.0,2.0,25.0,5.0,False,0.5026411473611432,14
True,3,4,66.0,49.0,3.0,56.0,2.0,False,2.3289166601937783,95
False,3,5,13.0,37.0,1.0,26.0,2.0,False,0.9080589521315077,16
True,1,4,73.0,33.0,5.0,30.0,4.0,False,1.4829735956593246,99
False,3,5,4.0,51.0,3.0,49.0,5.0,False,0.9266419727179824,17
True,1,1,23.0,30.0,2.0,93.0,1.0,False,3.4128392769203684,10
True,2,2,51.0,31.0,2.0,24.0,5.0,False,2.577053820955535,87
True,1,5,76.0,82.0,4.0,21.0,1.0,True,1.1887126902990104,149
True,2,2,59.0,45.0,5.0,22.0,1.0,False,3.1955013314939316,77
False,1,2,50.0,31.0,1.0,50.0,1.0,False,3.952972855080921,13
False,1,1,39.0,49.0,2.0,84.0,2.0,False,6.3373121874076634,10
False,3,4,7.0,35.0,2.0,45.0,5.0,False,0.6700793999393708,6
True,1,2,94.0,74.0,2.0,83.0,3.0,False,2.5114735402529513,82
True,2,5,88.0,44.0,5.0,44.0,5.0,False,2.6928601841327877,168
True,3,3,44.0,57.0,3.0,33.0,2.0,True,0.3528821268920085,70
False,2,5,10.0,11.0,1.0,39.0,2.0,False,1.2348364348975682,8
False,2,5,10.0,10.0,3.0,42.0,1.0,False,1.0673981823193406,7
True,3,4,68.0,74.0,4.0,33.0,5.0,False,2.0105645894445727,134
False,3,2,45.0,31.0,3.0,46.0,4.0,False,3.175186114354692,27
False,1,1,83.0,49.0,2.0,51.0,1.0,False,6.730187407802724,121
True,3,5,71.0,43.0,1.0,6.0,3.0,False,2.842041805751001,70
False,2,5,6.0,18.0,4.0,32.0,2.0,False,0.8645260851209282,19
False,2,1,53.0,5.0,5.0,76.0,1.0,False,4.1656761712224935,138
True,1,4,63.0,22.0,4.0,17.0,1.0,False,3.3362575410952893,68
True,3,4,53.0,49.0,5.0,96.0,2.0,False,2.513205736805716,76
True,3,5,98.0,57.0,4.0,61.0,4.0,False,2.91225671573845,80
True,3,5,93.0,75.0,3.0,4.0,4.0,False,3.2927246740847096,125
True,3,2,17.0,99.0,3.0,71.0,5.0,False,3.518161641901542,69
True,1,4,89.0,18.0,5.0,28.0,3.0,True,1.7428132414189896,162
False,1,2,36.0,51.0,4.0,63.0,1.0,False,3.185343722924311,23
False,3,5,9.0,12.0,4.0,28.0,5.0,False,0.9431664071252321,12
False,2,1,43.0,51.0,2.0,56.0,3.0,False,3.7662988026632993,21
True,1,2,48.0,51.0,3.0,81.0,4.0,False,3.642719806722111,39
False,3,5,9.0,39.0,5.0,45.0,4.0,False,1.2348364348975682,19
True,3,3,56.0,31.0,4.0,82.0,3.0,False,2.5854792329723892,103
True,2,5,48.0,71.0,3.0,46.0,2.0,False,1.7644860148620412,80
True,3,1,69.0,54.0,4.0,31.0,3.0,False,3.7230923252791794,112
True,3,3,0.0,36.0,2.0,24.0,1.0,False,1.1666801110893439,147
True,3,1,56.0,44.0,3.0,31.0,4.0,False,1.8617093574528196,84
False,2,2,24.0,45.0,2.0,79.0,5.0,False,3.898303210621342,23
True,3,4,40.0,10.0,3.0,56.0,5.0,False,1.6504118482375525,188
True,2,5,0.0,41.0,5.0,13.0,4.0,False,0.5293231903380127,67
True,3,5,90.0,58.0,2.0,4.0,4.0,False,2.6121612759492594,82
False,3,5,70.0,54.0,5.0,79.0,1.0,True,1.7900583675792356,74
False,3,5,84.0,57.0,1.0,99.0,5.0,False,5.205739531312044,62
True,1,5,48.0,65.0,5.0,21.0,1.0,False,5.0173332823416565,79
True,2,1,13.0,48.0,3.0,31.0,4.0,False,0.6970878325427005,3
True,3,5,25.0,52.0,2.0,40.0,3.0,False,2.1551115817779207,83
False,1,2,21.0,40.0,3.0,50.0,4.0,False,4.978570366942447,27
False,2,3,88.0,56.0,1.0,82.0,2.0,True,2.5758990232536916,143
True,3,5,0.0,53.0,4.0,25.0,1.0,True,1.3431211745353484,88
False,3,5,13.0,14.0,2.0,48.0,4.0,False,0.40541780477036454,21
False,2,1,36.0,38.0,2.0,88.0,3.0,False,4.563321343228923,12
True,1,2,36.0,93.0,4.0,92.0,3.0,False,2.2232679055861446,147
False,3,5,79.0,48.0,2.0,73.0,1.0,False,2.8687238487278712,138
True,2,4,47.0,57.0,3.0,66.0,1.0,False,3.2990914999223397,152
True,1,2,31.0,33.0,4.0,86.0,5.0,False,2.9287811501457,15
False,3,5,2.0,20.0,5.0,26.0,4.0,False,0.8729514971377832,16
False,3,5,1.0,28.0,1.0,49.0,5.0,False,0.5998644899519219,11
True,2,2,0.0,42.0,1.0,59.0,2.0,True,0.7777867407262293,100
False,3,4,3.0,34.0,1.0,25.0,2.0,False,1.0673981823193406,9
False,3,5,77.0,12.0,4.0,89.0,1.0,True,0.5653344338091189,68
True,2,5,61.0,17.0,3.0,30.0,2.0,False,2.039305218600667,95
True,3,5,20.0,22.0,4.0,66.0,2.0,False,0.9515918191420871,165
True,3,4,90.0,34.0,4.0,29.0,4.0,False,1.102505637313065,131
True,2,5,80.0,27.0,3.0,42.0,4.0,False,3.2825670655150905,106
True,3,4,16.0,27.0,3.0,61.0,1.0,False,1.4107000994926508,52
False,2,5,84.0,6.0,2.0,74.0,2.0,False,2.2688593587759494,147
True,1,5,5.0,57.0,1.0,41.0,2.0,True,0.9762603833819,116
True,2,4,27.0,70.0,3.0,81.0,2.0,True,0.6121443738007516,164
False,3,5,2.0,43.0,4.0,24.0,5.0,False,1.1376130923067895,20
True,1,2,97.0,59.0,4.0,13.0,1.0,False,2.709384618540038,76
False,3,1,44.0,81.0,5.0,59.0,5.0,False,3.4851127730870424,128
False,3,5,5.0,34.0,4.0,40.0,5.0,False,0.6349719449456463,7
False,1,1,26.0,41.0,4.0,77.0,4.0,False,5.091991754314016,28
False,3,4,61.0,51.0,2.0,60.0,4.0,False,3.2741416534982353,97
True,3,4,95.0,27.0,5.0,96.0,5.0,False,2.250276338189474,134
False,3,2,65.0,14.0,5.0,94.0,2.0,False,4.378053097737605,119
True,3,5,81.0,41.0,4.0,62.0,1.0,False,1.9586063104171383,111
False,2,2,80.0,99.0,4.0,73.0,5.0,False,2.9206821277553052,156
True,2,2,58.0,56.0,1.0,2.0,4.0,False,3.079694968316678,112
False,1,1,35.0,54.0,2.0,69.0,3.0,False,2.777867331974722,30
False,1,2,43.0,41.0,1.0,71.0,3.0,False,4.3766472908113,30
True,3,1,4.0,72.0,1.0,95.0,3.0,False,4.411428356178565,16
False,3,4,8.0,18.0,3.0,29.0,4.0,False,1.3320597774883467,15
False,3,1,13.0,18.0,2.0,48.0,5.0,False,0.9431664071252321,10
False,3,2,54.0,50.0,3.0,92.0,3.0,False,2.734660854590603,27
True,2,4,86.0,51.0,1.0,47.0,3.0,False,2.267127162223184,85
False,2,5,99.0,44.0,4.0,92.0,2.0,False,2.415982394214937,122
False,2,5,9.0,8.0,4.0,38.0,4.0,False,1.0052822947222864,21
False,1,5,73.0,97.0,5.0,18.0,2.0,False,3.925638032851131,99
False,2,2,43.0,49.0,1.0,58.0,3.0,False,6.413893923232742,27
False,3,5,4.0,20.0,5.0,28.0,4.0,False,0.9266419727179824,13
True,2,5,70.0,60.0,5.0,35.0,1.0,True,1.883678247562501,27
False,3,1,5.0,40.0,4.0,27.0,2.0,False,0.5026411473611432,20
True,1,3,13.0,61.0,4.0,5.0,1.0,False,1.0052822947222864,26
False,1,2,64.0,4.0,3.0,3.0,5.0,False,2.8234587851645268,121
True,2,2,96.0,76.0,2.0,41.0,1.0,False,2.250276338189474,135
False,2,5,32.0,96.0,3.0,51.0,2.0,False,4.605548651733662,71
True,3,1,53.0,48.0,4.0,22.0,1.0,True,0.48251325034638004,86
True,1,5,73.0,54.0,5.0,80.0,3.0,False,2.0744126735943915,133
True,3,1,72.0,51.0,3.0,31.0,3.0,True,0.38889337036311467,62
True,3,1,3.0,49.0,5.0,47.0,4.0,False,1.0052822947222864,12
False,3,1,71.0,15.0,1.0,17.0,3.0,False,5.211779967523214,182
True,3,5,10.0,49.0,4.0,50.0,2.0,True,1.1306688676182377,151
True,3,4,18.0,33.0,5.0,16.0,2.0,False,3.8466713212203674,139
True,2,5,90.0,93.0,4.0,32.0,2.0,False,2.167845233453181,147
True,2,1,59.0,70.0,3.0,71.0,4.0,False,2.6040622535588644,135
True,3,5,62.0,38.0,3.0,85.0,1.0,False,3.6714604358782044,121
False,3,5,89.0,26.0,5.0,58.0,3.0,False,2.3022346172169086,179
True,2,5,60.0,40.0,2.0,82.0,4.0,False,1.967031722433993,105
True,3,2,54.0,55.0,5.0,42.0,1.0,False,2.566896212385915,113
False,3,2,57.0,43.0,4.0,47.0,2.0,False,4.215575864070702,37
True,1,5,5.0,5.0,3.0,64.0,3.0,True,1.389931114526981,152
True,3,5,66.0,43.0,5.0,63.0,4.0,False,2.434565414801412,121
False,1,1,39.0,34.0,4.0,49.0,2.0,False,3.1235542249537174,28
True,2,2,69.0,61.0,3.0,87.0,5.0,False,3.158335290320982,103
False,1,5,13.0,52.0,2.0,77.0,5.0,False,6.659972497815275,83
True,3,1,7.0,35.0,3.0,26.0,2.0,False,0.40541780477036454,11
False,1,1,78.0,3.0,3.0,24.0,3.0,False,3.836840102277208,131
True,3,2,27.0,52.0,1.0,53.0,3.0,False,4.484354631598158,18
True,3,5,70.0,69.0,5.0,80.0,1.0,False,2.6556941429598386,97
False,2,2,38.0,50.0,2.0,91.0,5.0,False,4.287849360237377,40
True,2,1,37.0,54.0,3.0,65.0,3.0,False,2.022780784193417,40
True,2,1,95.0,46.0,2.0,99.0,1.0,False,5.441334107698496,133
True,2,3,58.0,8.0,3.0,23.0,3.0,False,0.9701748397285618,55
False,2,4,24.0,71.0,1.0,56.0,1.0,True,1.9417220702432736,8
False,3,2,52.0,42.0,2.0,45.0,3.0,False,4.02922820127954,18
True,3,2,84.0,69.0,2.0,12.0,5.0,False,3.4587571197366334,81
False,3,1,7.0,8.0,1.0,28.0,1.0,False,1.0052822947222864,19
False,3,4,3.0,37.0,2.0,42.0,4.0,False,1.102505637313065,17
False,2,5,69.0,11.0,1.0,76.0,3.0,False,3.327832129078434,149
False,1,4,99.0,12.0,2.0,93.0,3.0,False,5.515666190044394,31
True,1,5,72.0,83.0,1.0,57.0,2.0,False,4.200783626216218,153
True,2,3,15.0,68.0,2.0,23.0,2.0,False,0.2730870071858613,118
False,2,1,66.0,10.0,1.0,72.0,5.0,False,3.785208212876233,142
False,3,3,48.0,43.0,1.0,72.0,2.0,False,2.998996060133149,134
True,2,3,36.0,60.0,5.0,24.0,3.0,False,5.241173375932228,89
True,1,2,44.0,12.0,3.0,64.0,4.0,False,2.3086014430545387,78
True,3,1,45.0,31.0,2.0,95.0,1.0,False,4.6659323427779515,35
True,2,5,41.0,85.0,4.0,24.0,1.0,False,2.275226184613579,165
False,2,5,8.0,52.0,1.0,43.0,1.0,False,0.9080589521315077,18
True,3,4,76.0,39.0,4.0,33.0,1.0,False,2.982471625725899,120
True,3,4,73.0,69.0,2.0,79.0,3.0,False,1.323634365471492,168
True,3,5,9.0,73.0,5.0,50.0,1.0,False,2.7363930511433674,80
False,2,4,37.0,15.0,2.0,75.0,1.0,False,6.140806916046881,101
True,3,1,47.0,68.0,2.0,33.0,1.0,True,1.696003301427357,55
True,1,2,35.0,40.0,2.0,75.0,3.0,False,3.7065678908719297,21
False,3,3,92.0,34.0,1.0,76.0,2.0,False,5.060866149352235,88
True,2,3,38.0,4.0,2.0,52.0,2.0,True,1.1058915068362716,81
True,1,1,74.0,95.0,3.0,95.0,2.0,False,5.186830121099109,120
False,1,5,62.0,99.0,5.0,19.0,1.0,False,2.8066079611308163,175
True,3,4,96.0,56.0,3.0,58.0,3.0,False,3.917539010460737,84
True,1,2,92.0,64.0,5.0,29.0,4.0,False,1.9234988554234138,97
False,3,5,83.0,46.0,4.0,23.0,5.0,False,2.1365285611914455,119
True,1,1,54.0,69.0,5.0,69.0,5.0,False,2.639169708552589,136
True,3,3,65.0,31.0,2.0,20.0,2.0,False,1.394175665085401,75
True,1,1,29.0,86.0,4.0,8.0,4.0,False,1.5346054850602988,171
True,2,2,24.0,52.0,3.0,75.0,5.0,False,2.9287811501457,30
True,2,3,86.0,51.0,5.0,3.0,1.0,False,4.438110399155434,31
False,3,1,93.0,53.0,3.0,70.0,4.0,True,1.621671219081458,46
False,1,1,56.0,41.0,3.0,67.0,5.0,False,4.800974505794599,19
True,2,5,54.0,21.0,4.0,31.0,5.0,False,3.450331707719778,171
False,3,5,30.0,43.0,2.0,31.0,4.0,False,3.724824521831944,101
True,2,4,85.0,54.0,1.0,79.0,5.0,False,2.0024655670541778,129
False,3,1,7.0,53.0,4.0,40.0,5.0,False,0.5026411473611432,16
True,3,1,8.0,12.0,3.0,30.0,5.0,False,0.732195287536425,5
False,1,1,24.0,48.0,4.0,45.0,4.0,False,5.354921152930257,9
True,3,3,58.0,26.0,2.0,35.0,5.0,False,1.9589327000435983,103
False,3,1,59.0,30.0,2.0,79.0,5.0,False,3.741675345865654,32
True,3,1,96.0,36.0,2.0,83.0,3.0,False,3.1502362679305866,84
False,1,1,56.0,31.0,2.0,98.0,5.0,False,4.136282762813479,37
True,3,5,47.0,59.0,3.0,53.0,2.0,False,0.6886624205258455,68
False,3,5,11.0,31.0,3.0,37.0,1.0,False,1.0589727703024856,10
True,2,4,57.0,20.0,2.0,11.0,1.0,False,3.301150086101565,185
True,3,1,67.0,64.0,3.0,34.0,3.0,False,2.4261400027845568,107
True,2,2,38.0,45.0,3.0,47.0,5.0,False,5.0122720150098665,15
True,3,4,92.0,40.0,5.0,70.0,1.0,False,3.803791233462708,75
False,3,5,11.0,27.0,4.0,26.0,5.0,False,0.8645260851209282,17
False,2,1,67.0,30.0,5.0,20.0,4.0,False,2.285710182809659,165
True,1,5,85.0,30.0,5.0,63.0,1.0,False,3.1418108559137323,129
True,3,5,47.0,76.0,5.0,43.0,2.0,False,1.5346054850602988,104
True,1,5,94.0,42.0,3.0,82.0,1.0,False,2.550371777978665,122
False,3,5,43.0,71.0,5.0,2.0,3.0,False,1.8448585334191097,156
False,3,3,99.0,1.0,1.0,68.0,1.0,True,1.2963112345437156,101
False,3,4,2.0,9.0,3.0,49.0,4.0,False,1.1997289799038438,11
True,2,2,52.0,32.0,3.0,93.0,3.0,False,5.08993316813479,16
True,2,2,52.0,36.0,2.0,57.0,5.0,False,3.8101580593003384,13
True,1,1,32.0,37.0,2.0,81.0,1.0,False,6.310630144430793,35
False,2,1,78.0,96.0,3.0,30.0,5.0,False,1.685519303231277,124
False,3,1,12.0,9.0,5.0,76.0,1.0,True,2.6834975674983967,10
False,3,1,12.0,10.0,4.0,31.0,1.0,False,0.9617494277117069,18
False,2,2,46.0,35.0,2.0,47.0,3.0,False,3.68592628410623,20
True,1,1,58.0,42.0,5.0,77.0,1.0,False,2.312392225786528,131
True,3,5,79.0,62.0,2.0,34.0,4.0,False,0.8831091057074028,57
False,1,1,28.0,32.0,2.0,89.0,4.0,False,5.603058313692014,30
True,3,2,21.0,54.0,3.0,93.0,4.0,False,6.052008985472957,36
True,3,4,8.0,75.0,2.0,33.0,3.0,False,3.99520016358566,25
True,3,5,44.0,0.0,4.0,58.0,3.0,False,0.7777867407262293,91
False,3,3,58.0,30.0,4.0,58.0,2.0,True,2.7303075074900294,69
False,1,2,82.0,93.0,4.0,43.0,3.0,False,4.383014116648931,123
True,3,4,74.0,24.0,4.0,15.0,4.0,False,3.423323275116448,83
True,1,2,6.0,68.0,1.0,44.0,2.0,False,1.0073408809015114,118
False,2,3,46.0,12.0,5.0,46.0,3.0,False,5.981141296232588,70
False,2,5,12.0,17.0,2.0,39.0,4.0,False,0.9431664071252321,24
False,1,1,52.0,37.0,2.0,85.0,2.0,False,4.209209038233073,20
True,3,4,84.0,16.0,2.0,59.0,2.0,False,1.0673981823193406,128
True,3,5,13.0,38.0,2.0,30.0,4.0,False,0.6970878325427005,22
False,3,3,3.0,2.0,2.0,32.0,2.0,False,2.6641195549766934,156
True,1,4,92.0,37.0,5.0,96.0,3.0,False,2.8315578075549217,139
True,3,1,11.0,43.0,5.0,40.0,2.0,False,0.6970878325427005,22
True,1,4,42.0,49.0,3.0,58.0,2.0,False,4.101175307819754,25
True,2,5,47.0,15.0,1.0,63.0,1.0,False,5.276280830925952,102
False,3,5,6.0,23.0,5.0,35.0,2.0,False,0.8108356095407291,10
False,3,2,36.0,14.0,2.0,13.0,3.0,False,3.234917026146061,84
False,1,3,99.0,15.0,2.0,30.0,1.0,False,6.060108007863353,98
True,1,2,2.0,57.0,3.0,10.0,1.0,True,0.5405570730271527,68
True,2,1,15.0,41.0,4.0,43.0,2.0,True,0.8714066207094948,70
True,1,3,89.0,14.0,2.0,53.0,2.0,True,0.9182165607011274,103
False,2,5,4.0,24.0,5.0,46.0,5.0,False,1.3320597774883467,15
True,1,5,69.0,78.0,5.0,63.0,4.0,False,3.8487299073995924,72
False,3,4,6.0,24.0,2.0,41.0,4.0,False,1.3320597774883467,9
True,3,2,93.0,51.0,4.0,86.0,4.0,False,0.732195287536425,140
False,3,3,32.0,67.0,5.0,62.0,1.0,True,2.106929251000138,94
True,1,2,73.0,87.0,5.0,20.0,2.0,False,0.38889337036311467,104
True,3,5,78.0,67.0,3.0,69.0,5.0,False,1.967031722433993,163
True,3,2,48.0,2.0,1.0,67.0,3.0,False,3.8547703436107623,48
False,3,5,12.0,42.0,4.0,48.0,4.0,False,1.0052822947222864,19
True,1,2,86.0,72.0,1.0,6.0,4.0,False,3.697489699602154,115
False,3,4,1.0,56.0,5.0,24.0,5.0,False,0.8294186301272037,20
True,2,5,86.0,25.0,2.0,21.0,1.0,False,2.8231323955380665,179
False,1,1,43.0,44.0,2.0,47.0,5.0,False,5.533496182957485,21
True,2,5,95.0,68.0,5.0,99.0,1.0,False,3.0965457923503883,110
True,2,3,69.0,74.0,3.0,25.0,1.0,False,1.102505637313065,63
True,2,4,7.0,26.0,5.0,36.0,1.0,True,0.8714066207094948,70
True,3,5,9.0,48.0,3.0,30.0,4.0,False,0.9266419727179824,19
False,1,5,69.0,66.0,4.0,42.0,2.0,False,4.173122414359968,97
True,3,4,88.0,75.0,1.0,17.0,1.0,False,2.699227009970418,133
True,3,2,67.0,78.0,2.0,80.0,3.0,False,1.7044287134442118,108
True,2,1,54.0,81.0,4.0,31.0,5.0,False,0.8564270627305333,70
True,1,5,89.0,41.0,5.0,51.0,1.0,False,2.20501127462613,105
False,3,3,73.0,52.0,1.0,70.0,4.0,True,0.0,52
True,1,5,55.0,30.0,2.0,11.0,2.0,False,1.1210886578995396,79
True,3,5,59.0,68.0,3.0,32.0,4.0,False,1.7209531478514615,143
False,3,5,2.0,38.0,5.0,55.0,3.0,True,0.5405570730271527,102
True,3,4,69.0,63.0,5.0,33.0,1.0,False,2.8852482831351205,147
True,2,5,26.0,26.0,1.0,75.0,2.0,False,1.5886223502669585,66
True,3,3,79.0,11.0,2.0,69.0,2.0,True,1.5415948171910188,69
True,3,1,97.0,41.0,3.0,31.0,2.0,False,3.7065678908719297,150
True,3,3,1.0,29.0,4.0,64.0,2.0,True,0.5405570730271527,124
False,2,3,7.0,20.0,2.0,15.0,1.0,False,6.095215462857078,85
False,3,3,62.0,66.0,1.0,71.0,3.0,False,3.341971587679999,92
True,3,2,40.0,62.0,1.0,29.0,4.0,False,5.2738958551202675,106
False,3,5,7.0,31.0,5.0,32.0,5.0,False,0.7757281545470045,9
False,3,1,8.0,8.0,2.0,24.0,4.0,False,0.8645260851209282,17
True,3,5,8.0,57.0,3.0,49.0,1.0,False,0.5026411473611432,20
True,2,1,84.0,64.0,2.0,40.0,4.0,False,1.7374775822587112,113
True,1,5,61.0,27.0,5.0,26.0,1.0,False,3.2927246740847096,90
False,3,4,12.0,9.0,4.0,27.0,1.0,False,1.2348364348975682,12
True,1,5,46.0,31.0,2.0,2.0,5.0,False,2.910198129559226,176
False,1,2,46.0,40.0,3.0,94.0,3.0,False,4.684515363364426,37
True,2,5,39.0,93.0,1.0,20.0,4.0,False,0.38889337036311467,77
True,2,5,15.0,46.0,5.0,68.0,4.0,False,5.584475293105539,44
False,1,1,32.0,38.0,3.0,87.0,4.0,False,4.2196930364291525,38
False,2,3,75.0,96.0,5.0,55.0,1.0,False,3.2909924775319457,152
False,1,1,42.0,42.0,2.0,63.0,5.0,False,3.9505878792752362,33
True,2,5,12.0,17.0,3.0,30.0,5.0,False,0.9431664071252321,23
True,3,5,79.0,35.0,3.0,35.0,4.0,False,2.6020036673796394,71
True,3,3,54.0,8.0,5.0,25.0,2.0,True,1.7540471241081295,61
True,2,1,32.0,32.0,4.0,77.0,4.0,False,4.657506930761096,20
False,2,1,34.0,38.0,1.0,93.0,4.0,False,5.787021000677491,21
True,1,5,58.0,76.0,4.0,34.0,2.0,False,5.107110381794961,75
False,2,4,12.0,36.0,4.0,42.0,5.0,False,0.8729514971377832,12
False,2,5,41.0,80.0,5.0,31.0,5.0,False,2.550371777978665,120
False,3,3,22.0,96.0,3.0,87.0,1.0,False,2.5959632311684695,110
False,2,1,28.0,54.0,2.0,54.0,4.0,False,5.543327401900644,33
False,3,5,10.0,37.0,5.0,41.0,4.0,False,0.5026411473611432,12
False,3,5,9.0,53.0,3.0,25.0,4.0,False,0.6700793999393708,7
False,2,3,56.0,58.0,2.0,98.0,5.0,False,3.124960031880022,146
False,2,1,23.0,40.0,3.0,74.0,2.0,False,4.426220594033049,41
True,3,3,62.0,7.0,5.0,64.0,2.0,False,1.6507382378640125,80
False,1,5,83.0,10.0,4.0,75.0,4.0,False,2.7255826633208273,129
False,2,4,6.0,50.0,3.0,49.0,4.0,False,1.0403897497160108,18
False,2,1,54.0,40.0,2.0,94.0,3.0,False,3.8641749245069974,8
False,3,5,24.0,32.0,5.0,79.0,4.0,True,2.118163133689278,21
True,2,3,57.0,64.0,3.0,7.0,5.0,False,1.0589727703024856,151
False,3,5,9.0,10.0,4.0,29.0,4.0,False,0.8729514971377832,8
True,1,1,10.0,35.0,2.0,96.0,1.0,False,1.47487457326893,88
False,1,4,25.0,58.0,5.0,67.0,4.0,False,5.609425139529644,157
False,2,1,53.0,46.0,2.0,70.0,5.0,False,3.4395213198972376,27
True,2,1,30.0,30.0,4.0,11.0,2.0,False,1.842799947239885,104
False,2,4,66.0,79.0,5.0,17.0,4.0,False,3.5556540727009516,141
False,3,3,31.0,38.0,5.0,94.0,1.0,False,5.142217836788685,56
False,2,2,34.0,31.0,1.0,78.0,3.0,False,3.615711374118781,20
True,2,2,52.0,43.0,4.0,77.0,3.0,False,5.108842578347726,23
True,1,4,76.0,27.0,5.0,44.0,1.0,False,3.0715959459262834,98
True,3,1,92.0,66.0,5.0,91.0,4.0,False,3.2639840449286153,100
False,2,5,70.0,30.0,4.0,1.0,5.0,False,2.4362976113541763,136
True,2,1,5.0,36.0,1.0,40.0,5.0,False,1.102505637313065,19
True,3,5,80.0,21.0,5.0,99.0,1.0,False,3.785208212876233,102
True,3,5,50.0,24.0,5.0,28.0,2.0,False,2.7529174855506175,108
False,2,2,70.0,35.0,4.0,90.0,2.0,False,2.5935782553627846,127
True,2,1,95.0,60.0,2.0,65.0,3.0,False,2.3826071357739775,103
False,1,1,21.0,35.0,2.0,46.0,4.0,False,4.068779218258175,19
True,2,5,45.0,87.0,1.0,17.0,5.0,False,1.5531885056467736,179
False,3,4,22.0,82.0,3.0,7.0,2.0,False,5.16393886085423,75
True,2,4,50.0,46.0,5.0,19.0,3.0,False,3.4770137506966474,135
False,1,2,57.0,89.0,4.0,56.0,2.0,False,1.5099820282626544,152
False,3,1,10.0,36.0,1.0,41.0,5.0,False,0.7943111751334793,14
True,3,1,72.0,27.0,3.0,50.0,3.0,False,2.2151688831957497,137
True,1,1,22.0,50.0,2.0,83.0,3.0,False,4.120411107659149,21
True,3,5,5.0,45.0,5.0,46.0,4.0,False,1.5285650488491291,122
False,2,4,92.0,10.0,5.0,72.0,1.0,True,2.741541390179169,106
True,1,2,23.0,47.0,3.0,67.0,1.0,False,4.887713850189298,31
True,2,1,45.0,69.0,1.0,12.0,3.0,False,4.0474848322395545,29
True,1,3,75.0,71.0,2.0,38.0,1.0,False,1.5099820282626544,138
True,3,1,92.0,38.0,5.0,78.0,5.0,False,2.8315578075549217,109
True,3,3,81.0,69.0,5.0,87.0,4.0,False,2.850140828141396,106
True,1,1,61.0,65.0,5.0,72.0,1.0,False,1.9586063104171383,114
True,3,3,68.0,94.0,1.0,16.0,2.0,False,1.685845692857737,129
True,1,3,0.0,65.0,1.0,84.0,2.0,True,2.366191497908881,166
False,2,1,7.0,17.0,2.0,33.0,4.0,False,1.102505637313065,17
True,2,2,25.0,52.0,3.0,77.0,1.0,False,2.990897037742754,19
True,3,4,86.0,99.0,4.0,60.0,1.0,False,4.00666333066112,157
False,3,5,60.0,86.0,1.0,18.0,3.0,False,1.3506427980748215,149
False,3,5,7.0,25.0,3.0,27.0,5.0,False,0.9617494277117069,14
True,2,1,6.0,27.0,2.0,42.0,2.0,False,0.5026411473611432,5
True,1,2,71.0,11.0,3.0,48.0,3.0,False,2.2853837931831986,144
True,2,2,50.0,66.0,3.0,95.0,1.0,False,3.239034198504511,91
False,2,2,34.0,47.0,2.0,47.0,4.0,False,5.543001012274184,24
False,2,1,52.0,50.0,3.0,92.0,1.0,False,4.519462086591883,15
True,1,5,42.0,33.0,2.0,42.0,1.0,False,5.063251125157921,38
True,3,1,43.0,67.0,2.0,22.0,4.0,False,3.660976437682125,158
True,3,4,79.0,6.0,3.0,84.0,1.0,True,1.2823325702822759,81
False,3,2,54.0,42.0,5.0,54.0,1.0,False,4.298006968806996,165
True,1,5,82.0,68.0,4.0,69.0,4.0,False,3.6714604358782044,102
True,2,2,49.0,30.0,1.0,97.0,3.0,False,3.606959572475466,13
False,3,1,84.0,78.0,5.0,89.0,1.0,True,2.106929251000138,70
False,2,2,56.0,35.0,1.0,51.0,1.0,False,5.43356147493456,42
True,3,5,72.0,39.0,5.0,58.0,1.0,False,3.236975612325286,144
True,1,2,90.0,47.0,1.0,64.0,5.0,False,2.3826071357739775,163
False,1,1,27.0,54.0,2.0,67.0,3.0,False,3.741675345865654,17
False,1,2,20.0,48.0,2.0,88.0,1.0,False,6.175914371040607,13
True,3,2,79.0,67.0,4.0,43.0,3.0,False,2.267127162223184,107
False,3,2,47.0,44.0,2.0,81.0,5.0,False,5.082160535370856,45
True,3,3,86.0,57.0,5.0,18.0,2.0,False,3.406472451082738,65
True,3,1,72.0,55.0,3.0,84.0,1.0,False,2.2070698608053547,124
True,1,2,45.0,81.0,3.0,9.0,1.0,False,3.520220228080767,152
True,3,3,66.0,35.0,4.0,17.0,1.0,False,2.3910325477908323,132
False,2,1,61.0,28.0,3.0,72.0,1.0,False,3.404413864903513,160
False,3,4,53.0,86.0,1.0,95.0,3.0,False,1.5163488541002845,125
False,3,4,1.0,57.0,3.0,30.0,4.0,False,0.9266419727179824,19
False,1,2,33.0,32.0,1.0,97.0,3.0,False,5.605116899871239,22
False,3,5,8.0,82.0,2.0,84.0,3.0,False,2.784560547438813,100
False,2,1,53.0,41.0,1.0,54.0,3.0,False,3.598534160458611,32
True,3,4,79.0,74.0,4.0,88.0,1.0,False,3.9361220310472107,89
True,2,1,8.0,42.0,4.0,86.0,3.0,False,3.1955013314939316,96
False,2,3,41.0,1.0,3.0,23.0,1.0,False,2.717483640930433,103
False,3,2,52.0,77.0,1.0,14.0,3.0,False,2.5483131917994406,192
True,1,5,71.0,25.0,4.0,46.0,1.0,False,2.347499680780253,81
True,3,5,23.0,54.0,5.0,68.0,3.0,False,1.3050513448850172,169
True,3,1,88.0,69.0,4.0,59.0,5.0,False,3.2825670655150905,116
True,1,4,60.0,76.0,5.0,18.0,2.0,False,3.4935381851038976,106
False,1,1,43.0,32.0,3.0,52.0,4.0,False,4.155844952279334,19
False,3,5,8.0,17.0,3.0,27.0,5.0,False,0.6785048119562258,19
False,2,1,46.0,40.0,3.0,88.0,3.0,False,7.156573208965247,42
False,2,5,13.0,48.0,2.0,46.0,4.0,False,0.9080589521315077,11
False,3,1,31.0,33.0,2.0,62.0,3.0,False,4.78412368176089,33
False,3,1,6.0,9.0,3.0,26.0,4.0,False,0.9701748397285618,13
True,1,2,51.0,44.0,2.0,90.0,1.0,False,4.550125979600698,20
True,3,5,43.0,71.0,4.0,1.0,4.0,False,2.4612474577782812,165
True,3,1,7.0,28.0,2.0,40.0,5.0,False,1.2348364348975682,25
False,3,4,1.0,32.0,4.0,35.0,5.0,False,1.3320597774883467,17
True,3,5,68.0,21.0,4.0,45.0,4.0,False,3.8122166454795634,87
False,2,5,53.0,19.0,1.0,57.0,1.0,False,4.252741905243653,128
False,2,2,36.0,45.0,3.0,97.0,3.0,False,5.260409175771623,36
True,1,1,66.0,20.0,5.0,34.0,4.0,False,2.8494880488884755,103
False,1,1,48.0,40.0,2.0,65.0,5.0,False,6.848378746785662,32
False,3,5,7.0,60.0,3.0,92.0,1.0,True,2.2698268363533156,162
True,2,2,29.0,71.0,4.0,46.0,1.0,True,0.8466292599275285,106
True,3,3,42.0,26.0,5.0,16.0,2.0,False,2.285710182809659,147
False,2,2,28.0,46.0,2.0,41.0,5.0,False,3.565158902017651,55
True,1,5,6.0,6.0,4.0,63.0,5.0,False,4.304047405018165,50
True,1,1,78.0,0.0,4.0,17.0,3.0,True,1.318343813753382,147
True,3,1,36.0,33.0,2.0,62.0,5.0,False,4.2686135603979825,27
False,2,4,5.0,16.0,2.0,24.0,4.0,False,0.7943111751334793,14
True,2,2,56.0,56.0,5.0,99.0,3.0,False,5.770170176643782,130
False,3,5,6.0,26.0,1.0,46.0,2.0,False,0.732195287536425,12
True,1,2,83.0,17.0,4.0,51.0,4.0,False,5.304695070455587,128
False,2,4,61.0,63.0,5.0,60.0,3.0,False,2.6928601841327877,148
True,3,1,25.0,53.0,3.0,56.0,4.0,False,5.030528645969881,32
False,1,2,35.0,43.0,2.0,61.0,4.0,False,5.119652966170265,5
True,1,2,67.0,79.0,5.0,23.0,5.0,False,1.6402542396679327,165
True,1,3,44.0,55.0,4.0,49.0,1.0,True,0.3060721869003758,128
False,2,3,73.0,2.0,1.0,49.0,2.0,False,4.792222704151284,95
True,3,1,46.0,94.0,5.0,90.0,1.0,False,4.713255992520521,43
True,1,5,62.0,37.0,1.0,36.0,1.0,True,1.1887126902990104,35
False,2,5,43.0,20.0,5.0,7.0,5.0,False,2.1260445629953657,151
False,3,1,2.0,29.0,1.0,30.0,5.0,False,0.7757281545470045,13
True,3,2,42.0,66.0,5.0,78.0,2.0,False,3.5475550503105566,146
False,3,5,2.0,48.0,4.0,40.0,1.0,False,0.9266419727179824,9
False,3,5,7.0,8.0,1.0,28.0,2.0,False,1.1376130923067895,13
False,1,4,96.0,45.0,2.0,48.0,4.0,False,4.606201430986582,55
True,1,5,64.0,72.0,5.0,25.0,1.0,False,1.5015566162457994,80
True,3,4,90.0,29.0,2.0,59.0,2.0,False,0.6970878325427005,116
False,1,1,39.0,40.0,2.0,89.0,5.0,False,5.543327401900644,35
False,3,5,45.0,64.0,5.0,88.0,2.0,True,1.387186332954681,150
False,3,4,85.0,6.0,2.0,18.0,1.0,False,2.223594295212605,122
True,3,2,46.0,9.0,4.0,75.0,4.0,False,7.216304120756617,133
True,3,5,79.0,78.0,3.0,44.0,1.0,False,3.6528774152917305,113
False,3,2,28.0,36.0,2.0,78.0,2.0,False,6.3517780356356885,15
False,3,5,43.0,55.0,5.0,73.0,5.0,False,4.041770785654845,118
True,3,4,11.0,60.0,3.0,51.0,1.0,True,0.0,58
True,2,4,60.0,39.0,3.0,31.0,3.0,True,1.4947848771993861,73
True,3,5,5.0,26.0,5.0,73.0,3.0,False,2.916891345023316,86
False,2,3,27.0,31.0,1.0,5.0,3.0,False,5.636107182506513,79
False,3,4,1.0,14.0,3.0,47.0,4.0,False,1.0403897497160108,18
True,2,1,28.0,36.0,4.0,91.0,5.0,False,4.1372619316928585,9
False,3,4,2.0,41.0,2.0,38.0,5.0,False,0.7943111751334793,17
True,2,1,11.0,56.0,2.0,29.0,4.0,False,0.5026411473611432,17
True,2,4,65.0,32.0,2.0,92.0,1.0,False,3.1955013314939316,107
True,3,4,80.0,24.0,4.0,31.0,2.0,True,1.2242887476015032,67
False,2,1,38.0,37.0,3.0,61.0,3.0,False,4.554569541585608,23
True,3,5,17.0,16.0,5.0,52.0,2.0,True,0.6589543137923842,54
False,2,5,5.0,38.0,4.0,30.0,5.0,False,0.40541780477036454,10
False,3,1,46.0,48.0,2.0,73.0,5.0,False,3.8905305778574073,32
True,2,4,62.0,88.0,2.0,85.0,2.0,True,1.0370489876349724,126
True,1,1,81.0,73.0,5.0,9.0,3.0,False,2.647595120569444,145
False,3,2,44.0,53.0,3.0,71.0,4.0,False,4.77331329393835,14
True,1,5,69.0,28.0,4.0,33.0,3.0,True,2.0601193110085054,49
True,2,3,1.0,43.0,3.0,52.0,2.0,True,0.6701881964815242,24
True,3,2,44.0,56.0,4.0,1.0,1.0,False,1.042448335895236,55
True,1,2,74.0,48.0,2.0,79.0,5.0,False,3.4314222975068436,129
True,3,1,65.0,21.0,3.0,46.0,1.0,False,2.231693317603,93
True,2,5,88.0,41.0,5.0,1.0,2.0,False,2.277284770792804,129
True,2,2,15.0,46.0,2.0,83.0,1.0,False,5.760665347327082,104
False,2,1,17.0,81.0,4.0,20.0,1.0,False,5.365078761499877,119
True,1,1,67.0,41.0,3.0,17.0,1.0,False,3.247459610521366,89
True,2,4,69.0,34.0,2.0,38.0,1.0,False,4.268287170771521,86
True,3,5,15.0,91.0,5.0,1.0,3.0,False,0.6700793999393708,111
True,3,4,59.0,69.0,4.0,30.0,1.0,False,2.858566240158251,150
True,2,1,59.0,37.0,2.0,21.0,1.0,True,0.17644106344600424,73
True,1,5,44.0,82.0,1.0,28.0,5.0,False,2.1986444487885,124
True,2,2,97.0,34.0,5.0,86.0,4.0,False,3.017905470346084,130
True,1,5,64.0,23.0,5.0,37.0,2.0,False,0.9617494277117069,117
False,2,5,50.0,13.0,5.0,20.0,5.0,False,3.741675345865654,116
True,2,1,48.0,36.0,2.0,65.0,3.0,False,5.243558351737913,43
True,3,4,74.0,31.0,3.0,24.0,5.0,False,2.8771492607447255,131
True,3,5,58.0,74.0,3.0,67.0,1.0,False,3.4148978630995934,152
True,2,2,45.0,54.0,2.0,74.0,4.0,False,4.517729890039119,45
False,3,5,15.0,4.0,1.0,57.0,2.0,True,2.154174377160384,141
True,3,5,52.0,11.0,4.0,61.0,1.0,False,3.5036957936735167,188
True,2,4,7.0,32.0,3.0,90.0,1.0,False,0.13233079758450317,148
False,2,2,53.0,48.0,3.0,83.0,4.0,False,3.1397522697345073,17
False,1,4,26.0,17.0,3.0,65.0,3.0,False,4.156924369579178,162
True,3,5,92.0,31.0,3.0,94.0,1.0,False,3.25555863291176,92
True,3,5,12.0,15.0,5.0,33.0,4.0,False,0.8108356095407291,12
False,1,2,52.0,34.0,2.0,57.0,3.0,False,4.44718859042521,45
False,1,1,61.0,43.0,3.0,85.0,2.0,False,3.801406257657023,112
True,3,5,58.0,35.0,5.0,75.0,1.0,False,2.4633060439575063,130
True,3,2,92.0,50.0,3.0,31.0,2.0,False,2.5935782553627846,110
False,2,5,50.0,17.0,5.0,44.0,5.0,False,3.4851127730870424,150
True,3,4,35.0,60.0,4.0,48.0,4.0,False,2.2067434711788945,131
False,2,1,64.0,64.0,2.0,14.0,5.0,False,2.3910325477908323,121
True,2,2,29.0,52.0,2.0,71.0,4.0,False,2.777867331974722,9
False,2,5,49.0,80.0,5.0,39.0,5.0,False,4.535986520999133,127
False,3,5,2.0,23.0,2.0,38.0,5.0,False,1.0052822947222864,21
False,2,2,39.0,54.0,3.0,95.0,4.0,False,5.948745206671009,37
False,1,4,71.0,40.0,1.0,5.0,5.0,False,4.9552173947446025,60
False,3,2,44.0,45.0,2.0,98.0,4.0,False,4.6953257511869655,19
True,3,1,75.0,35.0,4.0,37.0,1.0,False,2.117945540604971,133
True,2,5,79.0,3.0,4.0,19.0,2.0,False,2.0396316082271273,83
False,2,2,48.0,31.0,3.0,46.0,3.0,False,6.300472535861173,11
False,2,2,77.0,19.0,2.0,29.0,4.0,False,2.5335209539449552,133
True,3,5,1.0,45.0,2.0,38.0,5.0,False,0.6970878325427005,24
True,2,5,69.0,77.0,5.0,27.0,3.0,False,3.3629395840721585,127
True,1,1,56.0,44.0,2.0,85.0,4.0,False,5.663115615109843,36
True,1,2,59.0,51.0,3.0,94.0,4.0,False,3.235243415772521,24
False,3,5,42.0,8.0,5.0,52.0,5.0,False,3.0634969235358884,178
False,3,1,47.0,39.0,2.0,84.0,4.0,False,4.325341791036786,38
True,2,2,74.0,47.0,5.0,55.0,4.0,False,1.4022746874757956,138
False,2,5,34.0,45.0,4.0,70.0,2.0,True,1.9997658929240463,139
True,1,5,59.0,74.0,3.0,55.0,5.0,False,2.0126231756237978,78
True,3,5,84.0,32.0,1.0,4.0,5.0,False,2.707652421987273,73
True,1,4,63.0,30.0,4.0,70.0,1.0,False,2.566896212385915,74
False,3,5,49.0,67.0,4.0,72.0,1.0,True,2.5758990232536916,138
False,2,1,7.0,25.0,3.0,62.0,1.0,True,1.9885320102349062,127
True,2,5,11.0,5.0,5.0,76.0,2.0,False,3.4250554716692134,55
True,2,4,63.0,85.0,3.0,37.0,1.0,True,0.6589543137923842,99
False,3,2,42.0,49.0,2.0,77.0,5.0,False,5.460569907537891,21
True,3,1,92.0,59.0,4.0,46.0,1.0,False,3.389948016675488,123
True,1,3,16.0,46.0,5.0,87.0,4.0,False,4.064335656273265,99
True,1,4,4.0,2.0,1.0,14.0,1.0,True,0.6589543137923842,68
True,3,2,58.0,86.0,5.0,13.0,5.0,False,1.9153998330330186,144
True,3,1,12.0,43.0,3.0,37.0,1.0,False,0.40541780477036454,11
True,3,4,75.0,55.0,1.0,61.0,4.0,False,2.682049796310248,36
False,2,5,14.0,69.0,4.0,66.0,2.0,False,5.892669755285125,52
True,2,4,77.0,90.0,5.0,64.0,1.0,False,3.954378662007226,134
True,1,5,77.0,93.0,2.0,36.0,5.0,False,2.1449539732083007,165
False,2,2,54.0,30.0,2.0,61.0,3.0,False,3.4026816683507484,31
True,1,1,71.0,35.0,5.0,77.0,1.0,False,3.8122166454795634,118
True,1,5,2.0,72.0,3.0,43.0,4.0,False,1.5801969382501035,137
True,3,2,55.0,36.0,1.0,63.0,4.0,False,2.2587017502063294,80
True,3,4,25.0,67.0,4.0,28.0,2.0,True,0.6121443738007516,79
False,1,1,40.0,45.0,2.0,60.0,1.0,False,5.013677821936171,30
False,1,1,64.0,75.0,1.0,89.0,3.0,False,1.9150734434065586,75
True,3,4,69.0,37.0,5.0,32.0,1.0,False,3.2741416534982353,98
False,3,5,6.0,43.0,3.0,40.0,4.0,False,0.6785048119562258,11
True,1,1,42.0,33.0,2.0,93.0,1.0,False,3.874006143450157,19
False,3,2,42.0,54.0,1.0,77.0,4.0,False,5.197966898548109,34
True,3,5,82.0,71.0,3.0,56.0,4.0,False,3.3527819755025394,102
True,2,1,3.0,57.0,1.0,62.0,2.0,True,2.2365603744545095,68
False,1,2,32.0,39.0,2.0,88.0,2.0,False,5.398127630314376,6
False,2,5,3.0,33.0,2.0,44.0,4.0,False,0.8294186301272037,11
False,3,2,44.0,92.0,4.0,65.0,1.0,False,3.954378662007226,67
False,1,3,84.0,60.0,5.0,58.0,1.0,False,2.16115201798909,55
False,1,1,24.0,37.0,3.0,81.0,4.0,False,2.57532162440277,45
True,3,1,32.0,40.0,4.0,57.0,3.0,False,4.43066415601796,34
True,3,2,93.0,44.0,5.0,37.0,5.0,False,3.317674520508815,90
False,3,1,65.0,88.0,1.0,8.0,1.0,False,4.03236620475861,129
False,3,5,70.0,25.0,4.0,52.0,3.0,False,1.5265064626699043,103
True,3,5,75.0,18.0,2.0,65.0,5.0,False,2.3808749392212127,180
True,1,4,38.0,69.0,4.0,43.0,1.0,True,0.3528821268920085,56
False,3,1,34.0,36.0,2.0,75.0,3.0,False,3.977922701505026,27
False,2,1,32.0,30.0,2.0,58.0,3.0,False,6.432476943819218,20
True,3,1,88.0,4.0,3.0,20.0,1.0,False,3.5637530950913465,73
False,3,2,57.0,46.0,2.0,36.0,4.0,False,2.57532162440277,163
False,1,5,55.0,11.0,5.0,50.0,3.0,False,2.442990826818267,141
True,1,4,79.0,82.0,4.0,24.0,5.0,False,2.252661313995159,130
False,2,3,51.0,69.0,4.0,25.0,4.0,False,2.5959632311684695,128
False,2,1,43.0,49.0,4.0,57.0,1.0,False,2.8936736951519757,36
False,1,2,26.0,54.0,2.0,85.0,2.0,False,4.06639424245249,12
False,1,5,87.0,15.0,5.0,60.0,5.0,False,2.8231323955380665,148
False,2,5,1.0,8.0,3.0,38.0,4.0,False,0.6970878325427005,21
True,3,4,55.0,69.0,3.0,25.0,2.0,False,2.4450494129974913,137
False,1,1,50.0,51.0,1.0,63.0,4.0,False,6.124608871266091,25
True,1,1,28.0,36.0,4.0,60.0,5.0,False,5.322198673742218,25
False,1,1,23.0,35.0,2.0,98.0,4.0,False,5.15443403153753,39
True,2,5,66.0,28.0,5.0,69.0,1.0,False,2.769441919957867,140
False,3,1,3.0,12.0,5.0,35.0,5.0,False,0.5026411473611432,13
False,3,1,13.0,42.0,5.0,42.0,4.0,False,1.1376130923067895,17
False,1,4,74.0,39.0,3.0,11.0,5.0,False,1.09408022529621,150
False,3,5,10.0,23.0,2.0,35.0,5.0,False,0.7943111751334793,11
True,1,2,9.0,52.0,1.0,46.0,2.0,False,1.0670717926928803,83
True,3,4,90.0,29.0,5.0,0.0,1.0,False,2.699227009970418,137
True,3,5,23.0,3.0,5.0,51.0,4.0,False,2.0744126735943915,84
True,3,5,29.0,46.0,5.0,44.0,5.0,False,1.4211840976887307,30
False,1,2,47.0,36.0,4.0,63.0,5.0,False,4.835755571161864,13
True,1,3,93.0,61.0,3.0,57.0,1.0,False,3.0695373597470583,121
False,3,5,13.0,15.0,5.0,29.0,5.0,False,0.6700793999393708,9
True,1,4,9.0,7.0,1.0,12.0,2.0,True,1.5776060606621254,54
True,2,4,76.0,45.0,3.0,99.0,3.0,False,2.9743726033355045,137
True,1,5,81.0,38.0,4.0,90.0,1.0,False,2.839983219571777,78
False,2,1,8.0,20.0,4.0,37.0,4.0,False,0.40541780477036454,14
False,3,2,97.0,75.0,2.0,67.0,2.0,False,2.5851528433459294,160
True,3,4,87.0,34.0,3.0,36.0,3.0,False,2.1965858626092754,105
False,3,5,77.0,87.0,5.0,39.0,5.0,False,3.2720830673190107,178
True,3,5,86.0,89.0,4.0,71.0,5.0,False,3.582336115677821,112
False,3,1,2.0,34.0,1.0,33.0,5.0,False,0.8729514971377832,13
False,3,5,5.0,18.0,2.0,26.0,2.0,False,1.2348364348975682,13
True,3,5,35.0,26.0,1.0,39.0,2.0,True,0.6701881964815242,79
True,1,5,58.0,18.0,5.0,3.0,1.0,False,0.9803324482981814,125
True,2,1,55.0,56.0,5.0,84.0,3.0,False,2.7529174855506175,102
False,2,5,10.0,37.0,1.0,26.0,4.0,False,0.6785048119562258,14
False,2,5,62.0,73.0,4.0,81.0,1.0,False,4.502284872931713,115
True,3,2,35.0,53.0,3.0,78.0,4.0,False,3.7855346025026932,28
True,2,4,67.0,72.0,2.0,77.0,5.0,False,2.910198129559226,112
True,2,2,33.0,49.0,2.0,16.0,2.0,True,1.2823325702822759,129
True,1,1,45.0,49.0,3.0,73.0,3.0,False,5.125367012754975,29
False,2,1,49.0,27.0,5.0,19.0,1.0,False,1.904915834836939,144
True,3,2,85.0,37.0,4.0,21.0,1.0,False,2.947364170732175,109
False,1,3,94.0,15.0,4.0,43.0,3.0,False,3.757873390646443,48
True,3,5,49.0,69.0,5.0,74.0,3.0,False,4.395230311397775,144
False,3,5,1.0,53.0,2.0,29.0,4.0,False,0.5998644899519219,9
True,1,5,62.0,55.0,3.0,5.0,5.0,False,0.9617494277117069,43
True,1,5,16.0,65.0,2.0,14.0,3.0,False,1.7830690354485155,110
True,2,4,83.0,75.0,5.0,49.0,1.0,False,2.9557895827490297,131
False,2,1,77.0,74.0,4.0,3.0,1.0,False,1.4910726180497194,175
True,1,1,39.0,54.0,5.0,49.0,5.0,False,5.793061436888662,82
False,2,1,51.0,34.0,2.0,93.0,3.0,False,4.614300453376977,28
False,2,4,12.0,0.0,1.0,77.0,2.0,True,1.872444364873361,92
True,2,2,68.0,28.0,4.0,25.0,1.0,False,3.32609993252567,92
False,1,5,45.0,43.0,5.0,20.0,5.0,False,2.866665262548646,117
True,1,1,23.0,54.0,1.0,58.0,3.0,False,6.029117725228078,30
True,2,3,79.0,63.0,5.0,25.0,1.0,False,1.9933873757844027,180
False,2,5,24.0,30.0,3.0,56.0,4.0,False,3.9421624672583815,126
True,2,4,42.0,37.0,4.0,23.0,1.0,True,1.389931114526981,155
True,3,5,4.0,47.0,2.0,26.0,2.0,False,0.9617494277117069,5
False,2,1,31.0,49.0,2.0,90.0,4.0,False,4.959987346355972,15
False,1,2,40.0,31.0,1.0,80.0,2.0,False,4.720275597611071,33
False,3,4,62.0,52.0,3.0,14.0,2.0,False,4.295948382627771,80
False,3,5,3.0,45.0,3.0,47.0,4.0,False,0.5998644899519219,12
True,2,3,13.0,98.0,4.0,56.0,3.0,False,1.2783693019081475,84
True,1,4,42.0,49.0,4.0,26.0,2.0,False,4.421259575121724,94
True,3,4,1.0,87.0,4.0,86.0,2.0,True,1.9552655483361,132
False,2,5,81.0,31.0,5.0,89.0,1.0,True,2.741541390179169,35
False,3,5,12.0,24.0,1.0,91.0,1.0,True,2.3193815579172483,76
True,3,2,58.0,24.0,2.0,12.0,4.0,False,2.761016507941012,179
False,1,2,71.0,37.0,3.0,11.0,5.0,False,3.7045093046927047,80
False,2,2,26.0,63.0,5.0,44.0,3.0,False,2.4595152612255164,143
True,3,2,79.0,53.0,4.0,89.0,3.0,False,3.0260044927364786,127
True,2,5,89.0,79.0,5.0,24.0,3.0,False,2.699227009970418,186
True,3,5,88.0,96.0,1.0,34.0,5.0,False,2.409615568377307,105
False,3,1,2.0,48.0,5.0,36.0,5.0,False,0.5377486023548677,11
True,1,1,87.0,78.0,5.0,26.0,1.0,False,3.6258689826884005,87
True,3,1,96.0,59.0,5.0,52.0,4.0,False,2.390706158164372,128
False,2,5,74.0,96.0,5.0,18.0,5.0,False,3.617769960298006,147
True,3,1,56.0,31.0,3.0,9.0,5.0,False,0.9515918191420871,175
False,2,5,13.0,34.0,3.0,35.0,4.0,False,0.5377486023548677,18
False,3,5,8.0,29.0,3.0,35.0,5.0,False,1.102505637313065,12
False,3,5,7.0,16.0,5.0,49.0,4.0,False,1.102505637313065,15
True,3,2,84.0,76.0,4.0,55.0,5.0,False,3.0260044927364786,101
True,3,3,41.0,30.0,1.0,78.0,2.0,False,3.898303210621342,59
False,2,5,10.0,37.0,3.0,41.0,5.0,False,0.8108356095407291,14
False,2,5,13.0,66.0,4.0,41.0,5.0,False,4.73582086313894,104
True,3,5,80.0,55.0,4.0,19.0,3.0,False,2.9743726033355045,125
True,2,2,39.0,38.0,4.0,64.0,4.0,False,5.038301278733816,22
True,3,1,53.0,0.0,1.0,32.0,1.0,True,1.047847684155499,69
True,2,2,37.0,50.0,4.0,50.0,4.0,False,4.01237737724583,104
False,2,2,58.0,49.0,3.0,11.0,5.0,False,2.6725449669935486,136
False,3,2,24.0,51.0,3.0,73.0,2.0,False,4.947444761980668,37
False,2,3,23.0,69.0,1.0,2.0,3.0,False,1.2804278880873725,107
True,3,5,13.0,96.0,4.0,64.0,2.0,False,2.037246632421442,115
True,2,3,55.0,61.0,5.0,3.0,1.0,False,2.5335209539449552,103
False,2,5,20.0,68.0,2.0,63.0,3.0,False,3.8908569674838667,100
True,1,1,10.0,35.0,5.0,26.0,4.0,False,3.032697708200569,115
True,3,5,8.0,46.0,1.0,31.0,4.0,False,0.6785048119562258,20
True,1,5,94.0,62.0,1.0,97.0,3.0,False,2.4612474577782812,88
True,3,2,51.0,63.0,5.0,48.0,1.0,False,1.6774202808408822,110
True,3,5,29.0,58.0,3.0,69.0,2.0,False,1.1126632458826848,64
False,2,1,8.0,83.0,2.0,68.0,5.0,False,6.043583573456102,87
False,2,4,61.0,58.0,2.0,56.0,2.0,False,3.977922701505026,121
True,2,2,36.0,46.0,3.0,81.0,5.0,False,4.560283588170318,22
True,3,4,16.0,78.0,1.0,94.0,3.0,False,3.9361220310472107,150
True,1,5,53.0,28.0,2.0,10.0,2.0,False,1.5967213726573533,24
False,2,2,27.0,42.0,2.0,88.0,1.0,False,5.4278474283498515,20
True,3,5,3.0,24.0,2.0,26.0,5.0,False,0.5026411473611432,8
True,2,2,10.0,51.0,4.0,44.0,2.0,True,0.7530093799442632,88
False,1,5,62.0,69.0,5.0,28.0,3.0,False,2.0825116959847865,145
False,2,2,54.0,77.0,1.0,29.0,5.0,False,3.952320075828001,144
False,2,5,41.0,95.0,3.0,6.0,5.0,False,3.3548405616817645,180
True,3,2,95.0,72.0,2.0,58.0,4.0,False,2.5605293865482848,104
False,2,1,85.0,36.0,5.0,4.0,5.0,False,3.1316532473441123,115
False,2,5,16.0,12.0,3.0,68.0,1.0,True,0.9294504433902673,91
True,1,5,73.0,23.0,1.0,52.0,1.0,False,4.209209038233073,71
False,1,1,29.0,43.0,1.0,87.0,4.0,False,4.417795182016194,44
True,1,4,65.0,60.0,5.0,19.0,3.0,True,0.7777867407262293,111
False,3,1,45.0,35.0,4.0,68.0,3.0,False,2.7862927439915772,24
True,2,5,65.0,26.0,5.0,37.0,2.0,False,1.1295140699163946,63
False,3,5,11.0,38.0,3.0,35.0,4.0,False,1.0403897497160108,11
True,3,4,90.0,23.0,3.0,5.0,1.0,False,2.5419463659618105,104
False,2,1,43.0,41.0,3.0,82.0,4.0,False,6.23166343280003,37
False,3,1,53.0,50.0,1.0,60.0,4.0,False,5.619582748099264,29
True,3,2,41.0,49.0,2.0,68.0,3.0,True,1.1774788076098703,32
True,3,4,33.0,79.0,4.0,38.0,1.0,True,1.0698802633651654,68
True,2,1,56.0,18.0,2.0,42.0,3.0,False,2.9743726033355045,98
True,3,2,16.0,73.0,5.0,52.0,3.0,True,1.2963112345437156,127
False,3,5,4.0,53.0,3.0,26.0,5.0,False,0.5998644899519219,12
False,2,5,83.0,86.0,1.0,30.0,3.0,False,2.7157514443776685,179
False,1,2,35.0,53.0,4.0,65.0,4.0,False,6.196555977806305,17
True,3,1,74.0,60.0,1.0,37.0,5.0,False,3.1937691349411663,113
True,1,3,77.0,18.0,2.0,34.0,4.0,False,1.9937137654108628,6
True,2,2,46.0,44.0,2.0,61.0,3.0,False,5.398127630314376,12
True,2,5,56.0,31.0,1.0,8.0,2.0,False,0.7592037201397546,100
True,2,2,88.0,62.0,5.0,75.0,5.0,False,2.415982394214937,120
False,3,2,72.0,13.0,5.0,55.0,2.0,False,2.93926514834178,159
False,3,4,13.0,55.0,2.0,27.0,5.0,False,0.7943111751334793,24
True,3,3,14.0,85.0,1.0,60.0,2.0,False,2.7775409423482618,115
True,3,5,7.0,35.0,5.0,0.0,2.0,False,1.2183120004903183,107
False,3,5,1.0,57.0,5.0,48.0,4.0,False,0.8108356095407291,8
False,3,5,79.0,99.0,1.0,11.0,5.0,False,2.2668007725967243,184
True,1,1,59.0,12.0,1.0,37.0,1.0,True,1.5776060606621254,82
False,3,3,59.0,14.0,5.0,52.0,5.0,False,3.7518329544352738,166
True,2,2,38.0,45.0,4.0,87.0,2.0,False,4.048137611492475,28
True,3,1,69.0,44.0,4.0,56.0,2.0,False,3.714993302888784,127
True,3,5,54.0,94.0,2.0,46.0,1.0,False,2.1449539732083007,90
True,1,3,86.0,75.0,4.0,39.0,1.0,False,2.8042229853251315,107
False,2,1,53.0,32.0,2.0,80.0,1.0,False,4.441148154214039,21
True,3,5,52.0,74.0,4.0,44.0,1.0,False,2.709711008166498,105
False,1,2,21.0,37.0,2.0,58.0,2.0,False,2.6539619464070743,37
False,1,1,83.0,91.0,1.0,42.0,4.0,False,4.2686135603979825,130
False,3,2,23.0,41.0,2.0,84.0,4.0,False,3.32609993252567,21
True,3,1,10.0,9.0,3.0,44.0,5.0,False,1.102505637313065,16
True,3,4,60.0,51.0,5.0,75.0,1.0,False,3.6528774152917305,84
True,3,2,51.0,76.0,4.0,99.0,5.0,False,6.430091968013532,89
False,3,5,9.0,22.0,2.0,46.0,4.0,False,1.1997289799038438,9
False,1,1,30.0,39.0,2.0,57.0,4.0,False,4.843854593552259,34
True,3,4,6.0,53.0,3.0,39.0,4.0,False,1.1997289799038438,12
False,3,5,57.0,4.0,5.0,8.0,1.0,False,3.450331707719778,113
False,3,4,6.0,37.0,3.0,36.0,4.0,False,1.0673981823193406,10
True,2,5,66.0,51.0,1.0,33.0,1.0,True,1.883678247562501,56
True,3,5,30.0,55.0,5.0,33.0,5.0,False,0.8378440421440587,156
True,2,4,55.0,68.0,3.0,66.0,4.0,False,1.8181764904422404,105
False,3,5,9.0,11.0,4.0,44.0,5.0,False,0.9266419727179824,9
False,3,5,29.0,23.0,5.0,63.0,4.0,True,2.495822621363253,84
False,2,2,32.0,38.0,3.0,67.0,3.0,False,5.6469175703290535,27
False,3,5,1.0,51.0,3.0,25.0,5.0,False,1.0673981823193406,6
False,2,2,37.0,40.0,2.0,45.0,3.0,False,4.426220594033049,40
True,2,4,97.0,8.0,3.0,30.0,2.0,False,3.3152895447031296,98
True,3,2,78.0,18.0,4.0,76.0,3.0,True,1.7900583675792356,47
True,1,1,32.0,39.0,4.0,36.0,2.0,False,2.8129747869684465,59
True,1,2,26.0,35.0,3.0,72.0,4.0,False,6.3352536012284375,15
True,3,4,60.0,37.0,5.0,89.0,4.0,False,2.937206562162555,91
False,2,2,52.0,33.0,2.0,73.0,5.0,False,3.6798858478950596,7
False,2,2,30.0,48.0,3.0,52.0,3.0,False,6.6103991945935245,19
True,1,5,55.0,55.0,3.0,16.0,4.0,False,2.1530529955986957,110
False,3,4,81.0,78.0,3.0,63.0,1.0,False,2.303966813769674,155
False,3,2,34.0,50.0,2.0,67.0,4.0,False,4.43066415601796,45
True,2,5,61.0,95.0,5.0,6.0,5.0,False,2.860624826337476,139
False,1,3,72.0,94.0,4.0,64.0,5.0,False,3.3983734286923433,130
True,2,4,95.0,18.0,4.0,67.0,1.0,False,2.405824785645317,122
False,2,5,67.0,55.0,3.0,76.0,2.0,False,1.9069744210161637,101
True,3,5,84.0,56.0,5.0,52.0,5.0,False,3.5307042262768467,79
False,3,2,44.0,41.0,2.0,83.0,3.0,False,4.932978913752643,17
True,3,3,15.0,2.0,3.0,64.0,2.0,True,1.1774788076098703,113
True,3,5,3.0,45.0,2.0,46.0,1.0,False,1.0403897497160108,13
False,3,4,2.0,52.0,4.0,26.0,5.0,False,0.7757281545470045,11
True,2,5,70.0,75.0,5.0,20.0,1.0,False,3.590761527694676,152
True,2,1,89.0,74.0,5.0,30.0,5.0,False,2.2070698608053547,65
True,1,2,39.0,23.0,1.0,25.0,5.0,False,1.0505473582856306,67
False,2,5,5.0,39.0,1.0,48.0,4.0,False,0.5998644899519219,22
True,3,4,84.0,52.0,4.0,44.0,1.0,False,2.9659471913186493,97
False,1,5,65.0,18.0,1.0,41.0,1.0,False,2.1263709526218264,125
True,3,1,15.0,84.0,3.0,40.0,2.0,False,6.254228303418449,153
False,3,5,8.0,17.0,4.0,35.0,5.0,False,0.9266419727179824,5
True,2,5,87.0,13.0,4.0,27.0,5.0,False,2.709711008166498,97
True,2,5,4.0,17.0,5.0,40.0,2.0,False,0.9617494277117069,10
True,3,2,77.0,60.0,4.0,87.0,4.0,False,2.7634014837466974,106
True,3,4,56.0,51.0,4.0,12.0,1.0,False,2.8936736951519757,106
True,3,4,73.0,36.0,4.0,89.0,4.0,False,2.401516545986912,126
False,3,5,1.0,41.0,2.0,48.0,5.0,False,1.0673981823193406,22
True,2,4,65.0,51.0,5.0,62.0,5.0,False,1.5987799588365783,81
True,1,5,27.0,72.0,4.0,11.0,3.0,False,1.6321552172775378,55
False,3,5,12.0,20.0,2.0,32.0,4.0,False,0.6970878325427005,9
False,2,2,47.0,46.0,2.0,55.0,4.0,False,2.980413039546675,11
True,1,4,6.0,67.0,4.0,49.0,1.0,False,5.036242692554591,72
False,1,5,44.0,26.0,1.0,47.0,2.0,False,5.11024838527403,121
False,3,5,10.0,37.0,4.0,42.0,2.0,False,0.8294186301272037,14
True,3,5,5.0,36.0,1.0,34.0,5.0,False,1.102505637313065,9
True,2,5,76.0,52.0,5.0,10.0,3.0,False,1.5265064626699043,94
True,2,2,84.0,18.0,5.0,4.0,4.0,False,2.5483131917994406,150
True,2,1,61.0,99.0,5.0,21.0,5.0,False,2.920355738128845,140
False,3,4,19.0,5.0,2.0,39.0,3.0,False,2.3086014430545387,110
True,2,2,39.0,41.0,2.0,66.0,4.0,False,4.612241867197753,36
False,3,1,27.0,54.0,2.0,53.0,3.0,False,3.7041829150662444,5
True,1,1,9.0,47.0,1.0,1.0,3.0,False,1.181145959317369,86
True,3,3,90.0,59.0,5.0,19.0,1.0,False,2.798508938740422,84
True,1,1,64.0,31.0,3.0,39.0,4.0,False,4.737879449318165,65
False,3,1,51.0,36.0,1.0,94.0,1.0,False,6.114124873070011,37
True,2,2,61.0,75.0,5.0,25.0,3.0,False,2.6020036673796394,170
True,3,1,95.0,38.0,3.0,66.0,3.0,False,3.0530129253398086,151
False,3,1,87.0,98.0,5.0,60.0,4.0,False,2.2401187296198546,117
True,2,5,90.0,17.0,4.0,80.0,2.0,False,1.5967213726573533,54
True,3,1,65.0,7.0,5.0,34.0,1.0,True,1.0230703233735325,123
False,2,1,38.0,50.0,2.0,86.0,4.0,False,5.683757221875542,10
False,2,3,62.0,92.0,1.0,43.0,5.0,False,3.25555863291176,105
True,1,1,57.0,69.0,3.0,66.0,3.0,False,2.1098465182145762,81
True,3,3,3.0,36.0,5.0,79.0,1.0,False,1.5970477622838133,72
False,3,1,11.0,21.0,4.0,44.0,2.0,False,0.5026411473611432,21
False,1,2,47.0,32.0,3.0,45.0,1.0,False,4.3664896822416805,26
False,3,1,12.0,46.0,1.0,69.0,2.0,True,2.366191497908881,93
True,3,5,91.0,69.0,5.0,53.0,2.0,False,3.6444520032748753,132
False,3,5,13.0,16.0,4.0,33.0,5.0,False,0.7673027425301494,17
False,3,3,53.0,42.0,3.0,24.0,2.0,False,4.566650414007947,174
False,1,3,35.0,80.0,1.0,6.0,5.0,False,4.772986904311889,86
True,2,1,48.0,35.0,5.0,58.0,4.0,False,2.6746035531727737,153
False,1,1,42.0,36.0,2.0,46.0,3.0,False,3.528319250471162,19
False,2,1,11.0,24.0,5.0,37.0,2.0,False,0.6349719449456463,9
True,1,5,42.0,6.0,5.0,33.0,2.0,True,1.166680111089344,135
False,3,2,2.0,83.0,2.0,60.0,4.0,False,1.7827426458220557,95
False,2,5,75.0,62.0,4.0,0.0,5.0,False,3.6528774152917305,112
False,2,5,9.0,57.0,3.0,46.0,4.0,False,0.8729514971377832,21
True,2,1,24.0,6.0,3.0,39.0,2.0,True,1.0370489876349724,128
False,3,5,9.0,52.0,3.0,34.0,4.0,False,0.9266419727179824,10
False,2,5,70.0,83.0,3.0,91.0,1.0,False,4.851953615942653,65
False,1,1,36.0,50.0,2.0,52.0,4.0,False,3.4563721439309476,39
False,2,5,86.0,11.0,5.0,11.0,4.0,False,1.46439057507285,171
True,1,2,45.0,24.0,2.0,40.0,5.0,False,3.617769960298006,146
False,3,1,8.0,35.0,3.0,27.0,4.0,False,0.7943111751334793,9
True,3,1,77.0,57.0,5.0,76.0,1.0,False,2.6104290793964946,94
False,2,5,49.0,16.0,5.0,20.0,1.0,False,1.888065010803229,166
False,3,5,3.0,43.0,5.0,45.0,5.0,False,0.40541780477036454,17
False,3,5,68.0,52.0,5.0,88.0,1.0,False,4.595717432790502,40
True,3,5,71.0,80.0,3.0,7.0,3.0,False,2.480156867991216,119
True,2,5,82.0,37.0,4.0,76.0,1.0,False,2.0909371080016412,89
False,3,1,11.0,47.0,3.0,44.0,5.0,False,0.732195287536425,8
False,3,5,11.0,51.0,3.0,38.0,5.0,False,1.3320597774883467,7
True,2,5,84.0,27.0,4.0,21.0,5.0,False,1.7459029942755664,126
False,3,1,48.0,48.0,2.0,71.0,3.0,False,4.563321343228923,11
True,2,3,67.0,47.0,3.0,0.0,1.0,False,2.92241432430807,148
False,2,1,98.0,21.0,5.0,86.0,2.0,False,4.686247559917191,109
True,3,2,64.0,74.0,4.0,76.0,2.0,False,2.5300565608394257,70
False,1,2,41.0,38.0,3.0,57.0,4.0,False,3.687658480658995,29
False,3,1,13.0,27.0,4.0,49.0,5.0,False,1.1376130923067895,15
True,3,1,95.0,72.0,5.0,74.0,3.0,False,2.0207221980141923,122
True,2,5,85.0,33.0,5.0,15.0,3.0,False,3.3882158201227237,111
True,1,4,60.0,6.0,1.0,27.0,2.0,True,0.38889337036311467,113
False,1,1,1.0,28.0,1.0,42.0,1.0,False,3.2187189813652717,49
False,3,5,1.0,21.0,3.0,25.0,5.0,False,1.2348364348975682,13
False,3,3,59.0,82.0,3.0,23.0,5.0,False,3.2990914999223397,129
True,2,1,38.0,18.0,2.0,25.0,5.0,False,1.0238653153087611,108
True,1,5,93.0,76.0,5.0,74.0,2.0,False,5.300904287723598,153
False,3,5,7.0,56.0,1.0,46.0,5.0,False,0.8645260851209282,10
True,3,4,65.0,51.0,4.0,26.0,5.0,False,1.7476351908283312,74
True,2,1,56.0,69.0,5.0,62.0,1.0,False,2.9659471913186493,108
False,1,4,71.0,56.0,4.0,50.0,1.0,False,4.252741905243653,121
True,2,1,98.0,1.0,2.0,59.0,3.0,False,1.3776512306781512,120
True,2,5,54.0,30.0,5.0,24.0,1.0,False,2.480156867991216,104
False,2,5,87.0,87.0,5.0,38.0,3.0,False,4.041770785654845,155
True,3,3,69.0,30.0,4.0,30.0,3.0,False,1.8718669660224396,165
False,2,4,6.0,17.0,3.0,43.0,4.0,False,0.6785048119562258,16
False,2,2,44.0,48.0,4.0,55.0,2.0,False,3.944221053437606,26
True,2,3,72.0,54.0,3.0,82.0,1.0,False,2.5854792329723892,179
True,2,4,55.0,72.0,5.0,69.0,4.0,False,1.385750253068546,144
True,1,4,65.0,53.0,5.0,76.0,5.0,False,2.5254219315545603,132
True,3,4,66.0,59.0,3.0,54.0,5.0,False,1.7209531478514615,106
True,3,2,52.0,41.0,2.0,42.0,3.0,False,2.726235442573748,152
True,1,5,51.0,19.0,5.0,14.0,5.0,False,2.3289166601937783,154
False,2,5,4.0,19.0,4.0,39.0,5.0,False,0.6700793999393708,20
True,2,2,65.0,25.0,3.0,53.0,4.0,False,1.2264110228807132,60
False,3,4,75.0,88.0,5.0,49.0,5.0,False,2.20501127462613,132
True,3,2,24.0,42.0,2.0,68.0,3.0,False,4.0252463512475956,36
True,3,3,42.0,33.0,3.0,17.0,3.0,True,1.1774788076098703,50
True,2,3,59.0,61.0,3.0,76.0,1.0,False,2.355925092797108,94
True,2,2,84.0,5.0,5.0,3.0,3.0,False,3.3713649960890137,134
False,1,1,46.0,26.0,5.0,5.0,3.0,False,6.181954807251776,142
True,2,5,7.0,13.0,4.0,31.0,4.0,False,0.9701748397285618,10
True,1,5,77.0,57.0,3.0,65.0,1.0,False,3.3882158201227237,124
False,3,5,11.0,9.0,5.0,32.0,5.0,False,0.40541780477036454,4
True,1,4,77.0,25.0,5.0,36.0,1.0,False,2.8936736951519757,116
True,2,3,80.0,43.0,2.0,97.0,1.0,False,3.6967366719287695,77
True,1,2,31.0,49.0,2.0,56.0,3.0,False,4.38268772702247,42
False,1,1,39.0,30.0,2.0,91.0,3.0,False,5.594632901675158,18
True,3,4,60.0,61.0,3.0,38.0,1.0,False,1.2885269104777675,179
False,1,5,74.0,39.0,3.0,15.0,5.0,False,2.603735863932404,179
False,3,5,47.0,62.0,5.0,76.0,5.0,False,2.4780982818119917,134
True,3,1,97.0,62.0,1.0,38.0,3.0,False,3.0800213579431377,87
True,1,1,59.0,31.0,2.0,58.0,3.0,False,5.9298357964580735,40
False,2,2,41.0,39.0,3.0,98.0,3.0,False,4.652119273802846,42
True,3,1,61.0,26.0,3.0,44.0,1.0,False,3.1316532473441123,78
True,1,2,52.0,48.0,2.0,86.0,3.0,False,5.727616478512582,39
True,1,1,33.0,42.0,4.0,35.0,2.0,True,1.1058915068362716,53
True,3,1,3.0,33.0,5.0,45.0,2.0,False,0.5998644899519219,23
False,3,5,8.0,27.0,4.0,47.0,2.0,False,0.8729514971377832,13
False,2,5,1.0,28.0,4.0,33.0,5.0,False,1.0673981823193406,19
False,2,5,12.0,31.0,3.0,39.0,4.0,False,1.1376130923067895,22
True,3,5,12.0,36.0,2.0,78.0,2.0,False,1.6672626722712622,85
False,1,2,25.0,33.0,2.0,55.0,3.0,False,5.046400301124211,34
True,3,2,51.0,64.0,1.0,64.0,1.0,False,2.9287811501457,101
True,2,5,90.0,95.0,3.0,28.0,5.0,False,6.845993770979977,74
False,1,3,39.0,18.0,5.0,96.0,1.0,False,5.373177783890271,115
True,1,5,86.0,47.0,4.0,28.0,3.0,True,0.3641160095811484,83
True,2,5,41.0,76.0,5.0,58.0,5.0,False,3.460162926662938,107
False,3,1,26.0,43.0,3.0,52.0,4.0,False,4.34996524783443,20
True,3,3,60.0,27.0,2.0,62.0,4.0,False,3.4500053180933175,76
False,3,2,16.0,15.0,1.0,17.0,2.0,False,0.5026411473611432,76
False,2,2,36.0,34.0,1.0,92.0,3.0,False,5.6712146375002375,36
True,3,5,25.0,97.0,4.0,19.0,5.0,False,2.626953513803744,91
True,3,5,39.0,22.0,1.0,4.0,2.0,False,4.711850185594216,86
True,3,4,99.0,66.0,3.0,35.0,3.0,False,2.250276338189474,135
True,2,3,49.0,86.0,3.0,82.0,1.0,False,4.860705417585969,84
True,2,3,53.0,46.0,5.0,40.0,4.0,False,3.741675345865654,174
True,1,1,94.0,27.0,5.0,88.0,1.0,False,1.315535343081097,141
True,1,5,80.0,0.0,3.0,39.0,2.0,False,0.732195287536425,127
True,3,5,66.0,47.0,5.0,33.0,4.0,False,2.4261400027845568,131
True,3,5,82.0,25.0,3.0,12.0,4.0,False,3.0260044927364786,83
False,3,5,5.0,33.0,4.0,30.0,4.0,False,0.8108356095407291,13
True,2,5,76.0,98.0,5.0,18.0,5.0,False,3.450331707719778,155
True,3,4,87.0,63.0,4.0,72.0,4.0,False,2.769441919957867,153
False,2,2,47.0,53.0,1.0,80.0,3.0,False,3.3095754981184196,22
True,2,2,15.0,44.0,5.0,17.0,2.0,False,0.8480016507136783,90
True,2,1,86.0,82.0,4.0,57.0,2.0,True,1.9552655483361,59
True,1,4,75.0,49.0,5.0,17.0,2.0,False,0.6616539879225158,121
False,1,2,56.0,36.0,4.0,88.0,3.0,False,5.691856244265937,27
False,3,5,9.0,23.0,4.0,27.0,5.0,False,1.1997289799038438,12
True,3,1,48.0,40.0,2.0,82.0,3.0,False,4.506593112590118,59
True,3,4,52.0,34.0,5.0,48.0,5.0,False,2.637111122373364,99
False,1,1,37.0,50.0,2.0,50.0,5.0,False,4.126451543870319,12
False,2,5,2.0,44.0,5.0,38.0,5.0,False,1.0052822947222864,18
True,1,4,67.0,54.0,1.0,72.0,2.0,True,1.6023834214440917,130
True,3,4,72.0,54.0,5.0,69.0,5.0,False,1.9505072880267433,154
True,3,1,79.0,34.0,4.0,3.0,2.0,False,2.161478407615551,117
False,1,5,50.0,2.0,2.0,14.0,5.0,False,3.0196376668988485,143
True,2,2,45.0,44.0,4.0,56.0,5.0,False,5.18144246414086,23
True,3,5,59.0,33.0,2.0,11.0,1.0,False,1.693944715248132,147
False,2,4,48.0,95.0,5.0,16.0,3.0,False,3.2204511779180365,140
True,3,1,97.0,63.0,5.0,64.0,4.0,False,3.25555863291176,138
True,1,5,26.0,33.0,4.0,26.0,2.0,False,2.0828380856112467,105
False,3,1,2.0,28.0,5.0,42.0,2.0,False,1.102505637313065,9
True,1,5,76.0,37.0,3.0,36.0,2.0,True,1.389931114526981,109
True,2,5,17.0,7.0,5.0,27.0,1.0,False,1.47487457326893,110
True,3,5,3.0,15.0,2.0,45.0,1.0,False,1.4292831200791254,118
True,2,4,92.0,56.0,5.0,2.0,5.0,False,3.3173481308823547,177
True,1,4,51.0,53.0,2.0,83.0,4.0,False,3.4500053180933175,96
True,1,1,70.0,33.0,3.0,93.0,4.0,False,2.839983219571777,125
False,3,2,26.0,48.0,5.0,92.0,4.0,True,2.3414141371269146,129
True,1,4,75.0,55.0,4.0,7.0,2.0,False,3.7024507185134796,116
True,3,4,64.0,44.0,4.0,19.0,4.0,False,3.9361220310472107,109
True,1,5,56.0,17.0,2.0,69.0,1.0,False,4.2541477121699565,184
True,3,5,72.0,17.0,5.0,57.0,1.0,False,1.1747791334797388,115
True,1,2,59.0,10.0,1.0,38.0,3.0,True,1.059081566844639,35
False,3,1,37.0,38.0,1.0,69.0,4.0,False,4.814787574769705,34
True,2,3,79.0,24.0,5.0,43.0,2.0,False,1.0839226167265905,82
True,2,5,18.0,28.0,5.0,13.0,5.0,False,1.9073008106426241,65
True,3,5,50.0,64.0,4.0,61.0,3.0,False,3.063170533909428,147
False,1,4,46.0,49.0,3.0,31.0,1.0,False,2.8954058917047405,150
False,2,1,49.0,38.0,2.0,66.0,1.0,False,4.908355456954998,5
True,3,2,66.0,54.0,5.0,39.0,2.0,False,3.3527819755025394,130
False,3,1,50.0,30.0,2.0,56.0,4.0,False,7.191680663958971,21
False,1,5,52.0,13.0,5.0,76.0,5.0,False,2.16115201798909,155
False,2,5,8.0,40.0,2.0,26.0,4.0,False,0.7943111751334793,20
True,1,5,28.0,10.0,2.0,16.0,4.0,False,2.2337519037822244,129
True,2,5,82.0,3.0,5.0,48.0,1.0,False,2.7259090529472876,150
False,3,1,37.0,34.0,4.0,74.0,3.0,False,5.327912720326927,25
True,2,1,13.0,8.0,3.0,49.0,1.0,False,1.8802923780392944,105
True,1,5,72.0,70.0,4.0,48.0,4.0,False,2.1635369937947755,120
True,2,5,5.0,34.0,2.0,30.0,5.0,False,1.0673981823193406,13
False,3,1,63.0,69.0,1.0,67.0,1.0,True,1.2823325702822759,10
True,2,4,56.0,64.0,1.0,59.0,1.0,False,2.0909371080016412,12
True,1,5,11.0,67.0,3.0,27.0,1.0,True,0.907417864180601,51
True,3,2,54.0,44.0,3.0,34.0,1.0,False,1.8782337918600693,64
False,3,5,7.0,41.0,2.0,34.0,5.0,False,0.7673027425301494,22
True,3,5,78.0,1.0,5.0,34.0,5.0,False,3.8203156678699575,129
False,3,1,49.0,53.0,3.0,82.0,1.0,False,5.51426038311809,8
False,1,1,23.0,42.0,4.0,71.0,4.0,False,3.855096733237222,36
True,3,3,85.0,34.0,5.0,58.0,1.0,False,3.5472286606840964,91
True,3,3,53.0,78.0,3.0,72.0,5.0,False,1.7725850372524357,119
False,1,5,84.0,98.0,4.0,14.0,4.0,False,6.924634092984281,123
True,1,5,42.0,86.0,5.0,46.0,1.0,False,2.992629234295519,110
True,3,4,13.0,15.0,4.0,41.0,2.0,False,0.9266419727179824,13
True,1,3,53.0,7.0,5.0,62.0,5.0,False,1.164295135283659,167
False,3,1,25.0,71.0,5.0,75.0,1.0,True,0.6481556172718578,151
True,3,2,4.0,54.0,3.0,74.0,3.0,False,3.0010546463123737,59
False,2,5,67.0,60.0,5.0,28.0,5.0,False,2.357983678976333,164
False,3,3,79.0,1.0,5.0,48.0,2.0,False,3.4067988407091985,124
True,2,2,44.0,46.0,2.0,62.0,1.0,False,5.382255975160048,8
True,3,4,41.0,98.0,5.0,54.0,3.0,False,3.811890255853103,186
True,3,1,81.0,65.0,5.0,55.0,5.0,False,2.409615568377307,93
True,2,1,8.0,98.0,4.0,65.0,4.0,False,2.1243123664426014,101
True,2,5,51.0,66.0,2.0,77.0,4.0,False,2.850140828141396,137
False,1,3,48.0,97.0,5.0,53.0,4.0,False,6.519216288213915,99
True,3,1,95.0,52.0,2.0,32.0,3.0,False,1.9940401550373228,84
True,3,4,92.0,39.0,1.0,42.0,5.0,False,1.9339828536194934,78
True,2,5,75.0,25.0,3.0,38.0,4.0,False,3.5222788142599915,156
True,3,2,51.0,38.0,2.0,5.0,1.0,False,1.8016520560349902,98
True,1,3,70.0,80.0,4.0,43.0,3.0,True,0.9650265006927601,96
False,3,2,86.0,5.0,5.0,64.0,1.0,True,2.211783013672543,76
True,2,1,30.0,48.0,4.0,46.0,1.0,False,5.516645358923775,19
False,2,3,85.0,25.0,3.0,61.0,1.0,False,5.5571404708757495,138
False,3,5,6.0,19.0,2.0,47.0,2.0,False,1.0673981823193406,10
False,2,5,72.0,41.0,5.0,62.0,4.0,False,3.31973310668804,137
True,2,5,73.0,47.0,4.0,44.0,1.0,True,1.2242887476015032,27
False,3,4,8.0,17.0,4.0,28.0,4.0,False,0.7673027425301494,15
False,2,2,1.0,73.0,1.0,39.0,5.0,False,3.1667607023378372,27
False,3,5,2.0,37.0,2.0,30.0,1.0,False,0.9617494277117069,17
False,3,4,76.0,15.0,1.0,67.0,3.0,True,2.4354692032787937,126
False,2,1,37.0,40.0,3.0,65.0,4.0,False,5.392413583729666,31
True,1,3,13.0,27.0,5.0,33.0,3.0,False,1.9957723515900878,74
False,1,1,23.0,48.0,1.0,92.0,5.0,False,4.81113211436422,7
True,3,1,4.0,4.0,1.0,36.0,2.0,True,1.2715338737617494,91
False,2,2,54.0,54.0,2.0,74.0,3.0,False,4.041770785654845,47
True,3,5,47.0,50.0,4.0,19.0,2.0,True,0.6121443738007516,67
True,2,4,64.0,40.0,3.0,74.0,5.0,False,3.2892602809791804,125
False,1,1,42.0,38.0,4.0,80.0,3.0,False,4.2524155156171926,18
True,2,5,86.0,36.0,2.0,62.0,1.0,False,2.6020036673796394,81
True,2,3,30.0,29.0,1.0,56.0,1.0,False,1.3317333878618869,108
False,1,2,46.0,41.0,2.0,48.0,3.0,False,4.517403500412659,21
False,2,5,67.0,5.0,4.0,67.0,4.0,True,1.398420215643821,166
True,2,2,57.0,81.0,4.0,83.0,2.0,False,3.7497743682560487,140
True,1,1,94.0,29.0,5.0,78.0,4.0,False,3.176918310907457,105
False,1,5,67.0,56.0,5.0,74.0,3.0,False,1.2264110228807132,92
True,3,2,12.0,31.0,5.0,45.0,2.0,True,1.4367410545186137,38
True,3,5,62.0,25.0,5.0,84.0,2.0,False,2.6661781411559184,61
False,3,4,54.0,26.0,3.0,73.0,1.0,True,1.8341235259985684,143
True,3,4,8.0,79.0,4.0,57.0,2.0,True,1.389931114526981,175
True,3,1,84.0,56.0,4.0,82.0,1.0,False,3.036488490932559,141
False,2,5,69.0,25.0,4.0,16.0,2.0,False,2.5152643229849403,152
True,3,1,62.0,32.0,5.0,5.0,3.0,False,2.910198129559226,97
True,3,1,42.0,33.0,2.0,86.0,3.0,False,4.649734297997162,31
False,3,4,68.0,70.0,3.0,3.0,1.0,False,3.7329235442223387,131
True,3,5,59.0,77.0,4.0,14.0,1.0,False,3.7501007578825085,113
True,1,1,49.0,31.0,1.0,13.0,5.0,False,1.826275512832635,108
False,2,1,58.0,16.0,1.0,25.0,5.0,False,2.628685710356509,166
False,3,5,62.0,27.0,3.0,3.0,3.0,False,5.635780792880053,188
True,1,5,48.0,33.0,4.0,10.0,5.0,False,4.182200605629743,139
True,3,5,40.0,41.0,4.0,63.0,3.0,False,1.7020437376385267,29
True,2,4,55.0,37.0,3.0,1.0,2.0,False,1.7995934698557656,150
True,3,4,55.0,28.0,2.0,12.0,5.0,False,1.4910726180497194,164
True,1,4,64.0,60.0,4.0,82.0,4.0,False,3.714993302888784,89
True,3,1,58.0,47.0,4.0,5.0,1.0,False,2.4531484353878863,108
True,2,5,82.0,79.0,5.0,57.0,1.0,False,1.5720979158597084,72
True,1,2,27.0,40.0,4.0,81.0,2.0,False,3.0056892755972395,32
True,2,4,92.0,50.0,4.0,21.0,5.0,False,3.0965457923503883,124
True,1,1,59.0,62.0,4.0,11.0,5.0,False,1.9937137654108628,121
False,3,1,1.0,25.0,4.0,27.0,1.0,False,1.1997289799038438,14
False,2,1,27.0,48.0,2.0,57.0,3.0,False,3.777109190485839,24
False,3,5,39.0,56.0,4.0,63.0,1.0,True,1.398420215643821,121
False,1,4,98.0,14.0,1.0,75.0,2.0,False,2.6725449669935486,140
True,2,4,81.0,17.0,2.0,12.0,5.0,False,3.989812506627411,133
True,3,4,80.0,26.0,5.0,34.0,2.0,True,1.1887126902990104,80
True,2,3,29.0,15.0,1.0,50.0,4.0,False,1.323634365471492,68
False,3,5,2.0,12.0,4.0,90.0,1.0,True,1.3539198710558749,130
True,2,1,90.0,77.0,4.0,51.0,4.0,False,2.577053820955535,127
False,1,1,46.0,37.0,2.0,62.0,4.0,False,5.119652966170265,21
True,2,1,73.0,32.0,3.0,26.0,5.0,False,3.7501007578825085,100
True,1,3,24.0,97.0,2.0,78.0,1.0,False,5.4662839541226,149
True,2,5,19.0,61.0,2.0,23.0,2.0,True,0.8714066207094948,127
True,3,4,58.0,30.0,5.0,60.0,5.0,False,1.8431263368663449,89
True,1,5,5.0,87.0,3.0,64.0,3.0,True,1.6604272441248642,120
False,3,1,29.0,34.0,1.0,94.0,1.0,True,0.7282320191622969,41
False,3,5,38.0,12.0,3.0,70.0,1.0,True,1.3651537537450147,114
True,3,3,95.0,23.0,3.0,62.0,2.0,False,3.0965457923503883,90
True,2,5,80.0,64.0,3.0,5.0,5.0,False,2.6827025755631686,168
True,3,2,84.0,70.0,4.0,11.0,2.0,False,2.504780324788861,89
True,3,1,72.0,72.0,4.0,10.0,1.0,False,3.334198954916064,124
False,3,1,80.0,0.0,5.0,75.0,2.0,True,1.047847684155499,173
True,2,1,53.0,48.0,4.0,64.0,1.0,False,5.85152186408023,18
True,3,5,70.0,40.0,3.0,95.0,1.0,False,2.5233633453753357,104
False,1,1,39.0,50.0,4.0,64.0,3.0,False,3.387889430496264,20
True,3,5,3.0,56.0,1.0,46.0,4.0,False,0.7673027425301494,19
False,1,2,23.0,51.0,2.0,89.0,4.0,False,3.131326857717652,23
False,3,4,3.0,36.0,3.0,45.0,4.0,False,0.9431664071252321,18
True,3,4,56.0,54.0,4.0,18.0,1.0,False,2.320491248176923,79
False,1,5,73.0,80.0,1.0,29.0,2.0,False,1.6051467846742082,173
False,2,2,54.0,34.0,3.0,97.0,4.0,False,4.179815629824058,10
True,2,3,49.0,81.0,5.0,15.0,1.0,False,2.781984504333172,153
True,1,1,34.0,50.0,4.0,74.0,4.0,False,4.9846108031536165,43
True,2,5,46.0,30.0,2.0,67.0,5.0,False,2.707326032360813,183
False,1,2,39.0,38.0,2.0,88.0,3.0,False,4.82798293839793,18
True,3,1,74.0,44.0,4.0,96.0,1.0,False,2.6040622535588644,91
False,2,5,68.0,55.0,5.0,2.0,2.0,False,3.2204511779180365,155
False,3,5,6.0,30.0,4.0,33.0,4.0,False,0.40541780477036454,9
False,3,5,10.0,26.0,2.0,45.0,5.0,False,1.102505637313065,12
False,3,4,3.0,51.0,5.0,37.0,5.0,False,0.5377486023548677,6
True,3,1,86.0,76.0,3.0,89.0,5.0,False,2.93926514834178,92
True,3,2,30.0,33.0,2.0,51.0,3.0,False,5.462628493717116,7
True,2,3,42.0,42.0,4.0,73.0,2.0,False,2.9557895827490297,197
True,1,5,6.0,86.0,3.0,39.0,1.0,False,3.467935559426872,25
True,3,1,64.0,98.0,2.0,48.0,1.0,False,1.7287257806153962,39
False,2,4,8.0,52.0,2.0,42.0,1.0,False,1.0403897497160108,12
False,3,2,31.0,45.0,3.0,77.0,3.0,False,4.188241041840913,23
True,1,5,3.0,20.0,4.0,58.0,2.0,True,1.5663721779729851,69
False,2,3,86.0,41.0,5.0,9.0,2.0,False,5.49708316945792,77
True,3,5,10.0,48.0,1.0,31.0,4.0,False,0.8108356095407291,13
True,3,3,68.0,90.0,2.0,39.0,1.0,False,3.3464151496649093,139
False,2,4,71.0,21.0,2.0,10.0,1.0,False,4.711197406341295,98
True,3,2,65.0,37.0,5.0,97.0,4.0,False,2.0642550650247715,110
True,3,2,31.0,95.0,2.0,4.0,2.0,False,0.7757281545470045,86
True,3,1,65.0,35.0,5.0,85.0,5.0,False,3.26604263110784,70
True,2,5,20.0,3.0,5.0,73.0,2.0,False,3.944221053437606,123
False,3,5,85.0,82.0,5.0,54.0,5.0,False,2.839983219571777,149
False,3,3,86.0,34.0,1.0,52.0,4.0,False,6.140480526420422,41
True,2,1,80.0,81.0,1.0,89.0,5.0,False,3.492885405850977,142
True,1,2,31.0,38.0,3.0,3.0,4.0,False,0.945224993304457,96
True,3,1,6.0,9.0,2.0,47.0,4.0,False,0.5998644899519219,4
False,3,1,5.0,50.0,4.0,41.0,4.0,False,1.0403897497160108,22
True,3,1,55.0,36.0,1.0,81.0,1.0,False,3.115128812936862,66
False,1,1,30.0,48.0,2.0,65.0,4.0,False,3.8635221452540773,25
True,2,3,66.0,20.0,5.0,37.0,4.0,False,1.102505637313065,139
True,1,1,24.0,80.0,2.0,99.0,3.0,False,4.269266339650902,120
False,2,2,40.0,35.0,3.0,52.0,4.0,False,4.349312468581511,33
True,2,5,57.0,35.0,1.0,13.0,3.0,False,5.468342540301825,65
True,2,4,75.0,61.0,4.0,48.0,1.0,False,3.344682953112144,109
False,1,2,69.0,36.0,5.0,37.0,5.0,False,2.53146236776573,99
True,2,2,42.0,17.0,5.0,45.0,5.0,False,1.4994980300665746,169
True,2,4,19.0,28.0,4.0,78.0,5.0,False,3.176591921280996,177
True,3,4,70.0,24.0,2.0,25.0,1.0,False,1.904915834836939,89
False,3,5,9.0,10.0,1.0,45.0,5.0,False,1.1376130923067895,9
True,1,4,79.0,1.0,4.0,85.0,1.0,True,1.3651537537450147,171
True,2,3,88.0,25.0,3.0,79.0,3.0,False,1.4829735956593246,145
True,3,1,42.0,12.0,2.0,47.0,3.0,True,0.3641160095811484,103
True,3,1,12.0,21.0,3.0,38.0,5.0,False,0.9266419727179824,15
False,3,5,4.0,13.0,5.0,29.0,2.0,False,0.8645260851209282,6
True,3,4,69.0,57.0,4.0,23.0,3.0,False,3.737884563133665,51
True,3,2,63.0,60.0,4.0,78.0,2.0,True,0.9762603833819,128
False,1,1,52.0,40.0,2.0,48.0,3.0,False,4.606527820613042,41
False,3,1,1.0,47.0,2.0,25.0,5.0,False,0.9617494277117069,16
False,2,2,51.0,38.0,2.0,49.0,4.0,False,4.712176575220676,32
True,1,3,75.0,52.0,1.0,41.0,1.0,False,3.3324667583632994,136
False,1,2,33.0,41.0,4.0,95.0,4.0,False,6.732572383608408,43
True,3,5,8.0,22.0,4.0,36.0,4.0,False,0.5026411473611432,15
True,2,5,8.0,7.0,3.0,4.0,1.0,False,4.051275614971544,104
False,3,5,5.0,30.0,4.0,40.0,4.0,False,0.7757281545470045,24
False,2,5,87.0,8.0,2.0,18.0,3.0,False,5.083566342297161,114
False,1,4,7.0,36.0,1.0,84.0,4.0,False,4.920762719003799,131
True,2,1,31.0,45.0,2.0,54.0,2.0,False,5.570009444877514,20
True,2,5,67.0,79.0,2.0,67.0,3.0,False,2.037246632421442,98
False,2,2,50.0,40.0,4.0,84.0,5.0,False,3.804117623089168,15
False,3,5,1.0,48.0,2.0,45.0,2.0,False,0.732195287536425,6
True,2,3,62.0,29.0,5.0,45.0,2.0,False,1.2098865884734633,94
True,2,1,13.0,55.0,2.0,46.0,2.0,False,0.40541780477036454,21
True,3,1,40.0,33.0,2.0,93.0,4.0,False,4.4826224350453945,40
True,3,5,69.0,43.0,3.0,60.0,1.0,False,2.2401187296198546,103
True,2,1,29.0,34.0,3.0,79.0,1.0,False,2.700959206523183,131
False,3,5,69.0,58.0,5.0,80.0,1.0,True,2.7883513301708023,54
False,2,1,25.0,53.0,4.0,79.0,3.0,False,5.495677362531615,24
True,2,3,75.0,57.0,5.0,80.0,4.0,False,2.8315578075549217,106
False,2,1,42.0,32.0,4.0,52.0,3.0,False,4.8522800055691135,22
False,3,3,46.0,24.0,2.0,6.0,2.0,False,3.9813870946105556,107
False,1,2,44.0,79.0,2.0,51.0,3.0,False,4.328997251442271,124
True,2,5,89.0,59.0,2.0,41.0,5.0,False,3.034429904753334,129
True,1,3,85.0,44.0,5.0,40.0,2.0,True,1.2715338737617494,75
False,2,2,56.0,44.0,2.0,61.0,4.0,False,4.623378644646752,26
False,3,1,29.0,3.0,4.0,59.0,3.0,True,2.7883513301708023,91
True,1,5,30.0,51.0,4.0,21.0,2.0,False,1.9336564639930334,60
False,2,4,12.0,34.0,2.0,27.0,4.0,False,0.9080589521315077,10
True,1,2,4.0,79.0,2.0,32.0,1.0,False,1.4022746874757956,106
True,2,2,42.0,52.0,5.0,79.0,1.0,False,3.239034198504511,146
False,3,5,10.0,38.0,1.0,30.0,4.0,False,0.7673027425301494,20
True,1,1,29.0,7.0,2.0,36.0,2.0,True,1.8368683075708683,117
True,3,4,54.0,82.0,5.0,24.0,1.0,True,1.872444364873361,94
False,3,1,51.0,66.0,1.0,63.0,3.0,True,2.4822791432704263,180
False,1,1,59.0,33.0,3.0,93.0,3.0,False,2.94563197417941,5
False,3,5,5.0,34.0,5.0,48.0,2.0,False,1.3320597774883467,23
False,2,5,58.0,24.0,2.0,33.0,5.0,False,2.779599528527487,167
False,2,4,4.0,43.0,3.0,34.0,5.0,False,0.6785048119562258,13
True,3,1,50.0,55.0,5.0,45.0,2.0,False,2.7448184631602226,106
True,2,3,60.0,97.0,2.0,89.0,1.0,False,2.2046848849996694,93
True,3,4,96.0,24.0,2.0,21.0,5.0,False,2.839983219571777,147
False,2,5,66.0,64.0,5.0,75.0,5.0,False,3.2207775675444967,169
True,2,5,1.0,23.0,3.0,26.0,2.0,False,0.6349719449456463,10
True,1,3,92.0,69.0,4.0,21.0,3.0,False,4.280829755146826,105
False,3,4,12.0,53.0,5.0,46.0,5.0,False,1.0673981823193406,7
True,2,4,0.0,51.0,4.0,74.0,1.0,True,1.5195622379813525,73
False,3,4,6.0,36.0,5.0,45.0,5.0,False,1.0589727703024856,19
False,3,4,31.0,52.0,2.0,7.0,2.0,False,2.92845476051924,77
True,1,5,76.0,31.0,1.0,27.0,1.0,True,0.8934391999191611,100
False,3,1,5.0,18.0,3.0,45.0,2.0,False,0.9701748397285618,11
True,2,1,7.0,92.0,1.0,15.0,4.0,False,1.085654813279355,99
True,3,4,9.0,42.0,5.0,44.0,4.0,False,1.0589727703024856,10
False,2,1,28.0,43.0,2.0,91.0,5.0,False,3.1235542249537174,22
True,3,4,68.0,60.0,5.0,88.0,3.0,False,1.8367595110287147,74
False,2,1,45.0,54.0,4.0,58.0,3.0,False,4.40365572341463,28
False,1,2,43.0,36.0,2.0,49.0,4.0,False,6.4598117660490075,12
True,3,1,73.0,2.0,4.0,84.0,1.0,False,2.1554379714043805,47
False,2,1,59.0,34.0,2.0,75.0,2.0,False,4.6659323427779515,39
True,3,1,79.0,29.0,3.0,25.0,1.0,False,5.019718258147341,101
False,2,5,73.0,89.0,5.0,42.0,2.0,False,3.495596771283122,92
True,1,5,28.0,21.0,5.0,0.0,2.0,False,0.4942157353442882,89
False,2,1,30.0,44.0,2.0,48.0,2.0,False,4.296274772254232,45
True,2,5,92.0,51.0,3.0,45.0,4.0,False,2.55847080036906,83
True,3,3,36.0,19.0,4.0,9.0,3.0,False,3.3405657807536944,121
False,1,2,47.0,45.0,2.0,51.0,3.0,False,5.402571192299286,12
True,3,2,76.0,67.0,4.0,89.0,3.0,False,2.850140828141396,135
True,3,4,50.0,50.0,5.0,66.0,2.0,False,1.5801969382501035,165
False,2,2,49.0,22.0,5.0,44.0,4.0,False,2.877475650371186,156
True,3,1,66.0,39.0,4.0,27.0,1.0,False,3.785208212876233,123
True,3,4,52.0,49.0,5.0,58.0,1.0,False,3.017905470346084,143
True,2,5,43.0,16.0,1.0,59.0,3.0,True,1.1774788076098703,77
True,3,2,55.0,25.0,1.0,52.0,3.0,False,2.5935782553627846,181
False,3,3,51.0,64.0,1.0,63.0,3.0,True,1.3539198710558749,137
True,3,2,92.0,20.0,1.0,32.0,3.0,False,2.426466392411017,102
False,2,5,82.0,66.0,4.0,76.0,1.0,True,2.0933857729073115,121
False,1,1,22.0,33.0,2.0,84.0,4.0,False,5.613215922261633,11
True,3,4,71.0,21.0,3.0,77.0,1.0,False,2.8771492607447255,138
False,3,5,56.0,44.0,4.0,0.0,4.0,False,3.160393876500207,177
False,3,3,20.0,3.0,2.0,34.0,4.0,False,4.930920327573418,107
False,3,5,1.0,48.0,2.0,47.0,5.0,False,1.1997289799038438,22
True,1,4,62.0,4.0,5.0,58.0,2.0,False,0.9101175383107325,96
False,3,4,11.0,8.0,3.0,25.0,5.0,False,1.2348364348975682,23
False,1,2,20.0,36.0,3.0,53.0,3.0,False,4.914069503539708,9
False,2,1,14.0,42.0,1.0,50.0,3.0,False,4.058621609688555,13
True,1,3,70.0,64.0,1.0,87.0,2.0,True,1.5195622379813525,89
True,3,3,92.0,26.0,5.0,49.0,4.0,False,3.423323275116448,122
True,3,1,66.0,39.0,4.0,33.0,2.0,False,2.769441919957867,106
False,2,5,76.0,23.0,5.0,20.0,5.0,False,4.174101583239349,114
True,3,1,64.0,34.0,5.0,62.0,1.0,False,2.3640241151875028,134
True,3,5,93.0,46.0,2.0,18.0,3.0,False,1.3671672324820712,107
False,3,1,7.0,17.0,2.0,40.0,5.0,False,0.5026411473611432,16
False,2,2,47.0,36.0,1.0,66.0,3.0,False,2.5398877797825854,30
False,3,5,3.0,12.0,5.0,46.0,5.0,False,0.732195287536425,20
True,2,2,37.0,41.0,5.0,20.0,3.0,False,1.9153998330330186,144
True,1,2,83.0,33.0,4.0,31.0,2.0,True,1.3431211745353484,141
False,3,1,59.0,44.0,2.0,88.0,4.0,False,4.836408350414784,42
True,3,3,71.0,55.0,5.0,76.0,1.0,False,2.701285596149643,95
True,3,4,90.0,39.0,4.0,54.0,1.0,False,3.1955013314939316,121
False,2,5,64.0,83.0,5.0,57.0,4.0,False,2.4984134989512308,151
False,3,5,11.0,26.0,2.0,27.0,1.0,False,0.5026411473611432,15
True,3,5,87.0,89.0,5.0,33.0,1.0,False,1.9937137654108628,187
False,3,5,5.0,23.0,2.0,29.0,5.0,False,1.0673981823193406,13
False,3,5,2.0,20.0,5.0,40.0,2.0,False,0.5377486023548677,22
False,3,5,81.0,77.0,2.0,39.0,5.0,False,2.9494227569113995,148
False,2,4,12.0,42.0,2.0,48.0,2.0,False,0.8645260851209282,11
False,2,1,21.0,52.0,3.0,47.0,3.0,False,6.643448063408024,25
True,2,5,93.0,69.0,1.0,62.0,1.0,False,5.47040112648105,69
False,3,3,93.0,34.0,3.0,87.0,4.0,False,5.374909980443036,158
False,2,2,49.0,38.0,1.0,78.0,2.0,False,3.1934427453147065,27
True,3,3,51.0,81.0,5.0,77.0,5.0,False,3.8304732764395775,146
True,2,1,61.0,23.0,5.0,57.0,5.0,False,2.9743726033355045,145
True,3,3,94.0,45.0,5.0,75.0,2.0,False,2.9993224497596094,104
True,3,5,67.0,42.0,5.0,59.0,4.0,False,1.3320597774883467,58
False,3,4,11.0,50.0,3.0,49.0,5.0,False,0.9617494277117069,22
True,2,2,41.0,33.0,2.0,96.0,4.0,False,5.398127630314376,38
True,1,5,33.0,97.0,5.0,49.0,5.0,False,1.2449940434671878,86
True,2,2,55.0,44.0,1.0,49.0,1.0,False,4.852606395195574,19
True,2,5,45.0,81.0,5.0,26.0,4.0,False,2.6307442965357337,137
True,1,2,49.0,67.0,3.0,41.0,1.0,True,1.047847684155499,71
True,1,5,90.0,42.0,4.0,41.0,5.0,False,1.6774202808408822,101
False,3,3,33.0,47.0,1.0,56.0,1.0,True,0.5405570730271527,74
False,2,2,64.0,58.0,5.0,78.0,3.0,False,3.3443565634856847,160
True,1,2,65.0,22.0,1.0,1.0,1.0,False,0.9182165607011274,104
True,1,5,58.0,51.0,4.0,21.0,2.0,True,0.7777867407262293,88
True,2,5,90.0,50.0,2.0,31.0,3.0,False,2.990244258489834,105
True,3,1,91.0,58.0,3.0,69.0,4.0,False,2.7613428975674728,105
False,1,4,93.0,50.0,3.0,8.0,5.0,False,3.3089227188654995,191
True,2,2,83.0,54.0,4.0,67.0,5.0,False,2.8936736951519757,122
True,3,2,52.0,67.0,4.0,54.0,1.0,False,2.639169708552589,147
True,1,1,5.0,5.0,4.0,63.0,2.0,True,1.1419027503073778,78
False,3,4,5.0,45.0,4.0,31.0,4.0,False,0.9431664071252321,20
True,2,4,55.0,25.0,4.0,8.0,1.0,False,2.647595120569444,79
False,2,1,51.0,78.0,5.0,41.0,3.0,False,2.848082241962171,12
True,3,1,60.0,65.0,4.0,23.0,4.0,False,1.7459029942755664,108
False,1,2,29.0,39.0,2.0,64.0,2.0,False,4.3560056840456,43
False,3,5,3.0,46.0,5.0,24.0,2.0,False,0.9617494277117069,22
False,1,2,43.0,32.0,2.0,74.0,3.0,False,3.784881823249773,20
True,3,4,42.0,8.0,4.0,53.0,3.0,True,2.0601193110085054,95
False,3,5,3.0,23.0,4.0,31.0,5.0,False,0.9080589521315077,21
False,2,1,9.0,37.0,1.0,38.0,5.0,False,0.9701748397285618,5
False,2,2,57.0,40.0,2.0,66.0,4.0,False,4.7901641179720595,27
True,1,4,28.0,22.0,5.0,46.0,3.0,False,1.1126632458826848,110
False,1,2,46.0,47.0,1.0,40.0,3.0,False,3.708300087424694,33
False,3,5,7.0,37.0,1.0,38.0,5.0,False,1.0673981823193406,16
True,2,2,47.0,6.0,2.0,18.0,2.0,False,1.536990460865984,122
True,3,5,5.0,23.0,1.0,48.0,1.0,False,0.5026411473611432,3
False,2,1,4.0,23.0,2.0,41.0,5.0,False,1.3320597774883467,9
True,3,4,21.0,65.0,4.0,60.0,5.0,False,1.0508737479120906,141
True,3,2,22.0,49.0,2.0,87.0,2.0,False,4.333114423800721,13
False,3,5,13.0,16.0,4.0,33.0,4.0,False,0.6700793999393708,8
False,1,1,38.0,37.0,2.0,97.0,3.0,False,3.512121205690372,26
False,3,5,1.0,38.0,4.0,27.0,5.0,False,0.6349719449456463,21
True,3,4,63.0,44.0,4.0,28.0,2.0,True,0.5185244938174862,70
True,1,4,41.0,30.0,5.0,13.0,3.0,False,3.538803248667242,148
True,3,4,19.0,19.0,4.0,45.0,2.0,True,0.5653344338091189,108
True,3,5,1.0,27.0,1.0,26.0,4.0,False,1.0673981823193406,15
False,3,4,29.0,36.0,2.0,58.0,3.0,False,4.721681404537375,105
True,2,5,90.0,50.0,5.0,57.0,1.0,False,3.160393876500207,99
True,1,5,37.0,30.0,3.0,19.0,2.0,True,0.3641160095811484,57
True,3,1,85.0,27.0,5.0,1.0,1.0,False,2.1965858626092754,75
True,3,5,10.0,38.0,5.0,32.0,1.0,False,1.1997289799038438,4
True,2,2,46.0,23.0,5.0,67.0,1.0,False,4.544085543389528,130
True,1,2,60.0,24.0,5.0,62.0,4.0,False,4.684515363364426,48
False,3,5,46.0,66.0,2.0,69.0,1.0,False,2.5149379333584805,171
True,2,2,74.0,40.0,3.0,42.0,3.0,False,1.3050513448850172,88
True,3,3,94.0,25.0,5.0,45.0,1.0,False,2.699227009970418,101
True,1,5,47.0,10.0,5.0,3.0,2.0,False,1.385750253068546,53
True,3,3,93.0,48.0,4.0,51.0,1.0,False,3.396314842513119,96
True,1,5,9.0,80.0,3.0,67.0,5.0,False,2.1098465182145762,178
True,3,1,11.0,20.0,1.0,49.0,5.0,False,0.6700793999393708,8
True,2,5,25.0,64.0,2.0,91.0,2.0,False,1.6321552172775378,148
True,1,3,8.0,54.0,4.0,47.0,2.0,True,1.1527014468279042,81
False,2,4,98.0,42.0,1.0,64.0,2.0,False,4.41034893887872,81
True,3,1,67.0,51.0,5.0,27.0,1.0,False,3.0425289271437284,126
True,2,1,1.0,41.0,4.0,37.0,5.0,False,0.6785048119562258,16
True,2,5,50.0,52.0,1.0,31.0,4.0,False,3.236975612325286,135
True,2,2,81.0,57.0,4.0,2.0,3.0,False,3.2204511779180365,105
True,3,5,88.0,48.0,3.0,85.0,2.0,False,2.4612474577782812,135
True,2,1,26.0,44.0,2.0,1.0,3.0,False,1.315535343081097,73
True,1,1,36.0,33.0,1.0,57.0,5.0,False,2.1864282540396554,33
True,3,2,16.0,12.0,4.0,68.0,2.0,True,1.1306688676182377,112
True,2,5,48.0,74.0,1.0,16.0,2.0,False,0.7237698755195701,98
True,1,4,38.0,36.0,4.0,25.0,1.0,False,0.7943111751334793,141
True,3,4,55.0,56.0,4.0,31.0,1.0,False,3.4314222975068436,98
True,1,4,51.0,66.0,2.0,34.0,3.0,True,1.1419027503073778,93
True,1,2,21.0,97.0,3.0,47.0,1.0,False,6.570848177614891,89
True,3,1,85.0,31.0,2.0,50.0,5.0,False,2.3910325477908323,92
True,3,5,86.0,58.0,3.0,82.0,2.0,False,1.6507382378640125,51
False,2,1,9.0,57.0,2.0,41.0,2.0,False,0.8294186301272037,14
True,2,4,76.0,37.0,1.0,23.0,1.0,False,3.389948016675488,108
True,3,5,14.0,58.0,5.0,33.0,2.0,False,2.0308798065838123,56
False,3,5,79.0,52.0,3.0,29.0,2.0,False,2.2151688831957497,121
True,3,4,99.0,58.0,4.0,30.0,1.0,False,2.1965858626092754,160
True,2,3,8.0,79.0,5.0,95.0,3.0,False,5.267529029282638,150
True,3,2,78.0,65.0,5.0,25.0,2.0,True,1.3651537537450147,94
False,3,5,5.0,27.0,4.0,48.0,2.0,False,0.6349719449456463,10
True,1,1,66.0,60.0,3.0,85.0,4.0,False,4.912010917360483,21
True,3,1,69.0,50.0,1.0,89.0,3.0,False,2.4531484353878863,171
True,1,4,40.0,69.0,1.0,15.0,1.0,True,0.907417864180601,18
True,3,2,54.0,50.0,3.0,24.0,1.0,False,6.254554693044909,28
True,1,2,10.0,62.0,4.0,18.0,3.0,True,0.907417864180601,95
True,3,4,70.0,74.0,4.0,23.0,1.0,False,3.247459610521366,123
False,2,5,1.0,53.0,3.0,38.0,1.0,False,0.5026411473611432,8
True,3,1,97.0,25.0,4.0,27.0,4.0,False,2.250276338189474,115
True,3,1,50.0,43.0,2.0,60.0,3.0,False,6.9537011117668355,32
True,2,1,15.0,19.0,5.0,24.0,1.0,False,4.967759979119907,51
True,1,1,79.0,30.0,3.0,40.0,4.0,False,3.1502362679305866,81
False,1,1,38.0,32.0,3.0,91.0,4.0,False,5.222263965719294,32
True,3,5,11.0,40.0,3.0,36.0,5.0,False,0.5026411473611432,22
True,3,2,21.0,29.0,4.0,22.0,2.0,True,0.8714066207094948,55
False,3,5,59.0,32.0,3.0,87.0,2.0,True,2.2590281398327896,47
False,3,4,5.0,51.0,3.0,46.0,2.0,False,0.7757281545470045,16
False,3,1,3.0,30.0,3.0,36.0,4.0,False,0.5377486023548677,11
False,1,2,48.0,48.0,3.0,89.0,1.0,False,5.294863851512428,12
True,1,5,30.0,56.0,4.0,18.0,1.0,True,0.8466292599275285,27
False,2,1,36.0,34.0,1.0,76.0,3.0,False,4.136935542066398,13
True,1,1,40.0,42.0,3.0,54.0,4.0,False,4.261167317260507,15
True,1,5,90.0,23.0,4.0,86.0,3.0,False,1.4559651630559949,105
False,3,5,66.0,36.0,1.0,73.0,3.0,False,2.5686284089386797,105
True,3,5,9.0,39.0,4.0,27.0,4.0,False,0.8645260851209282,13
False,1,2,49.0,32.0,2.0,55.0,5.0,False,2.777867331974722,38
False,3,2,50.0,53.0,2.0,66.0,4.0,False,7.03234143377114,18
True,1,5,40.0,62.0,5.0,42.0,2.0,False,0.8912081280977976,62
True,3,1,31.0,35.0,2.0,89.0,3.0,False,6.283621711827465,8
True,2,1,52.0,38.0,2.0,74.0,2.0,False,3.731517737296034,21
True,1,5,84.0,24.0,2.0,42.0,4.0,False,1.3611267962709013,161
False,3,5,13.0,21.0,3.0,33.0,2.0,False,0.5026411473611432,9
True,2,4,6.0,83.0,2.0,19.0,4.0,False,3.30578471538643,96
True,2,4,58.0,90.0,4.0,85.0,5.0,False,2.3994579598076875,102
True,3,4,75.0,31.0,2.0,76.0,2.0,False,3.5307042262768467,77
True,3,5,87.0,55.0,4.0,46.0,3.0,False,2.769441919957867,130
True,3,2,58.0,22.0,1.0,44.0,1.0,False,2.6641195549766934,141
True,3,5,60.0,55.0,4.0,81.0,1.0,False,2.504780324788861,103
True,1,4,48.0,17.0,3.0,4.0,5.0,False,1.9690903086132179,144
True,3,4,66.0,43.0,3.0,86.0,2.0,False,3.520546617707227,118
False,2,2,22.0,33.0,2.0,58.0,3.0,False,5.410996604316141,31
True,2,5,88.0,34.0,3.0,40.0,3.0,False,3.079694968316678,87
False,1,1,23.0,53.0,1.0,65.0,4.0,False,5.311388285919677,35
True,3,5,56.0,72.0,5.0,24.0,5.0,False,3.0530129253398086,103
False,2,3,61.0,7.0,5.0,61.0,4.0,False,2.8234587851645268,131
False,3,1,98.0,22.0,3.0,65.0,1.0,True,2.424235320589654,85
False,3,4,81.0,67.0,2.0,76.0,5.0,False,1.518081050653049,190
False,3,3,79.0,91.0,2.0,76.0,3.0,False,2.866665262548646,158
False,3,5,9.0,29.0,1.0,43.0,5.0,False,0.9701748397285618,8
False,3,4,11.0,37.0,2.0,47.0,4.0,False,0.8645260851209282,16
False,2,5,40.0,70.0,5.0,63.0,4.0,False,2.2337519037822244,195
True,2,5,11.0,57.0,4.0,31.0,5.0,False,0.40541780477036454,20
True,3,5,62.0,44.0,3.0,31.0,2.0,True,1.4119636937366473,72
True,3,2,56.0,85.0,1.0,33.0,2.0,False,2.293809205200054,94
False,2,1,87.0,10.0,5.0,58.0,1.0,True,2.3774253805980208,96
False,1,5,51.0,61.0,1.0,38.0,5.0,False,4.084977263038964,119
True,3,4,30.0,64.0,3.0,78.0,1.0,False,4.02220859618899,161
True,1,2,23.0,48.0,4.0,83.0,2.0,False,1.7914944474653705,129
True,1,2,45.0,31.0,1.0,94.0,3.0,False,5.181116074514399,11
False,2,1,75.0,29.0,3.0,24.0,4.0,False,4.0678000493787945,39
False,3,1,4.0,24.0,5.0,38.0,2.0,False,0.40541780477036454,4
True,3,1,73.0,20.0,5.0,53.0,2.0,False,3.158335290320982,71
True,2,5,34.0,78.0,5.0,40.0,3.0,False,2.2070698608053547,105
False,3,1,89.0,45.0,5.0,23.0,5.0,False,2.4963549127720057,168
False,3,4,5.0,20.0,3.0,41.0,1.0,False,0.9617494277117069,19
True,3,4,99.0,56.0,5.0,50.0,2.0,False,2.339400658389858,46
False,2,3,78.0,92.0,2.0,2.0,5.0,False,2.550371777978665,128
False,1,4,85.0,2.0,3.0,76.0,3.0,False,1.9586063104171383,148
False,2,5,5.0,29.0,1.0,55.0,2.0,True,2.2698268363533156,80
True,1,4,50.0,71.0,4.0,45.0,5.0,False,3.2552322432853003,97
False,2,4,75.0,46.0,5.0,81.0,4.0,True,1.6712259406453907,36
True,2,1,8.0,42.0,3.0,47.0,4.0,False,0.7943111751334793,8
True,3,5,79.0,5.0,4.0,52.0,5.0,False,2.267127162223184,168
True,3,5,97.0,40.0,5.0,41.0,2.0,False,2.577053820955535,129
True,3,4,95.0,69.0,5.0,40.0,4.0,False,3.3713649960890137,78
False,3,4,11.0,47.0,2.0,43.0,4.0,False,0.7673027425301494,6
True,2,4,75.0,50.0,2.0,39.0,1.0,False,2.769441919957867,125
True,3,1,57.0,35.0,5.0,82.0,3.0,False,3.247459610521366,79
True,3,1,79.0,29.0,5.0,58.0,1.0,False,2.1635369937947755,94
False,2,1,54.0,46.0,3.0,70.0,5.0,False,4.339807639264811,6
False,3,5,95.0,45.0,2.0,36.0,4.0,False,3.1846909436713915,72
True,1,5,58.0,10.0,1.0,25.0,4.0,False,2.9476905603586347,151
True,3,2,39.0,37.0,1.0,95.0,4.0,False,4.712176575220676,33
False,2,5,3.0,9.0,5.0,43.0,2.0,False,0.5998644899519219,6
True,3,5,68.0,21.0,5.0,58.0,5.0,False,2.1965858626092754,80
True,3,5,30.0,11.0,4.0,56.0,2.0,True,1.059081566844639,43
True,3,2,85.0,28.0,1.0,52.0,4.0,False,3.239034198504511,116
True,3,5,59.0,46.0,1.0,11.0,2.0,False,1.7311107564210815,76
False,1,1,54.0,47.0,2.0,87.0,3.0,False,3.493864574730358,24
True,1,2,55.0,44.0,2.0,64.0,3.0,False,5.284379853316348,33
False,1,2,42.0,40.0,3.0,57.0,3.0,False,5.673599613305923,46
True,3,5,52.0,9.0,2.0,42.0,2.0,True,1.9304881875541335,94
False,3,1,1.0,22.0,4.0,37.0,5.0,False,1.0673981823193406,23
True,3,4,76.0,56.0,4.0,22.0,4.0,False,1.2162534143110935,76
True,3,3,78.0,62.0,4.0,62.0,3.0,False,2.707652421987273,98
False,1,5,47.0,81.0,2.0,58.0,2.0,False,1.6402542396679327,141
False,1,2,51.0,43.0,1.0,83.0,4.0,False,5.902827363854745,37
False,1,2,49.0,35.0,1.0,65.0,4.0,False,4.325341791036786,28
True,1,1,48.0,34.0,5.0,35.0,1.0,False,1.543030897077154,136
False,2,5,87.0,11.0,4.0,35.0,1.0,False,2.4633060439575063,138
True,1,4,74.0,28.0,3.0,65.0,3.0,False,2.647595120569444,120
False,2,1,25.0,36.0,4.0,75.0,4.0,False,4.968739147999287,27
False,1,1,56.0,41.0,4.0,61.0,3.0,False,5.549367838111814,14
False,2,1,1.0,41.0,1.0,31.0,5.0,False,0.5998644899519219,20
False,2,4,4.0,14.0,3.0,47.0,4.0,False,0.7673027425301494,12
True,1,2,89.0,58.0,1.0,50.0,2.0,True,0.8934391999191611,57
True,3,1,96.0,75.0,3.0,42.0,3.0,False,3.4935381851038976,127
False,3,1,1.0,29.0,5.0,26.0,5.0,False,0.7757281545470045,17
True,2,4,95.0,37.0,2.0,63.0,1.0,False,2.293809205200054,118
True,2,2,62.0,83.0,5.0,28.0,1.0,False,2.488255890381611,139
True,3,5,59.0,25.0,3.0,55.0,1.0,True,1.5307961206704928,108
False,3,4,1.0,43.0,4.0,47.0,2.0,False,0.9080589521315077,6
True,2,4,5.0,32.0,5.0,43.0,5.0,False,0.9701748397285618,11
False,3,5,2.0,57.0,3.0,45.0,2.0,False,0.6700793999393708,13
True,3,2,59.0,0.0,1.0,21.0,3.0,False,1.7290521702418564,117
True,2,1,40.0,43.0,2.0,63.0,4.0,False,3.6076123517283856,2
True,3,4,67.0,74.0,5.0,41.0,4.0,False,3.3095754981184196,82
True,3,5,1.0,25.0,1.0,28.0,5.0,False,1.3320597774883467,18
True,3,3,65.0,12.0,5.0,61.0,4.0,False,2.8873068693143455,52
True,2,2,47.0,40.0,2.0,81.0,1.0,False,5.251657374128309,21
True,3,3,33.0,27.0,4.0,88.0,2.0,True,2.0020754883277325,36
False,2,2,40.0,48.0,2.0,67.0,2.0,False,4.198725040036992,19
False,3,5,13.0,29.0,2.0,44.0,4.0,False,1.1997289799038438,21
True,3,5,2.0,56.0,1.0,33.0,4.0,False,1.0673981823193406,17
False,3,1,56.0,47.0,2.0,95.0,3.0,False,2.645536534390219,9
False,2,3,74.0,81.0,2.0,92.0,5.0,False,2.4615738474047415,99
True,2,2,83.0,34.0,4.0,72.0,5.0,False,3.843206928114838,96
False,1,1,36.0,51.0,2.0,51.0,5.0,False,5.975427249647878,21
True,3,1,90.0,51.0,5.0,19.0,4.0,False,2.0744126735943915,111
True,3,4,60.0,62.0,5.0,86.0,1.0,False,1.3320597774883467,128
True,3,1,66.0,67.0,1.0,23.0,1.0,False,3.512121205690372,119
False,3,1,57.0,47.0,3.0,69.0,2.0,False,4.573478951798542,28
False,3,1,55.0,47.0,2.0,89.0,2.0,False,5.770496566270241,42
True,2,2,17.0,57.0,5.0,44.0,2.0,False,0.8561006731040731,60
True,1,3,31.0,52.0,2.0,16.0,1.0,False,2.4636324335839666,137
False,1,4,69.0,88.0,5.0,12.0,5.0,False,3.4851127730870424,141
True,3,5,71.0,20.0,5.0,99.0,1.0,False,3.7230923252791794,124
True,3,5,78.0,4.0,5.0,69.0,5.0,False,3.8304732764395775,104
True,1,2,93.0,39.0,5.0,98.0,3.0,False,2.937206562162555,119
False,3,5,10.0,13.0,5.0,49.0,1.0,False,0.5377486023548677,11
False,3,5,10.0,54.0,2.0,39.0,2.0,False,1.2348364348975682,14
False,1,5,42.0,83.0,5.0,45.0,4.0,False,2.3930911339700573,127
False,3,4,61.0,15.0,5.0,46.0,3.0,False,3.208234983169192,131
False,2,1,23.0,47.0,2.0,81.0,1.0,False,6.097600438662762,11
True,3,3,99.0,33.0,4.0,54.0,2.0,False,3.396314842513119,94
True,1,2,51.0,33.0,1.0,44.0,2.0,False,2.180061428202025,121
False,2,2,46.0,49.0,3.0,74.0,4.0,False,3.371691385715474,28
True,3,1,82.0,91.0,4.0,20.0,4.0,False,4.084977263038964,184
False,2,5,13.0,13.0,1.0,37.0,4.0,False,0.9266419727179824,4
True,1,2,24.0,50.0,2.0,63.0,1.0,False,5.057210688946751,14
False,1,4,76.0,7.0,4.0,43.0,4.0,False,7.189295688153287,72
True,3,5,78.0,66.0,4.0,14.0,4.0,False,3.6528774152917305,112
False,2,1,50.0,40.0,2.0,57.0,2.0,False,4.630824887784227,37
False,1,4,43.0,9.0,2.0,54.0,5.0,False,5.228304401930464,99
False,3,2,50.0,51.0,2.0,87.0,2.0,False,4.182200605629743,26
True,3,4,92.0,54.0,4.0,31.0,3.0,False,2.479830478364756,84
False,3,1,58.0,31.0,3.0,52.0,3.0,False,4.228118448446008,17
True,3,3,61.0,21.0,3.0,82.0,3.0,False,2.2587017502063294,55
True,1,5,32.0,64.0,4.0,37.0,2.0,True,0.9182165607011274,94
False,1,2,45.0,35.0,4.0,79.0,4.0,False,4.641308885980306,8
False,2,1,26.0,49.0,2.0,51.0,4.0,False,4.674684144421266,32
True,1,4,82.0,79.0,3.0,53.0,4.0,False,2.566896212385915,154
False,3,4,1.0,42.0,3.0,32.0,5.0,False,0.7673027425301494,7
True,3,5,16.0,28.0,1.0,6.0,4.0,False,2.5419463659618105,149
False,3,2,52.0,37.0,2.0,86.0,4.0,False,7.226788118952696,28
True,1,3,81.0,72.0,4.0,48.0,1.0,False,2.8315578075549217,108
False,3,1,9.0,20.0,3.0,33.0,5.0,False,0.40541780477036454,17
False,3,5,13.0,21.0,2.0,46.0,5.0,False,0.6785048119562258,7
True,3,4,84.0,55.0,2.0,3.0,3.0,False,2.0207221980141923,93
True,3,5,13.0,52.0,1.0,80.0,2.0,False,2.179735038575565,89
True,1,3,90.0,98.0,2.0,61.0,5.0,False,3.0634969235358884,141
False,1,2,51.0,45.0,2.0,78.0,4.0,False,3.9590132912920915,17
True,3,5,82.0,20.0,3.0,38.0,2.0,False,1.313476756901872,77
False,3,1,33.0,40.0,2.0,68.0,4.0,False,6.310303754804334,37
False,1,5,21.0,84.0,2.0,3.0,1.0,False,5.8659877123082556,169
True,2,5,12.0,47.0,5.0,10.0,3.0,False,1.3401587998787416,162
False,2,2,76.0,65.0,2.0,39.0,5.0,False,1.8637679436320445,93
True,3,5,38.0,19.0,2.0,55.0,2.0,True,1.6131821179646177,5
True,3,5,7.0,11.0,5.0,29.0,4.0,False,0.9431664071252321,18
True,1,1,86.0,56.0,4.0,96.0,1.0,False,4.920762719003799,91
False,1,1,45.0,36.0,2.0,86.0,3.0,False,2.593251865736325,101
True,2,5,12.0,72.0,2.0,16.0,1.0,False,3.5286456400976216,59
False,2,5,77.0,25.0,5.0,26.0,5.0,False,3.32577354289921,120
True,2,2,60.0,34.0,1.0,56.0,4.0,False,2.417714590767702,95
False,1,1,45.0,30.0,2.0,48.0,3.0,False,4.463060245579539,9
False,3,5,43.0,84.0,1.0,33.0,4.0,False,3.3450093427386047,128
False,2,4,30.0,99.0,1.0,22.0,1.0,False,5.294537461885968,183
True,3,1,12.0,6.0,5.0,17.0,5.0,False,2.548639581425901,133
False,2,5,46.0,50.0,5.0,14.0,5.0,False,2.037246632421442,169
True,3,1,6.0,38.0,5.0,31.0,2.0,False,0.9080589521315077,17
True,3,5,60.0,33.0,5.0,66.0,4.0,False,2.771500506137092,109
True,2,1,8.0,36.0,2.0,45.0,2.0,False,0.6970878325427005,16
True,3,5,97.0,50.0,5.0,71.0,4.0,False,3.301150086101565,118
False,3,1,22.0,40.0,2.0,64.0,2.0,False,4.881673413978128,20
True,3,1,7.0,21.0,4.0,41.0,1.0,False,0.8294186301272037,17
True,3,1,88.0,26.0,4.0,26.0,3.0,False,3.115128812936862,90
False,3,5,12.0,16.0,2.0,24.0,4.0,False,0.8645260851209282,18
True,3,5,94.0,20.0,5.0,67.0,1.0,False,3.061111947730203,143
True,3,2,72.0,66.0,2.0,22.0,1.0,False,3.979654898057791,84
True,1,4,11.0,0.0,5.0,69.0,5.0,False,2.1803878178284855,125
True,2,2,26.0,75.0,3.0,3.0,1.0,False,2.636784732746904,62
True,1,2,44.0,52.0,4.0,19.0,5.0,False,2.6725449669935486,153
True,2,4,99.0,36.0,4.0,98.0,1.0,False,3.2018681573315617,137
False,3,5,77.0,67.0,1.0,44.0,1.0,False,2.107787932035351,130
False,1,2,58.0,54.0,3.0,57.0,5.0,False,5.962884665272574,25
False,2,1,11.0,48.0,2.0,35.0,4.0,False,1.1376130923067895,11
True,3,1,1.0,22.0,3.0,49.0,2.0,False,0.5998644899519219,12
False,2,1,40.0,37.0,2.0,96.0,3.0,False,4.881347024351669,31
False,1,2,59.0,50.0,2.0,87.0,5.0,False,5.189541486531255,25
True,3,1,32.0,99.0,1.0,4.0,1.0,False,4.973800415331077,91
True,2,2,96.0,46.0,5.0,71.0,4.0,False,1.7395361684379362,61
True,3,5,80.0,40.0,2.0,89.0,4.0,False,3.6528774152917305,107
False,2,5,51.0,46.0,3.0,77.0,3.0,True,2.6587202067164304,59
False,3,4,71.0,71.0,5.0,18.0,2.0,False,3.054745121892573,126
False,3,4,7.0,23.0,3.0,36.0,1.0,False,0.6700793999393708,22
True,3,1,53.0,57.0,5.0,9.0,4.0,False,2.347499680780253,132
False,2,2,98.0,17.0,2.0,16.0,4.0,False,6.748770428389197,36
True,3,5,11.0,10.0,2.0,28.0,1.0,False,1.3320597774883467,13
False,2,1,49.0,43.0,2.0,93.0,5.0,False,5.367463737305561,40
True,3,1,11.0,20.0,2.0,34.0,5.0,False,1.3320597774883467,16
True,3,1,3.0,23.0,5.0,42.0,1.0,False,1.1997289799038438,18
True,2,3,84.0,3.0,1.0,31.0,1.0,True,1.4011649972161209,85
True,3,5,75.0,79.0,2.0,26.0,1.0,False,3.178976897086682,169
True,1,4,80.0,64.0,3.0,99.0,1.0,False,2.7343344649641423,114
True,3,5,81.0,63.0,4.0,47.0,1.0,False,4.111985695642294,151
True,1,4,76.0,59.0,5.0,7.0,1.0,False,3.1316532473441123,65
False,3,5,8.0,37.0,3.0,24.0,1.0,False,0.7943111751334793,9
False,2,2,37.0,50.0,3.0,98.0,1.0,False,4.00666333066112,20
False,1,2,29.0,48.0,3.0,62.0,3.0,False,3.6072859621019258,11
False,2,2,36.0,46.0,2.0,60.0,3.0,False,4.333440813427181,26
True,3,2,70.0,24.0,4.0,77.0,1.0,False,2.488582280008071,123
True,3,5,38.0,0.0,5.0,49.0,2.0,True,0.49374713303552,93
True,1,2,71.0,69.0,1.0,9.0,4.0,False,2.6226452741453388,96
True,2,5,31.0,6.0,2.0,48.0,5.0,False,1.2348364348975682,97
True,3,5,85.0,53.0,2.0,70.0,1.0,False,3.034429904753334,106
False,2,2,54.0,34.0,2.0,73.0,4.0,False,3.8122166454795634,20
True,2,5,43.0,78.0,2.0,1.0,2.0,False,2.8255173713437514,129
True,3,5,57.0,21.0,5.0,29.0,1.0,False,2.0663136512039966,76
True,2,1,89.0,47.0,5.0,31.0,1.0,False,1.7476351908283312,165
True,1,1,35.0,30.0,2.0,98.0,1.0,False,4.8360819607883245,16
True,2,1,36.0,27.0,1.0,58.0,1.0,True,0.824596680717862,85
True,1,5,11.0,59.0,4.0,28.0,2.0,True,1.0010377441638663,26
True,1,4,38.0,57.0,4.0,13.0,5.0,False,2.0477306306175223,164
True,1,4,71.0,20.0,3.0,85.0,5.0,False,1.394175665085401,101
True,3,2,88.0,84.0,3.0,64.0,2.0,False,3.8824315554670124,125
True,1,3,58.0,22.0,1.0,13.0,4.0,False,2.320491248176923,147
False,3,1,2.0,57.0,3.0,42.0,4.0,False,1.102505637313065,24
False,1,1,41.0,51.0,2.0,76.0,1.0,False,4.79081689722498,31
True,3,5,58.0,45.0,3.0,95.0,1.0,False,3.088120380333533,106
True,1,4,19.0,67.0,3.0,13.0,1.0,True,0.8934391999191611,49
True,2,5,7.0,28.0,4.0,28.0,4.0,False,0.7757281545470045,21
True,1,2,19.0,13.0,4.0,3.0,1.0,False,2.0663136512039966,35
True,1,2,51.0,57.0,4.0,46.0,3.0,True,1.1419027503073778,102
False,3,5,13.0,53.0,3.0,41.0,4.0,False,0.5026411473611432,13
True,3,1,41.0,13.0,4.0,49.0,2.0,False,6.043257183829643,144
True,1,2,4.0,50.0,3.0,17.0,1.0,False,2.480156867991216,157
True,3,5,70.0,69.0,4.0,86.0,3.0,True,0.0,60
False,2,2,49.0,50.0,2.0,70.0,2.0,False,5.859947276097085,15
True,3,5,49.0,34.0,3.0,46.0,4.0,False,4.8259243522187045,93
True,2,2,59.0,43.0,3.0,74.0,1.0,False,4.228118448446008,18
False,3,4,11.0,31.0,4.0,29.0,4.0,False,0.6349719449456463,5
False,1,1,21.0,41.0,3.0,90.0,4.0,False,6.240088844816885,27
False,1,4,75.0,64.0,2.0,17.0,2.0,False,3.009480058329229,55
True,1,5,91.0,66.0,5.0,78.0,2.0,False,1.9586063104171383,70
True,3,4,61.0,36.0,3.0,47.0,5.0,False,4.254474101796417,80
False,2,1,41.0,54.0,2.0,94.0,3.0,False,2.7160778340041283,39
False,3,1,5.0,18.0,4.0,46.0,2.0,False,1.2348364348975682,14
True,3,1,19.0,93.0,5.0,18.0,2.0,False,2.9659471913186493,128
True,3,4,10.0,60.0,2.0,29.0,1.0,False,3.9172126208342766,131
True,2,2,48.0,64.0,5.0,35.0,1.0,False,2.471731455974361,131
False,2,1,49.0,32.0,2.0,65.0,4.0,False,4.288175749863837,31
True,3,1,96.0,66.0,5.0,18.0,2.0,False,2.488582280008071,96
True,3,4,99.0,77.0,5.0,16.0,1.0,False,2.8336163937341463,141
True,3,2,69.0,46.0,3.0,58.0,1.0,False,3.2123521555276415,87
False,3,4,18.0,13.0,2.0,88.0,1.0,False,4.303721015391707,60
True,1,5,79.0,27.0,5.0,43.0,1.0,False,1.8802923780392944,134
True,1,5,85.0,52.0,4.0,15.0,1.0,False,2.788024940544342,92
True,1,4,91.0,64.0,5.0,4.0,2.0,False,3.4334808836860677,146
False,3,2,40.0,40.0,2.0,66.0,4.0,False,3.2187189813652717,19
True,2,2,48.0,30.0,2.0,51.0,1.0,False,5.071676537174776,2
True,2,2,44.0,18.0,1.0,66.0,2.0,False,1.7293785598683167,70
True,3,3,91.0,55.0,4.0,78.0,1.0,False,1.5079234420834295,62
True,1,4,7.0,91.0,3.0,59.0,1.0,False,0.5998644899519219,103
True,2,1,13.0,21.0,2.0,48.0,5.0,False,0.9617494277117069,21
False,2,2,49.0,47.0,5.0,78.0,1.0,False,4.014762353051515,117
False,1,2,43.0,47.0,2.0,76.0,4.0,False,3.545496464131332,14
True,3,3,42.0,20.0,1.0,30.0,2.0,False,1.323960755097952,130
False,3,5,7.0,32.0,2.0,44.0,5.0,False,0.6700793999393708,25
True,3,3,43.0,76.0,3.0,38.0,2.0,False,1.4211840976887307,191
True,2,4,99.0,58.0,2.0,90.0,4.0,False,2.9638886051394246,114
False,3,5,4.0,43.0,5.0,26.0,2.0,False,1.0589727703024856,16
True,3,4,70.0,36.0,4.0,68.0,5.0,False,3.423323275116448,101
False,2,2,25.0,63.0,1.0,82.0,2.0,False,5.921083994814759,87
True,1,5,34.0,79.0,3.0,0.0,2.0,False,1.7041023238177517,119
True,3,3,38.0,31.0,1.0,36.0,1.0,False,3.4918059885511328,97
True,1,2,44.0,54.0,3.0,88.0,4.0,False,0.8209932181103486,77
False,2,5,68.0,85.0,5.0,98.0,2.0,False,6.271079127452159,120
False,3,5,3.0,17.0,2.0,40.0,1.0,False,0.9701748397285618,12
False,3,5,8.0,17.0,4.0,30.0,5.0,False,0.5377486023548677,11
True,2,3,51.0,51.0,4.0,79.0,5.0,False,3.1232278353272576,100
True,1,4,74.0,8.0,1.0,62.0,4.0,False,3.4935381851038976,173
False,1,2,57.0,34.0,2.0,61.0,3.0,False,4.0873622388446496,18
True,2,2,46.0,37.0,2.0,47.0,3.0,False,4.606527820613042,29
True,3,4,89.0,76.0,2.0,34.0,2.0,False,1.1460385043236445,136
False,3,5,74.0,20.0,5.0,87.0,2.0,True,0.7282320191622969,95
True,1,2,76.0,52.0,3.0,91.0,3.0,False,5.6813722460698575,102
True,3,5,95.0,43.0,5.0,43.0,1.0,False,2.9638886051394246,119
True,2,4,94.0,38.0,4.0,19.0,4.0,False,3.2741416534982353,128
True,1,5,16.0,53.0,3.0,44.0,5.0,False,6.510790876197062,161
False,2,5,44.0,68.0,4.0,26.0,3.0,False,1.9586063104171383,158
True,2,5,70.0,33.0,4.0,55.0,1.0,False,2.566896212385915,142
False,3,4,52.0,35.0,3.0,77.0,4.0,False,4.651140104923466,74
False,2,1,35.0,36.0,2.0,64.0,4.0,False,3.201541767705101,22
False,2,2,56.0,37.0,3.0,79.0,4.0,False,4.577134412204028,37
True,1,4,56.0,31.0,5.0,30.0,3.0,False,2.5254219315545603,59
False,3,5,5.0,45.0,1.0,44.0,1.0,False,0.8108356095407291,18
True,3,5,48.0,60.0,3.0,11.0,2.0,False,0.8564270627305333,142
True,2,4,74.0,43.0,4.0,38.0,1.0,True,1.1527014468279042,19
False,2,5,85.0,66.0,1.0,91.0,5.0,False,3.6180963499244654,54
True,2,5,51.0,78.0,2.0,24.0,2.0,False,0.8480016507136783,145
True,2,2,44.0,50.0,3.0,49.0,4.0,False,5.9318943826372985,18
True,1,5,8.0,58.0,2.0,41.0,5.0,False,2.0207221980141923,118
False,1,1,27.0,47.0,2.0,66.0,3.0,False,6.566866327582945,27
True,3,1,43.0,11.0,1.0,12.0,1.0,False,3.6592442411293606,77
False,3,5,7.0,34.0,5.0,44.0,5.0,False,1.0589727703024856,15
False,2,1,31.0,41.0,3.0,76.0,2.0,False,3.8719475572709325,22
False,3,5,47.0,64.0,3.0,60.0,4.0,True,2.495822621363253,80
False,3,5,8.0,31.0,4.0,35.0,5.0,False,0.7943111751334793,21
False,3,1,25.0,45.0,2.0,95.0,5.0,False,3.950914268901696,23
False,2,3,15.0,76.0,5.0,83.0,1.0,False,5.505834971101235,58
False,3,5,9.0,46.0,5.0,42.0,5.0,False,0.9701748397285618,16
True,2,5,57.0,64.0,5.0,73.0,1.0,False,3.1337118335233374,139
True,2,2,46.0,42.0,3.0,59.0,4.0,False,3.791575038713863,45
False,1,1,92.0,2.0,2.0,72.0,1.0,False,3.589782358815296,124
True,2,1,37.0,35.0,3.0,48.0,3.0,False,6.157331350454131,15
True,1,4,52.0,54.0,5.0,66.0,4.0,False,3.26604263110784,76
False,2,3,63.0,54.0,5.0,56.0,1.0,False,3.25555863291176,156
True,3,5,57.0,24.0,2.0,8.0,2.0,False,2.55879718999552,163
True,1,4,89.0,86.0,5.0,72.0,2.0,False,1.4478661406656002,98
True,2,2,35.0,36.0,3.0,66.0,1.0,False,5.487578340141221,36
True,3,4,18.0,27.0,4.0,87.0,5.0,False,4.119758328406229,107
True,3,5,48.0,28.0,2.0,8.0,5.0,False,1.3485842118955966,28
True,3,4,30.0,26.0,4.0,4.0,3.0,False,2.4092891787508472,116
True,3,5,71.0,78.0,5.0,30.0,1.0,False,3.0982779889031526,112
True,1,4,14.0,95.0,4.0,1.0,2.0,False,1.3425437756844267,24
True,3,5,80.0,53.0,5.0,28.0,3.0,False,2.8315578075549217,108
False,1,1,54.0,48.0,2.0,46.0,3.0,False,5.0122720150098665,40
False,3,3,67.0,26.0,5.0,64.0,3.0,False,2.409615568377307,154
True,2,4,58.0,28.0,4.0,99.0,1.0,False,2.417714590767702,87
True,2,2,60.0,28.0,4.0,35.0,1.0,True,1.5776060606621254,82
False,2,1,48.0,30.0,2.0,68.0,4.0,False,5.13346603514537,20
True,2,3,87.0,63.0,4.0,5.0,4.0,False,2.992629234295519,177
False,3,5,4.0,36.0,5.0,35.0,2.0,False,0.7757281545470045,5
True,3,2,95.0,41.0,5.0,61.0,2.0,False,4.684188973737966,115
True,3,5,2.0,43.0,2.0,47.0,5.0,False,1.2348364348975682,12
True,3,5,12.0,24.0,5.0,34.0,5.0,False,1.0673981823193406,14
True,1,1,56.0,46.0,5.0,72.0,5.0,False,2.55879718999552,24
True,3,5,97.0,27.0,5.0,95.0,1.0,False,2.7964503525611972,149
True,3,5,5.0,33.0,5.0,33.0,5.0,False,1.102505637313065,9
True,1,5,50.0,37.0,4.0,17.0,4.0,False,2.250276338189474,128
True,2,5,73.0,65.0,3.0,36.0,5.0,False,3.4067988407091985,102
False,2,5,10.0,54.0,4.0,47.0,4.0,False,0.9431664071252321,7
True,3,5,86.0,38.0,4.0,24.0,3.0,False,3.007421472150004,138
True,2,5,43.0,54.0,1.0,13.0,3.0,False,2.8336163937341463,126
True,3,5,75.0,41.0,1.0,71.0,1.0,False,2.771500506137092,139
True,3,4,68.0,27.0,3.0,65.0,1.0,False,3.1397522697345073,84
True,1,5,84.0,51.0,5.0,47.0,5.0,False,2.0909371080016412,79
False,3,4,86.0,53.0,2.0,67.0,1.0,False,2.322876223982608,154
False,2,5,85.0,95.0,4.0,73.0,5.0,False,2.0122967859973375,119
False,3,4,13.0,23.0,5.0,25.0,2.0,False,0.40541780477036454,5
False,1,2,38.0,52.0,2.0,97.0,4.0,False,3.5350124659352518,31
True,2,2,18.0,3.0,1.0,89.0,2.0,True,0.5293231903380127,153
False,1,1,38.0,31.0,1.0,76.0,4.0,False,4.749016226767165,24
True,3,1,7.0,35.0,2.0,45.0,5.0,False,1.0052822947222864,21
True,3,3,70.0,33.0,1.0,56.0,2.0,True,0.8714066207094948,142
True,1,2,55.0,47.0,3.0,53.0,3.0,False,4.876903462366759,27
False,2,5,89.0,29.0,3.0,12.0,4.0,False,3.209967179721956,127
False,3,4,7.0,17.0,5.0,47.0,5.0,False,0.5998644899519219,4
True,2,5,65.0,66.0,3.0,53.0,1.0,False,3.2927246740847096,126
False,2,1,35.0,44.0,2.0,61.0,3.0,False,4.577460801830488,30
False,2,4,73.0,26.0,5.0,3.0,1.0,False,3.403008057977209,99
True,3,2,18.0,99.0,1.0,8.0,5.0,False,1.9073008106426241,83
False,3,1,10.0,11.0,4.0,36.0,5.0,False,0.732195287536425,24
False,2,4,7.0,86.0,1.0,91.0,2.0,False,3.67923306864214,114
False,3,1,3.0,28.0,2.0,38.0,1.0,False,0.5026411473611432,11
False,1,3,39.0,15.0,5.0,37.0,4.0,False,2.0105645894445727,37
True,1,5,84.0,43.0,2.0,18.0,1.0,False,2.161478407615551,102
True,3,5,2.0,50.0,2.0,29.0,1.0,False,1.102505637313065,17
False,2,2,26.0,30.0,2.0,72.0,3.0,False,4.587618410400108,9
True,2,5,2.0,55.0,3.0,27.0,4.0,False,0.7943111751334793,17
True,3,5,25.0,46.0,5.0,0.0,4.0,False,1.5700393296804838,92
True,1,5,63.0,61.0,1.0,92.0,2.0,False,4.39921216142972,80
False,3,1,11.0,56.0,3.0,36.0,4.0,False,0.9266419727179824,10
True,2,3,63.0,95.0,5.0,29.0,5.0,False,1.9420818760098886,165
False,1,2,76.0,31.0,5.0,66.0,1.0,False,4.9488505689069715,56
True,3,1,7.0,18.0,1.0,84.0,1.0,False,4.438110399155434,82
True,1,2,83.0,82.0,4.0,6.0,3.0,False,2.4531484353878863,158
False,2,1,27.0,47.0,3.0,97.0,3.0,False,4.2176344502499274,15
False,1,4,12.0,26.0,1.0,26.0,3.0,False,5.195255533115963,78
True,3,3,68.0,26.0,3.0,58.0,1.0,False,1.967031722433993,97
True,3,3,58.0,5.0,2.0,54.0,2.0,True,0.2592622469087431,73
False,1,2,60.0,55.0,4.0,26.0,4.0,False,4.462733855953078,98
True,3,4,52.0,54.0,5.0,76.0,5.0,False,4.122143304211914,169
True,3,3,87.0,88.0,3.0,59.0,1.0,False,2.2668007725967243,132
True,3,2,55.0,50.0,3.0,70.0,5.0,False,4.552837345032843,24
False,3,5,2.0,24.0,5.0,26.0,4.0,False,0.9617494277117069,12
True,3,3,1.0,34.0,1.0,33.0,1.0,True,0.907417864180601,61
True,3,4,72.0,41.0,5.0,24.0,3.0,False,2.2587017502063294,88
True,3,1,84.0,33.0,4.0,53.0,2.0,False,1.9856147430204678,113
True,3,5,30.0,60.0,4.0,61.0,2.0,False,0.9617494277117069,141
True,3,4,71.0,56.0,3.0,21.0,1.0,False,2.9206821277553052,116
False,2,4,33.0,84.0,1.0,38.0,2.0,False,3.300497306848645,159
False,1,2,27.0,36.0,2.0,89.0,5.0,False,5.15476042116399,4
False,2,4,60.0,96.0,5.0,27.0,5.0,False,3.228550200308431,95
True,2,4,12.0,37.0,5.0,40.0,5.0,False,0.9701748397285618,18
True,3,4,12.0,23.0,5.0,44.0,2.0,False,0.9431664071252321,19
True,2,3,24.0,68.0,3.0,47.0,3.0,False,4.442745028440299,73
False,1,1,42.0,51.0,2.0,73.0,3.0,False,5.160474467748699,25
False,2,3,43.0,38.0,5.0,62.0,4.0,False,1.8532839454359649,146
True,3,5,79.0,25.0,4.0,67.0,1.0,False,2.55847080036906,139
True,3,3,92.0,26.0,5.0,44.0,2.0,False,2.6043886431853243,120
False,2,1,59.0,51.0,2.0,74.0,4.0,False,5.287091218748492,36
False,3,5,88.0,13.0,2.0,18.0,1.0,False,3.3464151496649093,150
True,1,5,77.0,87.0,5.0,44.0,2.0,False,1.6588372602544075,120
True,3,4,76.0,32.0,4.0,94.0,1.0,False,3.009480058329229,125
True,3,5,10.0,44.0,3.0,40.0,5.0,False,0.8645260851209282,10
False,3,1,3.0,28.0,4.0,40.0,1.0,False,0.7943111751334793,9
True,2,2,62.0,6.0,2.0,34.0,3.0,False,4.656101123834792,24
True,3,5,64.0,80.0,5.0,51.0,4.0,False,2.699227009970418,189
True,1,2,84.0,79.0,1.0,60.0,1.0,False,3.7230923252791794,115
True,2,5,81.0,59.0,5.0,51.0,5.0,False,2.9557895827490297,77
False,2,2,24.0,37.0,2.0,45.0,3.0,False,6.293779320397083,16
False,3,2,56.0,40.0,3.0,70.0,3.0,False,4.428931959465195,23
True,3,1,53.0,73.0,5.0,33.0,4.0,False,2.117945540604971,100
True,3,2,57.0,43.0,3.0,51.0,1.0,False,2.858566240158251,128
False,1,4,47.0,70.0,1.0,83.0,4.0,False,3.5921673346209806,126
False,2,1,77.0,18.0,3.0,17.0,4.0,False,5.472133323033815,147
True,3,4,69.0,66.0,4.0,57.0,1.0,False,2.691127987580024,122
True,2,5,10.0,9.0,3.0,37.0,5.0,False,1.3320597774883467,8
False,3,2,50.0,9.0,5.0,75.0,3.0,True,0.8934391999191611,62
True,3,2,79.0,29.0,5.0,95.0,2.0,False,3.6714604358782044,104
False,1,3,66.0,95.0,1.0,51.0,2.0,False,5.594306512048699,13
True,3,1,68.0,53.0,3.0,23.0,1.0,False,2.9723140171562794,120
False,2,1,8.0,34.0,3.0,38.0,5.0,False,0.8729514971377832,21
False,2,5,6.0,22.0,5.0,40.0,1.0,False,1.3320597774883467,19
True,1,1,72.0,3.0,2.0,31.0,3.0,True,0.6481556172718578,135
False,2,2,40.0,35.0,4.0,49.0,4.0,False,3.7045093046927047,32
True,1,2,43.0,49.0,2.0,48.0,3.0,False,6.3373121874076634,18
True,3,1,89.0,83.0,5.0,43.0,5.0,False,3.0196376668988485,78
True,3,5,6.0,38.0,4.0,49.0,5.0,False,1.3320597774883467,18
False,1,1,21.0,31.0,2.0,85.0,3.0,False,3.441906295702923,13
False,1,2,51.0,50.0,4.0,80.0,4.0,False,4.153459976473648,22
False,3,3,51.0,42.0,4.0,20.0,5.0,False,5.943975255059639,97
True,1,2,20.0,44.0,1.0,15.0,1.0,True,0.3641160095811484,47
False,3,1,36.0,34.0,2.0,48.0,3.0,False,5.727616478512582,25
False,2,2,32.0,47.0,2.0,54.0,1.0,False,2.151320799045931,9
True,1,5,86.0,1.0,3.0,8.0,5.0,False,3.063170533909428,163
False,2,1,56.0,85.0,5.0,20.0,1.0,False,3.5742370932874263,115
False,2,3,74.0,3.0,3.0,62.0,1.0,True,2.8599386309444013,105
True,2,2,71.0,85.0,2.0,21.0,3.0,False,3.8266824937075876,38
True,1,5,61.0,30.0,3.0,20.0,3.0,False,1.4043332736550207,11
True,1,1,62.0,83.0,5.0,37.0,2.0,False,0.9968568827054314,135
True,2,4,13.0,78.0,5.0,38.0,1.0,False,2.0828380856112467,94
True,3,4,91.0,46.0,4.0,34.0,1.0,False,3.106703400920008,67
True,3,4,4.0,21.0,5.0,49.0,4.0,False,0.5026411473611432,18
False,2,1,45.0,46.0,4.0,86.0,2.0,False,4.838140546967549,43
False,3,2,46.0,53.0,1.0,69.0,4.0,False,5.136177400577514,42
False,2,5,10.0,14.0,5.0,37.0,2.0,False,0.7943111751334793,18
True,1,5,25.0,69.0,5.0,19.0,4.0,False,1.7290521702418564,39
True,1,4,75.0,16.0,1.0,26.0,1.0,True,1.1306688676182377,87
False,2,3,42.0,73.0,5.0,84.0,1.0,True,0.9182165607011274,29
True,3,5,63.0,40.0,5.0,84.0,1.0,False,2.842041805751001,89
True,2,2,78.0,79.0,3.0,19.0,1.0,False,2.4984134989512308,72
False,2,4,47.0,19.0,5.0,15.0,2.0,False,3.077636382137453,118
False,2,5,6.0,40.0,3.0,24.0,4.0,False,0.7943111751334793,20
True,2,1,74.0,32.0,5.0,38.0,1.0,False,2.513205736805716,126
False,1,2,28.0,98.0,2.0,56.0,3.0,False,3.6238103965091755,170
True,2,4,42.0,50.0,4.0,30.0,1.0,True,1.4367410545186137,61
True,1,4,57.0,81.0,5.0,43.0,2.0,False,2.4531484353878863,110
True,2,5,11.0,58.0,5.0,6.0,2.0,False,2.0578882391871414,89
True,3,2,64.0,53.0,5.0,93.0,2.0,False,3.7065678908719297,96
False,2,1,40.0,51.0,2.0,88.0,4.0,False,6.016901530479233,14
True,2,4,52.0,25.0,5.0,41.0,5.0,False,2.7630750941202367,114
False,1,1,42.0,71.0,5.0,27.0,5.0,False,5.4848669747090755,87
True,2,3,11.0,47.0,5.0,42.0,1.0,False,5.87376034507219,105
False,3,5,43.0,34.0,5.0,17.0,1.0,False,2.1965858626092754,151
False,3,5,11.0,46.0,5.0,38.0,2.0,False,0.7943111751334793,19
False,3,1,2.0,26.0,5.0,39.0,2.0,False,0.40541780477036454,13
True,3,2,50.0,32.0,3.0,54.0,2.0,True,1.4367410545186137,50
False,3,3,26.0,27.0,3.0,43.0,4.0,False,2.029147610031047,10
False,3,2,43.0,34.0,2.0,55.0,2.0,False,3.32577354289921,24
False,3,4,78.0,43.0,3.0,55.0,1.0,True,2.7883513301708023,134
False,3,1,4.0,42.0,4.0,37.0,1.0,False,0.8294186301272037,19
True,2,2,52.0,68.0,2.0,98.0,5.0,False,3.487171359266267,153
False,2,2,51.0,38.0,2.0,47.0,2.0,False,4.861031807212429,15
True,3,1,7.0,32.0,5.0,42.0,2.0,False,0.4942157353442882,104
False,3,2,86.0,13.0,3.0,6.0,5.0,False,3.9168862312078163,56
True,2,5,45.0,52.0,1.0,72.0,4.0,False,3.6279275688676256,166
True,2,5,7.0,37.0,3.0,31.0,4.0,False,0.6700793999393708,8
True,3,2,63.0,36.0,4.0,43.0,3.0,True,0.4357033103547474,95
False,3,4,1.0,10.0,4.0,48.0,1.0,False,0.9080589521315077,21
False,3,1,2.0,25.0,5.0,24.0,5.0,False,1.0052822947222864,12
False,2,1,29.0,92.0,3.0,98.0,2.0,False,1.9852883533940076,92
True,1,1,11.0,33.0,4.0,68.0,2.0,False,1.8013256664085304,72
False,3,1,25.0,52.0,2.0,48.0,3.0,False,4.895486482953233,35
True,2,5,74.0,41.0,5.0,74.0,1.0,False,2.275226184613579,126
False,1,1,98.0,61.0,5.0,72.0,2.0,False,5.263738246550648,46
False,3,4,72.0,3.0,5.0,10.0,1.0,False,2.0203958083877325,147
True,1,1,66.0,25.0,4.0,14.0,1.0,True,1.3431211745353484,54
False,2,3,66.0,15.0,2.0,38.0,5.0,False,2.839656829945316,183
True,3,5,48.0,77.0,3.0,30.0,3.0,False,1.6753616946616572,85
True,3,1,54.0,35.0,1.0,31.0,1.0,True,0.7885854372467558,64
False,1,1,44.0,49.0,2.0,5.0,1.0,False,6.314285604836279,49
True,3,2,50.0,63.0,2.0,45.0,4.0,False,3.2039267435107863,111
True,1,3,80.0,68.0,5.0,74.0,2.0,True,1.883678247562501,31
True,3,3,64.0,79.0,5.0,36.0,1.0,False,2.4447230233710315,69
True,1,4,89.0,15.0,4.0,75.0,3.0,True,1.5884047571826518,132
True,3,5,3.0,32.0,3.0,30.0,4.0,False,0.6785048119562258,11
False,3,4,80.0,44.0,5.0,55.0,4.0,False,2.620586687966114,136
True,2,4,66.0,20.0,5.0,56.0,1.0,False,1.9234988554234138,127
True,1,1,83.0,92.0,2.0,46.0,5.0,False,5.679313659890632,143
True,3,2,49.0,38.0,2.0,45.0,4.0,False,5.346495740913402,12
True,2,1,28.0,51.0,2.0,72.0,2.0,False,5.8782039070571,18
False,3,1,2.0,52.0,1.0,35.0,5.0,False,0.7943111751334793,16
False,3,5,10.0,56.0,1.0,35.0,5.0,False,1.2348364348975682,7
True,3,4,56.0,6.0,4.0,95.0,5.0,False,4.448268007725054,104
True,1,2,26.0,52.0,2.0,56.0,3.0,False,5.030855035596341,22
False,1,1,42.0,34.0,1.0,76.0,3.0,False,3.9364484206736714,13
False,3,3,54.0,18.0,5.0,94.0,2.0,False,4.383340506275391,152
False,2,3,67.0,25.0,1.0,69.0,3.0,True,2.565100326733165,114
True,3,5,67.0,46.0,5.0,1.0,5.0,False,4.535986520999133,166
True,3,5,68.0,27.0,1.0,98.0,1.0,False,3.4500053180933175,138
True,2,5,11.0,2.0,2.0,18.0,1.0,False,4.728374620001466,158
True,3,4,6.0,23.0,3.0,46.0,2.0,False,0.9080589521315077,6
True,1,3,59.0,34.0,3.0,11.0,2.0,False,1.4562915526824551,134
False,3,4,69.0,75.0,3.0,35.0,1.0,False,2.0041977636069426,191
False,3,5,9.0,42.0,2.0,45.0,1.0,False,1.1376130923067895,21
True,2,1,25.0,53.0,2.0,45.0,1.0,False,5.753645742236531,113
False,3,1,13.0,27.0,5.0,48.0,4.0,False,0.6785048119562258,14
True,1,2,4.0,29.0,4.0,12.0,1.0,True,1.5415948171910188,110
True,3,1,49.0,42.0,4.0,98.0,3.0,False,3.2207775675444967,26
False,2,5,60.0,1.0,2.0,58.0,5.0,False,2.8231323955380665,148
True,2,1,26.0,49.0,1.0,87.0,3.0,False,4.5710939759928575,33
True,2,4,41.0,90.0,5.0,16.0,5.0,False,2.93926514834178,146
True,2,1,34.0,65.0,4.0,59.0,2.0,True,0.7885854372467558,102
False,1,3,44.0,61.0,2.0,84.0,2.0,False,5.116615211111659,83
False,2,2,32.0,49.0,2.0,21.0,3.0,False,4.305779601570931,130
True,2,4,97.0,72.0,3.0,33.0,1.0,False,2.285710182809659,70
True,3,1,70.0,45.0,3.0,37.0,4.0,False,2.0207221980141923,90
True,2,5,62.0,75.0,2.0,46.0,3.0,False,1.2615184778744377,128
True,1,5,47.0,50.0,3.0,7.0,3.0,False,0.8108356095407291,125
True,1,5,78.0,82.0,1.0,21.0,4.0,False,0.9080589521315077,143
True,3,3,55.0,73.0,5.0,49.0,2.0,False,2.4447230233710315,87
True,3,5,88.0,29.0,5.0,25.0,1.0,False,2.4366240009806366,102
True,3,1,53.0,79.0,3.0,80.0,1.0,False,3.539129638293702,107
False,3,2,45.0,23.0,5.0,6.0,5.0,False,2.7964503525611972,187
True,1,4,75.0,25.0,4.0,11.0,4.0,False,3.855423122863682,151
True,3,5,71.0,79.0,4.0,70.0,5.0,False,2.6641195549766934,81
True,1,2,40.0,6.0,3.0,65.0,2.0,False,1.7293785598683167,103
False,2,1,9.0,47.0,3.0,44.0,4.0,False,1.0589727703024856,12
True,3,1,5.0,7.0,1.0,15.0,4.0,False,0.5377486023548677,130
True,2,2,27.0,33.0,2.0,86.0,4.0,False,6.839953334768807,34
True,1,3,74.0,37.0,3.0,50.0,2.0,True,1.800857064099762,122
False,2,1,38.0,49.0,4.0,85.0,1.0,False,5.336338132343782,32
False,3,5,78.0,35.0,4.0,56.0,1.0,True,1.7760797033177957,160
True,3,5,86.0,66.0,5.0,42.0,5.0,False,2.364350504813963,163
True,3,5,42.0,97.0,5.0,34.0,5.0,False,0.7156708531291752,176
False,2,1,69.0,56.0,5.0,20.0,5.0,False,3.758199780272904,163
False,3,5,12.0,38.0,3.0,24.0,5.0,False,0.7757281545470045,7
True,3,4,84.0,69.0,1.0,21.0,4.0,False,3.0530129253398086,136
False,3,1,53.0,32.0,3.0,62.0,4.0,False,5.468668929928285,14
True,3,5,34.0,95.0,5.0,42.0,2.0,False,1.1045642234922899,68
True,3,1,89.0,56.0,3.0,19.0,1.0,False,3.0010546463123737,70
False,2,1,62.0,28.0,5.0,94.0,4.0,True,0.3641160095811484,116
True,2,1,78.0,82.0,4.0,72.0,3.0,False,3.857481709042907,115
False,3,5,10.0,52.0,2.0,38.0,5.0,False,0.9617494277117069,16
True,3,2,3.0,42.0,5.0,35.0,5.0,False,1.2618448675008977,100
False,1,5,78.0,53.0,2.0,92.0,2.0,False,5.206065920938504,83
False,2,1,43.0,39.0,3.0,25.0,3.0,False,3.5637530950913465,134
True,3,5,94.0,39.0,3.0,49.0,3.0,False,3.4770137506966474,92
False,3,4,9.0,25.0,4.0,41.0,5.0,False,1.0673981823193406,3
True,2,4,80.0,64.0,5.0,33.0,1.0,False,2.1530529955986957,84
False,2,5,59.0,61.0,1.0,17.0,1.0,False,2.045672044438297,125
True,1,4,75.0,43.0,2.0,49.0,1.0,False,1.7746436234316607,132
True,3,2,75.0,21.0,5.0,4.0,4.0,False,2.479830478364756,75
True,3,4,67.0,40.0,3.0,22.0,1.0,False,3.3882158201227237,66
True,3,5,23.0,90.0,2.0,76.0,3.0,False,4.947444761980668,17
True,1,1,42.0,1.0,1.0,26.0,1.0,True,0.7169981364731569,157
False,3,4,22.0,43.0,5.0,39.0,1.0,False,4.560283588170318,93
True,1,5,31.0,87.0,4.0,95.0,5.0,False,2.2853837931831986,85
False,1,2,27.0,53.0,3.0,91.0,3.0,False,5.911252775871599,23
False,3,5,11.0,36.0,1.0,38.0,4.0,False,0.8729514971377832,8
False,2,5,66.0,11.0,1.0,54.0,5.0,False,1.385750253068546,127
True,1,1,43.0,35.0,3.0,77.0,3.0,False,4.1636175850432675,26
True,1,4,37.0,4.0,4.0,55.0,2.0,True,1.5776060606621254,29
False,2,1,58.0,85.0,1.0,28.0,2.0,False,3.2639840449286153,98
False,3,1,13.0,38.0,5.0,32.0,5.0,False,1.102505637313065,13
False,1,1,33.0,32.0,2.0,67.0,4.0,False,4.622399475767372,45
False,3,4,5.0,23.0,2.0,34.0,5.0,False,1.0589727703024856,11
False,3,1,1.0,22.0,5.0,31.0,4.0,False,0.8294186301272037,17
False,2,4,77.0,57.0,4.0,74.0,4.0,False,3.557059879627256,146
False,3,3,60.0,75.0,5.0,41.0,5.0,False,4.668317318583637,172
True,3,3,76.0,23.0,3.0,2.0,5.0,False,3.1934427453147065,144
False,3,2,61.0,32.0,5.0,92.0,3.0,True,0.705764253784017,17
True,3,2,62.0,64.0,1.0,88.0,4.0,False,2.3042932033961336,118
True,1,1,30.0,34.0,3.0,55.0,3.0,False,4.269592729277362,39
False,2,2,27.0,54.0,3.0,50.0,2.0,False,2.9105245191856857,4
True,3,5,61.0,53.0,5.0,76.0,1.0,False,2.3829335254004373,16
True,3,5,4.0,33.0,1.0,39.0,5.0,False,0.7757281545470045,10
False,3,4,3.0,2.0,2.0,51.0,4.0,False,3.237302001951746,113
False,2,1,46.0,36.0,2.0,57.0,1.0,False,5.43356147493456,22
False,2,5,54.0,93.0,5.0,4.0,1.0,False,2.5686284089386797,127
True,2,5,72.0,48.0,4.0,74.0,5.0,False,2.0747390632208518,88
True,1,4,78.0,47.0,1.0,66.0,2.0,False,2.7634014837466974,90
True,3,3,7.0,36.0,5.0,34.0,1.0,False,2.947364170732175,85
True,2,1,76.0,37.0,4.0,39.0,3.0,False,2.241850926172619,174
True,3,1,81.0,27.0,3.0,7.0,1.0,False,2.5149379333584805,95
False,2,5,7.0,54.0,4.0,29.0,1.0,False,0.9617494277117069,22
True,2,2,14.0,46.0,1.0,94.0,1.0,False,5.8821857570890455,72
True,3,5,72.0,26.0,4.0,98.0,3.0,False,3.2909924775319457,132
True,3,2,8.0,53.0,5.0,43.0,1.0,True,1.4259423579980872,140
False,3,5,7.0,56.0,3.0,30.0,5.0,False,0.5998644899519219,7
True,3,5,91.0,31.0,4.0,72.0,1.0,False,1.2969523224946222,105
True,1,5,51.0,31.0,1.0,9.0,1.0,False,0.40541780477036454,158
True,1,4,10.0,59.0,1.0,3.0,4.0,False,1.7125277358346067,154
False,3,5,59.0,35.0,5.0,74.0,4.0,False,3.3815226046586337,120
False,3,5,71.0,73.0,5.0,43.0,4.0,False,3.6279275688676256,167
True,1,2,21.0,35.0,2.0,52.0,3.0,False,4.8522800055691135,23
False,3,1,4.0,39.0,2.0,35.0,4.0,False,0.9266419727179824,8
False,1,2,54.0,40.0,2.0,68.0,3.0,False,5.336338132343782,35
False,2,2,21.0,44.0,3.0,76.0,5.0,False,3.3882158201227237,25
False,2,4,3.0,25.0,2.0,34.0,4.0,False,0.6700793999393708,15
True,3,1,72.0,20.0,5.0,68.0,2.0,False,2.9287811501457,122
True,1,2,29.0,30.0,1.0,53.0,3.0,False,4.968086368746367,26
False,3,1,58.0,50.0,4.0,85.0,3.0,False,6.19449739162708,18
True,1,3,68.0,52.0,4.0,37.0,1.0,True,1.166680111089344,146
False,3,5,7.0,17.0,3.0,28.0,4.0,False,0.9701748397285618,6
False,1,1,89.0,88.0,3.0,38.0,1.0,False,1.710795539281842,76
True,1,5,85.0,49.0,5.0,51.0,1.0,False,3.4148978630995934,113
False,3,5,9.0,40.0,2.0,46.0,5.0,False,0.6349719449456463,14
False,2,1,23.0,42.0,2.0,51.0,2.0,False,3.1316532473441123,12
True,2,1,78.0,47.0,1.0,92.0,4.0,False,3.0982779889031526,110
True,3,4,96.0,72.0,5.0,78.0,4.0,False,1.9960987412165478,106
False,1,5,84.0,82.0,3.0,15.0,1.0,False,5.222590355345754,124
True,3,2,56.0,57.0,3.0,81.0,1.0,False,2.2853837931831986,149
False,1,2,39.0,41.0,3.0,97.0,1.0,False,6.027059139048852,18
True,3,5,36.0,1.0,4.0,25.0,1.0,True,0.7169981364731569,56
False,3,5,6.0,46.0,3.0,40.0,5.0,False,0.40541780477036454,6
False,2,2,8.0,24.0,3.0,68.0,2.0,False,2.3555987031706476,135
True,3,2,65.0,7.0,1.0,23.0,5.0,False,2.1965858626092754,141
False,1,2,99.0,50.0,1.0,85.0,2.0,False,4.128183740423084,68
False,3,1,13.0,40.0,1.0,37.0,4.0,False,0.6785048119562258,8
True,2,5,41.0,24.0,5.0,9.0,5.0,False,3.7933072352666284,138
True,3,5,10.0,50.0,4.0,32.0,5.0,False,0.5026411473611432,3
False,3,1,4.0,18.0,2.0,26.0,1.0,False,1.1376130923067895,12
True,2,4,25.0,29.0,1.0,96.0,4.0,False,4.806362162752849,97
True,2,1,60.0,45.0,2.0,42.0,2.0,False,0.8128941957199538,86
True,3,5,6.0,49.0,2.0,27.0,5.0,False,0.8729514971377832,17
False,2,1,4.0,16.0,5.0,88.0,1.0,False,3.1998095711523367,90
False,3,5,70.0,6.0,1.0,71.0,5.0,False,3.0715959459262834,171
False,3,4,5.0,27.0,3.0,26.0,4.0,False,0.5998644899519219,2
False,1,1,21.0,34.0,1.0,81.0,2.0,False,3.3507233893233144,6
True,2,1,77.0,38.0,2.0,72.0,5.0,False,3.7518329544352738,143
True,1,4,75.0,59.0,3.0,42.0,4.0,False,3.4854391627135026,86
False,2,5,50.0,23.0,2.0,72.0,5.0,False,2.914315301917675,135
False,1,2,58.0,52.0,2.0,58.0,3.0,False,6.045642159635327,29
True,3,5,83.0,33.0,1.0,21.0,3.0,False,1.7644860148620412,70
False,3,4,5.0,24.0,3.0,47.0,5.0,False,0.8645260851209282,5
False,1,3,44.0,17.0,5.0,50.0,1.0,False,3.9091135984438816,108
False,2,1,34.0,40.0,1.0,85.0,4.0,False,6.000050706445522,35
True,3,3,19.0,23.0,5.0,53.0,1.0,True,1.2602999910726094,90
False,1,1,47.0,40.0,1.0,78.0,1.0,False,5.320140087562993,41
False,1,2,28.0,48.0,2.0,75.0,1.0,False,2.5939046449892444,37
True,2,1,36.0,47.0,4.0,39.0,3.0,True,1.7540471241081295,104
True,3,2,42.0,69.0,4.0,55.0,1.0,True,0.3641160095811484,124
True,1,1,29.0,74.0,2.0,92.0,4.0,False,4.831312009176955,158
False,2,5,13.0,33.0,1.0,34.0,4.0,False,1.0589727703024856,18
False,1,2,98.0,3.0,3.0,46.0,2.0,False,4.818904747128154,44
False,3,1,9.0,43.0,4.0,42.0,4.0,False,0.6785048119562258,8
False,3,5,13.0,35.0,2.0,30.0,4.0,False,0.7943111751334793,19
True,2,5,78.0,63.0,2.0,36.0,1.0,False,2.9659471913186493,143
False,1,1,49.0,36.0,2.0,51.0,4.0,False,5.344437154734177,25
True,3,2,48.0,48.0,1.0,77.0,4.0,False,3.274468043124695,43
True,3,5,87.0,72.0,4.0,87.0,4.0,False,2.5317887573921904,79
False,1,1,22.0,50.0,1.0,62.0,4.0,False,5.5226857951349455,27
False,2,2,47.0,50.0,2.0,55.0,1.0,False,4.260840927634047,26
True,1,5,47.0,98.0,3.0,12.0,3.0,False,1.245320433093648,90
True,2,4,55.0,43.0,5.0,21.0,1.0,False,3.25555863291176,106
False,3,4,81.0,4.0,4.0,56.0,1.0,True,0.6233782564898915,114
False,3,5,5.0,48.0,3.0,28.0,4.0,False,0.8729514971377832,9
True,3,1,7.0,60.0,3.0,79.0,2.0,False,2.5254219315545603,101
True,3,2,65.0,88.0,2.0,4.0,4.0,False,2.5483131917994406,166
False,3,1,48.0,49.0,2.0,57.0,4.0,False,3.2450746347156807,12
True,2,1,70.0,27.0,3.0,18.0,4.0,False,2.7964503525611972,101
True,1,5,31.0,10.0,5.0,30.0,5.0,False,1.8532839454359649,131
True,1,3,69.0,82.0,3.0,40.0,2.0,False,1.6504118482375525,148
True,3,1,44.0,5.0,4.0,44.0,2.0,True,0.3060721869003758,62
True,3,5,67.0,56.0,1.0,2.0,1.0,False,1.9586063104171383,90
False,3,1,51.0,98.0,1.0,47.0,1.0,False,1.756060602845186,146
True,2,2,88.0,45.0,2.0,99.0,2.0,False,2.629012099982969,108
False,3,5,7.0,35.0,4.0,32.0,2.0,False,0.7943111751334793,8
False,1,4,88.0,25.0,1.0,12.0,2.0,False,3.944547443064066,81
False,3,2,59.0,48.0,3.0,71.0,5.0,False,4.215575864070702,27
True,2,2,54.0,42.0,3.0,54.0,2.0,False,2.864933065995881,38
False,2,5,75.0,58.0,4.0,73.0,4.0,False,4.271324925830127,128
True,2,3,57.0,31.0,1.0,57.0,1.0,False,3.9091135984438816,139
False,3,4,43.0,32.0,1.0,30.0,2.0,False,3.8031384542097877,97
True,1,1,98.0,22.0,4.0,1.0,3.0,False,3.0445875133229534,99
True,1,2,64.0,60.0,4.0,9.0,3.0,False,2.339400658389858,73
False,2,1,24.0,52.0,2.0,79.0,2.0,False,6.018960116658458,22
True,1,2,4.0,73.0,1.0,93.0,2.0,False,5.600673337886328,104
False,1,2,23.0,33.0,2.0,55.0,3.0,False,5.241499765558689,7
True,3,4,93.0,39.0,5.0,30.0,1.0,False,2.8234587851645268,112
False,3,4,58.0,92.0,4.0,3.0,3.0,False,3.124960031880022,119
False,2,1,54.0,44.0,2.0,78.0,5.0,False,2.407556982198082,7
True,3,4,76.0,45.0,5.0,37.0,5.0,False,3.1337118335233374,144
True,3,5,85.0,91.0,1.0,51.0,5.0,False,2.4362976113541763,166
True,3,5,2.0,38.0,2.0,33.0,4.0,False,0.5377486023548677,15
False,2,1,60.0,16.0,5.0,82.0,1.0,True,1.1419027503073778,130
False,2,2,32.0,51.0,4.0,61.0,1.0,False,5.320140087562993,16
True,3,1,46.0,43.0,2.0,54.0,3.0,False,5.657401568525133,38
False,2,1,43.0,33.0,3.0,46.0,3.0,False,3.2805084793358654,37
True,2,5,53.0,98.0,5.0,62.0,4.0,False,2.267127162223184,99
True,3,5,73.0,16.0,4.0,25.0,3.0,True,1.5195622379813525,63
False,2,5,70.0,92.0,5.0,25.0,5.0,False,3.125286421506482,154
True,3,1,3.0,56.0,5.0,28.0,5.0,False,0.8108356095407291,21
True,1,5,18.0,62.0,2.0,22.0,3.0,False,5.830227478061611,138
True,3,1,58.0,79.0,4.0,99.0,1.0,False,2.645536534390219,78
False,2,5,20.0,16.0,4.0,88.0,4.0,True,2.0020754883277325,44
True,3,4,2.0,1.0,5.0,41.0,1.0,True,1.389931114526981,99
False,3,1,34.0,54.0,3.0,63.0,5.0,False,3.183285136745087,25
True,2,5,64.0,19.0,1.0,43.0,5.0,False,2.8873068693143455,124
True,3,4,3.0,37.0,2.0,41.0,4.0,False,0.6970878325427005,7
True,2,4,75.0,74.0,4.0,78.0,1.0,False,2.55243036415789,182
False,3,5,6.0,14.0,4.0,39.0,4.0,False,0.6785048119562258,6
True,1,2,93.0,6.0,5.0,52.0,2.0,False,1.1210886578995396,112
False,2,5,11.0,22.0,3.0,25.0,4.0,False,0.6700793999393708,10
True,1,3,49.0,47.0,3.0,41.0,2.0,True,1.307109931064242,56
False,2,4,82.0,86.0,1.0,93.0,4.0,False,4.207150452053847,65
True,2,5,11.0,10.0,1.0,27.0,2.0,False,1.1727205473005142,75
False,2,1,59.0,47.0,3.0,53.0,3.0,False,4.674357754794806,33
True,3,1,20.0,10.0,2.0,52.0,2.0,True,0.3641160095811484,102
True,3,4,51.0,27.0,4.0,34.0,4.0,False,2.6742771635463134,96
True,3,5,81.0,32.0,4.0,55.0,1.0,False,2.0558296530079168,118
False,3,1,37.0,37.0,2.0,48.0,1.0,False,2.364350504813963,28
True,2,1,35.0,40.0,2.0,98.0,3.0,False,3.468914728306253,8
True,3,5,35.0,53.0,5.0,94.0,4.0,False,1.9589327000435983,81
True,2,4,92.0,6.0,5.0,91.0,4.0,False,4.01649454960428,91
True,1,2,22.0,32.0,4.0,47.0,4.0,False,5.400186216493601,20
True,3,4,96.0,45.0,3.0,93.0,1.0,False,3.061111947730203,104
True,3,5,25.0,63.0,3.0,72.0,5.0,False,1.3506427980748215,59
True,1,1,28.0,37.0,4.0,73.0,4.0,False,3.9178654000871966,19
False,3,4,4.0,51.0,2.0,37.0,5.0,False,0.7943111751334793,17
True,2,3,8.0,12.0,2.0,6.0,2.0,False,1.8532839454359649,123
False,1,2,30.0,39.0,2.0,63.0,3.0,False,3.969497289488171,30
True,3,4,49.0,70.0,4.0,70.0,3.0,False,2.9972638635803843,125
False,2,5,82.0,47.0,1.0,1.0,1.0,False,2.5854792329723892,149
True,3,4,65.0,78.0,5.0,27.0,1.0,False,3.2039267435107863,112
True,3,3,97.0,62.0,3.0,62.0,5.0,False,3.0965457923503883,130
False,2,2,46.0,97.0,5.0,47.0,3.0,False,3.6981424788550745,120
True,3,4,70.0,67.0,4.0,26.0,4.0,False,3.009480058329229,95
False,1,2,51.0,53.0,4.0,54.0,3.0,False,5.292805265333203,16
True,1,4,80.0,15.0,3.0,49.0,1.0,False,2.2070698608053547,187
False,1,2,23.0,49.0,1.0,76.0,3.0,False,3.2825670655150905,22
False,1,5,41.0,95.0,5.0,16.0,2.0,False,3.1421372455401917,160
False,3,5,8.0,32.0,5.0,30.0,5.0,False,0.732195287536425,14
True,3,1,63.0,23.0,5.0,48.0,3.0,True,1.4479749372077535,31
True,2,5,2.0,37.0,3.0,47.0,2.0,False,0.9431664071252321,5
False,2,1,44.0,38.0,3.0,91.0,4.0,False,4.7881055317928345,33
False,3,1,9.0,42.0,5.0,33.0,4.0,False,0.8645260851209282,3
False,2,5,12.0,37.0,4.0,31.0,4.0,False,1.0403897497160108,24
True,3,2,6.0,41.0,3.0,85.0,1.0,False,1.0839226167265905,154
False,3,3,80.0,55.0,2.0,46.0,4.0,False,3.176918310907457,176
False,2,1,31.0,39.0,2.0,63.0,3.0,False,3.1127438371311777,19
False,2,1,38.0,44.0,2.0,54.0,2.0,False,3.4131656665468286,11
True,3,5,4.0,33.0,5.0,28.0,5.0,False,0.6785048119562258,8
True,2,3,96.0,60.0,2.0,4.0,2.0,False,1.2990109086738473,98
False,3,5,9.0,31.0,4.0,27.0,2.0,False,0.40541780477036454,4
True,2,2,34.0,38.0,2.0,73.0,3.0,False,4.76348207499519,31
True,2,5,4.0,52.0,4.0,24.0,5.0,False,0.6785048119562258,12
False,3,1,12.0,11.0,3.0,37.0,5.0,False,0.8294186301272037,11
False,2,5,58.0,54.0,5.0,68.0,2.0,False,3.1934427453147065,126
False,3,2,15.0,78.0,3.0,11.0,5.0,False,4.421912354374644,121
True,1,1,56.0,40.0,2.0,56.0,4.0,False,4.119758328406229,43
True,3,3,54.0,31.0,5.0,83.0,1.0,False,2.8687238487278712,122
True,2,5,84.0,1.0,3.0,57.0,2.0,True,1.318343813753382,121
False,1,1,20.0,30.0,2.0,80.0,5.0,False,5.640550744491423,27
True,2,2,25.0,48.0,2.0,84.0,4.0,False,4.138667738619163,18
True,1,3,41.0,8.0,5.0,8.0,2.0,False,2.0828380856112467,46
True,2,5,10.0,11.0,4.0,47.0,5.0,False,1.102505637313065,14
True,3,4,65.0,20.0,4.0,77.0,1.0,False,2.717810030556893,134
True,3,2,66.0,22.0,4.0,20.0,4.0,False,3.32609993252567,97
False,3,4,12.0,19.0,3.0,29.0,2.0,False,0.6970878325427005,11
True,1,5,72.0,0.0,3.0,55.0,1.0,True,0.48251325034638004,98
True,3,2,67.0,56.0,5.0,42.0,1.0,True,1.5195622379813525,82
False,3,4,67.0,82.0,5.0,15.0,4.0,False,3.557386269253716,141
False,3,4,92.0,63.0,1.0,78.0,4.0,True,0.5405570730271527,81
True,3,3,80.0,64.0,3.0,28.0,1.0,False,3.4584307301101727,89
False,1,2,52.0,31.0,2.0,69.0,4.0,False,3.5286456400976216,32
False,2,3,47.0,65.0,5.0,24.0,5.0,False,2.6725449669935486,172
False,3,1,23.0,42.0,2.0,52.0,4.0,False,5.667232787468293,36
True,2,1,22.0,51.0,3.0,72.0,3.0,False,4.136282762813479,9
False,3,5,29.0,68.0,3.0,82.0,3.0,True,2.3058380798244222,124
False,2,2,25.0,54.0,2.0,60.0,4.0,False,4.515344914233434,27
False,3,5,13.0,27.0,1.0,29.0,1.0,False,0.5026411473611432,10
False,2,2,23.0,41.0,2.0,65.0,4.0,False,4.912010917360483,38
False,2,2,23.0,51.0,1.0,97.0,3.0,False,5.4538766920738,12
True,3,2,48.0,71.0,4.0,28.0,5.0,False,1.0403897497160108,90
False,2,5,97.0,70.0,1.0,15.0,3.0,False,3.8406308850091975,66
False,3,5,9.0,20.0,1.0,45.0,4.0,False,0.8729514971377832,16
True,3,1,5.0,11.0,4.0,41.0,4.0,False,0.5377486023548677,15
False,2,3,84.0,52.0,5.0,36.0,3.0,False,2.550045388352205,150
True,3,3,53.0,43.0,4.0,53.0,4.0,False,2.7964503525611972,93
False,2,3,51.0,9.0,4.0,17.0,5.0,False,4.35979646677759,99
True,1,1,1.0,14.0,1.0,46.0,2.0,True,1.5195622379813525,95
True,3,4,96.0,43.0,4.0,50.0,1.0,False,1.09408022529621,90
True,1,5,30.0,79.0,4.0,23.0,2.0,False,1.4043332736550207,70
False,3,5,4.0,30.0,5.0,36.0,4.0,False,0.40541780477036454,11
False,2,3,9.0,35.0,3.0,61.0,1.0,True,0.6589543137923842,171
True,1,1,76.0,44.0,2.0,15.0,3.0,False,4.103233893998978,45
False,3,2,89.0,96.0,1.0,66.0,4.0,False,2.4696728697951364,154
True,3,5,54.0,21.0,4.0,54.0,1.0,False,2.3829335254004373,119
True,3,5,71.0,62.0,2.0,66.0,5.0,False,1.9937137654108628,170
True,3,5,60.0,25.0,4.0,21.0,2.0,False,1.9339828536194934,95
False,3,5,1.0,19.0,2.0,45.0,5.0,False,0.6785048119562258,13
True,2,2,67.0,35.0,1.0,49.0,3.0,True,0.5185244938174862,53
False,3,4,10.0,25.0,2.0,32.0,4.0,False,0.9431664071252321,9
True,3,1,94.0,79.0,2.0,10.0,5.0,False,3.4577779508572526,142
False,3,5,67.0,53.0,5.0,71.0,3.0,False,2.8048757645780524,164
True,1,2,42.0,89.0,4.0,74.0,5.0,False,5.911252775871599,89
True,3,4,9.0,23.0,2.0,24.0,2.0,False,0.6700793999393708,21
True,3,2,71.0,39.0,2.0,78.0,5.0,False,5.4869255608883,20
True,1,2,82.0,29.0,3.0,39.0,3.0,False,1.0694567684985654,46
True,1,5,81.0,29.0,4.0,41.0,2.0,True,1.166680111089344,26
True,1,5,30.0,42.0,5.0,50.0,2.0,True,1.1306688676182377,92
True,1,4,29.0,48.0,5.0,67.0,1.0,False,5.565565882892604,156
True,2,5,60.0,14.0,2.0,18.0,3.0,False,2.3103336396073035,110
True,3,5,91.0,57.0,3.0,43.0,1.0,False,2.6641195549766934,154
False,2,4,10.0,54.0,3.0,24.0,2.0,False,0.9701748397285618,12
True,3,5,19.0,27.0,1.0,80.0,5.0,False,1.7830690354485155,142
True,3,5,9.0,53.0,1.0,33.0,5.0,False,0.5026411473611432,10
False,3,5,8.0,32.0,2.0,41.0,5.0,False,0.9080589521315077,13
False,2,4,7.0,34.0,5.0,44.0,2.0,False,0.9617494277117069,20
True,3,4,17.0,44.0,4.0,38.0,1.0,True,0.6701881964815242,98
True,2,5,51.0,43.0,3.0,59.0,5.0,False,3.1337118335233374,157
False,3,4,86.0,16.0,1.0,92.0,1.0,True,1.696003301427357,114
True,2,5,65.0,31.0,4.0,99.0,1.0,False,3.0010546463123737,80
True,1,5,46.0,76.0,3.0,21.0,5.0,False,1.0508737479120906,56
True,1,3,16.0,52.0,2.0,0.0,1.0,False,0.6433973569625013,166
True,2,4,48.0,45.0,3.0,58.0,3.0,False,2.9807394291731346,42
False,3,4,5.0,12.0,2.0,43.0,5.0,False,0.7943111751334793,11
True,2,3,68.0,15.0,1.0,96.0,4.0,False,2.631070686162194,105
True,2,3,77.0,75.0,1.0,36.0,5.0,False,3.5816833364249008,57
True,1,4,63.0,33.0,3.0,69.0,1.0,True,0.3641160095811484,90
False,3,5,1.0,55.0,5.0,76.0,1.0,True,2.7883513301708023,123
False,2,1,25.0,51.0,3.0,89.0,2.0,False,2.2836515966304343,25
False,1,2,42.0,30.0,2.0,67.0,4.0,False,4.199051429663453,31
True,2,4,40.0,14.0,1.0,82.0,1.0,False,4.508651698769343,118
True,3,1,37.0,4.0,2.0,97.0,2.0,False,3.397720649439423,111
False,1,1,56.0,46.0,3.0,58.0,5.0,False,5.146008619520675,24
True,3,4,93.0,60.0,4.0,16.0,4.0,False,3.239034198504511,105
True,1,1,60.0,42.0,1.0,4.0,4.0,False,4.111985695642294,121
True,3,5,70.0,1.0,5.0,10.0,1.0,False,2.2067434711788945,174
True,2,2,44.0,36.0,2.0,64.0,3.0,False,5.619909137725723,36
False,1,5,79.0,80.0,5.0,37.0,5.0,False,2.839656829945316,162
False,2,2,53.0,43.0,1.0,69.0,3.0,False,3.176591921280996,119
False,2,3,97.0,60.0,1.0,82.0,1.0,False,2.3849921115796624,110
True,3,1,65.0,36.0,1.0,66.0,4.0,False,1.7476351908283312,178
True,3,1,96.0,54.0,1.0,29.0,1.0,False,3.168819288517062,106
False,3,2,50.0,48.0,2.0,65.0,1.0,False,4.323283204857561,13
False,2,2,33.0,45.0,4.0,51.0,4.0,False,5.276933610178873,20
True,3,1,35.0,81.0,1.0,89.0,2.0,True,0.7530093799442632,104
True,3,1,89.0,53.0,5.0,36.0,1.0,False,3.034429904753334,101
True,1,1,88.0,38.0,4.0,13.0,1.0,False,2.9659471913186493,89
True,3,5,8.0,31.0,3.0,74.0,4.0,False,4.277365362041296,70
True,3,5,89.0,13.0,5.0,59.0,2.0,False,2.285710182809659,159
False,1,1,57.0,49.0,2.0,75.0,4.0,False,6.989134956387019,33
True,1,4,56.0,10.0,2.0,50.0,2.0,True,1.3431211745353484,117
True,2,5,64.0,6.0,3.0,65.0,2.0,False,0.9101175383107325,134
False,3,1,34.0,44.0,3.0,98.0,4.0,False,5.7455467198461365,33
True,3,5,65.0,81.0,2.0,20.0,2.0,True,1.5663721779729851,119
True,1,1,33.0,82.0,5.0,29.0,2.0,False,0.5833400555446719,81
False,2,4,13.0,45.0,3.0,39.0,5.0,False,0.6700793999393708,8
False,2,1,40.0,37.0,4.0,51.0,2.0,False,4.041444396028385,43
True,3,1,76.0,41.0,3.0,65.0,4.0,False,0.74062069955328,109
True,1,5,83.0,15.0,2.0,30.0,4.0,False,1.7932266440181355,136
False,3,5,60.0,67.0,5.0,9.0,5.0,False,3.2225097640972606,140
False,1,1,8.0,35.0,2.0,9.0,3.0,False,3.634620784331716,66
True,3,2,21.0,38.0,5.0,71.0,4.0,False,5.09025955776125,84
False,2,2,37.0,43.0,2.0,47.0,3.0,False,4.631477667037148,19
True,3,4,63.0,85.0,5.0,88.0,2.0,True,1.3291425102739085,161
False,1,1,20.0,47.0,2.0,66.0,4.0,False,5.187809289978489,33
False,3,5,65.0,75.0,4.0,1.0,4.0,False,3.793633624893088,140
False,2,5,9.0,53.0,5.0,25.0,5.0,False,0.8645260851209282,20
True,2,4,64.0,18.0,4.0,73.0,4.0,False,5.098684969778105,9
True,3,4,10.0,36.0,1.0,5.0,4.0,False,5.8038718247112016,68
False,3,4,14.0,98.0,1.0,18.0,3.0,False,3.8185834713171927,127
False,1,5,7.0,70.0,5.0,94.0,1.0,False,5.327586330700467,141
False,3,5,9.0,54.0,4.0,30.0,5.0,False,0.9617494277117069,14
True,3,5,61.0,61.0,2.0,14.0,4.0,False,2.9638886051394246,120
False,3,5,8.0,21.0,3.0,47.0,5.0,False,1.1376130923067895,21
True,3,3,66.0,20.0,3.0,19.0,4.0,False,2.8066079611308163,129
True,2,1,32.0,47.0,1.0,79.0,4.0,False,4.068452828631714,27
True,3,5,56.0,56.0,5.0,53.0,2.0,False,3.0445875133229534,147
True,3,4,15.0,68.0,3.0,26.0,3.0,False,3.7224395460262594,133
False,2,5,22.0,64.0,3.0,90.0,5.0,False,3.319406717061579,68
True,3,5,53.0,42.0,2.0,35.0,5.0,False,2.258375360579869,152
True,2,1,6.0,13.0,4.0,39.0,5.0,False,0.5377486023548677,5
False,1,4,42.0,79.0,2.0,18.0,2.0,False,4.665605953151491,83
True,3,2,89.0,64.0,3.0,0.0,4.0,False,0.5647570349581973,58
True,3,5,98.0,74.0,3.0,50.0,5.0,False,3.034429904753334,82
True,1,1,52.0,73.0,5.0,44.0,5.0,False,4.4448036146195244,150
False,3,5,7.0,12.0,2.0,40.0,4.0,False,1.0673981823193406,14
True,3,2,58.0,30.0,4.0,56.0,4.0,False,2.2232679055861446,91
False,2,1,37.0,46.0,2.0,71.0,4.0,False,4.339807639264811,16
True,1,4,10.0,60.0,5.0,84.0,4.0,False,2.196259472982815,148
True,3,4,51.0,46.0,5.0,47.0,5.0,False,3.2204511779180365,99
True,3,5,86.0,77.0,4.0,52.0,1.0,False,3.2909924775319457,88
False,2,4,62.0,78.0,4.0,27.0,1.0,False,2.6104290793964946,161
True,2,5,66.0,30.0,4.0,2.0,5.0,False,1.9937137654108628,160
True,3,2,99.0,66.0,5.0,75.0,4.0,False,1.7273199736890916,95
False,1,4,22.0,22.0,4.0,5.0,4.0,False,5.168899879765554,104
False,3,3,5.0,18.0,3.0,61.0,3.0,False,7.013432023558204,125
True,2,5,69.0,67.0,5.0,10.0,5.0,False,3.404413864903513,104
True,2,1,44.0,37.0,1.0,88.0,3.0,False,2.964214994765885,24
True,1,5,58.0,58.0,4.0,23.0,4.0,False,3.4500053180933175,117
True,3,4,57.0,55.0,4.0,47.0,1.0,False,2.5152643229849403,103
True,1,2,82.0,69.0,3.0,8.0,2.0,False,0.7777867407262293,87
True,3,4,65.0,78.0,3.0,68.0,1.0,False,2.6104290793964946,101
False,1,2,49.0,48.0,1.0,42.0,1.0,False,1.5963949830308932,110
False,3,4,88.0,67.0,5.0,6.0,4.0,False,2.045672044438297,137
True,3,5,42.0,53.0,1.0,65.0,3.0,False,2.947364170732175,102
True,3,2,63.0,18.0,2.0,49.0,3.0,True,1.3651537537450147,21
False,2,5,89.0,54.0,5.0,46.0,2.0,False,2.777867331974722,126
False,1,2,24.0,33.0,2.0,84.0,4.0,False,5.630066746295343,17
False,1,1,53.0,47.0,2.0,66.0,3.0,False,3.704835694319165,37
True,1,5,29.0,37.0,3.0,15.0,1.0,False,4.527561108982278,137
False,2,2,23.0,32.0,1.0,65.0,3.0,False,6.105699461053156,32
False,1,5,77.0,7.0,1.0,98.0,5.0,False,3.227144393382126,99
True,1,3,1.0,17.0,4.0,22.0,2.0,True,1.624416000653758,41
False,3,4,9.0,32.0,5.0,26.0,2.0,False,0.8294186301272037,21
False,3,5,10.0,35.0,4.0,44.0,4.0,False,0.6970878325427005,8
False,3,4,54.0,45.0,1.0,35.0,4.0,False,3.307516911939195,126
False,3,1,80.0,21.0,5.0,20.0,5.0,False,3.1667607023378372,100
True,3,5,46.0,68.0,5.0,79.0,4.0,False,2.798508938740422,92
True,1,5,25.0,1.0,2.0,74.0,5.0,False,3.950914268901696,67
False,3,1,1.0,31.0,1.0,33.0,5.0,False,0.8729514971377832,11
False,2,2,44.0,33.0,2.0,47.0,3.0,False,6.035810940692168,23
True,3,2,94.0,68.0,1.0,51.0,2.0,False,3.423323275116448,121
False,3,5,7.0,17.0,1.0,41.0,5.0,False,1.0589727703024856,12
False,2,1,25.0,41.0,2.0,69.0,3.0,False,6.062819373295497,34
True,3,4,39.0,58.0,1.0,86.0,2.0,True,0.3060721869003758,73
False,2,2,41.0,42.0,1.0,69.0,3.0,False,4.906296870775773,38
True,3,5,13.0,7.0,5.0,43.0,5.0,False,1.7209531478514615,86
True,3,5,69.0,78.0,1.0,53.0,4.0,False,1.8266019024590952,139
False,3,4,36.0,69.0,2.0,29.0,4.0,False,2.432833218248647,188
True,3,5,91.0,65.0,3.0,78.0,3.0,False,2.699227009970418,99
False,3,1,47.0,38.0,2.0,67.0,3.0,False,6.697464928614684,10
False,1,2,41.0,44.0,3.0,48.0,4.0,False,5.373504173516731,15
False,3,2,85.0,12.0,3.0,92.0,4.0,True,2.8599386309444013,41
False,3,2,58.0,44.0,2.0,69.0,3.0,False,5.5226857951349455,31
False,3,5,62.0,21.0,5.0,18.0,1.0,False,3.034429904753334,142
False,2,2,67.0,36.0,1.0,85.0,1.0,False,3.9178654000871966,96
False,3,2,28.0,37.0,3.0,59.0,1.0,False,5.53078481752534,23
True,3,5,97.0,75.0,4.0,79.0,1.0,False,3.7065678908719297,113
False,2,1,30.0,43.0,2.0,58.0,1.0,False,4.8259243522187045,24
False,2,1,54.0,48.0,2.0,54.0,5.0,False,4.755383052604795,27
False,1,1,33.0,31.0,2.0,63.0,3.0,False,3.4500053180933175,27
False,3,2,53.0,91.0,5.0,57.0,1.0,False,2.1449539732083007,121
True,1,4,18.0,2.0,1.0,46.0,1.0,True,0.7169981364731569,113
False,1,4,31.0,76.0,3.0,97.0,1.0,False,4.258782341454822,63
False,1,1,40.0,41.0,1.0,56.0,2.0,False,4.755383052604795,33
False,3,5,11.0,16.0,4.0,27.0,5.0,False,0.732195287536425,17
False,2,2,86.0,95.0,5.0,5.0,5.0,False,1.6234034156342227,143
True,2,3,32.0,56.0,1.0,81.0,3.0,False,3.6009191362642956,106
False,2,1,28.0,47.0,2.0,92.0,3.0,False,3.615711374118781,12
True,1,5,65.0,21.0,3.0,69.0,4.0,False,1.8016520560349902,86
True,2,5,71.0,87.0,1.0,31.0,2.0,False,2.5875378191516143,115
False,2,2,37.0,45.0,2.0,53.0,5.0,False,4.1636175850432675,30
False,1,2,26.0,52.0,3.0,92.0,4.0,False,2.55879718999552,28
True,2,1,45.0,43.0,1.0,51.0,2.0,False,4.960313735982432,22
True,3,1,5.0,73.0,4.0,13.0,2.0,False,2.5152643229849403,91
True,2,2,50.0,49.0,2.0,96.0,4.0,False,3.996505722091501,28
True,1,2,85.0,63.0,1.0,53.0,3.0,False,2.566896212385915,96
False,2,5,45.0,69.0,5.0,65.0,1.0,False,3.927696619030356,166
True,2,2,54.0,34.0,4.0,17.0,1.0,True,1.047847684155499,74
False,3,4,31.0,87.0,5.0,53.0,1.0,False,5.391760804476746,10
False,3,5,13.0,17.0,3.0,28.0,5.0,False,1.0052822947222864,15
True,3,5,47.0,11.0,4.0,62.0,1.0,True,0.9294504433902673,96
True,3,4,67.0,51.0,4.0,28.0,1.0,True,0.7169981364731569,57
True,3,5,3.0,19.0,2.0,35.0,1.0,False,1.0052822947222864,17
False,3,3,58.0,40.0,4.0,14.0,1.0,False,4.527234719355818,154
False,3,1,10.0,36.0,5.0,38.0,2.0,False,0.8294186301272037,18
True,2,1,6.0,78.0,5.0,30.0,5.0,False,2.4362976113541763,170
False,1,5,75.0,81.0,5.0,64.0,1.0,False,4.014762353051515,100
False,3,1,12.0,42.0,5.0,33.0,4.0,False,1.0052822947222864,17
True,3,2,4.0,74.0,3.0,42.0,3.0,False,1.4562915526824551,69
False,3,5,4.0,31.0,1.0,48.0,5.0,False,0.6700793999393708,19
True,3,3,41.0,61.0,2.0,22.0,4.0,False,1.6068789812269728,63
True,2,5,7.0,29.0,2.0,45.0,2.0,False,1.0589727703024856,17
True,3,4,13.0,70.0,1.0,79.0,2.0,False,2.4261400027845568,115
True,3,1,67.0,71.0,3.0,38.0,4.0,False,3.1397522697345073,102
True,1,3,67.0,51.0,3.0,5.0,4.0,False,3.185343722924311,134
False,2,3,77.0,46.0,1.0,31.0,4.0,False,3.1337118335233374,182
False,2,2,57.0,13.0,2.0,30.0,2.0,False,2.5483131917994406,115
True,3,2,72.0,23.0,5.0,84.0,5.0,False,3.520546617707227,117
True,2,5,54.0,73.0,3.0,2.0,5.0,False,2.8855746727615808,150
False,1,1,62.0,44.0,4.0,13.0,2.0,False,3.486844969639807,165
True,3,2,93.0,73.0,1.0,2.0,4.0,False,3.156603093768217,50
True,2,2,7.0,54.0,2.0,49.0,5.0,False,4.699307601218912,135
True,1,1,55.0,87.0,1.0,36.0,2.0,False,1.8883914004296893,57
False,1,1,24.0,50.0,1.0,50.0,3.0,False,5.235132939721058,31
True,3,4,41.0,83.0,3.0,69.0,1.0,False,3.1958277211203914,135
False,2,1,23.0,77.0,4.0,81.0,5.0,False,4.057968830435635,150
False,3,4,23.0,10.0,3.0,2.0,5.0,False,3.644778392901335,150
False,2,1,51.0,39.0,3.0,63.0,2.0,False,2.8214001989853017,34
False,1,1,28.0,33.0,2.0,50.0,4.0,False,3.5103890091376075,9
False,1,1,38.0,54.0,2.0,49.0,3.0,False,4.339481249638351,16
False,2,5,27.0,44.0,5.0,45.0,4.0,False,3.5616945089121215,117
False,1,1,36.0,49.0,3.0,89.0,5.0,False,4.02318776506837,20
True,2,5,77.0,48.0,2.0,23.0,4.0,False,1.156196112893264,116
True,3,2,26.0,51.0,3.0,32.0,2.0,False,1.102505637313065,97
True,3,5,94.0,39.0,5.0,63.0,4.0,False,3.4334808836860677,129
True,1,2,52.0,79.0,4.0,47.0,1.0,False,2.5317887573921904,82
True,3,4,57.0,51.0,1.0,34.0,4.0,False,2.5935782553627846,85
True,3,2,17.0,68.0,2.0,87.0,2.0,True,2.1897504344628764,14
True,2,1,58.0,37.0,3.0,7.0,2.0,False,1.5970477622838133,124
True,1,4,93.0,58.0,1.0,20.0,2.0,False,2.566896212385915,108
False,2,2,50.0,33.0,2.0,86.0,4.0,False,5.4980623383373,31
False,2,4,28.0,84.0,3.0,2.0,5.0,False,2.9807394291731346,149
True,2,2,68.0,99.0,3.0,60.0,2.0,False,1.7662182114148055,24
False,1,1,41.0,51.0,2.0,52.0,3.0,False,3.5826625053042815,9
True,3,5,75.0,28.0,3.0,70.0,4.0,False,1.826275512832635,135
True,2,4,2.0,35.0,4.0,35.0,1.0,False,0.5026411473611432,14
False,2,1,21.0,54.0,2.0,50.0,3.0,False,3.8902041882309466,29
False,2,1,8.0,35.0,5.0,46.0,2.0,False,0.5377486023548677,5
False,2,1,81.0,81.0,5.0,8.0,1.0,False,2.998996060133149,172
True,3,4,44.0,8.0,4.0,24.0,1.0,True,1.5195622379813525,101
True,3,5,71.0,42.0,4.0,64.0,5.0,False,2.8771492607447255,103
True,1,5,2.0,77.0,2.0,12.0,4.0,False,1.1666801110893439,171
True,3,1,65.0,29.0,3.0,67.0,4.0,False,2.6104290793964946,118
True,2,2,97.0,92.0,1.0,44.0,3.0,False,2.628359320730049,112
False,2,1,49.0,93.0,1.0,8.0,1.0,False,2.0828380856112467,123
True,3,4,26.0,13.0,5.0,36.0,3.0,True,1.0370489876349724,88
False,2,3,17.0,2.0,2.0,26.0,2.0,False,3.6704812669988245,71
True,1,5,67.0,21.0,3.0,85.0,3.0,False,2.5233633453753357,84
True,3,5,0.0,51.0,1.0,42.0,2.0,False,2.0041977636069426,176
False,3,2,21.0,27.0,4.0,72.0,1.0,True,1.166680111089344,128
True,1,3,31.0,23.0,4.0,36.0,2.0,True,1.1419027503073778,76
True,3,5,31.0,92.0,3.0,52.0,4.0,False,1.898549008999309,132
False,2,5,1.0,36.0,4.0,36.0,5.0,False,1.1376130923067895,6
False,2,5,83.0,19.0,5.0,75.0,4.0,False,4.00633694103466,171
False,2,2,36.0,40.0,2.0,93.0,4.0,False,3.952972855080921,23
True,1,5,73.0,84.0,1.0,16.0,2.0,False,0.7507783081228997,106
False,2,4,21.0,24.0,4.0,7.0,5.0,False,3.324367735972905,163
False,3,1,27.0,43.0,3.0,73.0,2.0,False,6.078691028449827,29
False,3,4,4.0,27.0,4.0,32.0,4.0,False,0.5377486023548677,24
False,3,5,8.0,9.0,3.0,39.0,4.0,False,0.9617494277117069,10
True,1,3,76.0,99.0,2.0,21.0,1.0,False,2.3991315701812272,141
False,2,1,53.0,26.0,2.0,60.0,3.0,False,1.6318288276510777,96
False,2,4,11.0,84.0,2.0,27.0,3.0,False,3.042855316770189,88
True,1,3,86.0,63.0,3.0,62.0,3.0,False,2.267127162223184,124
False,3,5,13.0,54.0,3.0,27.0,5.0,False,0.8645260851209282,8
False,3,5,59.0,55.0,4.0,35.0,2.0,False,3.7230923252791794,181
True,3,1,6.0,33.0,5.0,30.0,5.0,False,1.0403897497160108,5
True,3,5,63.0,20.0,3.0,16.0,5.0,False,1.613245807064603,91
True,3,1,78.0,75.0,5.0,52.0,5.0,False,3.468588338679792,115
False,2,1,46.0,49.0,3.0,63.0,3.0,False,1.8698083798432146,113
True,3,2,15.0,19.0,5.0,33.0,1.0,True,1.1774788076098703,98
False,1,2,77.0,20.0,1.0,27.0,1.0,False,4.293563406822086,80
True,3,5,24.0,64.0,5.0,71.0,1.0,False,1.7023701272649867,76
False,1,1,33.0,34.0,3.0,70.0,3.0,False,4.076878240648569,21
True,2,1,22.0,53.0,3.0,46.0,3.0,False,4.578866608756792,47
True,2,4,57.0,76.0,5.0,75.0,1.0,False,3.539129638293702,124
False,1,2,31.0,49.0,4.0,92.0,5.0,False,3.828414690260353,37
True,3,1,78.0,33.0,4.0,59.0,5.0,False,2.788351330170802,88
False,1,1,87.0,42.0,5.0,34.0,5.0,False,1.2885269104777675,164
True,3,2,75.0,18.0,3.0,15.0,4.0,False,1.4994980300665746,100
True,3,2,28.0,44.0,2.0,84.0,3.0,False,3.377405432300184,23
True,3,5,79.0,51.0,4.0,4.0,1.0,False,2.9723140171562794,122
False,3,1,40.0,50.0,1.0,88.0,3.0,False,5.667232787468293,22
False,1,5,43.0,49.0,2.0,52.0,4.0,False,2.417714590767702,125
True,2,5,40.0,60.0,4.0,37.0,1.0,True,0.0,99
False,3,5,27.0,11.0,1.0,76.0,1.0,True,1.2935664529714157,125
True,3,2,30.0,3.0,3.0,47.0,2.0,False,5.387970021744757,54
True,2,4,36.0,52.0,5.0,11.0,2.0,True,0.3528821268920085,87
True,3,1,7.0,32.0,1.0,46.0,5.0,False,1.0403897497160108,17
False,3,4,84.0,15.0,5.0,68.0,5.0,False,2.93926514834178,173
False,1,2,51.0,49.0,3.0,65.0,3.0,False,5.46024351791143,31
True,3,5,73.0,67.0,4.0,69.0,2.0,False,3.4148978630995934,135
False,2,1,10.0,55.0,3.0,47.0,5.0,False,1.0589727703024856,21
True,1,5,61.0,27.0,1.0,65.0,5.0,False,2.2934828155735936,169
False,3,2,49.0,96.0,3.0,67.0,1.0,False,4.0670470217054095,64
True,2,5,73.0,48.0,2.0,75.0,1.0,False,2.9638886051394246,86
False,3,1,53.0,33.0,2.0,97.0,4.0,False,4.657833320387557,26
True,2,5,70.0,36.0,4.0,90.0,1.0,False,2.347499680780253,78
False,2,4,49.0,29.0,5.0,68.0,5.0,False,2.0663136512039966,141
True,2,5,50.0,33.0,1.0,60.0,5.0,False,1.9234988554234138,118
True,3,1,95.0,33.0,1.0,23.0,5.0,False,2.645536534390219,107
True,3,2,24.0,69.0,2.0,43.0,2.0,False,0.5833400555446719,137
True,1,4,80.0,62.0,5.0,72.0,4.0,False,1.2183120004903183,74
True,3,1,58.0,75.0,4.0,91.0,4.0,False,2.250276338189474,124
False,1,2,50.0,49.0,1.0,68.0,1.0,False,2.5935782553627846,114
False,2,4,77.0,70.0,5.0,49.0,4.0,False,3.2842992620678544,121
True,2,5,90.0,68.0,5.0,27.0,2.0,False,2.815359762774132,131
False,3,4,23.0,29.0,3.0,9.0,3.0,False,3.2636576553021555,95
False,1,1,58.0,53.0,3.0,50.0,4.0,False,4.242257907047572,37
True,2,5,46.0,14.0,4.0,47.0,1.0,True,1.3651537537450147,41
True,3,5,63.0,45.0,3.0,2.0,4.0,False,2.4447230233710315,132
True,1,1,67.0,11.0,3.0,28.0,2.0,True,0.8826405033986346,38
False,2,5,70.0,7.0,1.0,83.0,2.0,True,1.6356498833428978,128
True,3,4,85.0,63.0,2.0,16.0,3.0,False,2.3289166601937783,103
True,3,3,81.0,52.0,4.0,65.0,4.0,False,3.4500053180933175,124
True,2,5,66.0,22.0,4.0,46.0,1.0,False,2.9020991071688305,100
True,3,2,48.0,36.0,4.0,17.0,1.0,True,0.9182165607011274,61
True,2,2,55.0,45.0,4.0,62.0,3.0,False,3.0077478617764637,29
True,3,2,49.0,72.0,2.0,1.0,4.0,False,5.275954441299493,87
True,3,3,78.0,27.0,4.0,41.0,1.0,False,3.2741416534982353,117
False,1,1,82.0,80.0,2.0,66.0,5.0,False,3.0800213579431377,109
False,2,4,61.0,27.0,3.0,21.0,1.0,False,3.617769960298006,149
True,3,1,82.0,23.0,5.0,83.0,1.0,False,3.2039267435107863,124
True,1,3,62.0,28.0,4.0,52.0,1.0,True,1.307109931064242,54
True,2,3,83.0,10.0,4.0,8.0,4.0,False,2.2151688831957497,59
True,1,2,48.0,30.0,1.0,7.0,4.0,False,3.1667607023378372,176
False,3,4,12.0,24.0,3.0,26.0,2.0,False,0.5026411473611432,18
True,3,5,82.0,76.0,2.0,35.0,1.0,False,2.815359762774132,54
True,2,2,32.0,50.0,3.0,70.0,4.0,False,5.9318943826372985,26
True,3,4,86.0,6.0,3.0,49.0,2.0,True,0.3528821268920085,114
False,2,2,58.0,52.0,1.0,74.0,3.0,False,4.287849360237377,4
True,3,1,56.0,40.0,2.0,85.0,2.0,False,4.047811221866015,29
False,2,1,29.0,53.0,3.0,60.0,3.0,False,5.365731540752797,21
True,2,5,51.0,61.0,5.0,1.0,3.0,False,2.5402141694090457,187
False,2,5,11.0,48.0,5.0,30.0,4.0,False,0.8645260851209282,8
True,3,1,85.0,46.0,4.0,62.0,3.0,False,2.134796364638681,88
True,1,5,42.0,25.0,3.0,9.0,5.0,False,2.0041977636069426,158
True,2,5,8.0,35.0,3.0,40.0,2.0,False,0.7943111751334793,21
False,2,2,49.0,46.0,2.0,54.0,5.0,False,3.704835694319165,29
True,3,3,42.0,53.0,2.0,82.0,1.0,True,1.2715338737617494,86
True,3,5,93.0,32.0,3.0,66.0,5.0,False,2.990897037742754,148
True,3,2,93.0,7.0,4.0,17.0,2.0,False,0.5914390779350669,69
True,1,5,9.0,3.0,4.0,53.0,1.0,False,0.09722334259077867,150
False,2,5,9.0,41.0,5.0,27.0,5.0,False,0.7673027425301494,19
False,2,5,12.0,31.0,4.0,34.0,5.0,False,0.8108356095407291,12
True,2,2,53.0,28.0,4.0,48.0,1.0,False,3.8388986884564327,117
False,1,5,24.0,34.0,4.0,2.0,2.0,False,2.9227407139345303,116
True,3,5,79.0,22.0,5.0,60.0,2.0,False,3.3983734286923433,88
True,2,5,64.0,54.0,1.0,41.0,4.0,False,1.8779074022336095,93
False,2,1,30.0,51.0,4.0,60.0,4.0,False,6.343679013245293,30
False,2,2,26.0,34.0,4.0,57.0,3.0,False,4.817172550575389,33
True,2,3,55.0,49.0,2.0,80.0,1.0,False,2.3208176378033833,166
False,1,2,54.0,51.0,2.0,93.0,3.0,False,5.975427249647878,13
False,2,5,47.0,76.0,3.0,64.0,4.0,False,3.7933072352666284,158
True,1,4,38.0,82.0,5.0,4.0,2.0,False,0.8564270627305333,80
True,3,5,83.0,47.0,3.0,50.0,1.0,False,3.317674520508815,112
False,1,1,40.0,35.0,4.0,57.0,5.0,False,4.932652524126182,42
False,3,2,24.0,39.0,2.0,66.0,3.0,False,4.250356929437967,21
False,2,5,44.0,7.0,1.0,68.0,1.0,False,1.9940401550373228,158
True,3,3,95.0,49.0,4.0,52.0,4.0,False,2.707652421987273,87
True,3,5,58.0,54.0,5.0,62.0,2.0,False,0.8645260851209282,86
True,2,4,74.0,94.0,5.0,25.0,1.0,False,2.6556941429598386,195
True,2,3,0.0,40.0,4.0,20.0,2.0,True,0.8934391999191611,40
True,3,2,82.0,44.0,5.0,5.0,3.0,False,2.788024940544342,72
True,1,4,83.0,81.0,4.0,82.0,1.0,True,1.1887126902990104,61
False,3,4,7.0,43.0,3.0,40.0,5.0,False,0.7673027425301494,12
False,3,5,8.0,43.0,4.0,24.0,2.0,False,0.9431664071252321,22
True,2,5,83.0,11.0,1.0,70.0,5.0,False,2.9554631931225694,163
False,1,1,24.0,53.0,2.0,53.0,3.0,False,4.498494090199724,40
True,3,2,89.0,59.0,1.0,73.0,2.0,False,3.247459610521366,119
True,1,5,71.0,49.0,2.0,27.0,1.0,False,1.3341183636675717,76
False,2,5,42.0,71.0,4.0,70.0,4.0,False,1.8097510784253852,137
True,3,1,2.0,67.0,2.0,26.0,2.0,False,4.5434327641366075,30
True,3,4,57.0,22.0,4.0,73.0,4.0,False,2.566896212385915,84
False,2,2,45.0,39.0,2.0,70.0,3.0,False,6.372419642401388,23
False,1,2,64.0,11.0,4.0,37.0,4.0,False,4.8603790279595085,117
True,3,5,10.0,39.0,3.0,30.0,5.0,False,1.3320597774883467,3
False,2,2,51.0,44.0,2.0,73.0,3.0,False,4.06639424245249,39
True,1,5,60.0,32.0,4.0,21.0,1.0,True,1.2134900510809767,115
True,3,5,95.0,66.0,4.0,85.0,2.0,False,1.6486796516847875,47
True,3,1,34.0,83.0,5.0,6.0,3.0,False,4.296274772254232,173
False,3,1,44.0,81.0,4.0,20.0,4.0,False,5.472133323033815,100
True,2,5,88.0,26.0,4.0,66.0,4.0,False,2.4450494129974913,163
False,3,3,12.0,11.0,1.0,85.0,3.0,True,2.0933857729073115,46
True,3,4,66.0,32.0,3.0,50.0,5.0,False,1.7395361684379362,155
True,3,3,77.0,23.0,1.0,43.0,1.0,True,0.9182165607011274,65
True,1,1,74.0,86.0,2.0,4.0,3.0,False,2.0021391774277175,43
True,2,1,80.0,76.0,5.0,5.0,1.0,False,2.179735038575565,133
True,1,5,55.0,55.0,4.0,41.0,1.0,False,1.102505637313065,143
True,1,5,99.0,38.0,5.0,2.0,4.0,False,2.7634014837466974,114
True,3,2,73.0,45.0,3.0,60.0,3.0,False,3.4148978630995934,79
False,2,1,25.0,34.0,2.0,81.0,3.0,False,3.6336416154523357,29
True,1,2,51.0,35.0,3.0,85.0,3.0,False,6.415952509411967,21
False,3,1,1.0,13.0,2.0,48.0,2.0,False,0.8645260851209282,14
True,2,1,67.0,26.0,5.0,34.0,4.0,False,2.6823761859367083,133
True,3,2,48.0,39.0,3.0,98.0,3.0,False,4.606527820613042,36
True,3,1,92.0,25.0,4.0,22.0,1.0,False,3.2204511779180365,109
False,3,3,35.0,23.0,4.0,64.0,1.0,True,1.6604272441248642,128
False,1,2,53.0,42.0,4.0,93.0,3.0,False,6.653932061604104,19
True,3,1,70.0,71.0,3.0,22.0,5.0,False,4.990651239364787,82
True,3,1,87.0,21.0,5.0,87.0,2.0,False,2.839983219571777,87
True,2,2,73.0,28.0,5.0,11.0,5.0,False,0.8108356095407291,76
True,1,4,52.0,78.0,3.0,56.0,1.0,False,3.0445875133229534,109
False,1,2,50.0,43.0,4.0,72.0,3.0,False,3.741675345865654,30
True,3,1,11.0,49.0,5.0,25.0,1.0,False,0.40541780477036454,16
True,3,4,99.0,44.0,5.0,0.0,1.0,False,2.7427598769809975,104
False,2,5,10.0,27.0,3.0,39.0,5.0,False,1.1997289799038438,20
False,3,1,36.0,92.0,5.0,36.0,4.0,False,4.930593937946957,166
True,3,2,2.0,68.0,4.0,82.0,2.0,True,0.8714066207094948,52
False,3,1,69.0,84.0,4.0,49.0,5.0,False,2.285710182809659,122
False,2,5,94.0,50.0,5.0,86.0,5.0,False,3.8716211676444727,105
True,3,4,62.0,52.0,4.0,24.0,5.0,False,3.468588338679792,141
True,3,2,69.0,40.0,4.0,87.0,5.0,False,2.726235442573748,82
False,2,1,97.0,27.0,5.0,93.0,1.0,True,1.3539198710558749,65
False,3,1,2.0,21.0,4.0,30.0,1.0,False,0.6970878325427005,16
False,3,2,2.0,23.0,5.0,83.0,3.0,False,5.964616861825339,78
False,3,5,4.0,35.0,1.0,37.0,5.0,False,1.102505637313065,19
True,1,5,51.0,34.0,3.0,40.0,1.0,False,2.18816045059242,133
False,2,1,35.0,96.0,4.0,5.0,3.0,False,1.8367595110287147,111
True,3,4,87.0,73.0,4.0,76.0,2.0,False,3.803791233462708,105
False,1,2,54.0,54.0,3.0,46.0,2.0,False,5.276933610178873,27
True,1,5,14.0,69.0,4.0,44.0,1.0,False,2.0186636118349677,54
True,1,5,91.0,41.0,5.0,51.0,1.0,False,4.09976950089345,30
True,1,4,57.0,40.0,3.0,63.0,2.0,False,5.107110381794961,108
True,3,1,99.0,79.0,5.0,35.0,1.0,False,2.9659471913186493,102
False,1,1,53.0,47.0,1.0,59.0,4.0,False,4.863090393391653,39
True,3,4,70.0,41.0,5.0,25.0,1.0,False,2.2337519037822244,117
False,2,5,67.0,52.0,3.0,3.0,4.0,False,2.241850926172619,153
True,3,1,40.0,37.0,3.0,82.0,3.0,False,4.01270376687229,23
True,2,2,53.0,47.0,3.0,85.0,3.0,False,3.7912486490874033,17
False,3,2,41.0,41.0,1.0,89.0,2.0,False,4.184585581435428,17
True,2,4,47.0,13.0,4.0,72.0,4.0,False,2.513205736805716,110
True,2,2,76.0,55.0,5.0,47.0,5.0,False,6.986749980581335,77
False,2,1,49.0,47.0,2.0,72.0,3.0,False,5.768437980091017,32
False,2,4,61.0,71.0,4.0,70.0,3.0,False,5.2738958551202675,50
False,2,2,24.0,47.0,2.0,63.0,3.0,False,4.360449246030511,24
False,3,1,10.0,52.0,5.0,26.0,4.0,False,1.0589727703024856,3
True,1,2,22.0,34.0,3.0,68.0,3.0,False,3.4131656665468286,21
False,2,1,42.0,41.0,2.0,94.0,4.0,False,3.1295946611648877,21
False,1,1,64.0,46.0,3.0,74.0,5.0,False,2.9467113914792544,114
True,1,5,87.0,65.0,4.0,45.0,4.0,False,0.9536504053213121,164
False,3,4,39.0,4.0,1.0,50.0,4.0,False,7.092072345562508,91
False,2,2,35.0,14.0,4.0,27.0,1.0,False,3.4587571197366334,152
True,2,4,39.0,14.0,2.0,57.0,2.0,False,4.175507390165652,74
True,3,2,50.0,63.0,4.0,25.0,4.0,False,2.117945540604971,123
False,1,4,63.0,91.0,4.0,25.0,1.0,False,5.46024351791143,104
True,1,2,50.0,64.0,1.0,67.0,1.0,False,2.5854792329723892,107
True,1,1,57.0,34.0,1.0,96.0,3.0,False,6.308571558251568,40
False,2,5,5.0,18.0,4.0,27.0,5.0,False,0.9617494277117069,13
False,2,4,28.0,35.0,3.0,86.0,2.0,True,1.5996386398717917,11
False,2,2,75.0,14.0,3.0,36.0,5.0,False,1.5079234420834295,179
False,1,1,30.0,49.0,2.0,56.0,4.0,False,4.75776802841048,33
True,2,5,51.0,75.0,5.0,6.0,3.0,False,2.1098465182145762,118
True,1,5,34.0,45.0,3.0,34.0,2.0,True,0.6481556172718578,48
False,3,5,66.0,69.0,1.0,79.0,3.0,True,2.529089083262059,84
True,1,2,61.0,15.0,5.0,14.0,1.0,True,1.9304881875541335,103
True,2,4,0.0,60.0,1.0,11.0,1.0,True,1.4011649972161209,94
True,3,2,30.0,23.0,2.0,78.0,2.0,True,1.3431211745353484,78
False,1,1,41.0,36.0,2.0,98.0,4.0,False,3.785208212876233,35
False,3,5,5.0,22.0,3.0,31.0,5.0,False,1.2348364348975682,18
False,3,1,59.0,49.0,2.0,90.0,4.0,False,5.189541486531255,37
True,3,5,40.0,72.0,1.0,68.0,3.0,False,1.9933873757844027,97
True,3,1,76.0,51.0,5.0,64.0,4.0,False,3.539129638293702,116
False,1,2,39.0,37.0,4.0,67.0,4.0,False,4.951561934339118,24
False,1,2,25.0,44.0,3.0,67.0,3.0,False,2.8936736951519757,33
True,2,5,70.0,29.0,5.0,42.0,1.0,False,2.180061428202025,133
True,3,3,76.0,62.0,4.0,61.0,1.0,False,2.7634014837466974,115
False,1,2,22.0,29.0,3.0,79.0,1.0,False,3.141484466287272,95
True,3,4,51.0,32.0,5.0,39.0,4.0,False,1.0052822947222864,34
True,1,3,46.0,11.0,5.0,5.0,2.0,False,1.5720979158597084,59
True,2,4,88.0,76.0,2.0,63.0,3.0,False,3.0550715115190337,103
True,3,3,95.0,46.0,2.0,74.0,1.0,False,3.4770137506966474,86
False,3,5,8.0,45.0,1.0,39.0,4.0,False,1.0673981823193406,12
False,1,1,24.0,48.0,2.0,97.0,4.0,False,5.232747963915373,39
True,2,2,34.0,40.0,2.0,97.0,3.0,False,4.41002254925226,25
True,1,2,78.0,34.0,5.0,91.0,3.0,False,4.717564232178926,143
False,3,5,88.0,17.0,5.0,14.0,5.0,False,2.980413039546675,125
True,3,5,60.0,50.0,4.0,57.0,1.0,False,3.160393876500207,92
True,3,5,72.0,3.0,2.0,91.0,5.0,False,1.4043332736550207,50
False,3,4,11.0,15.0,5.0,46.0,5.0,False,1.0673981823193406,16
True,2,4,67.0,31.0,4.0,58.0,3.0,False,2.0105645894445727,108
False,2,1,45.0,48.0,1.0,61.0,2.0,False,5.989893097875903,16
True,3,5,12.0,15.0,3.0,42.0,5.0,False,0.7943111751334793,20
False,1,2,21.0,30.0,3.0,78.0,2.0,False,5.146008619520675,48
True,3,2,98.0,30.0,5.0,73.0,3.0,False,2.0477306306175223,166
False,1,3,92.0,76.0,3.0,96.0,1.0,False,2.9534046069433444,101
True,2,4,43.0,90.0,5.0,79.0,1.0,False,3.2018681573315617,151
False,1,3,16.0,26.0,2.0,79.0,3.0,False,4.306105991197391,71
False,2,2,21.0,43.0,4.0,55.0,3.0,False,5.9399934050276935,21
True,3,5,4.0,14.0,5.0,37.0,5.0,False,1.0052822947222864,18
False,2,4,6.0,51.0,5.0,45.0,4.0,False,0.7757281545470045,10
True,1,5,24.0,27.0,5.0,18.0,1.0,False,1.4394407286487452,100
True,1,4,61.0,12.0,1.0,38.0,1.0,True,0.5293231903380127,89
True,2,5,45.0,10.0,1.0,76.0,3.0,False,2.4633060439575063,144
True,2,3,7.0,11.0,1.0,23.0,1.0,True,1.2823325702822759,53
True,1,5,39.0,6.0,4.0,38.0,2.0,True,0.6949655572634905,100
False,3,5,12.0,13.0,3.0,36.0,5.0,False,0.5998644899519219,5
False,2,5,9.0,52.0,3.0,37.0,5.0,False,1.1376130923067895,12
False,2,4,52.0,11.0,5.0,32.0,4.0,False,2.490314476560836,146
False,2,5,12.0,34.0,3.0,24.0,5.0,False,1.102505637313065,10
True,1,4,65.0,43.0,3.0,42.0,1.0,False,2.645536534390219,88
True,1,3,89.0,79.0,3.0,49.0,4.0,False,1.4478661406656002,61
True,3,5,6.0,57.0,5.0,48.0,5.0,False,0.6785048119562258,15
False,3,5,9.0,14.0,3.0,49.0,5.0,False,0.7757281545470045,5
False,3,1,82.0,13.0,5.0,70.0,4.0,False,2.0828380856112467,169
True,3,5,5.0,4.0,1.0,36.0,2.0,False,1.164621524910119,151
True,2,5,50.0,17.0,4.0,37.0,2.0,True,1.1058915068362716,66
False,3,1,47.0,37.0,2.0,95.0,4.0,False,5.036569082181051,28
False,3,5,63.0,6.0,3.0,69.0,1.0,True,2.0133093710168724,114
True,1,4,36.0,84.0,4.0,41.0,3.0,False,5.457858542105745,75
True,3,3,69.0,70.0,4.0,68.0,2.0,False,2.577380210581995,61
True,1,2,49.0,58.0,4.0,82.0,2.0,False,0.945224993304457,82
False,3,4,9.0,50.0,4.0,38.0,1.0,False,0.8294186301272037,15
False,2,2,44.0,31.0,4.0,98.0,3.0,False,3.9199239862664217,43
False,1,2,30.0,40.0,2.0,76.0,5.0,False,4.968086368746367,34
True,1,2,71.0,52.0,3.0,19.0,1.0,False,3.617769960298006,100
False,2,1,55.0,30.0,2.0,45.0,5.0,False,3.0800213579431377,19
False,3,2,83.0,89.0,5.0,60.0,2.0,False,3.6960838926758495,110
False,3,1,3.0,11.0,1.0,24.0,2.0,False,0.8645260851209282,20
True,1,3,57.0,90.0,5.0,12.0,1.0,False,1.545089483256379,123
True,1,4,40.0,47.0,4.0,24.0,4.0,False,5.344110765107717,124
True,2,1,32.0,63.0,1.0,64.0,2.0,False,3.776130021606458,153
False,3,4,2.0,39.0,4.0,46.0,4.0,False,1.1376130923067895,14
False,1,2,44.0,45.0,2.0,46.0,3.0,False,3.8365137126507474,28
True,2,5,72.0,86.0,4.0,1.0,4.0,False,3.989812506627411,132
True,1,1,37.0,43.0,2.0,69.0,3.0,False,2.8214001989853017,33
True,1,3,66.0,23.0,5.0,28.0,1.0,True,1.1419027503073778,52
True,1,2,85.0,2.0,3.0,42.0,5.0,False,3.077636382137453,147
True,3,4,97.0,62.0,5.0,60.0,5.0,False,2.858566240158251,110
True,3,5,53.0,28.0,1.0,39.0,1.0,False,2.0021391774277175,81
False,3,5,10.0,10.0,4.0,36.0,2.0,False,0.9617494277117069,6
True,3,4,82.0,31.0,5.0,84.0,1.0,False,2.6746035531727737,136
True,2,4,50.0,26.0,4.0,19.0,4.0,False,2.6121612759492594,132
True,1,5,39.0,2.0,1.0,24.0,4.0,False,1.2264110228807132,73
True,3,1,16.0,16.0,1.0,74.0,2.0,True,1.8368683075708683,116
True,3,5,73.0,30.0,4.0,42.0,2.0,True,0.705764253784017,120
True,3,2,24.0,41.0,4.0,84.0,4.0,False,4.37697368043776,4
True,3,4,49.0,13.0,2.0,17.0,2.0,False,3.900361796800566,151
True,1,3,27.0,34.0,3.0,44.0,1.0,True,1.5307961206704928,109
True,1,5,91.0,27.0,2.0,34.0,5.0,False,3.009480058329229,133
True,2,4,85.0,26.0,2.0,66.0,3.0,False,3.5036957936735167,131
True,3,2,22.0,48.0,1.0,39.0,5.0,False,1.543030897077154,90
True,1,5,81.0,48.0,4.0,13.0,1.0,False,2.0663136512039966,163
True,3,5,93.0,20.0,3.0,43.0,5.0,False,0.8645260851209282,105
True,1,2,40.0,31.0,3.0,50.0,3.0,False,4.457672588621289,26
True,2,4,4.0,41.0,2.0,50.0,4.0,False,2.2232679055861446,133
False,2,1,30.0,53.0,1.0,79.0,1.0,False,4.76380846462165,22
False,2,2,56.0,33.0,2.0,88.0,4.0,False,4.426220594033049,39
True,3,3,20.0,73.0,1.0,98.0,1.0,False,5.633722206700829,112
False,3,1,12.0,37.0,5.0,47.0,2.0,False,1.3320597774883467,15
True,3,5,8.0,9.0,5.0,37.0,4.0,False,1.2348364348975682,12
True,2,4,72.0,68.0,5.0,89.0,5.0,False,2.701285596149643,81
True,3,3,29.0,14.0,4.0,65.0,2.0,True,1.8368683075708683,191
False,1,5,87.0,5.0,5.0,6.0,2.0,False,1.8779074022336095,89
True,1,4,63.0,31.0,4.0,35.0,1.0,False,2.320491248176923,128
True,1,4,89.0,62.0,1.0,45.0,4.0,False,2.180061428202025,139
True,1,3,80.0,59.0,3.0,36.0,1.0,False,2.0642550650247715,73
False,3,5,4.0,38.0,4.0,26.0,5.0,False,0.6349719449456463,5
False,3,5,7.0,10.0,1.0,28.0,5.0,False,0.7943111751334793,13
True,3,1,79.0,22.0,5.0,83.0,1.0,False,3.0695373597470583,101
False,1,1,76.0,75.0,5.0,7.0,4.0,False,2.1428953870290757,115
False,2,1,44.0,47.0,1.0,48.0,2.0,False,5.416710650900851,24
True,1,4,60.0,49.0,4.0,26.0,5.0,False,5.276280830925952,105
True,3,5,90.0,69.0,5.0,45.0,2.0,False,1.685519303231277,49
False,1,1,36.0,38.0,2.0,53.0,1.0,False,4.889772436368523,28
True,2,4,83.0,39.0,2.0,88.0,1.0,False,5.300904287723598,97
True,1,1,24.0,34.0,4.0,88.0,4.0,False,4.77429246281773,42
True,1,5,8.0,49.0,1.0,37.0,1.0,True,0.0,64
False,2,5,3.0,31.0,5.0,24.0,1.0,False,1.0052822947222864,12
True,1,3,69.0,42.0,3.0,9.0,4.0,False,3.3882158201227237,153
False,3,4,58.0,18.0,3.0,13.0,5.0,False,2.312065836160068,157
True,2,5,63.0,87.0,5.0,78.0,4.0,False,3.7767828008593787,157
False,1,1,21.0,39.0,4.0,97.0,5.0,False,3.468914728306253,30
True,1,5,51.0,69.0,3.0,19.0,3.0,False,2.6040622535588644,104
False,2,2,26.0,34.0,2.0,59.0,4.0,False,6.178299346846291,19
False,3,1,95.0,32.0,1.0,64.0,1.0,True,0.907417864180601,129
True,1,3,42.0,42.0,1.0,27.0,2.0,False,1.2098865884734633,104
True,1,5,86.0,42.0,5.0,39.0,1.0,False,3.079694968316678,115
True,3,1,56.0,66.0,4.0,73.0,2.0,False,2.707652421987273,90
True,1,5,64.0,64.0,5.0,6.0,1.0,False,3.32609993252567,162
False,3,4,48.0,30.0,4.0,84.0,1.0,True,1.5663721779729851,168
True,3,3,68.0,39.0,4.0,41.0,4.0,False,2.7363930511433674,175
True,2,1,51.0,57.0,3.0,9.0,3.0,False,2.9287811501457,136
False,2,5,7.0,27.0,2.0,28.0,5.0,False,0.6349719449456463,6
True,3,4,59.0,68.0,4.0,29.0,2.0,False,1.2615184778744377,92
True,3,5,12.0,30.0,1.0,47.0,5.0,False,4.0474848322395545,69
False,2,5,62.0,30.0,5.0,6.0,4.0,False,2.2256528813918295,140
True,3,5,66.0,61.0,3.0,49.0,5.0,False,3.3797904081058685,156
True,3,3,96.0,50.0,5.0,92.0,1.0,False,1.7911680578389104,115
True,3,3,73.0,32.0,4.0,1.0,2.0,False,0.3267774827660605,15
False,3,5,10.0,53.0,4.0,34.0,2.0,False,1.0589727703024856,18
True,2,5,75.0,56.0,2.0,7.0,3.0,False,2.8936736951519757,160
True,3,4,84.0,99.0,3.0,93.0,3.0,False,4.895812872579693,94
False,2,5,70.0,40.0,5.0,35.0,1.0,False,2.5851528433459294,98
True,1,5,66.0,18.0,1.0,74.0,3.0,False,5.2861120498691125,149
True,2,5,63.0,72.0,5.0,15.0,1.0,False,3.1955013314939316,143
True,3,5,84.0,50.0,5.0,68.0,1.0,False,1.9234988554234138,108
True,2,5,54.0,63.0,4.0,17.0,1.0,False,2.2151688831957497,148
False,1,1,34.0,32.0,2.0,50.0,3.0,False,5.338723108149467,38
False,2,2,57.0,35.0,3.0,91.0,2.0,False,5.1028021421365555,24
False,2,2,77.0,51.0,2.0,12.0,2.0,False,1.1832045454965938,115
False,1,2,24.0,37.0,2.0,72.0,4.0,False,5.454529471326721,18
False,3,1,44.0,41.0,2.0,76.0,4.0,False,6.089175026645907,31
False,1,1,49.0,35.0,3.0,86.0,3.0,False,3.6336416154523357,8
False,3,5,97.0,45.0,3.0,10.0,1.0,False,3.2268180037556657,123
True,3,5,10.0,57.0,2.0,43.0,5.0,False,1.0673981823193406,3
False,3,5,8.0,41.0,3.0,36.0,4.0,False,1.0589727703024856,13
True,3,5,56.0,46.0,1.0,31.0,3.0,True,0.6589543137923842,66
True,2,3,44.0,79.0,1.0,34.0,5.0,False,4.287522970610917,110
False,2,2,40.0,74.0,5.0,72.0,5.0,False,2.9041576933480555,141
True,1,5,53.0,64.0,3.0,38.0,2.0,False,1.9336564639930334,115
False,2,2,85.0,65.0,4.0,11.0,5.0,False,2.919702958875925,115
True,2,3,20.0,33.0,1.0,49.0,3.0,False,5.49740955908438,40
False,3,2,40.0,81.0,3.0,49.0,5.0,False,2.6928601841327877,146
True,1,1,55.0,50.0,2.0,53.0,4.0,False,3.3527819755025394,39
True,1,5,48.0,23.0,5.0,4.0,4.0,False,0.5293231903380127,79
False,3,2,11.0,33.0,5.0,25.0,4.0,False,4.373935925379156,131
True,3,1,80.0,74.0,4.0,58.0,1.0,False,2.434565414801412,99
False,2,4,35.0,26.0,2.0,33.0,2.0,False,2.039305218600667,109
False,1,3,19.0,34.0,3.0,6.0,2.0,False,3.636352980884481,108
True,2,2,81.0,27.0,5.0,67.0,2.0,False,5.14999046955262,60
False,3,2,22.0,31.0,3.0,70.0,3.0,False,3.925638032851131,8
False,3,5,1.0,38.0,2.0,25.0,5.0,False,0.6785048119562258,25
True,3,5,53.0,74.0,4.0,45.0,3.0,False,2.5254219315545603,94
False,1,1,42.0,42.0,3.0,80.0,3.0,False,5.144276422967909,17
False,2,5,62.0,73.0,4.0,11.0,5.0,False,1.9937137654108628,154
False,1,4,38.0,69.0,2.0,42.0,2.0,False,5.954785642882179,83
True,2,2,85.0,7.0,5.0,15.0,3.0,False,2.779599528527487,152
True,3,5,61.0,73.0,5.0,57.0,2.0,False,1.693944715248132,100
False,3,5,10.0,21.0,4.0,42.0,5.0,False,0.8729514971377832,9
True,3,5,8.0,34.0,3.0,44.0,5.0,False,1.1376130923067895,10
False,2,5,86.0,46.0,1.0,71.0,5.0,False,2.5483131917994406,121
True,3,4,78.0,48.0,4.0,55.0,1.0,False,2.7613428975674728,68
True,2,1,46.0,49.0,5.0,9.0,5.0,False,1.8883914004296893,148
False,2,1,43.0,61.0,3.0,28.0,3.0,False,5.654363813466528,127
True,1,2,76.0,56.0,1.0,72.0,3.0,False,1.6672626722712622,65
True,3,5,84.0,26.0,4.0,1.0,4.0,False,3.389948016675488,135
False,3,1,86.0,2.0,3.0,84.0,4.0,True,1.307109931064242,103
False,2,5,2.0,55.0,2.0,40.0,4.0,False,1.2348364348975682,5
True,1,3,60.0,67.0,1.0,74.0,4.0,False,3.460162926662938,158
False,2,2,42.0,53.0,2.0,94.0,2.0,False,5.533169793331025,15
False,2,1,24.0,54.0,2.0,56.0,4.0,False,4.968739147999287,10
True,3,4,87.0,57.0,4.0,6.0,4.0,False,2.8234587851645268,92
False,3,2,44.0,52.0,2.0,61.0,1.0,False,4.523443936623829,12
True,3,4,11.0,41.0,1.0,42.0,4.0,False,0.6970878325427005,16
True,2,5,17.0,31.0,2.0,5.0,1.0,False,4.624131672320136,139
False,2,5,11.0,55.0,4.0,30.0,4.0,False,0.8108356095407291,17
True,2,2,48.0,39.0,4.0,52.0,3.0,False,3.441906295702923,39
True,2,5,52.0,9.0,2.0,46.0,2.0,False,2.2070698608053547,101
True,3,5,55.0,33.0,4.0,65.0,5.0,False,3.2741416534982353,96
True,3,5,62.0,55.0,3.0,31.0,5.0,False,2.8045493749515913,113
True,1,5,26.0,31.0,3.0,36.0,1.0,True,1.5415948171910188,69
True,1,2,53.0,63.0,2.0,70.0,4.0,False,2.705593835808048,161
False,1,3,66.0,59.0,5.0,66.0,4.0,False,2.488255890381611,113
True,3,5,51.0,22.0,4.0,7.0,2.0,False,3.3612073875193946,63
False,3,5,99.0,27.0,5.0,21.0,3.0,False,3.237302001951746,149
False,3,5,8.0,9.0,3.0,26.0,4.0,False,0.8294186301272037,12
False,3,2,35.0,53.0,2.0,88.0,1.0,False,3.3324667583632994,32
True,3,4,85.0,41.0,5.0,3.0,4.0,False,3.6798858478950596,120
False,2,4,22.0,97.0,1.0,85.0,5.0,False,2.7282940287529724,115
True,1,5,75.0,23.0,3.0,72.0,1.0,False,0.732195287536425,89
True,3,5,13.0,34.0,5.0,41.0,4.0,False,1.0589727703024856,20
False,2,5,92.0,80.0,5.0,95.0,3.0,False,3.1043184251143225,150
False,2,3,69.0,43.0,1.0,64.0,1.0,True,0.8826405033986346,37
False,2,5,52.0,34.0,1.0,68.0,1.0,False,2.577053820955535,156
True,2,1,50.0,19.0,2.0,14.0,1.0,False,4.138994128245624,91
True,3,5,53.0,26.0,5.0,56.0,1.0,False,3.0260044927364786,95
True,2,4,61.0,0.0,3.0,55.0,4.0,False,0.945224993304457,166
True,2,2,38.0,52.0,3.0,83.0,3.0,False,5.278339417105178,19
True,3,4,39.0,99.0,3.0,73.0,1.0,False,1.2783693019081475,176
True,3,2,83.0,22.0,1.0,31.0,2.0,True,2.2365603744545095,31
False,3,3,95.0,76.0,1.0,30.0,4.0,False,1.977515720630073,107
True,3,5,13.0,8.0,5.0,31.0,4.0,False,0.8108356095407291,16
True,1,4,64.0,57.0,5.0,53.0,1.0,False,2.1449539732083007,112
False,2,1,41.0,41.0,2.0,70.0,3.0,False,3.880699358914247,19
True,2,5,47.0,5.0,4.0,9.0,1.0,False,2.7613428975674728,120
True,2,5,88.0,36.0,5.0,54.0,5.0,False,1.5967213726573533,107
True,3,5,86.0,3.0,5.0,48.0,5.0,False,4.395230311397775,153
True,1,1,27.0,83.0,1.0,35.0,2.0,False,3.0056892755972395,21
False,1,1,31.0,46.0,2.0,98.0,4.0,False,3.245401024342141,34
True,3,5,82.0,44.0,5.0,95.0,1.0,False,3.344682953112144,129
True,3,4,89.0,61.0,5.0,8.0,1.0,False,3.5472286606840964,130
False,3,5,8.0,40.0,1.0,47.0,2.0,False,1.0052822947222864,13
False,2,2,59.0,54.0,3.0,70.0,2.0,False,3.899282379500722,21
False,2,2,36.0,49.0,4.0,92.0,4.0,False,4.00633694103466,31
True,2,5,44.0,82.0,5.0,52.0,2.0,False,1.3050513448850172,139
True,3,5,25.0,62.0,4.0,76.0,2.0,False,1.5099820282626544,164
False,2,5,8.0,18.0,2.0,43.0,4.0,False,1.0052822947222864,5
True,3,2,41.0,8.0,5.0,33.0,2.0,True,2.3193815579172483,106
True,3,4,61.0,44.0,1.0,70.0,3.0,False,2.5068389109680855,127
True,1,4,71.0,74.0,4.0,63.0,1.0,False,2.1344699750122205,117
True,3,4,68.0,71.0,3.0,73.0,1.0,False,1.8617093574528196,128
True,3,5,54.0,64.0,5.0,74.0,4.0,False,0.8645260851209282,128
True,2,4,80.0,41.0,5.0,54.0,5.0,False,2.5851528433459294,179
False,3,1,44.0,76.0,4.0,87.0,3.0,False,1.896816812446544,80
True,3,2,54.0,74.0,3.0,2.0,1.0,False,2.798508938740422,142
False,1,1,48.0,53.0,3.0,57.0,5.0,False,4.844507372805179,27
True,3,4,87.0,33.0,5.0,65.0,1.0,False,1.1997289799038438,124
True,3,5,55.0,44.0,3.0,26.0,5.0,False,2.072354087415167,82
True,3,2,86.0,56.0,2.0,24.0,2.0,False,2.7363930511433674,68
False,3,2,42.0,33.0,5.0,40.0,2.0,False,4.339481249638351,70
True,1,2,33.0,8.0,2.0,69.0,1.0,False,1.7023701272649867,115
True,2,1,7.0,42.0,5.0,55.0,2.0,False,1.0073408809015114,96
True,1,2,79.0,39.0,5.0,60.0,2.0,False,1.0839226167265905,111
True,3,1,55.0,44.0,3.0,60.0,1.0,False,5.198293288174569,24
False,2,2,27.0,33.0,2.0,48.0,3.0,False,6.467584398812942,18
False,2,2,50.0,32.0,2.0,55.0,4.0,False,5.348554327092627,23
False,3,1,20.0,74.0,5.0,86.0,1.0,True,1.2355226302906432,19
True,2,4,69.0,61.0,3.0,99.0,2.0,False,3.3713649960890137,103
True,3,2,24.0,52.0,2.0,47.0,1.0,False,5.700608045909252,21
True,2,4,62.0,44.0,4.0,48.0,1.0,False,2.910198129559226,99
True,1,5,41.0,99.0,5.0,51.0,3.0,False,3.387889430496264,147
False,1,1,39.0,46.0,2.0,59.0,4.0,False,3.598534160458611,17
True,1,4,36.0,37.0,1.0,41.0,2.0,False,0.7592037201397546,87
True,2,5,85.0,63.0,3.0,23.0,1.0,False,3.228876589934891,109
True,1,2,25.0,52.0,1.0,72.0,4.0,False,4.720275597611071,20
True,2,4,43.0,63.0,2.0,43.0,2.0,False,1.7311107564210815,132
False,3,5,13.0,44.0,2.0,33.0,4.0,False,1.1997289799038438,14
True,3,4,55.0,65.0,5.0,55.0,1.0,False,1.9586063104171383,90
True,1,4,47.0,58.0,5.0,23.0,1.0,False,1.323634365471492,98
False,1,1,35.0,35.0,1.0,57.0,5.0,False,4.3664896822416805,19
True,2,4,42.0,26.0,5.0,41.0,5.0,False,2.8750906745655014,110
True,3,2,77.0,4.0,4.0,36.0,2.0,True,0.3060721869003758,67
True,2,5,31.0,5.0,2.0,20.0,2.0,False,3.66270863423489,66
False,3,5,3.0,46.0,2.0,28.0,4.0,False,0.40541780477036454,10
True,3,5,56.0,68.0,5.0,24.0,1.0,False,2.3208176378033833,160
False,3,5,86.0,63.0,5.0,63.0,2.0,False,2.3829335254004373,156
True,2,1,27.0,35.0,2.0,58.0,1.0,False,4.4907214574357885,19
False,1,5,74.0,54.0,4.0,8.0,3.0,False,3.989812506627411,113
True,1,5,61.0,67.0,3.0,13.0,2.0,False,1.2990109086738473,108
True,3,5,34.0,8.0,2.0,15.0,1.0,False,3.3152895447031296,92
True,3,5,57.0,86.0,1.0,69.0,5.0,False,5.201622358953594,178
False,3,4,12.0,46.0,4.0,25.0,4.0,False,0.6970878325427005,7
True,3,5,33.0,35.0,5.0,26.0,2.0,True,0.3060721869003758,39
True,1,5,60.0,2.0,2.0,73.0,4.0,False,5.598614751707104,59
False,2,5,42.0,91.0,2.0,76.0,4.0,False,3.872273946897392,58
True,1,5,48.0,47.0,5.0,13.0,5.0,False,3.520546617707227,157
False,2,4,62.0,15.0,1.0,68.0,3.0,False,2.8855746727615808,132
True,2,2,4.0,35.0,1.0,28.0,4.0,False,3.865907121059762,37
True,3,5,90.0,40.0,5.0,57.0,1.0,False,3.423323275116448,122
True,3,3,82.0,33.0,1.0,77.0,4.0,False,3.7230923252791794,84
False,3,2,40.0,43.0,2.0,57.0,4.0,False,3.5991869397115313,25
True,3,3,52.0,22.0,3.0,93.0,5.0,False,2.680970379010404,125
